ISO-10303-21;
HEADER;
/* Generated by software containing ST-Developer
 * from STEP Tools, Inc. (www.steptools.com) 
 */
/* OPTION: using custom renumber hook */

FILE_DESCRIPTION(
/* description */ ('STEP AP242 Edition 2',
'CAx-IF Rec.Pracs.---Representation and Presentation of Product Manufa
cturing Information (PMI)---4.0---2014-10-13',
'CAx-IF Rec.Pracs.---3D Tessellated Geometry---0.4---2014-09-14','2;1',
'CAx-IF Rec.Pracs.---User Defined Attributes---1.5---2016-08-15'),
/* implementation_level */ '2;1');

FILE_NAME(
/* name */ 'Assemblage V2 - Rail',
/* time_stamp */ '2026-09-29T21:10:08Z',
/* author */ (''),
/* organization */ (''),
/* preprocessor_version */ 'ST-DEVELOPER v20',
/* originating_system */ 'ONSHAPE BY PTC INC, 1.221',
/* authorisation */ '  ');

FILE_SCHEMA (('AP242_MANAGED_MODEL_BASED_3D_ENGINEERING_MIM_LF { 1 0 10303 442 3 1 4 }'));
ENDSEC;

DATA;
#10=SHAPE_REPRESENTATION_RELATIONSHIP('','',#24,#11);
#11=TESSELLATED_SHAPE_REPRESENTATION('',(#22),#30);
#12=STYLED_ITEM('',(#13),#22);
#13=PRESENTATION_STYLE_ASSIGNMENT((#14));
#14=SURFACE_STYLE_USAGE(.BOTH.,#15);
#15=SURFACE_SIDE_STYLE('',(#16));
#16=SURFACE_STYLE_FILL_AREA(#17);
#17=FILL_AREA_STYLE('',(#18));
#18=FILL_AREA_STYLE_COLOUR('',#19);
#19=COLOUR_RGB('',0.972549019607843,0.529411764705882,0.00392156862745098);
#20=COMPLEX_TRIANGULATED_FACE('ConvergentBody',#21,9920,((-0.707106781186548,
0.707106781186547,0.),(0.,0.,1.),(-0.707106781186548,0.707106781186547,
0.),(0.,0.,1.),(0.,0.,1.),(-0.737276362920728,0.675591270427899,0.),(-0.675591270427899,
0.737276362920728,0.),(0.,0.,1.),(0.,0.,1.),(-0.737281584614494,0.675585571921382,
0.),(-0.675591270427899,0.737276362920728,0.),(0.,0.,1.),(0.,0.,1.),(-0.707106781186548,
0.707106781186547,0.),(-0.737276362920728,0.675591270427899,0.),(0.,0.,
1.),(0.,0.,1.),(0.,0.,1.),(-0.766047200265738,0.642784323832671,0.),(0.,
0.,1.),(-0.766042646309965,0.642789751034058,0.),(-0.766047200265738,0.642784323832671,
0.),(0.,0.,1.),(0.,0.,1.),(0.707106781186548,0.707106781186547,0.),(-0.793352442908922,
0.608762598498335,0.),(0.,0.,1.),(0.,0.,1.),(-0.793352459493384,0.608762576885109,
0.),(-0.793352442908922,0.608762598498335,0.),(0.,0.,1.),(0.,0.,1.),(-0.819149180374632,
0.573580526422898,0.),(0.,0.,1.),(-0.819153231317583,0.573574741094797,
0.),(-0.819149180374632,0.573580526422898,0.),(0.,0.,1.),(0.,0.,1.),(-0.843393006006282,
0.537297159325905,0.),(0.,0.,1.),(-0.843380472760011,0.537316832201542,
0.),(-0.843393006006282,0.537297159325905,0.),(0.,0.,1.),(0.,0.,1.),(-0.866028422983546,
0.499994770557284,0.),(0.,0.,1.),(-0.866031125414979,0.499990089714252,
0.),(-0.866028422983546,0.499994770557284,0.),(0.,0.,1.),(0.,0.,1.),(-0.88701089922952,
0.461748486351649,0.),(0.,0.,1.),(-0.887011531647923,0.461747271484744,
0.),(-0.88701089922952,0.461748486351649,0.),(0.,0.,1.),(0.,0.,1.),(-0.906311935234837,
0.422609365786992,0.),(0.,0.,1.),(-0.906307030171884,0.422619884838633,
0.),(-0.906311935234837,0.422609365786992,0.),(0.,0.,1.),(0.,0.,1.),(-0.923880848939467,
0.382680254210861,0.),(0.,0.,1.),(-0.923888574154099,0.382661603178978,
0.),(-0.923880848939467,0.382680254210861,0.),(0.,0.,1.),(0.,0.,1.),(-0.939691495561209,
0.342023234839298,0.),(0.,0.,1.),(-0.939689742073662,0.342028052418999,
0.),(-0.939691495561209,0.342023234839298,0.),(0.,0.,1.),(0.,0.,1.),(-0.95371568529197,
0.300709812989314,0.),(0.,0.,1.),(-0.953713488792286,0.30071677920536,0.),
(-0.95371568529197,0.300709812989314,0.),(0.,0.,1.),(0.,0.,1.),(-0.965917946350552,
0.258848451642911,0.),(0.,0.,1.),(-0.965923169106831,0.258828961638021,
0.),(-0.965917946350552,0.258848451642911,0.),(0.,0.,1.),(0.,0.,1.),(-0.976294235590656,
0.216447604635525,0.),(0.,0.,1.),(-0.976300326230454,0.216420130769551,
0.),(-0.976294235590656,0.216447604635525,0.),(0.,0.,1.),(0.,0.,1.),(-0.984807422642041,
0.173650051278831,0.),(0.,0.,1.),(-0.984805453417126,0.173661218813784,
0.),(-0.984807422642041,0.173650051278831,0.),(0.,0.,1.),(0.,0.,1.),(-0.991447261467468,
0.130507960403409,0.),(0.,0.,1.),(-0.991442657049263,0.130542934634922,
0.),(-0.991447261467468,0.130507960403409,0.),(0.,0.,1.),(0.,0.,1.),(-0.996198127227531,
0.0871165386614939,0.),(0.,0.,1.),(-0.996197254395911,0.0871265191204665,
0.),(-0.996198127227531,0.0871165386614939,0.),(0.,0.,1.),(0.,0.,1.),(-0.999047596500994,
0.0436337017176701,0.),(0.,0.,1.),(-0.999047102710784,0.0436450061884301,
0.),(-0.999047596500994,0.0436337017176701,0.),(0.,0.,1.),(0.,0.,1.),(-0.999999999965256,
-8.33596038474134E-6,0.),(0.,0.,1.),(-0.999999999886736,1.50508395564525E-5,
0.),(-0.999999999965256,-8.33596038474134E-6,0.),(0.,0.,1.),(0.,0.,1.),
(-0.999049027446299,-0.0436009261209411,0.),(0.,0.,1.),(-0.99904678572102,
-0.0436522615736959,0.),(-0.999049027446299,-0.0436009261209411,0.),(0.,
0.,1.),(0.,0.,1.),(-0.996198485177283,-0.0871124453249139,0.),(0.,0.,1.),
(-0.99619312740203,-0.087173693950428,0.),(-0.996198485177283,-0.0871124453249139,
0.),(0.,0.,1.),(0.,0.,1.),(-0.991442535954765,-0.130543854315643,0.),(0.,
0.,1.),(-0.991436426081236,-0.130590248637739,0.),(-0.991442535954765,-0.130543854315643,
0.),(0.,0.,1.),(0.,0.,1.),(-0.984808702354763,-0.173642793591696,0.),(0.,
0.,1.),(-0.98481142023201,-0.173627378545582,0.),(-0.984808702354763,-0.173642793591696,
0.),(0.,0.,1.),(0.,0.,1.),(-0.976299419282485,-0.216424222093285,0.),(0.,
0.,1.),(-0.97629894228217,-0.216426373851979,0.),(-0.976299419282485,-0.216424222093285,
0.),(0.,0.,1.),(0.,0.,1.),(-0.965926887595861,-0.258815084219162,0.),(0.,
0.,1.),(-0.965934849166539,-0.258785368917209,0.),(-0.965926887595861,-0.258815084219162,
0.),(0.,0.,1.),(0.,0.,1.),(-0.953719461258652,-0.300697837066558,0.),(0.,
0.,1.),(-0.953745669874284,-0.300614698902188,0.),(-0.953719461258652,-0.300697837066558,
0.),(0.,0.,1.),(0.,0.,1.),(-0.939680195049399,-0.342054280826778,0.),(0.,
0.,1.),(-0.939680315619878,-0.342053949599367,0.),(-0.939680195049399,-0.342054280826778,
0.),(0.,0.,1.),(0.,0.,1.),(-0.923864731586524,-0.382719163004101,0.),(0.,
0.,1.),(-0.923885420174359,-0.382669217979768,0.),(-0.923864731586524,-0.382719163004101,
0.),(0.,0.,1.),(0.,0.,1.),(-0.906301374193898,-0.422632013853957,0.),(0.,
0.,1.),(-0.906307747837899,-0.422618345802682,0.),(-0.906301374193898,-0.422632013853957,
0.),(0.,0.,1.),(0.,0.,1.),(-0.886993914611485,-0.461781112045733,0.),(0.,
0.,1.),(-0.886983031358864,-0.46180201610803,0.),(-0.886993914611485,-0.461781112045733,
0.),(0.,0.,1.),(0.,0.,1.),(-0.866019203455515,-0.500010739130947,0.),(0.,
0.,1.),(-0.866047513643195,-0.499961702645752,0.),(-0.866019203455515,-0.500010739130947,
0.),(0.,0.,1.),(0.,0.,1.),(-0.843411748963516,-0.537267737455269,0.),(0.,
0.,1.),(-0.843363156118402,-0.537344011692703,0.),(-0.843411748963516,-0.537267737455269,
0.),(0.,0.,1.),(0.,0.,1.),(-0.819172181659604,-0.573547676130803,0.),(0.,
0.,1.),(-0.819130344960958,-0.573607424955554,0.),(-0.819172181659604,-0.573547676130803,
0.),(0.,0.,1.),(0.,0.,1.),(-0.793361630539278,-0.608750624794799,0.),(0.,
0.,1.),(-0.793356333509339,-0.608757528151085,0.),(-0.793361630539278,-0.608750624794799,
0.),(0.,0.,1.),(0.,0.,1.),(-0.766048861490459,-0.642782344039701,0.),(0.,
0.,1.),(-0.766043721196239,-0.642788470039577,0.),(-0.766048861490459,-0.642782344039701,
0.),(0.,0.,1.),(0.,0.,1.),(-0.737271318666153,-0.675596775208609,0.),(0.,
0.,1.),(-0.737316219041358,-0.675547772654574,0.),(-0.737271318666153,-0.675596775208609,
0.),(0.,0.,1.),(0.,0.,1.),(-0.707106781186547,-0.707106781186548,0.),(0.,
0.,1.),(-0.707106781186547,-0.707106781186548,0.),(0.,0.,1.),(-0.707106781186547,
-0.707106781186548,0.),(-0.675596775208609,-0.737271318666153,0.),(0.,0.,
1.),(0.,0.,1.),(-0.675547772654574,-0.737316219041358,0.),(-0.675596775208609,
-0.737271318666153,0.),(0.,0.,1.),(0.,0.,1.),(-0.642782344039701,-0.766048861490459,
0.),(0.,0.,1.),(-0.642788470039576,-0.766043721196239,0.),(-0.642782344039701,
-0.766048861490459,0.),(0.,0.,1.),(0.,0.,1.),(0.707106781186548,0.707106781186547,
0.),(-0.707106781186548,0.707106781186547,0.),(-0.608750624794799,-0.793361630539278,
0.),(0.,0.,1.),(0.,0.,1.),(-0.608757528151085,-0.793356333509339,0.),(-0.608750624794799,
-0.793361630539278,0.),(0.,0.,1.),(0.,0.,1.),(-0.573547676130803,-0.819172181659604,
0.),(0.,0.,1.),(-0.573607424955554,-0.819130344960958,0.),(-0.573547676130803,
-0.819172181659604,0.),(0.,0.,1.),(0.,0.,1.),(-0.537267737455269,-0.843411748963516,
0.),(0.,0.,1.),(-0.537344011692703,-0.843363156118402,0.),(-0.537267737455269,
-0.843411748963516,0.),(0.,0.,1.),(0.,0.,1.),(-0.500010739130947,-0.866019203455515,
0.),(0.,0.,1.),(-0.499961702645752,-0.866047513643195,0.),(-0.500010739130947,
-0.866019203455515,0.),(0.,0.,1.),(0.,0.,1.),(-0.461781112045733,-0.886993914611485,
0.),(0.,0.,1.),(-0.461802016107953,-0.886983031358904,0.),(-0.461781112045733,
-0.886993914611485,0.),(0.,0.,1.),(0.,0.,1.),(-0.422632013853639,-0.906301374194047,
0.),(0.,0.,1.),(-0.422618345802682,-0.906307747837899,0.),(-0.422632013853639,
-0.906301374194047,0.),(0.,0.,1.),(0.,0.,1.),(-0.382719163004101,-0.923864731586524,
0.),(0.,0.,1.),(-0.382669217979768,-0.923885420174359,0.),(-0.382719163004101,
-0.923864731586524,0.),(0.,0.,1.),(0.,0.,1.),(-0.342054280826778,-0.939680195049399,
0.),(0.,0.,1.),(-0.34205394959913,-0.939680315619964,0.),(-0.342054280826778,
-0.939680195049399,0.),(0.,0.,1.),(0.,0.,1.),(-0.300697837066558,-0.953719461258652,
0.),(0.,0.,1.),(-0.300614698902188,-0.953745669874284,0.),(-0.300697837066558,
-0.953719461258652,0.),(0.,0.,1.),(0.,0.,1.),(-0.258815084219162,-0.965926887595861,
0.),(0.,0.,1.),(-0.258785368917209,-0.965934849166539,0.),(-0.258815084219162,
-0.965926887595861,0.),(0.,0.,1.),(0.,0.,1.),(-0.216424222093285,-0.976299419282485,
0.),(0.,0.,1.),(-0.216426373851979,-0.97629894228217,0.),(-0.216424222093285,
-0.976299419282485,0.),(0.,0.,1.),(0.,0.,1.),(-0.173642793591696,-0.984808702354763,
0.),(0.,0.,1.),(-0.173627378545582,-0.98481142023201,0.),(-0.173642793591696,
-0.984808702354763,0.),(0.,0.,1.),(0.,0.,1.),(-0.130543854315643,-0.991442535954765,
0.),(0.,0.,1.),(-0.130590248637739,-0.991436426081236,0.),(-0.130543854315643,
-0.991442535954765,0.),(0.,0.,1.),(0.,0.,1.),(-0.0871124453251551,-0.996198485177262,
0.),(0.,0.,1.),(-0.087173693950428,-0.99619312740203,0.),(-0.0871124453251551,
-0.996198485177262,0.),(0.,0.,1.),(0.,0.,1.),(-0.0436009261209411,-0.999049027446299,
0.),(0.,0.,1.),(-0.0436522615736959,-0.99904678572102,0.),(-0.0436009261209411,
-0.999049027446299,0.),(0.,0.,1.),(0.,0.,1.),(-8.33596038474134E-6,-0.999999999965256,
0.),(0.,0.,1.),(1.50508395564525E-5,-0.999999999886736,0.),(-8.33596038474134E-6,
-0.999999999965256,0.),(0.,0.,1.),(0.,0.,1.),(0.0436337017176127,-0.999047596500997,
0.),(0.,0.,1.),(0.0436450061886271,-0.999047102710775,0.),(0.0436337017176127,
-0.999047596500997,0.),(0.,0.,1.),(0.,0.,1.),(0.0871165386614939,-0.996198127227531,
0.),(0.,0.,1.),(0.0871265191204665,-0.996197254395911,0.),(0.0871165386614939,
-0.996198127227531,0.),(0.,0.,1.),(0.,0.,1.),(0.130507960403409,-0.991447261467468,
0.),(0.,0.,1.),(0.130542934634922,-0.991442657049263,0.),(0.130507960403409,
-0.991447261467468,0.),(0.,0.,1.),(0.,0.,1.),(0.173650051278831,-0.984807422642041,
0.),(0.,0.,1.),(0.173661218813784,-0.984805453417126,0.),(0.173650051278831,
-0.984807422642041,0.),(0.,0.,1.),(0.,0.,1.),(0.216447604635525,-0.976294235590656,
0.),(0.,0.,1.),(0.216420130769551,-0.976300326230454,0.),(0.216447604635525,
-0.976294235590656,0.),(0.,0.,1.),(0.,0.,1.),(0.258848451642911,-0.965917946350552,
0.),(0.,0.,1.),(0.258828961638021,-0.965923169106831,0.),(0.258848451642911,
-0.965917946350552,0.),(0.,0.,1.),(0.,0.,1.),(0.300709812989314,-0.95371568529197,
0.),(0.,0.,1.),(0.30071677920536,-0.953713488792287,0.),(0.300709812989314,
-0.95371568529197,0.),(0.,0.,1.),(0.,0.,1.),(0.342023234839298,-0.939691495561209,
0.),(0.,0.,1.),(0.342028052418999,-0.939689742073662,0.),(0.342023234839298,
-0.939691495561209,0.),(0.,0.,1.),(0.,0.,1.),(0.382680254210861,-0.923880848939467,
0.),(0.,0.,1.),(0.382661603178978,-0.923888574154099,0.),(0.382680254210861,
-0.923880848939467,0.),(0.,0.,1.),(0.,0.,1.),(0.422609365786992,-0.906311935234837,
0.),(0.,0.,1.),(0.422619884838633,-0.906307030171884,0.),(0.422609365786992,
-0.906311935234837,0.),(0.,0.,1.),(0.,0.,1.),(0.461748486351649,-0.88701089922952,
0.),(0.,0.,1.),(0.461747271484744,-0.887011531647923,0.),(0.461748486351649,
-0.88701089922952,0.),(0.,0.,1.),(0.,0.,1.),(0.499994770557284,-0.866028422983546,
0.),(0.,0.,1.),(0.499990089714252,-0.866031125414979,0.),(0.499994770557284,
-0.866028422983546,0.),(0.,0.,1.),(0.,0.,1.),(0.537297159325905,-0.843393006006282,
0.),(0.,0.,1.),(0.537316832201542,-0.843380472760011,0.),(0.537297159325905,
-0.843393006006282,0.),(0.,0.,1.),(0.,0.,1.),(0.573580526422898,-0.819149180374632,
0.),(0.,0.,1.),(0.573574741094797,-0.819153231317583,0.),(0.573580526422898,
-0.819149180374632,0.),(0.,0.,1.),(0.,0.,1.),(0.608762598498335,-0.793352442908922,
0.),(0.,0.,1.),(0.608762576885109,-0.793352459493384,0.),(0.608762598498335,
-0.793352442908922,0.),(0.,0.,1.),(0.,0.,1.),(0.642784323832671,-0.766047200265738,
0.),(0.,0.,1.),(0.642789751034058,-0.766042646309965,0.),(0.642784323832671,
-0.766047200265738,0.),(0.,0.,1.),(0.,0.,1.),(0.675591270427899,-0.737276362920728,
0.),(0.,0.,1.),(0.675585571921382,-0.737281584614494,0.),(0.675591270427899,
-0.737276362920728,0.),(0.,0.,1.),(0.,0.,1.),(0.707106781186547,-0.707106781186548,
0.),(0.,0.,1.),(0.707106781186547,-0.707106781186548,0.),(0.,0.,1.),(0.707106781186547,
-0.707106781186548,0.),(0.737276362920728,-0.675591270427899,0.),(0.,0.,
1.),(0.,0.,1.),(0.73727716836089,-0.675590391445695,0.),(0.737276362920728,
-0.675591270427899,0.),(0.,0.,1.),(0.,0.,1.),(-0.707106781186548,0.707106781186547,
0.),(0.766043120914484,-0.642789185425204,0.),(0.,0.,1.),(0.,0.,1.),(0.766045435784323,
-0.642786426672193,0.),(0.766043120914484,-0.642789185425204,0.),(0.,0.,
1.),(0.,0.,1.),(0.79335937578157,-0.608753563323844,0.),(0.,0.,1.),(0.793359080684413,
-0.608753947909649,0.),(0.79335937578157,-0.608753563323844,0.),(0.,0.,
1.),(0.,0.,1.),(0.819152830737935,-0.573575313183917,0.),(0.,0.,1.),(0.819153231317583,
-0.573574741094797,0.),(0.819152830737935,-0.573575313183917,0.),(0.,0.,
1.),(0.,0.,1.),(0.843386896503737,-0.537306749265068,0.),(0.,0.,1.),(0.843393233629426,
-0.537296802026682,0.),(0.843386896503737,-0.537306749265068,0.),(0.,0.,
1.),(0.,0.,1.),(0.866028422983546,-0.499994770557284,0.),(0.,0.,1.),(0.866029017314031,
-0.499993741130919,0.),(0.866028422983546,-0.499994770557284,0.),(0.,0.,
1.),(0.,0.,1.),(0.887010899229495,-0.461748486351696,0.),(0.,0.,1.),(0.887013448156919,
-0.461743589872965,0.),(0.887010899229495,-0.461748486351696,0.),(0.,0.,
1.),(0.,0.,1.),(0.906303006518847,-0.422628513442833,0.),(0.,0.,1.),(0.906305297001909,
-0.422623601596363,0.),(0.906303006518847,-0.422628513442833,0.),(0.,0.,
1.),(0.,0.,1.),(0.923881747703416,-0.382678084374428,0.),(0.,0.,1.),(0.923859315137729,
-0.382732237776289,0.),(0.923881747703416,-0.382678084374428,0.),(0.,0.,
1.),(0.,0.,1.),(0.939699524543215,-0.342001174812683,0.),(0.,0.,1.),(0.939691097293576,
-0.342024329057444,0.),(0.939699524543215,-0.342001174812683,0.),(0.,0.,
1.),(0.,0.,1.),(0.953715685291974,-0.300709812989302,0.),(0.,0.,1.),(0.953726779421509,
-0.300674625158618,0.),(0.953715685291974,-0.300709812989302,0.),(0.,0.,
1.),(0.,0.,1.),(0.965917946350545,-0.258848451642937,0.),(0.,0.,1.),(0.965923169106822,
-0.258828961638054,0.),(0.965917946350545,-0.258848451642937,0.),(0.,0.,
1.),(0.,0.,1.),(0.976301245531735,-0.216415983636106,0.),(0.,0.,1.),(0.976300326230448,
-0.216420130769574,0.),(0.976301245531735,-0.216415983636106,0.),(0.,0.,
1.),(0.,0.,1.),(0.984813046422262,-0.173618154570608,0.),(0.,0.,1.),(0.984815711954355,
-0.173603034212643,0.),(0.984813046422262,-0.173618154570608,0.),(0.,0.,
1.),(0.,0.,1.),(0.991442499025572,-0.130544134781798,0.),(0.,0.,1.),(0.991442205283954,
-0.13054636563953,0.),(0.991442499025572,-0.130544134781798,0.),(0.,0.,
1.),(0.,0.,1.),(0.996194947984665,-0.0871528864113564,0.),(0.,0.,1.),(0.996191803324885,
-0.087188823758053,0.),(0.996194947984665,-0.0871528864113564,0.),(0.,0.,
1.),(0.,0.,1.),(0.999047596501005,-0.0436337017174155,0.),(0.,0.,1.),(0.999047102710775,
-0.0436450061886271,0.),(0.999047596501005,-0.0436337017174155,0.),(0.,
0.,1.),(0.,0.,1.),(0.999999999429736,-3.37717004834496E-5,0.),(0.,0.,1.),
(0.999999998367252,5.71445149635614E-5,0.),(0.999999999429736,-3.37717004834496E-5,
0.),(0.,0.,1.),(0.,0.,1.),(0.999047040909574,0.0436464208134492,0.),(0.,
0.,1.),(0.999046913454541,0.0436493381044293,0.),(0.999047040909574,0.0436464208134492,
0.),(0.,0.,1.),(0.,0.,1.),(0.996190846319414,0.0871997575077403,0.),(0.,
0.,1.),(0.996199673219627,0.0870988580700552,0.),(0.996190846319414,0.0871997575077403,
0.),(0.,0.,1.),(0.,0.,1.),(0.991448671076298,0.130497251392674,0.),(0.,
0.,1.),(0.99144694697108,0.130510349557893,0.),(0.991448671076298,0.130497251392674,
0.),(0.,0.,1.),(0.,0.,1.),(0.984808448584866,0.173644232832161,0.),(0.,
0.,1.),(0.984796558056857,0.173711655450539,0.),(0.984808448584866,0.173644232832161,
0.),(0.,0.,1.),(0.,0.,1.),(0.976288928818982,0.216471539620071,0.),(0.,
0.,1.),(0.976299955238633,0.21642180435678,0.),(0.976288928818982,0.216471539620071,
0.),(0.,0.,1.),(0.,0.,1.),(0.965926887595864,0.258815084219154,0.),(0.,
0.,1.),(0.965933721446284,0.258789578176811,0.),(0.965926887595864,0.258815084219154,
0.),(0.,0.,1.),(0.,0.,1.),(0.953719461258652,0.300697837066559,0.),(0.,
0.,1.),(0.953692986261781,0.300781794587184,0.),(0.953719461258652,0.300697837066559,
0.),(0.,0.,1.),(0.,0.,1.),(0.939698443583819,0.34200414489615,0.),(0.,0.,
1.),(0.939711595280715,0.341968006829549,0.),(0.939698443583819,0.34200414489615,
0.),(0.,0.,1.),(0.,0.,1.),(0.92388514976678,0.382669870829172,0.),(0.,0.,
1.),(0.923884780093776,0.382670763334586,0.),(0.92388514976678,0.382669870829172,
0.),(0.,0.,1.),(0.,0.,1.),(0.906324699849752,0.422581990201023,0.),(0.,
0.,1.),(0.90630837721874,0.422616996088815,0.),(0.906324699849752,0.422581990201023,
0.),(0.,0.,1.),(0.,0.,1.),(0.887019401118263,0.46173215400251,0.),(0.,0.,
1.),(0.887026723082849,0.461718087729844,0.),(0.887019401118263,0.46173215400251,
0.),(0.,0.,1.),(0.,0.,1.),(0.866019203455441,0.500010739131075,0.),(0.,
0.,1.),(0.86604751364346,0.499961702645293,0.),(0.866019203455441,0.500010739131075,
0.),(0.,0.,1.),(0.,0.,1.),(0.843381032618195,0.537315953438818,0.),(0.,
0.,1.),(0.843363156118783,0.537344011692105,0.),(0.843381032618195,0.537315953438818,
0.),(0.,0.,1.),(0.,0.,1.),(0.819139391272188,0.573594506307574,0.),(0.,
0.,1.),(0.819130344961009,0.573607424955482,0.),(0.819139391272188,0.573594506307574,
0.),(0.,0.,1.),(0.,0.,1.),(0.793361630539246,0.608750624794841,0.),(0.,
0.,1.),(0.793416798098316,0.608678720258411,0.),(0.793361630539246,0.608750624794841,
0.),(0.,0.,1.),(0.,0.,1.),(0.766048861490433,0.642782344039732,0.),(0.,
0.,1.),(0.766043478054322,0.642788759804056,0.),(0.766048861490433,0.642782344039732,
0.),(0.,0.,1.),(0.,0.,1.),(0.737271318666169,0.675596775208592,0.),(0.,
0.,1.),(0.737248856997115,0.675621286562559,0.),(0.737271318666169,0.675596775208592,
0.),(0.,0.,1.),(0.,0.,1.),(0.707106781186548,0.707106781186547,0.),(0.,
0.,1.),(0.707106781186548,0.707106781186547,0.),(0.,0.,1.),(0.707106781186548,
0.707106781186547,0.),(0.675596775208592,0.737271318666169,0.),(0.,0.,1.),
(0.,0.,1.),(0.67562128656256,0.737248856997114,0.),(0.675596775208592,0.737271318666169,
0.),(0.,0.,1.),(0.,0.,1.),(0.642782344039732,0.766048861490433,0.),(0.,
0.,1.),(0.642788759804056,0.766043478054322,0.),(0.642782344039732,0.766048861490433,
0.),(0.,0.,1.),(0.,0.,1.),(0.608750624794841,0.793361630539246,0.),(0.,
0.,1.),(0.608678720258411,0.793416798098316,0.),(0.608750624794841,0.793361630539246,
0.),(0.,0.,1.),(0.,0.,1.),(0.573594506307574,0.819139391272188,0.),(0.,
0.,1.),(0.573607424955482,0.819130344961009,0.),(0.573594506307574,0.819139391272188,
0.),(0.,0.,1.),(0.,0.,1.),(0.537315953438818,0.843381032618195,0.),(0.,
0.,1.),(0.537344011692105,0.843363156118783,0.),(0.537315953438818,0.843381032618195,
0.),(0.,0.,1.),(0.,0.,1.),(0.500010739131075,0.866019203455441,0.),(0.,
0.,1.),(0.499961702645293,0.86604751364346,0.),(0.500010739131075,0.866019203455441,
0.),(0.,0.,1.),(0.,0.,1.),(0.46173215400251,0.887019401118263,0.),(0.,0.,
1.),(0.461718087729843,0.887026723082849,0.),(0.46173215400251,0.887019401118263,
0.),(0.,0.,1.),(0.,0.,1.),(0.422581990201023,0.906324699849752,0.),(0.,
0.,1.),(0.422616996089318,0.906308377218506,0.),(0.422581990201023,0.906324699849752,
0.),(0.,0.,1.),(0.,0.,1.),(0.382669870829172,0.92388514976678,0.),(0.,0.,
1.),(0.382670763334586,0.923884780093776,0.),(0.382669870829172,0.92388514976678,
0.),(0.,0.,1.),(0.,0.,1.),(0.342004144896017,0.939698443583868,0.),(0.,
0.,1.),(0.341968006829549,0.939711595280715,0.),(0.342004144896017,0.939698443583868,
0.),(0.,0.,1.),(0.,0.,1.),(0.300697837066559,0.953719461258652,0.),(0.,
0.,1.),(0.300781794587184,0.953692986261781,0.),(0.300697837066559,0.953719461258652,
0.),(0.,0.,1.),(0.,0.,1.),(0.258815084219154,0.965926887595864,0.),(0.,
0.,1.),(0.258789578176811,0.965933721446284,0.),(0.258815084219154,0.965926887595864,
0.),(0.,0.,1.),(0.,0.,1.),(0.216471539620071,0.976288928818982,0.),(0.,
0.,1.),(0.21642180435678,0.976299955238633,0.),(0.216471539620071,0.976288928818982,
0.),(0.,0.,1.),(0.,0.,1.),(0.173644232832161,0.984808448584866,0.),(0.,
0.,1.),(0.173711655450539,0.984796558056857,0.),(0.173644232832161,0.984808448584866,
0.),(0.,0.,1.),(0.,0.,1.),(0.130497251392674,0.991448671076298,0.),(0.,
0.,1.),(0.130510349557893,0.99144694697108,0.),(0.130497251392674,0.991448671076298,
0.),(0.,0.,1.),(0.,0.,1.),(0.0871997575077403,0.996190846319414,0.),(0.,
0.,1.),(0.0870988580700552,0.996199673219627,0.),(0.0871997575077403,0.996190846319414,
0.),(0.,0.,1.),(0.,0.,1.),(0.0436464208133136,0.99904704090958,0.),(0.,
0.,1.),(0.0436493381044293,0.999046913454541,0.),(0.0436464208133136,0.99904704090958,
0.),(0.,0.,1.),(0.,0.,1.),(-3.37717004834496E-5,0.999999999429736,0.),(0.,
0.,1.),(5.71445149635614E-5,0.999999998367252,0.),(-3.37717004834496E-5,
0.999999999429736,0.),(0.,0.,1.),(0.,0.,1.),(-0.0436337017174155,0.999047596501005,
0.),(0.,0.,1.),(-0.0436450061886271,0.999047102710775,0.),(-0.0436337017174155,
0.999047596501005,0.),(0.,0.,1.),(0.,0.,1.),(-0.0871528864113564,0.996194947984665,
0.),(0.,0.,1.),(-0.087188823758053,0.996191803324885,0.),(-0.0871528864113564,
0.996194947984665,0.),(0.,0.,1.),(0.,0.,1.),(-0.130544134781798,0.991442499025572,
0.),(0.,0.,1.),(-0.13054636563953,0.991442205283954,0.),(-0.130544134781798,
0.991442499025572,0.),(0.,0.,1.),(0.,0.,1.),(-0.173618154570608,0.984813046422262,
0.),(0.,0.,1.),(-0.173603034212643,0.984815711954355,0.),(-0.173618154570608,
0.984813046422262,0.),(0.,0.,1.),(0.,0.,1.),(-0.216415983636106,0.976301245531735,
0.),(0.,0.,1.),(-0.216420130769574,0.976300326230448,0.),(-0.216415983636106,
0.976301245531735,0.),(0.,0.,1.),(0.,0.,1.),(-0.258848451642937,0.965917946350545,
0.),(0.,0.,1.),(-0.258828961638054,0.965923169106822,0.),(-0.258848451642937,
0.965917946350545,0.),(0.,0.,1.),(0.,0.,1.),(-0.300709812989302,0.953715685291974,
0.),(0.,0.,1.),(-0.300674625158618,0.953726779421509,0.),(-0.300709812989302,
0.953715685291974,0.),(0.,0.,1.),(0.,0.,1.),(-0.342001174812683,0.939699524543215,
0.),(0.,0.,1.),(-0.342024329057444,0.939691097293576,0.),(-0.342001174812683,
0.939699524543215,0.),(0.,0.,1.),(0.,0.,1.),(-0.382678084374428,0.923881747703416,
0.),(0.,0.,1.),(-0.382732237776289,0.923859315137729,0.),(-0.382678084374428,
0.923881747703416,0.),(0.,0.,1.),(0.,0.,1.),(-0.422628513442833,0.906303006518847,
0.),(0.,0.,1.),(-0.422623601596363,0.906305297001909,0.),(-0.422628513442833,
0.906303006518847,0.),(0.,0.,1.),(0.,0.,1.),(-0.461748486351696,0.887010899229495,
0.),(0.,0.,1.),(-0.461743589872965,0.887013448156919,0.),(-0.461748486351696,
0.887010899229495,0.),(0.,0.,1.),(0.,0.,1.),(-0.499994770557284,0.866028422983546,
0.),(0.,0.,1.),(-0.499993741130919,0.866029017314031,0.),(-0.499994770557284,
0.866028422983546,0.),(0.,0.,1.),(0.,0.,1.),(-0.537306749265068,0.843386896503737,
0.),(0.,0.,1.),(-0.537296802026682,0.843393233629426,0.),(-0.537306749265068,
0.843386896503737,0.),(0.,0.,1.),(0.,0.,1.),(-0.573575313183917,0.819152830737935,
0.),(0.,0.,1.),(-0.573574741094797,0.819153231317583,0.),(-0.573575313183917,
0.819152830737935,0.),(0.,0.,1.),(0.,0.,1.),(-0.608753563323844,0.79335937578157,
0.),(0.,0.,1.),(-0.608753947909649,0.793359080684413,0.),(-0.608753563323844,
0.79335937578157,0.),(0.,0.,1.),(0.,0.,1.),(-0.642789185425204,0.766043120914484,
0.),(0.,0.,1.),(-0.642786426672193,0.766045435784323,0.),(-0.642789185425204,
0.766043120914484,0.),(0.,0.,1.),(0.,0.,1.),(-0.675590391445695,0.73727716836089,
0.),(0.,0.,1.),(0.342028052418999,-0.939689742073662,0.),(0.,0.,1.),(0.342023234839298,
-0.939691495561209,0.),(0.,0.,1.),(0.382695063889375,-0.923874714490394,
0.),(0.,0.,1.),(0.300683073982535,-0.953724115780037,0.),(0.382695063889375,
-0.923874714490394,0.),(0.,0.,-1.),(0.,0.,1.),(0.30071677920536,-0.953713488792287,
0.),(0.342028052418999,-0.939689742073662,0.),(0.,0.,-1.),(0.,0.,1.),(0.38269977305611,
-0.923872763806143,0.),(0.342023234839298,-0.939691495561209,0.),(0.,0.,
1.),(0.,0.,1.),(0.300683073982535,-0.953724115780037,0.),(0.,0.,1.),(0.422623601596562,
-0.906305297001816,0.),(0.422623601596562,-0.906305297001816,0.),(0.,0.,
-1.),(0.,0.,1.),(0.422628513442941,-0.906303006518797,0.),(0.38269977305611,
-0.923872763806143,0.),(0.,0.,1.),(0.,0.,1.),(0.461743589872987,-0.887013448156907,
0.),(0.461743589872987,-0.887013448156907,0.),(0.,0.,-1.),(0.,0.,1.),(0.461748486351649,
-0.88701089922952,0.),(0.422628513442941,-0.906303006518797,0.),(0.,0.,
1.),(0.,0.,1.),(0.499993741130919,-0.866029017314031,0.),(0.499993741130919,
-0.866029017314031,0.),(0.,0.,-1.),(0.,0.,1.),(0.500006767778366,-0.866021496370518,
0.),(0.461748486351649,-0.88701089922952,0.),(0.,0.,1.),(0.,0.,1.),(0.537280359608622,
-0.843403708302749,0.),(0.537280359608622,-0.843403708302749,0.),(0.,0.,
-1.),(0.,0.,1.),(0.537308842970343,-0.843385562637796,0.),(0.500006767778366,
-0.866021496370518,0.),(0.,0.,1.),(0.,0.,1.),(0.573583670575334,-0.819146978783006,
0.),(0.573583670575334,-0.819146978783006,0.),(0.,0.,-1.),(0.,0.,1.),(0.5735659988009,
-0.819159352641185,0.),(0.537308842970343,-0.843385562637796,0.),(0.,0.,
1.),(0.,0.,1.),(0.608769430566424,-0.793347200415954,0.),(0.608769430566424,
-0.793347200415954,0.),(0.,0.,-1.),(0.,0.,1.),(0.608753563323886,-0.793359375781538,
0.),(0.5735659988009,-0.819159352641185,0.),(0.,0.,1.),(0.,0.,1.),(0.642778091389807,
-0.766052429817488,0.),(0.642778091389807,-0.766052429817488,0.),(0.,0.,
-1.),(0.,0.,1.),(0.64278918542521,-0.766043120914479,0.),(0.608753563323886,
-0.793359375781538,0.),(0.,0.,1.),(0.,0.,1.),(0.675590391445711,-0.737277168360876,
0.),(0.675590391445711,-0.737277168360876,0.),(0.,0.,-1.),(0.,0.,1.),(0.675591270427899,
-0.737276362920728,0.),(0.64278918542521,-0.766043120914479,0.),(0.,0.,
1.),(0.,0.,1.),(0.707108322610919,-0.707105239758816,0.),(0.707108322610919,
-0.707105239758816,0.),(0.,0.,-1.),(0.,0.,1.),(0.707106781186547,-0.707106781186548,
0.),(0.675591270427899,-0.737276362920728,0.),(0.,0.,1.),(0.,0.,1.),(0.737278641082422,
-0.675588784249455,0.),(0.737278641082422,-0.675588784249455,0.),(0.,0.,
-1.),(0.,0.,1.),(0.737276362920728,-0.675591270427899,0.),(0.707106781186547,
-0.707106781186548,0.),(0.,0.,1.),(0.,0.,1.),(0.76603844443885,-0.642794758567388,
0.),(0.76603844443885,-0.642794758567388,0.),(0.,0.,-1.),(0.,0.,1.),(0.766047200265738,
-0.642784323832671,0.),(0.737276362920728,-0.675591270427899,0.),(0.,0.,
1.),(0.,0.,1.),(0.793352459493387,-0.608762576885105,0.),(0.793352459493387,
-0.608762576885105,0.),(0.,0.,-1.),(0.,0.,1.),(0.793352442908922,-0.608762598498336,
0.),(0.766047200265738,-0.642784323832671,0.),(0.,0.,1.),(0.,0.,1.),(0.819153231317583,
-0.573574741094797,0.),(0.819153231317583,-0.573574741094797,0.),(0.,0.,
-1.),(0.,0.,1.),(0.819149180374635,-0.573580526422893,0.),(0.793352442908922,
-0.608762598498336,0.),(0.,0.,1.),(0.,0.,1.),(0.84338047276009,-0.537316832201418,
0.),(0.84338047276009,-0.537316832201418,0.),(0.,0.,-1.),(0.,0.,1.),(0.843393006006305,
-0.53729715932587,0.),(0.819149180374635,-0.573580526422893,0.),(0.,0.,
1.),(0.,0.,1.),(0.866017142374283,-0.500014308909136,0.),(0.866017142374283,
-0.500014308909136,0.),(0.,0.,-1.),(0.,0.,1.),(0.866028422983546,-0.499994770557284,
0.),(0.843393006006305,-0.53729715932587,0.),(0.,0.,1.),(0.,0.,1.),(0.887013448156919,
-0.461743589872965,0.),(0.887013448156919,-0.461743589872965,0.),(0.,0.,
-1.),(0.,0.,1.),(0.887010899229495,-0.461748486351696,0.),(0.866028422983546,
-0.499994770557284,0.),(0.,0.,1.),(0.,0.,1.),(0.906320602790131,-0.422590777180636,
0.),(0.906320602790131,-0.422590777180636,0.),(0.,0.,-1.),(0.,0.,1.),(0.906303006518847,
-0.422628513442833,0.),(0.887010899229495,-0.461748486351696,0.),(0.,0.,
1.),(0.,0.,1.),(0.923888574154113,-0.382661603178944,0.),(0.923888574154113,
-0.382661603178944,0.),(0.,0.,-1.),(0.,0.,1.),(0.923881747703416,-0.382678084374428,
0.),(0.906303006518847,-0.422628513442833,0.),(0.,0.,1.),(0.,0.,1.),(0.939689742073701,
-0.342028052418893,0.),(0.939689742073701,-0.342028052418893,0.),(0.,0.,
-1.),(0.,0.,1.),(0.939699524543215,-0.342001174812683,0.),(0.923881747703416,
-0.382678084374428,0.),(0.,0.,1.),(0.,0.,1.),(0.953713488792286,-0.30071677920536,
0.),(0.953713488792286,-0.30071677920536,0.),(0.,0.,-1.),(0.,0.,1.),(0.953715685291974,
-0.300709812989302,0.),(0.939699524543215,-0.342001174812683,0.),(0.,0.,
1.),(0.,0.,1.),(0.965923169106822,-0.258828961638054,0.),(0.965923169106822,
-0.258828961638054,0.),(0.,0.,-1.),(0.,0.,1.),(0.965925773001024,-0.258819243976128,
0.),(0.953715685291974,-0.300709812989302,0.),(0.,0.,1.),(0.,0.,1.),(0.976300326230448,
-0.216420130769574,0.),(0.976300326230448,-0.216420130769574,0.),(0.,0.,
-1.),(0.,0.,1.),(0.976293771464071,-0.21644969808355,0.),(0.965925773001024,
-0.258819243976128,0.),(0.,0.,1.),(0.,0.,1.),(0.984805453417089,-0.173661218813994,
0.),(0.984805453417089,-0.173661218813994,0.),(0.,0.,-1.),(0.,0.,1.),(0.984801798919213,
-0.173681941621693,0.),(0.976293771464071,-0.21644969808355,0.),(0.,0.,
1.),(0.,0.,1.),(0.991442657049263,-0.130542934634922,0.),(0.991442657049263,
-0.130542934634922,0.),(0.,0.,-1.),(0.,0.,1.),(0.991447261467439,-0.130507960403632,
0.),(0.984801798919213,-0.173681941621693,0.),(0.,0.,1.),(0.,0.,1.),(0.996197254395912,
-0.0871265191204524,0.),(0.996197254395912,-0.0871265191204524,0.),(0.,
0.,-1.),(0.,0.,1.),(0.996198127227531,-0.0871165386614939,0.),(0.991447261467439,
-0.130507960403632,0.),(0.,0.,1.),(0.,0.,1.),(0.999047102710775,-0.0436450061886271,
0.),(0.999047102710775,-0.0436450061886271,0.),(0.,0.,-1.),(0.,0.,1.),(0.999047596501005,
-0.0436337017174155,0.),(0.996198127227531,-0.0871165386614939,0.),(0.,
0.,1.),(0.,0.,1.),(0.999999999886736,-1.50508395864099E-5,0.),(0.999999999886736,
-1.50508395864099E-5,0.),(0.,0.,-1.),(0.,0.,1.),(0.999999999965256,8.33596037324432E-6,
0.),(0.999047596501005,-0.0436337017174155,0.),(0.,0.,1.),(0.,0.,1.),(0.999046785721016,
0.0436522615737916,0.),(0.999046785721016,0.0436522615737916,0.),(0.,0.,
-1.),(0.,0.,1.),(0.999049027446306,0.0436009261207818,0.),(0.999999999965256,
8.33596037324432E-6,0.),(0.,0.,1.),(0.,0.,1.),(0.996199916897521,0.087096070941071,
0.),(0.996199916897521,0.087096070941071,0.),(0.,0.,-1.),(0.,0.,1.),(0.996198485177262,
0.0871124453251611,0.),(0.999049027446306,0.0436009261207818,0.),(0.,0.,
1.),(0.,0.,1.),(0.991446598581955,0.130512996135526,0.),(0.991446598581955,
0.130512996135526,0.),(0.,0.,-1.),(0.,0.,1.),(0.991442535954761,0.130543854315674,
0.),(0.996198485177262,0.0871124453251611,0.),(0.,0.,1.),(0.,0.,1.),(0.984796992941289,
0.17370919000961,0.),(0.984796992941289,0.17370919000961,0.),(0.,0.,-1.),
(0.,0.,1.),(0.984808702354773,0.173642793591636,0.),(0.991442535954761,
0.130543854315674,0.),(0.,0.,1.),(0.,0.,1.),(0.976280959543979,0.216507478004545,
0.),(0.976280959543979,0.216507478004545,0.),(0.,0.,-1.),(0.,0.,1.),(0.976299419282485,
0.216424222093285,0.),(0.984808702354773,0.173642793591636,0.),(0.,0.,1.),
(0.,0.,1.),(0.965934849166528,0.258785368917249,0.),(0.965934849166528,
0.258785368917249,0.),(0.,0.,-1.),(0.,0.,1.),(0.965926887595864,0.258815084219154,
0.),(0.976299419282485,0.216424222093285,0.),(0.,0.,1.),(0.,0.,1.),(0.953745669874285,
0.300614698902185,0.),(0.953745669874285,0.300614698902185,0.),(0.,0.,-1.),
(0.,0.,1.),(0.953719461258652,0.300697837066559,0.),(0.965926887595864,
0.258815084219154,0.),(0.,0.,1.),(0.,0.,1.),(0.939680315619978,0.342053949599093,
0.),(0.939680315619978,0.342053949599093,0.),(0.,0.,-1.),(0.,0.,1.),(0.939680195049393,
0.342054280826793,0.),(0.953719461258652,0.300697837066559,0.),(0.,0.,1.),
(0.,0.,1.),(0.923885420174085,0.382669217980432,0.),(0.923885420174085,
0.382669217980432,0.),(0.,0.,-1.),(0.,0.,1.),(0.923864731586673,0.382719163003742,
0.),(0.939680195049393,0.342054280826793,0.),(0.,0.,1.),(0.,0.,1.),(0.906307747837774,
0.42261834580295,0.),(0.906307747837774,0.42261834580295,0.),(0.,0.,-1.),
(0.,0.,1.),(0.906301374193982,0.422632013853779,0.),(0.923864731586673,
0.382719163003742,0.),(0.,0.,1.),(0.,0.,1.),(0.887027327375871,0.46171692679435,
0.),(0.887027327375871,0.46171692679435,0.),(0.,0.,-1.),(0.,0.,1.),(0.8869939146113,
0.461781112046089,0.),(0.906301374193982,0.422632013853779,0.),(0.,0.,1.),
(0.,0.,1.),(0.865998414294122,0.500046744255041,0.),(0.865998414294122,
0.500046744255041,0.),(0.,0.,-1.),(0.,0.,1.),(0.866047510911997,0.499961707376809,
0.),(0.8869939146113,0.461781112046089,0.),(0.,0.,1.),(0.,0.,1.),(0.843364168437468,
0.537342422851368,0.),(0.843364168437468,0.537342422851368,0.),(0.,0.,-1.),
(0.,0.,1.),(0.843411452200695,0.537268203318151,0.),(0.866047510911997,
0.499961707376809,0.),(0.,0.,1.),(0.,0.,1.),(0.819186125279613,0.573527760574302,
0.),(0.819186125279613,0.573527760574302,0.),(0.,0.,-1.),(0.,0.,1.),(0.819139391272188,
0.573594506307574,0.),(0.843411452200695,0.537268203318151,0.),(0.,0.,1.),
(0.,0.,1.),(0.793296209323702,0.608835876302182,0.),(0.793296209323702,
0.608835876302182,0.),(0.,0.,-1.),(0.,0.,1.),(0.793361630539246,0.608750624794841,
0.),(0.819139391272188,0.573594506307574,0.),(0.,0.,1.),(0.,0.,1.),(0.765979625415117,
0.642864848509324,0.),(0.765979625415117,0.642864848509324,0.),(0.,0.,-1.),
(0.,0.,1.),(0.766048861490433,0.642782344039732,0.),(0.793361630539246,
0.608750624794841,0.),(0.,0.,1.),(0.,0.,1.),(0.737316347723657,0.675547632206233,
0.),(0.737316347723657,0.675547632206233,0.),(0.,0.,-1.),(0.,0.,1.),(0.737271318666169,
0.675596775208592,0.),(0.766048861490433,0.642782344039732,0.),(0.,0.,1.),
(0.,0.,1.),(0.707106781186548,0.707106781186547,0.),(0.707106781186548,
0.707106781186547,0.),(0.,0.,-1.),(0.,0.,1.),(0.707106781186548,0.707106781186547,
0.),(0.737271318666169,0.675596775208592,0.),(0.,0.,1.),(0.,0.,1.),(0.675547632206233,
0.737316347723657,0.),(0.675547632206233,0.737316347723657,0.),(0.,0.,-1.),
(0.,0.,1.),(0.675596775208592,0.737271318666169,0.),(0.707106781186548,
0.707106781186547,0.),(0.,0.,1.),(0.,0.,1.),(0.642864848509324,0.765979625415117,
0.),(0.642864848509324,0.765979625415117,0.),(0.,0.,-1.),(0.,0.,1.),(0.642782344039732,
0.766048861490433,0.),(0.675596775208592,0.737271318666169,0.),(0.,0.,1.),
(0.,0.,1.),(0.608835876302182,0.793296209323702,0.),(0.608835876302182,
0.793296209323702,0.),(0.,0.,-1.),(0.,0.,1.),(0.608750624794841,0.793361630539246,
0.),(0.642782344039732,0.766048861490433,0.),(0.,0.,1.),(0.,0.,1.),(0.573527760574302,
0.819186125279613,0.),(0.573527760574302,0.819186125279613,0.),(0.,0.,-1.),
(0.,0.,1.),(0.573594506307574,0.819139391272188,0.),(0.608750624794841,
0.793361630539246,0.),(0.,0.,1.),(0.,0.,1.),(0.537342422851369,0.843364168437467,
0.),(0.537342422851369,0.843364168437467,0.),(0.,0.,-1.),(0.,0.,1.),(0.537268203318151,
0.843411452200695,0.),(0.573594506307574,0.819139391272188,0.),(0.,0.,1.),
(0.,0.,1.),(0.500046744255041,0.865998414294122,0.),(0.500046744255041,
0.865998414294122,0.),(0.,0.,-1.),(0.,0.,1.),(0.499961707376809,0.866047510911997,
0.),(0.537268203318151,0.843411452200695,0.),(0.,0.,1.),(0.,0.,1.),(0.46171692679435,
0.887027327375871,0.),(0.46171692679435,0.887027327375871,0.),(0.,0.,-1.),
(0.,0.,1.),(0.461781112046089,0.8869939146113,0.),(0.499961707376809,0.866047510911997,
0.),(0.,0.,1.),(0.,0.,1.),(0.42261834580295,0.906307747837774,0.),(0.42261834580295,
0.906307747837774,0.),(0.,0.,-1.),(0.,0.,1.),(0.422632013853779,0.906301374193982,
0.),(0.461781112046089,0.8869939146113,0.),(0.,0.,1.),(0.,0.,1.),(0.382669217980432,
0.923885420174085,0.),(0.382669217980432,0.923885420174085,0.),(0.,0.,-1.),
(0.,0.,1.),(0.382719163003742,0.923864731586673,0.),(0.422632013853779,
0.906301374193982,0.),(0.,0.,1.),(0.,0.,1.),(0.342053949599093,0.939680315619978,
0.),(0.342053949599093,0.939680315619978,0.),(0.,0.,-1.),(0.,0.,1.),(0.342054280826793,
0.939680195049393,0.),(0.382719163003742,0.923864731586673,0.),(0.,0.,1.),
(0.,0.,1.),(0.300614698902185,0.953745669874285,0.),(0.300614698902185,
0.953745669874285,0.),(0.,0.,-1.),(0.,0.,1.),(0.300697837066559,0.953719461258652,
0.),(0.342054280826793,0.939680195049393,0.),(0.,0.,1.),(0.,0.,1.),(0.258785368917249,
0.965934849166528,0.),(0.258785368917249,0.965934849166528,0.),(0.,0.,-1.),
(0.,0.,1.),(0.258815084219154,0.965926887595864,0.),(0.300697837066559,
0.953719461258652,0.),(0.,0.,1.),(0.,0.,1.),(0.216507478004545,0.976280959543979,
0.),(0.216507478004545,0.976280959543979,0.),(0.,0.,-1.),(0.,0.,1.),(0.216424222093285,
0.976299419282485,0.),(0.258815084219154,0.965926887595864,0.),(0.,0.,1.),
(0.,0.,1.),(0.17370919000961,0.984796992941289,0.),(0.17370919000961,0.984796992941289,
0.),(0.,0.,-1.),(0.,0.,1.),(0.173642793591636,0.984808702354773,0.),(0.216424222093285,
0.976299419282485,0.),(0.,0.,1.),(0.,0.,1.),(0.130512996135526,0.991446598581955,
0.),(0.130512996135526,0.991446598581955,0.),(0.,0.,-1.),(0.,0.,1.),(0.130543854315674,
0.991442535954761,0.),(0.173642793591636,0.984808702354773,0.),(0.,0.,1.),
(0.,0.,1.),(0.087096070941071,0.996199916897521,0.),(0.087096070941071,
0.996199916897521,0.),(0.,0.,-1.),(0.,0.,1.),(0.0871124453251611,0.996198485177262,
0.),(0.130543854315674,0.991442535954761,0.),(0.,0.,1.),(0.,0.,1.),(0.0436522615739268,
0.99904678572101,0.),(0.0436522615739268,0.99904678572101,0.),(0.,0.,-1.),
(0.,0.,1.),(0.0436009261207818,0.999049027446306,0.),(0.0871124453251611,
0.996198485177262,0.),(0.,0.,1.),(0.,0.,1.),(-1.50508395864099E-5,0.999999999886736,
0.),(-1.50508395864099E-5,0.999999999886736,0.),(0.,0.,-1.),(0.,0.,1.),
(8.33596037324432E-6,0.999999999965256,0.),(0.0436009261207818,0.999049027446306,
0.),(0.,0.,1.),(0.,0.,1.),(-0.0436450061886271,0.999047102710775,0.),(-0.0436450061886271,
0.999047102710775,0.),(0.,0.,-1.),(0.,0.,1.),(-0.0436337017174155,0.999047596501005,
0.),(8.33596037324432E-6,0.999999999965256,0.),(0.,0.,1.),(0.,0.,1.),(-0.0871265191204524,
0.996197254395912,0.),(-0.0871265191204524,0.996197254395912,0.),(0.,0.,
-1.),(0.,0.,1.),(-0.0871165386614939,0.996198127227531,0.),(-0.0436337017174155,
0.999047596501005,0.),(0.,0.,1.),(0.,0.,1.),(-0.130542934634922,0.991442657049263,
0.),(-0.130542934634922,0.991442657049263,0.),(0.,0.,-1.),(0.,0.,1.),(-0.130507960403632,
0.991447261467439,0.),(-0.0871165386614939,0.996198127227531,0.),(0.,0.,
1.),(0.,0.,1.),(-0.173661218813994,0.984805453417089,0.),(-0.173661218813994,
0.984805453417089,0.),(0.,0.,-1.),(0.,0.,1.),(-0.173681941621693,0.984801798919213,
0.),(-0.130507960403632,0.991447261467439,0.),(0.,0.,1.),(0.,0.,1.),(-0.216420130769574,
0.976300326230448,0.),(-0.216420130769574,0.976300326230448,0.),(0.,0.,
-1.),(0.,0.,1.),(-0.21644969808355,0.976293771464071,0.),(-0.173681941621693,
0.984801798919213,0.),(0.,0.,1.),(0.,0.,1.),(-0.258828961638054,0.965923169106822,
0.),(-0.258828961638054,0.965923169106822,0.),(0.,0.,-1.),(0.,0.,1.),(-0.258819243976128,
0.965925773001024,0.),(-0.21644969808355,0.976293771464071,0.),(0.,0.,1.),
(0.,0.,1.),(-0.30071677920536,0.953713488792287,0.),(-0.30071677920536,
0.953713488792287,0.),(0.,0.,-1.),(0.,0.,1.),(-0.300709812989302,0.953715685291974,
0.),(-0.258819243976128,0.965925773001024,0.),(0.,0.,1.),(0.,0.,1.),(-0.342028052418893,
0.939689742073701,0.),(-0.342028052418893,0.939689742073701,0.),(0.,0.,
-1.),(0.,0.,1.),(-0.342001174812683,0.939699524543215,0.),(-0.300709812989302,
0.953715685291974,0.),(0.,0.,1.),(0.,0.,1.),(-0.382661603178944,0.923888574154113,
0.),(-0.382661603178944,0.923888574154113,0.),(0.,0.,-1.),(0.,0.,1.),(-0.382678084374428,
0.923881747703416,0.),(-0.342001174812683,0.939699524543215,0.),(0.,0.,
1.),(0.,0.,1.),(-0.422590777180636,0.906320602790131,0.),(-0.422590777180636,
0.906320602790131,0.),(0.,0.,-1.),(0.,0.,1.),(-0.422628513442833,0.906303006518847,
0.),(-0.382678084374428,0.923881747703416,0.),(0.,0.,1.),(0.,0.,1.),(-0.461743589872965,
0.887013448156919,0.),(-0.461743589872965,0.887013448156919,0.),(0.,0.,
-1.),(0.,0.,1.),(-0.461748486351696,0.887010899229495,0.),(-0.422628513442833,
0.906303006518847,0.),(0.,0.,1.),(0.,0.,1.),(-0.500014308909136,0.866017142374283,
0.),(-0.500014308909136,0.866017142374283,0.),(0.,0.,-1.),(0.,0.,1.),(-0.499994770557284,
0.866028422983546,0.),(-0.461748486351696,0.887010899229495,0.),(0.,0.,
1.),(0.,0.,1.),(-0.537316832201418,0.84338047276009,0.),(-0.537316832201418,
0.84338047276009,0.),(0.,0.,-1.),(0.,0.,1.),(-0.53729715932587,0.843393006006305,
0.),(-0.499994770557284,0.866028422983546,0.),(0.,0.,1.),(0.,0.,1.),(-0.573574741094797,
0.819153231317583,0.),(-0.573574741094797,0.819153231317583,0.),(0.,0.,
-1.),(0.,0.,1.),(-0.573580526422893,0.819149180374635,0.),(-0.53729715932587,
0.843393006006305,0.),(0.,0.,1.),(0.,0.,1.),(-0.608762576885105,0.793352459493387,
0.),(-0.608762576885105,0.793352459493387,0.),(0.,0.,-1.),(0.,0.,1.),(-0.608762598498336,
0.793352442908922,0.),(-0.573580526422893,0.819149180374635,0.),(0.,0.,
1.),(0.,0.,1.),(-0.642794758567388,0.76603844443885,0.),(-0.642794758567388,
0.76603844443885,0.),(0.,0.,-1.),(0.,0.,1.),(-0.642784323832671,0.766047200265738,
0.),(-0.608762598498336,0.793352442908922,0.),(0.,0.,1.),(0.,0.,1.),(-0.675588784249455,
0.737278641082422,0.),(-0.675588784249455,0.737278641082422,0.),(0.,0.,
-1.),(0.,0.,1.),(-0.675591270427899,0.737276362920728,0.),(-0.642784323832671,
0.766047200265738,0.),(0.,0.,1.),(0.,0.,1.),(-0.707105239758816,0.707108322610919,
0.),(-0.707105239758816,0.707108322610919,0.),(0.,0.,-1.),(0.,0.,1.),(-0.707106781186548,
0.707106781186547,0.),(-0.675591270427899,0.737276362920728,0.),(0.,0.,
1.),(0.,0.,1.),(-0.737277168360876,0.675590391445711,0.),(-0.737277168360876,
0.675590391445711,0.),(0.,0.,-1.),(0.,0.,1.),(-0.737276362920728,0.675591270427899,
0.),(-0.707106781186548,0.707106781186547,0.),(0.,0.,1.),(0.,0.,1.),(-0.766052429817488,
0.642778091389807,0.),(-0.766052429817488,0.642778091389807,0.),(0.,0.,
-1.),(0.,0.,1.),(-0.766043120914484,0.642789185425204,0.),(-0.737276362920728,
0.675591270427899,0.),(0.,0.,1.),(0.,0.,1.),(-0.793347200415954,0.608769430566424,
0.),(-0.793347200415954,0.608769430566424,0.),(0.,0.,-1.),(0.,0.,1.),(-0.793359375781538,
0.608753563323886,0.),(-0.766043120914484,0.642789185425204,0.),(0.,0.,
1.),(0.,0.,1.),(-0.819146978783006,0.573583670575334,0.),(-0.819146978783006,
0.573583670575334,0.),(0.,0.,-1.),(0.,0.,1.),(-0.819159352641185,0.5735659988009,
0.),(-0.793359375781538,0.608753563323886,0.),(0.,0.,1.),(0.,0.,1.),(-0.843403708302749,
0.537280359608622,0.),(-0.843403708302749,0.537280359608622,0.),(0.,0.,
-1.),(0.,0.,1.),(-0.843385562637796,0.537308842970343,0.),(-0.819159352641185,
0.5735659988009,0.),(0.,0.,1.),(0.,0.,1.),(-0.866029017314031,0.499993741130919,
0.),(-0.866029017314031,0.499993741130919,0.),(0.,0.,-1.),(0.,0.,1.),(-0.866021496370518,
0.500006767778366,0.),(-0.843385562637796,0.537308842970343,0.),(0.,0.,
1.),(0.,0.,1.),(-0.887013448156907,0.461743589872987,0.),(-0.887013448156907,
0.461743589872987,0.),(0.,0.,-1.),(0.,0.,1.),(-0.88701089922952,0.461748486351649,
0.),(-0.866021496370518,0.500006767778366,0.),(0.,0.,1.),(0.,0.,1.),(-0.906305297001816,
0.422623601596562,0.),(-0.906305297001816,0.422623601596562,0.),(0.,0.,
-1.),(0.,0.,1.),(-0.906303006518797,0.422628513442941,0.),(-0.88701089922952,
0.461748486351649,0.),(0.,0.,1.),(0.,0.,1.),(-0.923874714490394,0.382695063889375,
0.),(-0.923874714490394,0.382695063889375,0.),(0.,0.,-1.),(0.,0.,1.),(-0.923872763806143,
0.38269977305611,0.),(-0.906303006518797,0.422628513442941,0.),(0.,0.,1.),
(0.,0.,1.),(-0.939689742073662,0.342028052418999,0.),(-0.939689742073662,
0.342028052418999,0.),(0.,0.,-1.),(0.,0.,1.),(-0.939691495561209,0.342023234839298,
0.),(-0.923872763806143,0.38269977305611,0.),(0.,0.,1.),(0.,0.,1.),(-0.953713488792286,
0.30071677920536,0.),(-0.953713488792286,0.30071677920536,0.),(0.,0.,-1.),
(0.,0.,1.),(-0.953724115780037,0.300683073982535,0.),(-0.939691495561209,
0.342023234839298,0.),(0.,0.,1.),(0.,0.,1.),(-0.965923169106831,0.258828961638021,
0.),(-0.965923169106831,0.258828961638021,0.),(0.,0.,-1.),(0.,0.,1.),(-0.965933029017648,
0.258792162657203,0.),(-0.953724115780037,0.300683073982535,0.),(0.,0.,
1.),(0.,0.,1.),(-0.976300326230454,0.216420130769551,0.),(-0.976300326230454,
0.216420130769551,0.),(0.,0.,-1.),(0.,0.,1.),(-0.976300780114191,0.216418083228786,
0.),(-0.965933029017648,0.258792162657203,0.),(0.,0.,1.),(0.,0.,1.),(-0.98481571195436,
0.173603034212618,0.),(-0.98481571195436,0.173603034212618,0.),(0.,0.,-1.),
(0.,0.,1.),(-0.984807422642041,0.173650051278831,0.),(-0.976300780114191,
0.216418083228786,0.),(0.,0.,1.),(0.,0.,1.),(-0.991442205283947,0.130546365639586,
0.),(-0.991442205283947,0.130546365639586,0.),(0.,0.,-1.),(0.,0.,1.),(-0.991442499025572,
0.130544134781798,0.),(-0.984807422642041,0.173650051278831,0.),(0.,0.,
1.),(0.,0.,1.),(-0.996191803324883,0.0871888237580797,0.),(-0.996191803324883,
0.0871888237580797,0.),(0.,0.,-1.),(0.,0.,1.),(-0.996191597887825,0.0871911709848074,
0.),(-0.991442499025572,0.130544134781798,0.),(0.,0.,1.),(0.,0.,1.),(-0.9990501161993,
0.0435759718441811,0.),(-0.9990501161993,0.0435759718441811,0.),(0.,0.,
-1.),(0.,0.,1.),(-0.999047678358883,0.0436318274396753,0.),(-0.996191597887825,
0.0871911709848074,0.),(0.,0.,1.),(0.,0.,1.),(-0.99999999853934,-5.40492455465427E-5,
0.),(-0.99999999853934,-5.40492455465427E-5,0.),(0.,0.,-1.),(0.,0.,1.),
(-0.999999999978646,-6.53523323393425E-6,0.),(-0.999047678358883,0.0436318274396753,
0.),(0.,0.,1.),(0.,0.,1.),(-0.999050062130377,-0.0435772114446248,0.),(-0.999050062130377,
-0.0435772114446248,0.),(0.,0.,-1.),(0.,0.,1.),(-0.99904704090958,-0.0436464208133144,
0.),(-0.999999999978646,-6.53523323393425E-6,0.),(0.,0.,1.),(0.,0.,1.),
(-0.996199673219638,-0.0870988580699328,0.),(-0.996199673219638,-0.0870988580699328,
0.),(0.,0.,-1.),(0.,0.,1.),(-0.996190846319414,-0.0871997575077396,0.),
(-0.99904704090958,-0.0436464208133144,0.),(0.,0.,1.),(0.,0.,1.),(-0.991446946971083,
-0.130510349557876,0.),(-0.991446946971083,-0.130510349557876,0.),(0.,0.,
-1.),(0.,0.,1.),(-0.99144867107634,-0.130497251392356,0.),(-0.996190846319414,
-0.0871997575077396,0.),(0.,0.,1.),(0.,0.,1.),(-0.984810988755742,-0.173629825853562,
0.),(-0.984810988755742,-0.173629825853562,0.),(0.,0.,-1.),(0.,0.,1.),(-0.984808448584864,
-0.17364423283217,0.),(-0.99144867107634,-0.130497251392356,0.),(0.,0.,
1.),(0.,0.,1.),(-0.976299452676301,-0.21642407145222,0.),(-0.976299452676301,
-0.21642407145222,0.),(0.,0.,-1.),(0.,0.,1.),(-0.976288928818906,-0.216471539620416,
0.),(-0.984808448584864,-0.17364423283217,0.),(0.,0.,1.),(0.,0.,1.),(-0.96591161356187,
-0.258872081898193,0.),(-0.96591161356187,-0.258872081898193,0.),(0.,0.,
-1.),(0.,0.,1.),(-0.965926887595861,-0.258815084219162,0.),(-0.976288928818906,
-0.216471539620416,0.),(0.,0.,1.),(0.,0.,1.),(-0.953692986261768,-0.300781794587223,
0.),(-0.953692986261768,-0.300781794587223,0.),(0.,0.,-1.),(0.,0.,1.),(-0.953719461258652,
-0.300697837066558,0.),(-0.965926887595861,-0.258815084219162,0.),(0.,0.,
1.),(0.,0.,1.),(-0.939711595280743,-0.34196800682947,0.),(-0.939711595280743,
-0.34196800682947,0.),(0.,0.,-1.),(0.,0.,1.),(-0.939698443583819,-0.342004144896151,
0.),(-0.953719461258652,-0.300697837066558,0.),(0.,0.,1.),(0.,0.,1.),(-0.923884780093824,
-0.382670763334471,0.),(-0.923884780093824,-0.382670763334471,0.),(0.,0.,
-1.),(0.,0.,1.),(-0.923885149766826,-0.38266987082906,0.),(-0.939698443583819,
-0.342004144896151,0.),(0.,0.,1.),(0.,0.,1.),(-0.906308377218742,-0.422616996088811,
0.),(-0.906308377218742,-0.422616996088811,0.),(0.,0.,-1.),(0.,0.,1.),(-0.906324699849752,
-0.422581990201023,0.),(-0.923885149766826,-0.38266987082906,0.),(0.,0.,
1.),(0.,0.,1.),(-0.887026723083008,-0.461718087729538,0.),(-0.887026723083008,
-0.461718087729538,0.),(0.,0.,-1.),(0.,0.,1.),(-0.887019401118263,-0.46173215400251,
0.),(-0.906324699849752,-0.422581990201023,0.),(0.,0.,1.),(0.,0.,1.),(-0.865998983926833,
-0.500045757743923,0.),(-0.865998983926833,-0.500045757743923,0.),(0.,0.,
-1.),(0.,0.,1.),(-0.866019203455515,-0.500010739130947,0.),(-0.887019401118263,
-0.46173215400251,0.),(0.,0.,1.),(0.,0.,1.),(-0.843416323179789,-0.537260556707717,
0.),(-0.843416323179789,-0.537260556707717,0.),(0.,0.,-1.),(0.,0.,1.),(-0.843381032618184,
-0.537315953438837,0.),(-0.866019203455515,-0.500010739130947,0.),(0.,0.,
1.),(0.,0.,1.),(-0.819186125279613,-0.573527760574302,0.),(-0.819186125279613,
-0.573527760574302,0.),(0.,0.,-1.),(0.,0.,1.),(-0.819139391272113,-0.573594506307681,
0.),(-0.843381032618184,-0.537315953438837,0.),(0.,0.,1.),(0.,0.,1.),(-0.793356681695789,
-0.60875707438078,0.),(-0.793356681695789,-0.60875707438078,0.),(0.,0.,
-1.),(0.,0.,1.),(-0.793361630539278,-0.608750624794799,0.),(-0.819139391272113,
-0.573594506307681,0.),(0.,0.,1.),(0.,0.,1.),(-0.766043478054337,-0.642788759804039,
0.),(-0.766043478054337,-0.642788759804039,0.),(0.,0.,-1.),(0.,0.,1.),(-0.766048861490459,
-0.642782344039701,0.),(-0.793361630539278,-0.608750624794799,0.),(0.,0.,
1.),(0.,0.,1.),(-0.737248856996747,-0.675621286562961,0.),(-0.737248856996747,
-0.675621286562961,0.),(0.,0.,-1.),(0.,0.,1.),(-0.737271318666153,-0.675596775208609,
0.),(-0.766048861490459,-0.642782344039701,0.),(0.,0.,1.),(0.,0.,1.),(-0.707106781186547,
-0.707106781186548,0.),(-0.707106781186547,-0.707106781186548,0.),(0.,0.,
-1.),(0.,0.,1.),(-0.707106781186547,-0.707106781186548,0.),(-0.737271318666153,
-0.675596775208609,0.),(0.,0.,1.),(0.,0.,1.),(-0.675621286562961,-0.737248856996747,
0.),(-0.675621286562961,-0.737248856996747,0.),(0.,0.,-1.),(0.,0.,1.),(-0.675596775208609,
-0.737271318666153,0.),(-0.707106781186547,-0.707106781186548,0.),(0.,0.,
1.),(0.,0.,1.),(-0.642788759804039,-0.766043478054337,0.),(-0.642788759804039,
-0.766043478054337,0.),(0.,0.,-1.),(0.,0.,1.),(-0.642782344039701,-0.766048861490459,
0.),(-0.675596775208609,-0.737271318666153,0.),(0.,0.,1.),(0.,0.,1.),(-0.60875707438078,
-0.793356681695789,0.),(-0.60875707438078,-0.793356681695789,0.),(0.,0.,
-1.),(0.,0.,1.),(-0.608750624794799,-0.793361630539278,0.),(-0.642782344039701,
-0.766048861490459,0.),(0.,0.,1.),(0.,0.,1.),(-0.573527760574302,-0.819186125279613,
0.),(-0.573527760574302,-0.819186125279613,0.),(0.,0.,-1.),(0.,0.,1.),(-0.573594506307681,
-0.819139391272113,0.),(-0.608750624794799,-0.793361630539278,0.),(0.,0.,
1.),(0.,0.,1.),(-0.537260556707717,-0.843416323179789,0.),(-0.537260556707717,
-0.843416323179789,0.),(0.,0.,-1.),(0.,0.,1.),(-0.537315953438837,-0.843381032618184,
0.),(-0.573594506307681,-0.819139391272113,0.),(0.,0.,1.),(0.,0.,1.),(-0.500045757743923,
-0.865998983926833,0.),(-0.500045757743923,-0.865998983926833,0.),(0.,0.,
-1.),(0.,0.,1.),(-0.500010739130947,-0.866019203455515,0.),(-0.537315953438837,
-0.843381032618184,0.),(0.,0.,1.),(0.,0.,1.),(-0.461718087729538,-0.887026723083008,
0.),(-0.461718087729538,-0.887026723083008,0.),(0.,0.,-1.),(0.,0.,1.),(-0.46173215400251,
-0.887019401118263,0.),(-0.500010739130947,-0.866019203455515,0.),(0.,0.,
1.),(0.,0.,1.),(-0.422616996088811,-0.906308377218742,0.),(-0.422616996088811,
-0.906308377218742,0.),(0.,0.,-1.),(0.,0.,1.),(-0.422581990201023,-0.906324699849752,
0.),(-0.46173215400251,-0.887019401118263,0.),(0.,0.,1.),(0.,0.,1.),(-0.382670763334471,
-0.923884780093824,0.),(-0.382670763334471,-0.923884780093824,0.),(0.,0.,
-1.),(0.,0.,1.),(-0.38266987082906,-0.923885149766826,0.),(-0.422581990201023,
-0.906324699849752,0.),(0.,0.,1.),(0.,0.,1.),(-0.34196800682947,-0.939711595280743,
0.),(-0.34196800682947,-0.939711595280743,0.),(0.,0.,-1.),(0.,0.,1.),(-0.342004144895991,
-0.939698443583878,0.),(-0.38266987082906,-0.923885149766826,0.),(0.,0.,
1.),(0.,0.,1.),(-0.300781794587223,-0.953692986261768,0.),(-0.300781794587223,
-0.953692986261768,0.),(0.,0.,-1.),(0.,0.,1.),(-0.300697837066558,-0.953719461258652,
0.),(-0.342004144895991,-0.939698443583878,0.),(0.,0.,1.),(0.,0.,1.),(-0.258872081898193,
-0.96591161356187,0.),(-0.258872081898193,-0.96591161356187,0.),(0.,0.,
-1.),(0.,0.,1.),(-0.258815084219162,-0.965926887595861,0.),(-0.300697837066558,
-0.953719461258652,0.),(0.,0.,1.),(0.,0.,1.),(-0.21642407145222,-0.976299452676301,
0.),(-0.21642407145222,-0.976299452676301,0.),(0.,0.,-1.),(0.,0.,1.),(-0.216471539620416,
-0.976288928818906,0.),(-0.258815084219162,-0.965926887595861,0.),(0.,0.,
1.),(0.,0.,1.),(-0.173629825853562,-0.984810988755742,0.),(-0.173629825853562,
-0.984810988755742,0.),(0.,0.,-1.),(0.,0.,1.),(-0.17364423283217,-0.984808448584864,
0.),(-0.216471539620416,-0.976288928818906,0.),(0.,0.,1.),(0.,0.,1.),(-0.130510349557876,
-0.991446946971083,0.),(-0.130510349557876,-0.991446946971083,0.),(0.,0.,
-1.),(0.,0.,1.),(-0.130497251392356,-0.99144867107634,0.),(-0.17364423283217,
-0.984808448584864,0.),(0.,0.,1.),(0.,0.,1.),(-0.0870988580699328,-0.996199673219638,
0.),(-0.0870988580699328,-0.996199673219638,0.),(0.,0.,-1.),(0.,0.,1.),
(-0.0871997575077396,-0.996190846319414,0.),(-0.130497251392356,-0.99144867107634,
0.),(0.,0.,1.),(0.,0.,1.),(-0.0435772114446248,-0.999050062130377,0.),(-0.0435772114446248,
-0.999050062130377,0.),(0.,0.,-1.),(0.,0.,1.),(-0.0436464208133144,-0.99904704090958,
0.),(-0.0871997575077396,-0.996190846319414,0.),(0.,0.,1.),(0.,0.,1.),(-5.40492455465427E-5,
-0.99999999853934,0.),(-5.40492455465427E-5,-0.99999999853934,0.),(0.,0.,
-1.),(0.,0.,1.),(-6.53523323393425E-6,-0.999999999978646,0.),(-0.0436464208133144,
-0.99904704090958,0.),(0.,0.,1.),(0.,0.,1.),(0.0435759718441811,-0.9990501161993,
0.),(0.0435759718441811,-0.9990501161993,0.),(0.,0.,-1.),(0.,0.,1.),(0.0436318274396753,
-0.999047678358883,0.),(-6.53523323393425E-6,-0.999999999978646,0.),(0.,
0.,1.),(0.,0.,1.),(0.0871888237580797,-0.996191803324883,0.),(0.0871888237580797,
-0.996191803324883,0.),(0.,0.,-1.),(0.,0.,1.),(0.0871911709848074,-0.996191597887825,
0.),(0.0436318274396753,-0.999047678358883,0.),(0.,0.,1.),(0.,0.,1.),(0.130546365639586,
-0.991442205283947,0.),(0.130546365639586,-0.991442205283947,0.),(0.,0.,
-1.),(0.,0.,1.),(0.130544134781798,-0.991442499025572,0.),(0.0871911709848074,
-0.996191597887825,0.),(0.,0.,1.),(0.,0.,1.),(0.173603034212618,-0.98481571195436,
0.),(0.173603034212618,-0.98481571195436,0.),(0.,0.,-1.),(0.,0.,1.),(0.173650051278831,
-0.984807422642041,0.),(0.130544134781798,-0.991442499025572,0.),(0.,0.,
1.),(0.,0.,1.),(0.216420130769551,-0.976300326230454,0.),(0.216420130769551,
-0.976300326230454,0.),(0.,0.,-1.),(0.,0.,1.),(0.216418083228786,-0.976300780114191,
0.),(0.173650051278831,-0.984807422642041,0.),(0.,0.,1.),(0.,0.,1.),(0.258828961638021,
-0.965923169106831,0.),(0.258828961638021,-0.965923169106831,0.),(0.,0.,
-1.),(0.,0.,1.),(0.258792162657203,-0.965933029017648,0.),(0.216418083228786,
-0.976300780114191,0.),(0.,0.,1.),(0.30071677920536,-0.953713488792287,
0.),(0.,0.,-1.),(0.258792162657203,-0.965933029017648,0.),(0.,0.,1.),(0.,
0.,1.),(0.,0.,1.),(-0.707106781186548,0.707106781186547,0.),(0.,0.,1.),
(0.342028052418999,-0.939689742073662,0.),(0.,0.,1.),(0.342025399781813,
-0.939690707575685,0.),(0.,0.,1.),(0.382661603178978,-0.923888574154099,
0.),(0.,0.,1.),(0.300707660513832,-0.953716363972171,0.),(0.382661603178978,
-0.923888574154099,0.),(0.,0.,-1.),(0.,0.,1.),(0.30071677920536,-0.953713488792287,
0.),(0.342028052418999,-0.939689742073662,0.),(0.,0.,-1.),(0.,0.,1.),(0.382678084374428,
-0.923881747703416,0.),(0.342025399781813,-0.939690707575685,0.),(0.,0.,
1.),(0.,0.,1.),(0.300707660513832,-0.953716363972171,0.),(0.,0.,1.),(0.422590777180519,
-0.906320602790185,0.),(0.422590777180519,-0.906320602790185,0.),(0.,0.,
-1.),(0.,0.,1.),(0.422628513442941,-0.906303006518797,0.),(0.382678084374428,
-0.923881747703416,0.),(0.,0.,1.),(0.,0.,1.),(0.461768386356814,-0.88700053966242,
0.),(0.461768386356814,-0.88700053966242,0.),(0.,0.,-1.),(0.,0.,1.),(0.461748486351649,
-0.88701089922952,0.),(0.422628513442941,-0.906303006518797,0.),(0.,0.,
1.),(0.,0.,1.),(0.50001795097522,-0.866015039536002,0.),(0.50001795097522,
-0.866015039536002,0.),(0.,0.,-1.),(0.,0.,1.),(0.499994770557284,-0.866028422983546,
0.),(0.461748486351649,-0.88701089922952,0.),(0.,0.,1.),(0.,0.,1.),(0.537296802026682,
-0.843393233629426,0.),(0.537296802026682,-0.843393233629426,0.),(0.,0.,
-1.),(0.,0.,1.),(0.537297159325905,-0.843393006006282,0.),(0.499994770557284,
-0.866028422983546,0.),(0.,0.,1.),(0.,0.,1.),(0.573574741094797,-0.819153231317583,
0.),(0.573574741094797,-0.819153231317583,0.),(0.,0.,-1.),(0.,0.,1.),(0.573580526422898,
-0.819149180374632,0.),(0.537297159325905,-0.843393006006282,0.),(0.,0.,
1.),(0.,0.,1.),(0.608762576885109,-0.793352459493384,0.),(0.608762576885109,
-0.793352459493384,0.),(0.,0.,-1.),(0.,0.,1.),(0.608767633380259,-0.793348579470966,
0.),(0.573580526422898,-0.819149180374632,0.),(0.,0.,1.),(0.,0.,1.),(0.642794758567399,
-0.766038444438841,0.),(0.642794758567399,-0.766038444438841,0.),(0.,0.,
-1.),(0.,0.,1.),(0.642786264957647,-0.766045571478485,0.),(0.608767633380259,
-0.793348579470966,0.),(0.,0.,1.),(0.,0.,1.),(0.675588784249445,-0.737278641082432,
0.),(0.675588784249445,-0.737278641082432,0.),(0.,0.,-1.),(0.,0.,1.),(0.67558845963048,
-0.737278938539624,0.),(0.642786264957647,-0.766045571478485,0.),(0.,0.,
1.),(0.,0.,1.),(0.707105239758821,-0.707108322610914,0.),(0.707105239758821,
-0.707108322610914,0.),(0.,0.,-1.),(0.,0.,1.),(0.707106781186547,-0.707106781186548,
0.),(0.67558845963048,-0.737278938539624,0.),(0.,0.,1.),(0.,0.,1.),(0.73727716836089,
-0.675590391445695,0.),(0.73727716836089,-0.675590391445695,0.),(0.,0.,
-1.),(0.,0.,1.),(0.737278938539624,-0.675588459630481,0.),(0.707106781186547,
-0.707106781186548,0.),(0.,0.,1.),(0.,0.,1.),(0.766052429817501,-0.642778091389791,
0.),(0.766052429817501,-0.642778091389791,0.),(0.,0.,-1.),(0.,0.,1.),(0.766041493060264,
-0.642791125413226,0.),(0.737278938539624,-0.675588459630481,0.),(0.,0.,
1.),(0.,0.,1.),(0.793347200415954,-0.608769430566424,0.),(0.793347200415954,
-0.608769430566424,0.),(0.,0.,-1.),(0.,0.,1.),(0.793355513296257,-0.608758597082975,
0.),(0.766041493060264,-0.642791125413226,0.),(0.,0.,1.),(0.,0.,1.),(0.819146978782935,
-0.573583670575436,0.),(0.819146978782935,-0.573583670575436,0.),(0.,0.,
-1.),(0.,0.,1.),(0.819159352641217,-0.573565998800855,0.),(0.793355513296257,
-0.608758597082975,0.),(0.,0.,1.),(0.,0.,1.),(0.843403708302723,-0.537280359608663,
0.),(0.843403708302723,-0.537280359608663,0.),(0.,0.,-1.),(0.,0.,1.),(0.843385562637793,
-0.537308842970347,0.),(0.819159352641217,-0.573565998800855,0.),(0.,0.,
1.),(0.,0.,1.),(0.866029017314031,-0.499993741130919,0.),(0.866029017314031,
-0.499993741130919,0.),(0.,0.,-1.),(0.,0.,1.),(0.866021496370518,-0.500006767778366,
0.),(0.843385562637793,-0.537308842970347,0.),(0.,0.,1.),(0.,0.,1.),(0.887013448156919,
-0.461743589872965,0.),(0.887013448156919,-0.461743589872965,0.),(0.,0.,
-1.),(0.,0.,1.),(0.887010899229495,-0.461748486351696,0.),(0.866021496370518,
-0.500006767778366,0.),(0.,0.,1.),(0.,0.,1.),(0.906305297001909,-0.422623601596363,
0.),(0.906305297001909,-0.422623601596363,0.),(0.,0.,-1.),(0.,0.,1.),(0.906303006518847,
-0.422628513442833,0.),(0.887010899229495,-0.461748486351696,0.),(0.,0.,
1.),(0.,0.,1.),(0.923874714490345,-0.382695063889493,0.),(0.923874714490345,
-0.382695063889493,0.),(0.,0.,-1.),(0.,0.,1.),(0.923881747703416,-0.382678084374428,
0.),(0.906303006518847,-0.422628513442833,0.),(0.,0.,1.),(0.,0.,1.),(0.939689742073701,
-0.342028052418893,0.),(0.939689742073701,-0.342028052418893,0.),(0.,0.,
-1.),(0.,0.,1.),(0.939690707575682,-0.34202539978182,0.),(0.923881747703416,
-0.382678084374428,0.),(0.,0.,1.),(0.,0.,1.),(0.953713488792286,-0.30071677920536,
0.),(0.953713488792286,-0.30071677920536,0.),(0.,0.,-1.),(0.,0.,1.),(0.953716363972146,
-0.30070766051391,0.),(0.939690707575682,-0.34202539978182,0.),(0.,0.,1.),
(0.,0.,1.),(0.965923169106822,-0.258828961638054,0.),(0.965923169106822,
-0.258828961638054,0.),(0.,0.,-1.),(0.,0.,1.),(0.965933029017648,-0.258792162657203,
0.),(0.953716363972146,-0.30070766051391,0.),(0.,0.,1.),(0.,0.,1.),(0.976300326230448,
-0.216420130769574,0.),(0.976300326230448,-0.216420130769574,0.),(0.,0.,
-1.),(0.,0.,1.),(0.976293771464071,-0.21644969808355,0.),(0.965933029017648,
-0.258792162657203,0.),(0.,0.,1.),(0.,0.,1.),(0.984805453417089,-0.173661218813994,
0.),(0.984805453417089,-0.173661218813994,0.),(0.,0.,-1.),(0.,0.,1.),(0.984807784764539,
-0.173647997590417,0.),(0.976293771464071,-0.21644969808355,0.),(0.,0.,
1.),(0.,0.,1.),(0.991442657049263,-0.130542934634922,0.),(0.991442657049263,
-0.130542934634922,0.),(0.,0.,-1.),(0.,0.,1.),(0.991442236353798,-0.130546129677521,
0.),(0.984807784764539,-0.173647997590417,0.),(0.,0.,1.),(0.,0.,1.),(0.996197254395912,
-0.0871265191204524,0.),(0.996197254395912,-0.0871265191204524,0.),(0.,
0.,-1.),(0.,0.,1.),(0.996191767994009,-0.0871892274364868,0.),(0.991442236353798,
-0.130546129677521,0.),(0.,0.,1.),(0.,0.,1.),(0.999050116199299,-0.043575971844214,
0.),(0.999050116199299,-0.043575971844214,0.),(0.,0.,-1.),(0.,0.,1.),(0.999049354430161,
-0.0435934331371101,0.),(0.996191767994009,-0.0871892274364868,0.),(0.,
0.,1.),(0.,0.,1.),(0.999999999835721,-1.81261570500312E-5,0.),(0.999999999835721,
-1.81261570500312E-5,0.),(0.,0.,-1.),(0.,0.,1.),(0.999999999978646,6.53523323881892E-6,
0.),(0.999049354430161,-0.0435934331371101,0.),(0.,0.,1.),(0.,0.,1.),(0.999049933738417,
0.0435801548558949,0.),(0.999049933738417,0.0435801548558949,0.),(0.,0.,
-1.),(0.,0.,1.),(0.999047040909574,0.0436464208134492,0.),(0.999999999978646,
6.53523323881892E-6,0.),(0.,0.,1.),(0.,0.,1.),(0.996193127402034,0.0871736939503751,
0.),(0.996193127402034,0.0871736939503751,0.),(0.,0.,-1.),(0.,0.,1.),(0.996190846319414,
0.0871997575077403,0.),(0.999047040909574,0.0436464208134492,0.),(0.,0.,
1.),(0.,0.,1.),(0.99144694697108,0.130510349557893,0.),(0.99144694697108,
0.130510349557893,0.),(0.,0.,-1.),(0.,0.,1.),(0.991442535954761,0.130543854315674,
0.),(0.996190846319414,0.0871997575077403,0.),(0.,0.,1.),(0.,0.,1.),(0.984810988755652,
0.173629825854073,0.),(0.984810988755652,0.173629825854073,0.),(0.,0.,-1.),
(0.,0.,1.),(0.984808702354773,0.173642793591636,0.),(0.991442535954761,
0.130543854315674,0.),(0.,0.,1.),(0.,0.,1.),(0.976299452676294,0.216424071452249,
0.),(0.976299452676294,0.216424071452249,0.),(0.,0.,-1.),(0.,0.,1.),(0.976299419282485,
0.216424222093285,0.),(0.984808702354773,0.173642793591636,0.),(0.,0.,1.),
(0.,0.,1.),(0.965911613561727,0.258872081898725,0.),(0.965911613561727,
0.258872081898725,0.),(0.,0.,-1.),(0.,0.,1.),(0.965926887595864,0.258815084219154,
0.),(0.976299419282485,0.216424222093285,0.),(0.,0.,1.),(0.,0.,1.),(0.953719936419688,
0.300696330000261,0.),(0.953719936419688,0.300696330000261,0.),(0.,0.,-1.),
(0.,0.,1.),(0.953719461258652,0.300697837066559,0.),(0.965926887595864,
0.258815084219154,0.),(0.,0.,1.),(0.,0.,1.),(0.93971096435958,0.34196974056543,
0.),(0.93971096435958,0.34196974056543,0.),(0.,0.,-1.),(0.,0.,1.),(0.939698443583819,
0.34200414489615,0.),(0.953719461258652,0.300697837066559,0.),(0.,0.,1.),
(0.,0.,1.),(0.923849777903995,0.38275525844427,0.),(0.923849777903995,0.38275525844427,
0.),(0.,0.,-1.),(0.,0.,1.),(0.92388514976678,0.382669870829172,0.),(0.939698443583819,
0.34200414489615,0.),(0.,0.,1.),(0.,0.,1.),(0.90630837721874,0.422616996088815,
0.),(0.90630837721874,0.422616996088815,0.),(0.,0.,-1.),(0.,0.,1.),(0.906301374193982,
0.422632013853779,0.),(0.92388514976678,0.382669870829172,0.),(0.,0.,1.),
(0.,0.,1.),(0.887026723082849,0.461718087729844,0.),(0.887026723082849,
0.461718087729844,0.),(0.,0.,-1.),(0.,0.,1.),(0.887019754372975,0.461731475375144,
0.),(0.906301374193982,0.422632013853779,0.),(0.,0.,1.),(0.,0.,1.),(0.865998983926789,
0.500045757743999,0.),(0.865998983926789,0.500045757743999,0.),(0.,0.,-1.),
(0.,0.,1.),(0.866047182569925,0.499962276139605,0.),(0.887019754372975,
0.461731475375144,0.),(0.,0.,1.),(0.,0.,1.),(0.843416323179706,0.537260556707848,
0.),(0.843416323179706,0.537260556707848,0.),(0.,0.,-1.),(0.,0.,1.),(0.843381032618195,
0.537315953438818,0.),(0.866047182569925,0.499962276139605,0.),(0.,0.,1.),
(0.,0.,1.),(0.819186125279613,0.573527760574302,0.),(0.819186125279613,
0.573527760574302,0.),(0.,0.,-1.),(0.,0.,1.),(0.819139391272188,0.573594506307574,
0.),(0.843381032618195,0.537315953438818,0.),(0.,0.,1.),(0.,0.,1.),(0.79335668169557,
0.608757074381066,0.),(0.79335668169557,0.608757074381066,0.),(0.,0.,-1.),
(0.,0.,1.),(0.793361630539246,0.608750624794841,0.),(0.819139391272188,
0.573594506307574,0.),(0.,0.,1.),(0.,0.,1.),(0.766043478054322,0.642788759804056,
0.),(0.766043478054322,0.642788759804056,0.),(0.,0.,-1.),(0.,0.,1.),(0.766048861490433,
0.642782344039732,0.),(0.793361630539246,0.608750624794841,0.),(0.,0.,1.),
(0.,0.,1.),(0.737248856997115,0.675621286562559,0.),(0.737248856997115,
0.675621286562559,0.),(0.,0.,-1.),(0.,0.,1.),(0.737271318666169,0.675596775208592,
0.),(0.766048861490433,0.642782344039732,0.),(0.,0.,1.),(0.,0.,1.),(0.707106781186548,
0.707106781186547,0.),(0.707106781186548,0.707106781186547,0.),(0.,0.,-1.),
(0.,0.,1.),(0.707106781186548,0.707106781186547,0.),(0.737271318666169,
0.675596775208592,0.),(0.,0.,1.),(0.,0.,1.),(0.67562128656256,0.737248856997114,
0.),(0.67562128656256,0.737248856997114,0.),(0.,0.,-1.),(0.,0.,1.),(0.675596775208592,
0.737271318666169,0.),(0.707106781186548,0.707106781186547,0.),(0.,0.,1.),
(0.,0.,1.),(0.642788759804056,0.766043478054322,0.),(0.642788759804056,
0.766043478054322,0.),(0.,0.,-1.),(0.,0.,1.),(0.642782344039732,0.766048861490433,
0.),(0.675596775208592,0.737271318666169,0.),(0.,0.,1.),(0.,0.,1.),(0.608757074381066,
0.79335668169557,0.),(0.608757074381066,0.79335668169557,0.),(0.,0.,-1.),
(0.,0.,1.),(0.608750624794841,0.793361630539246,0.),(0.642782344039732,
0.766048861490433,0.),(0.,0.,1.),(0.,0.,1.),(0.573527760574302,0.819186125279613,
0.),(0.573527760574302,0.819186125279613,0.),(0.,0.,-1.),(0.,0.,1.),(0.573594506307574,
0.819139391272188,0.),(0.608750624794841,0.793361630539246,0.),(0.,0.,1.),
(0.,0.,1.),(0.537260556707848,0.843416323179706,0.),(0.537260556707848,
0.843416323179706,0.),(0.,0.,-1.),(0.,0.,1.),(0.537315953438818,0.843381032618195,
0.),(0.573594506307574,0.819139391272188,0.),(0.,0.,1.),(0.,0.,1.),(0.500045757743999,
0.865998983926789,0.),(0.500045757743999,0.865998983926789,0.),(0.,0.,-1.),
(0.,0.,1.),(0.499962276139605,0.866047182569925,0.),(0.537315953438818,
0.843381032618195,0.),(0.,0.,1.),(0.,0.,1.),(0.461718087729843,0.887026723082849,
0.),(0.461718087729843,0.887026723082849,0.),(0.,0.,-1.),(0.,0.,1.),(0.461731475375298,
0.887019754372895,0.),(0.499962276139605,0.866047182569925,0.),(0.,0.,1.),
(0.,0.,1.),(0.422616996089318,0.906308377218506,0.),(0.422616996089318,
0.906308377218506,0.),(0.,0.,-1.),(0.,0.,1.),(0.422632013853779,0.906301374193982,
0.),(0.461731475375298,0.887019754372895,0.),(0.,0.,1.),(0.,0.,1.),(0.38275525844427,
0.923849777903995,0.),(0.38275525844427,0.923849777903995,0.),(0.,0.,-1.),
(0.,0.,1.),(0.382669870829172,0.92388514976678,0.),(0.422632013853779,0.906301374193982,
0.),(0.,0.,1.),(0.,0.,1.),(0.34196974056543,0.93971096435958,0.),(0.34196974056543,
0.93971096435958,0.),(0.,0.,-1.),(0.,0.,1.),(0.342004144896017,0.939698443583868,
0.),(0.382669870829172,0.92388514976678,0.),(0.,0.,1.),(0.,0.,1.),(0.300696330000261,
0.953719936419688,0.),(0.300696330000261,0.953719936419688,0.),(0.,0.,-1.),
(0.,0.,1.),(0.300697837066559,0.953719461258652,0.),(0.342004144896017,
0.939698443583868,0.),(0.,0.,1.),(0.,0.,1.),(0.258872081898725,0.965911613561727,
0.),(0.258872081898725,0.965911613561727,0.),(0.,0.,-1.),(0.,0.,1.),(0.258815084219154,
0.965926887595864,0.),(0.300697837066559,0.953719461258652,0.),(0.,0.,1.),
(0.,0.,1.),(0.216424071452249,0.976299452676294,0.),(0.216424071452249,
0.976299452676294,0.),(0.,0.,-1.),(0.,0.,1.),(0.216424222093285,0.976299419282485,
0.),(0.258815084219154,0.965926887595864,0.),(0.,0.,1.),(0.,0.,1.),(0.173629825854073,
0.984810988755652,0.),(0.173629825854073,0.984810988755652,0.),(0.,0.,-1.),
(0.,0.,1.),(0.173642793591636,0.984808702354773,0.),(0.216424222093285,
0.976299419282485,0.),(0.,0.,1.),(0.,0.,1.),(0.130510349557893,0.99144694697108,
0.),(0.130510349557893,0.99144694697108,0.),(0.,0.,-1.),(0.,0.,1.),(0.130543854315674,
0.991442535954761,0.),(0.173642793591636,0.984808702354773,0.),(0.,0.,1.),
(0.,0.,1.),(0.0871736939503751,0.996193127402034,0.),(0.0871736939503751,
0.996193127402034,0.),(0.,0.,-1.),(0.,0.,1.),(0.0871997575077403,0.996190846319414,
0.),(0.130543854315674,0.991442535954761,0.),(0.,0.,1.),(0.,0.,1.),(0.0435801548558949,
0.999049933738417,0.),(0.0435801548558949,0.999049933738417,0.),(0.,0.,
-1.),(0.,0.,1.),(0.0436464208133136,0.99904704090958,0.),(0.0871997575077403,
0.996190846319414,0.),(0.,0.,1.),(0.,0.,1.),(-1.81261570500312E-5,0.999999999835721,
0.),(-1.81261570500312E-5,0.999999999835721,0.),(0.,0.,-1.),(0.,0.,1.),
(6.53523323881892E-6,0.999999999978646,0.),(0.0436464208133136,0.99904704090958,
0.),(0.,0.,1.),(0.,0.,1.),(-0.043575971844214,0.999050116199299,0.),(-0.043575971844214,
0.999050116199299,0.),(0.,0.,-1.),(0.,0.,1.),(-0.0435934331371101,0.999049354430161,
0.),(6.53523323881892E-6,0.999999999978646,0.),(0.,0.,1.),(0.,0.,1.),(-0.0871265191204524,
0.996197254395912,0.),(-0.0871265191204524,0.996197254395912,0.),(0.,0.,
-1.),(0.,0.,1.),(-0.0871892274364868,0.996191767994009,0.),(-0.0435934331371101,
0.999049354430161,0.),(0.,0.,1.),(0.,0.,1.),(-0.130542934634922,0.991442657049263,
0.),(-0.130542934634922,0.991442657049263,0.),(0.,0.,-1.),(0.,0.,1.),(-0.130546129677521,
0.991442236353798,0.),(-0.0871892274364868,0.996191767994009,0.),(0.,0.,
1.),(0.,0.,1.),(-0.173661218813994,0.984805453417089,0.),(-0.173661218813994,
0.984805453417089,0.),(0.,0.,-1.),(0.,0.,1.),(-0.173647997590417,0.984807784764539,
0.),(-0.130546129677521,0.991442236353798,0.),(0.,0.,1.),(0.,0.,1.),(-0.216420130769574,
0.976300326230448,0.),(-0.216420130769574,0.976300326230448,0.),(0.,0.,
-1.),(0.,0.,1.),(-0.21644969808355,0.976293771464071,0.),(-0.173647997590417,
0.984807784764539,0.),(0.,0.,1.),(0.,0.,1.),(-0.258828961638054,0.965923169106822,
0.),(-0.258828961638054,0.965923169106822,0.),(0.,0.,-1.),(0.,0.,1.),(-0.258792162657203,
0.965933029017648,0.),(-0.21644969808355,0.976293771464071,0.),(0.,0.,1.),
(0.,0.,1.),(-0.30071677920536,0.953713488792287,0.),(-0.30071677920536,
0.953713488792287,0.),(0.,0.,-1.),(0.,0.,1.),(-0.30070766051391,0.953716363972146,
0.),(-0.258792162657203,0.965933029017648,0.),(0.,0.,1.),(0.,0.,1.),(-0.342028052418893,
0.939689742073701,0.),(-0.342028052418893,0.939689742073701,0.),(0.,0.,
-1.),(0.,0.,1.),(-0.34202539978182,0.939690707575682,0.),(-0.30070766051391,
0.953716363972146,0.),(0.,0.,1.),(0.,0.,1.),(-0.382695063889493,0.923874714490345,
0.),(-0.382695063889493,0.923874714490345,0.),(0.,0.,-1.),(0.,0.,1.),(-0.382678084374428,
0.923881747703416,0.),(-0.34202539978182,0.939690707575682,0.),(0.,0.,1.),
(0.,0.,1.),(-0.422623601596363,0.906305297001909,0.),(-0.422623601596363,
0.906305297001909,0.),(0.,0.,-1.),(0.,0.,1.),(-0.422628513442833,0.906303006518847,
0.),(-0.382678084374428,0.923881747703416,0.),(0.,0.,1.),(0.,0.,1.),(-0.461743589872965,
0.887013448156919,0.),(-0.461743589872965,0.887013448156919,0.),(0.,0.,
-1.),(0.,0.,1.),(-0.461748486351696,0.887010899229495,0.),(-0.422628513442833,
0.906303006518847,0.),(0.,0.,1.),(0.,0.,1.),(-0.499993741130919,0.866029017314031,
0.),(-0.499993741130919,0.866029017314031,0.),(0.,0.,-1.),(0.,0.,1.),(-0.500006767778366,
0.866021496370518,0.),(-0.461748486351696,0.887010899229495,0.),(0.,0.,
1.),(0.,0.,1.),(-0.537280359608663,0.843403708302723,0.),(-0.537280359608663,
0.843403708302723,0.),(0.,0.,-1.),(0.,0.,1.),(-0.537308842970347,0.843385562637793,
0.),(-0.500006767778366,0.866021496370518,0.),(0.,0.,1.),(0.,0.,1.),(-0.573583670575436,
0.819146978782935,0.),(-0.573583670575436,0.819146978782935,0.),(0.,0.,
-1.),(0.,0.,1.),(-0.573565998800855,0.819159352641217,0.),(-0.537308842970347,
0.843385562637793,0.),(0.,0.,1.),(0.,0.,1.),(-0.608769430566424,0.793347200415954,
0.),(-0.608769430566424,0.793347200415954,0.),(0.,0.,-1.),(0.,0.,1.),(-0.608758597082975,
0.793355513296257,0.),(-0.573565998800855,0.819159352641217,0.),(0.,0.,
1.),(0.,0.,1.),(-0.642778091389791,0.766052429817501,0.),(-0.642778091389791,
0.766052429817501,0.),(0.,0.,-1.),(0.,0.,1.),(-0.642791125413226,0.766041493060264,
0.),(-0.608758597082975,0.793355513296257,0.),(0.,0.,1.),(0.,0.,1.),(-0.675590391445695,
0.73727716836089,0.),(-0.675590391445695,0.73727716836089,0.),(0.,0.,-1.),
(0.,0.,1.),(-0.675588459630481,0.737278938539624,0.),(-0.642791125413226,
0.766041493060264,0.),(0.,0.,1.),(0.,0.,1.),(-0.707108322610914,0.707105239758821,
0.),(-0.707108322610914,0.707105239758821,0.),(0.,0.,-1.),(0.,0.,1.),(-0.707106781186548,
0.707106781186547,0.),(-0.675588459630481,0.737278938539624,0.),(0.,0.,
1.),(0.,0.,1.),(-0.737278641082432,0.675588784249445,0.),(-0.737278641082432,
0.675588784249445,0.),(0.,0.,-1.),(0.,0.,1.),(-0.737278938539624,0.67558845963048,
0.),(-0.707106781186548,0.707106781186547,0.),(0.,0.,1.),(0.,0.,1.),(-0.766038444438841,
0.642794758567399,0.),(-0.766038444438841,0.642794758567399,0.),(0.,0.,
-1.),(0.,0.,1.),(-0.766045571478485,0.642786264957647,0.),(-0.737278938539624,
0.67558845963048,0.),(0.,0.,1.),(0.,0.,1.),(-0.793352459493384,0.608762576885109,
0.),(-0.793352459493384,0.608762576885109,0.),(0.,0.,-1.),(0.,0.,1.),(-0.793348579470966,
0.608767633380259,0.),(-0.766045571478485,0.642786264957647,0.),(0.,0.,
1.),(0.,0.,1.),(-0.819153231317583,0.573574741094797,0.),(-0.819153231317583,
0.573574741094797,0.),(0.,0.,-1.),(0.,0.,1.),(-0.819149180374632,0.573580526422898,
0.),(-0.793348579470966,0.608767633380259,0.),(0.,0.,1.),(0.,0.,1.),(-0.843393233629426,
0.537296802026682,0.),(-0.843393233629426,0.537296802026682,0.),(0.,0.,
-1.),(0.,0.,1.),(-0.843393006006282,0.537297159325905,0.),(-0.819149180374632,
0.573580526422898,0.),(0.,0.,1.),(0.,0.,1.),(-0.866015039536002,0.50001795097522,
0.),(-0.866015039536002,0.50001795097522,0.),(0.,0.,-1.),(0.,0.,1.),(-0.866028422983546,
0.499994770557284,0.),(-0.843393006006282,0.537297159325905,0.),(0.,0.,
1.),(0.,0.,1.),(-0.88700053966242,0.461768386356814,0.),(-0.88700053966242,
0.461768386356814,0.),(0.,0.,-1.),(0.,0.,1.),(-0.88701089922952,0.461748486351649,
0.),(-0.866028422983546,0.499994770557284,0.),(0.,0.,1.),(0.,0.,1.),(-0.906320602790185,
0.422590777180519,0.),(-0.906320602790185,0.422590777180519,0.),(0.,0.,
-1.),(0.,0.,1.),(-0.906303006518797,0.422628513442941,0.),(-0.88701089922952,
0.461748486351649,0.),(0.,0.,1.),(0.,0.,1.),(-0.923888574154099,0.382661603178978,
0.),(-0.923888574154099,0.382661603178978,0.),(0.,0.,-1.),(0.,0.,1.),(-0.923881747703416,
0.382678084374428,0.),(-0.906303006518797,0.422628513442941,0.),(0.,0.,
1.),(0.,0.,1.),(-0.939689742073662,0.342028052418999,0.),(-0.939689742073662,
0.342028052418999,0.),(0.,0.,-1.),(0.,0.,1.),(-0.939690707575685,0.342025399781813,
0.),(-0.923881747703416,0.382678084374428,0.),(0.,0.,1.),(0.,0.,1.),(-0.953713488792286,
0.30071677920536,0.),(-0.953713488792286,0.30071677920536,0.),(0.,0.,-1.),
(0.,0.,1.),(-0.953716363972171,0.300707660513832,0.),(-0.939690707575685,
0.342025399781813,0.),(0.,0.,1.),(0.,0.,1.),(-0.965936586411719,0.258778884438581,
0.),(-0.965936586411719,0.258778884438581,0.),(0.,0.,-1.),(0.,0.,1.),(-0.965933029017648,
0.258792162657203,0.),(-0.953716363972171,0.300707660513832,0.),(0.,0.,
1.),(0.,0.,1.),(-0.976287519356808,0.21647789621144,0.),(-0.976287519356808,
0.21647789621144,0.),(0.,0.,-1.),(0.,0.,1.),(-0.976293771464049,0.216449698083649,
0.),(-0.965933029017648,0.258792162657203,0.),(0.,0.,1.),(0.,0.,1.),(-0.984796433935696,
0.173712359109925,0.),(-0.984796433935696,0.173712359109925,0.),(0.,0.,
-1.),(0.,0.,1.),(-0.984801798919217,0.173681941621671,0.),(-0.976293771464049,
0.216449698083649,0.),(0.,0.,1.),(0.,0.,1.),(-0.991450368059501,0.130484357969375,
0.),(-0.991450368059501,0.130484357969375,0.),(0.,0.,-1.),(0.,0.,1.),(-0.991447261467468,
0.130507960403409,0.),(-0.984801798919217,0.173681941621671,0.),(0.,0.,
1.),(0.,0.,1.),(-0.996197254395911,0.0871265191204665,0.),(-0.996197254395911,
0.0871265191204665,0.),(0.,0.,-1.),(0.,0.,1.),(-0.996194778527563,0.0871548233571733,
0.),(-0.991447261467468,0.130507960403409,0.),(0.,0.,1.),(0.,0.,1.),(-0.999047102710784,
0.0436450061884301,0.),(-0.999047102710784,0.0436450061884301,0.),(0.,0.,
-1.),(0.,0.,1.),(-0.999047678358883,0.0436318274396753,0.),(-0.996194778527563,
0.0871548233571733,0.),(0.,0.,1.),(0.,0.,1.),(-0.999999999886736,1.50508395564525E-5,
0.),(-0.999999999886736,1.50508395564525E-5,0.),(0.,0.,-1.),(0.,0.,1.),
(-0.999999998816934,-4.86428939321452E-5,0.),(-0.999047678358883,0.0436318274396753,
0.),(0.,0.,1.),(0.,0.,1.),(-0.99904678572102,-0.0436522615736959,0.),(-0.99904678572102,
-0.0436522615736959,0.),(0.,0.,-1.),(0.,0.,1.),(-0.999049027446299,-0.0436009261209411,
0.),(-0.999999998816934,-4.86428939321452E-5,0.),(0.,0.,1.),(0.,0.,1.),
(-0.99619312740203,-0.087173693950428,0.),(-0.99619312740203,-0.087173693950428,
0.),(0.,0.,-1.),(0.,0.,1.),(-0.996198485177283,-0.0871124453249139,0.),
(-0.999049027446299,-0.0436009261209411,0.),(0.,0.,1.),(0.,0.,1.),(-0.991446946971083,
-0.130510349557876,0.),(-0.991446946971083,-0.130510349557876,0.),(0.,0.,
-1.),(0.,0.,1.),(-0.991442535954765,-0.130543854315643,0.),(-0.996198485177283,
-0.0871124453249139,0.),(0.,0.,1.),(0.,0.,1.),(-0.984810988755742,-0.173629825853562,
0.),(-0.984810988755742,-0.173629825853562,0.),(0.,0.,-1.),(0.,0.,1.),(-0.984808702354763,
-0.173642793591696,0.),(-0.991442535954765,-0.130543854315643,0.),(0.,0.,
1.),(0.,0.,1.),(-0.976299452676301,-0.21642407145222,0.),(-0.976299452676301,
-0.21642407145222,0.),(0.,0.,-1.),(0.,0.,1.),(-0.976299419282485,-0.216424222093285,
0.),(-0.984808702354763,-0.173642793591696,0.),(0.,0.,1.),(0.,0.,1.),(-0.96593428977995,
-0.258787456858527,0.),(-0.96593428977995,-0.258787456858527,0.),(0.,0.,
-1.),(0.,0.,1.),(-0.965926887595861,-0.258815084219162,0.),(-0.976299419282485,
-0.216424222093285,0.),(0.,0.,1.),(0.,0.,1.),(-0.953719334259734,-0.300698239867095,
0.),(-0.953719334259734,-0.300698239867095,0.),(0.,0.,-1.),(0.,0.,1.),(-0.953703739443842,
-0.300747697199551,0.),(-0.965926887595861,-0.258815084219162,0.),(0.,0.,
1.),(0.,0.,1.),(-0.939680315619878,-0.342053949599367,0.),(-0.939680315619878,
-0.342053949599367,0.),(0.,0.,-1.),(0.,0.,1.),(-0.939680562290535,-0.342053271952401,
0.),(-0.953703739443842,-0.300747697199551,0.),(0.,0.,1.),(0.,0.,1.),(-0.923885420174359,
-0.382669217979768,0.),(-0.923885420174359,-0.382669217979768,0.),(0.,0.,
-1.),(0.,0.,1.),(-0.923885149766826,-0.38266987082906,0.),(-0.939680562290535,
-0.342053271952401,0.),(0.,0.,1.),(0.,0.,1.),(-0.906307747837899,-0.422618345802682,
0.),(-0.906307747837899,-0.422618345802682,0.),(0.,0.,-1.),(0.,0.,1.),(-0.906301374193898,
-0.422632013853957,0.),(-0.923885149766826,-0.38266987082906,0.),(0.,0.,
1.),(0.,0.,1.),(-0.886983031358864,-0.46180201610803,0.),(-0.886983031358864,
-0.46180201610803,0.),(0.,0.,-1.),(0.,0.,1.),(-0.887019754372906,-0.461731475375276,
0.),(-0.906301374193898,-0.422632013853957,0.),(0.,0.,1.),(0.,0.,1.),(-0.865998983926833,
-0.500045757743923,0.),(-0.865998983926833,-0.500045757743923,0.),(0.,0.,
-1.),(0.,0.,1.),(-0.866047182569912,-0.499962276139627,0.),(-0.887019754372906,
-0.461731475375276,0.),(0.,0.,1.),(0.,0.,1.),(-0.843416323179789,-0.537260556707717,
0.),(-0.843416323179789,-0.537260556707717,0.),(0.,0.,-1.),(0.,0.,1.),(-0.843381032618184,
-0.537315953438837,0.),(-0.866047182569912,-0.499962276139627,0.),(0.,0.,
1.),(0.,0.,1.),(-0.819129476782814,-0.573608664740617,0.),(-0.819129476782814,
-0.573608664740617,0.),(0.,0.,-1.),(0.,0.,1.),(-0.819139391272113,-0.573594506307681,
0.),(-0.843381032618184,-0.537315953438837,0.),(0.,0.,1.),(0.,0.,1.),(-0.793296553899243,
-0.608835427329574,0.),(-0.793296553899243,-0.608835427329574,0.),(0.,0.,
-1.),(0.,0.,1.),(-0.793361630539278,-0.608750624794799,0.),(-0.819139391272113,
-0.573594506307681,0.),(0.,0.,1.),(0.,0.,1.),(-0.766043478054337,-0.642788759804039,
0.),(-0.766043478054337,-0.642788759804039,0.),(0.,0.,-1.),(0.,0.,1.),(-0.766048861490459,
-0.642782344039701,0.),(-0.793361630539278,-0.608750624794799,0.),(0.,0.,
1.),(0.,0.,1.),(-0.737316347723656,-0.675547632206233,0.),(-0.737316347723656,
-0.675547632206233,0.),(0.,0.,-1.),(0.,0.,1.),(-0.737271318666153,-0.675596775208609,
0.),(-0.766048861490459,-0.642782344039701,0.),(0.,0.,1.),(0.,0.,1.),(-0.707106781186547,
-0.707106781186548,0.),(-0.707106781186547,-0.707106781186548,0.),(0.,0.,
-1.),(0.,0.,1.),(-0.707106781186547,-0.707106781186548,0.),(-0.737271318666153,
-0.675596775208609,0.),(0.,0.,1.),(0.,0.,1.),(-0.675547632206233,-0.737316347723656,
0.),(-0.675547632206233,-0.737316347723656,0.),(0.,0.,-1.),(0.,0.,1.),(-0.675596775208609,
-0.737271318666153,0.),(-0.707106781186547,-0.707106781186548,0.),(0.,0.,
1.),(0.,0.,1.),(-0.642788759804039,-0.766043478054337,0.),(-0.642788759804039,
-0.766043478054337,0.),(0.,0.,-1.),(0.,0.,1.),(-0.642782344039701,-0.766048861490459,
0.),(-0.675596775208609,-0.737271318666153,0.),(0.,0.,1.),(0.,0.,1.),(-0.608835427329574,
-0.793296553899243,0.),(-0.608835427329574,-0.793296553899243,0.),(0.,0.,
-1.),(0.,0.,1.),(-0.608750624794799,-0.793361630539278,0.),(-0.642782344039701,
-0.766048861490459,0.),(0.,0.,1.),(0.,0.,1.),(-0.573608664740617,-0.819129476782814,
0.),(-0.573608664740617,-0.819129476782814,0.),(0.,0.,-1.),(0.,0.,1.),(-0.573594506307681,
-0.819139391272113,0.),(-0.608750624794799,-0.793361630539278,0.),(0.,0.,
1.),(0.,0.,1.),(-0.537260556707717,-0.843416323179789,0.),(-0.537260556707717,
-0.843416323179789,0.),(0.,0.,-1.),(0.,0.,1.),(-0.537315953438837,-0.843381032618184,
0.),(-0.573594506307681,-0.819139391272113,0.),(0.,0.,1.),(0.,0.,1.),(-0.500045757743923,
-0.865998983926833,0.),(-0.500045757743923,-0.865998983926833,0.),(0.,0.,
-1.),(0.,0.,1.),(-0.499962276139627,-0.866047182569912,0.),(-0.537315953438837,
-0.843381032618184,0.),(0.,0.,1.),(0.,0.,1.),(-0.461802016107953,-0.886983031358904,
0.),(-0.461802016107953,-0.886983031358904,0.),(0.,0.,-1.),(0.,0.,1.),(-0.461731475375276,
-0.887019754372906,0.),(-0.499962276139627,-0.866047182569912,0.),(0.,0.,
1.),(0.,0.,1.),(-0.422618345802682,-0.906307747837899,0.),(-0.422618345802682,
-0.906307747837899,0.),(0.,0.,-1.),(0.,0.,1.),(-0.422632013853639,-0.906301374194047,
0.),(-0.461731475375276,-0.887019754372906,0.),(0.,0.,1.),(0.,0.,1.),(-0.382669217979768,
-0.923885420174359,0.),(-0.382669217979768,-0.923885420174359,0.),(0.,0.,
-1.),(0.,0.,1.),(-0.38266987082906,-0.923885149766826,0.),(-0.422632013853639,
-0.906301374194047,0.),(0.,0.,1.),(0.,0.,1.),(-0.34205394959913,-0.939680315619964,
0.),(-0.34205394959913,-0.939680315619964,0.),(0.,0.,-1.),(0.,0.,1.),(-0.342053271952401,
-0.939680562290535,0.),(-0.38266987082906,-0.923885149766826,0.),(0.,0.,
1.),(0.,0.,1.),(-0.300698239867095,-0.953719334259734,0.),(-0.300698239867095,
-0.953719334259734,0.),(0.,0.,-1.),(0.,0.,1.),(-0.300747697199551,-0.953703739443842,
0.),(-0.342053271952401,-0.939680562290535,0.),(0.,0.,1.),(0.,0.,1.),(-0.258787456858527,
-0.96593428977995,0.),(-0.258787456858527,-0.96593428977995,0.),(0.,0.,
-1.),(0.,0.,1.),(-0.258815084219162,-0.965926887595861,0.),(-0.300747697199551,
-0.953703739443842,0.),(0.,0.,1.),(0.,0.,1.),(-0.21642407145222,-0.976299452676301,
0.),(-0.21642407145222,-0.976299452676301,0.),(0.,0.,-1.),(0.,0.,1.),(-0.216424222093285,
-0.976299419282485,0.),(-0.258815084219162,-0.965926887595861,0.),(0.,0.,
1.),(0.,0.,1.),(-0.173629825853562,-0.984810988755742,0.),(-0.173629825853562,
-0.984810988755742,0.),(0.,0.,-1.),(0.,0.,1.),(-0.173642793591696,-0.984808702354763,
0.),(-0.216424222093285,-0.976299419282485,0.),(0.,0.,1.),(0.,0.,1.),(-0.130510349557876,
-0.991446946971083,0.),(-0.130510349557876,-0.991446946971083,0.),(0.,0.,
-1.),(0.,0.,1.),(-0.130543854315643,-0.991442535954765,0.),(-0.173642793591696,
-0.984808702354763,0.),(0.,0.,1.),(0.,0.,1.),(-0.087173693950428,-0.99619312740203,
0.),(-0.087173693950428,-0.99619312740203,0.),(0.,0.,-1.),(0.,0.,1.),(-0.0871124453251551,
-0.996198485177262,0.),(-0.130543854315643,-0.991442535954765,0.),(0.,0.,
1.),(0.,0.,1.),(-0.0436522615736959,-0.99904678572102,0.),(-0.0436522615736959,
-0.99904678572102,0.),(0.,0.,-1.),(0.,0.,1.),(-0.0436009261209411,-0.999049027446299,
0.),(-0.0871124453251551,-0.996198485177262,0.),(0.,0.,1.),(0.,0.,1.),(1.50508395564525E-5,
-0.999999999886736,0.),(1.50508395564525E-5,-0.999999999886736,0.),(0.,
0.,-1.),(0.,0.,1.),(-4.86428939321452E-5,-0.999999998816934,0.),(-0.0436009261209411,
-0.999049027446299,0.),(0.,0.,1.),(0.,0.,1.),(0.0436450061886271,-0.999047102710775,
0.),(0.0436450061886271,-0.999047102710775,0.),(0.,0.,-1.),(0.,0.,1.),(0.0436318274396753,
-0.999047678358883,0.),(-4.86428939321452E-5,-0.999999998816934,0.),(0.,
0.,1.),(0.,0.,1.),(0.0871265191204665,-0.996197254395911,0.),(0.0871265191204665,
-0.996197254395911,0.),(0.,0.,-1.),(0.,0.,1.),(0.0871548233571733,-0.996194778527563,
0.),(0.0436318274396753,-0.999047678358883,0.),(0.,0.,1.),(0.,0.,1.),(0.130484357969375,
-0.991450368059501,0.),(0.130484357969375,-0.991450368059501,0.),(0.,0.,
-1.),(0.,0.,1.),(0.130507960403409,-0.991447261467468,0.),(0.0871548233571733,
-0.996194778527563,0.),(0.,0.,1.),(0.,0.,1.),(0.173712359109925,-0.984796433935696,
0.),(0.173712359109925,-0.984796433935696,0.),(0.,0.,-1.),(0.,0.,1.),(0.173681941621671,
-0.984801798919217,0.),(0.130507960403409,-0.991447261467468,0.),(0.,0.,
1.),(0.,0.,1.),(0.21647789621144,-0.976287519356808,0.),(0.21647789621144,
-0.976287519356808,0.),(0.,0.,-1.),(0.,0.,1.),(0.216449698083649,-0.976293771464049,
0.),(0.173681941621671,-0.984801798919217,0.),(0.,0.,1.),(0.,0.,1.),(0.258778884438581,
-0.965936586411719,0.),(0.258778884438581,-0.965936586411719,0.),(0.,0.,
-1.),(0.,0.,1.),(0.258792162657203,-0.965933029017648,0.),(0.216449698083649,
-0.976293771464049,0.),(0.,0.,1.),(0.30071677920536,-0.953713488792287,
0.),(0.,0.,-1.),(0.258792162657203,-0.965933029017648,0.),(0.,0.,1.),(0.,
0.,1.),(0.,0.,1.),(-0.707106781186548,0.707106781186547,0.),(0.,0.,1.),
(-0.793349826819067,0.608766007827439,0.),(0.,0.,1.),(-0.793353977035456,
0.608760599186597,0.),(0.,0.,1.),(-0.819150102792736,0.573579209085066,
0.),(0.,0.,1.),(-0.766044346126607,0.642787725277528,0.),(-0.819150102792736,
0.573579209085066,0.),(0.,0.,-1.),(0.,0.,1.),(-0.766045435784312,0.642786426672207,
0.),(-0.793349826819067,0.608766007827439,0.),(0.,0.,-1.),(0.,0.,1.),(-0.819154265954075,
0.573573263471407,0.),(-0.793353977035456,0.608760599186597,0.),(0.,0.,
1.),(0.,0.,1.),(-0.766044346126607,0.642787725277528,0.),(0.,0.,1.),(-0.843392089595977,
0.537298597808455,0.),(-0.843392089595977,0.537298597808455,0.),(0.,0.,
-1.),(0.,0.,1.),(-0.843393006006282,0.537297159325905,0.),(-0.819154265954075,
0.573573263471407,0.),(0.,0.,1.),(0.,0.,1.),(-0.866023079328942,0.500004026053408,
0.),(-0.866023079328942,0.500004026053408,0.),(0.,0.,-1.),(0.,0.,1.),(-0.866024345228798,
0.500001833467669,0.),(-0.843393006006282,0.537297159325905,0.),(0.,0.,
1.),(0.,0.,1.),(-0.887013448156907,0.461743589872987,0.),(-0.887013448156907,
0.461743589872987,0.),(0.,0.,-1.),(0.,0.,1.),(-0.887007133393031,0.461755720386742,
0.),(-0.866024345228798,0.500001833467669,0.),(0.,0.,1.),(0.,0.,1.),(-0.906312949331927,
0.422607190986221,0.),(-0.906312949331927,0.422607190986221,0.),(0.,0.,
-1.),(0.,0.,1.),(-0.906307470684875,0.422618940158608,0.),(-0.887007133393031,
0.461755720386742,0.),(0.,0.,1.),(0.,0.,1.),(-0.923881643828346,0.382678335155039,
0.),(-0.923881643828346,0.382678335155039,0.),(0.,0.,-1.),(0.,0.,1.),(-0.923876806204692,
0.382690014185134,0.),(-0.906307470684875,0.422618940158608,0.),(0.,0.,
1.),(0.,0.,1.),(-0.939689742073662,0.342028052418999,0.),(-0.939689742073662,
0.342028052418999,0.),(0.,0.,-1.),(0.,0.,1.),(-0.939691495561209,0.342023234839298,
0.),(-0.923876806204692,0.382690014185134,0.),(0.,0.,1.),(0.,0.,1.),(-0.953713488792286,
0.30071677920536,0.),(-0.953713488792286,0.30071677920536,0.),(0.,0.,-1.),
(0.,0.,1.),(-0.953719900414304,0.300696444198682,0.),(-0.939691495561209,
0.342023234839298,0.),(0.,0.,1.),(0.,0.,1.),(-0.965923169106831,0.258828961638021,
0.),(-0.965923169106831,0.258828961638021,0.),(0.,0.,-1.),(0.,0.,1.),(-0.965929400918846,
0.25880570403405,0.),(-0.953719900414304,0.300696444198682,0.),(0.,0.,1.),
(0.,0.,1.),(-0.976300326230454,0.216420130769551,0.),(-0.976300326230454,
0.216420130769551,0.),(0.,0.,-1.),(0.,0.,1.),(-0.976297275747265,0.216433891450641,
0.),(-0.965929400918846,0.25880570403405,0.),(0.,0.,1.),(0.,0.,1.),(-0.984805453417126,
0.173661218813784,0.),(-0.984805453417126,0.173661218813784,0.),(0.,0.,
-1.),(0.,0.,1.),(-0.98480461077344,0.173665997245784,0.),(-0.976297275747265,
0.216433891450641,0.),(0.,0.,1.),(0.,0.,1.),(-0.991442657049263,0.130542934634922,
0.),(-0.991442657049263,0.130542934634922,0.),(0.,0.,-1.),(0.,0.,1.),(-0.991442499025572,
0.130544134781798,0.),(-0.98480461077344,0.173665997245784,0.),(0.,0.,1.),
(0.,0.,1.),(-0.996197254395911,0.0871265191204665,0.),(-0.996197254395911,
0.0871265191204665,0.),(0.,0.,-1.),(0.,0.,1.),(-0.996194947984665,0.0871528864113577,
0.),(-0.991442499025572,0.130544134781798,0.),(0.,0.,1.),(0.,0.,1.),(-0.999048609942569,
0.0436104915338073,0.),(-0.999048609942569,0.0436104915338073,0.),(0.,0.,
-1.),(0.,0.,1.),(-0.99904847563146,0.0436135682839189,0.),(-0.996194947984665,
0.0871528864113577,0.),(0.,0.,1.),(0.,0.,1.),(-0.999999999862328,1.65934857723177E-5,
0.),(-0.999999999862328,1.65934857723177E-5,0.),(0.,0.,-1.),(0.,0.,1.),
(-0.999999999972369,-7.4338995964318E-6,0.),(-0.99904847563146,0.0436135682839189,
0.),(0.,0.,1.),(0.,0.,1.),(-0.999048360489024,-0.0436162057519032,0.),(-0.999048360489024,
-0.0436162057519032,0.),(0.,0.,-1.),(0.,0.,1.),(-0.999048034620872,-0.0436236692653657,
0.),(-0.999999999972369,-7.4338995964318E-6,0.),(0.,0.,1.),(0.,0.,1.),(-0.99619312740203,
-0.087173693950428,0.),(-0.99619312740203,-0.087173693950428,0.),(0.,0.,
-1.),(0.,0.,1.),(-0.996194666998487,-0.0871560981444997,0.),(-0.999048034620872,
-0.0436236692653657,0.),(0.,0.,1.),(0.,0.,1.),(-0.991441687641848,-0.130550296843343,
0.),(-0.991441687641848,-0.130550296843343,0.),(0.,0.,-1.),(0.,0.,1.),(-0.991442535954765,
-0.130543854315643,0.),(-0.996194666998487,-0.0871560981444997,0.),(0.,
0.,1.),(0.,0.,1.),(-0.984811205308455,-0.173628597583774,0.),(-0.984811205308455,
-0.173628597583774,0.),(0.,0.,-1.),(0.,0.,1.),(-0.984808702354763,-0.173642793591696,
0.),(-0.991442535954765,-0.130543854315643,0.),(0.,0.,1.),(0.,0.,1.),(-0.976299198458215,
-0.216425218239112,0.),(-0.976299198458215,-0.216425218239112,0.),(0.,0.,
-1.),(0.,0.,1.),(-0.976299419282485,-0.216424222093285,0.),(-0.984808702354763,
-0.173642793591696,0.),(0.,0.,1.),(0.,0.,1.),(-0.965923235089909,-0.258828715395808,
0.),(-0.965923235089909,-0.258828715395808,0.),(0.,0.,-1.),(0.,0.,1.),(-0.965926887595861,
-0.258815084219162,0.),(-0.976299419282485,-0.216424222093285,0.),(0.,0.,
1.),(0.,0.,1.),(-0.953732807147644,-0.300655504806206,0.),(-0.953732807147644,
-0.300655504806206,0.),(0.,0.,-1.),(0.,0.,1.),(-0.953719461258652,-0.300697837066558,
0.),(-0.965926887595861,-0.258815084219162,0.),(0.,0.,1.),(0.,0.,1.),(-0.939695641610345,
-0.342011843564697,0.),(-0.939695641610345,-0.342011843564697,0.),(0.,0.,
-1.),(0.,0.,1.),(-0.939689319865182,-0.342029212394661,0.),(-0.953719461258652,
-0.300697837066558,0.),(0.,0.,1.),(0.,0.,1.),(-0.923867600686065,-0.382712237069281,
0.),(-0.923867600686065,-0.382712237069281,0.),(0.,0.,-1.),(0.,0.,1.),(-0.923874941245137,
-0.382694516474035,0.),(-0.939689319865182,-0.342029212394661,0.),(0.,0.,
1.),(0.,0.,1.),(-0.906308063883443,-0.422617668040328,0.),(-0.906308063883443,
-0.422617668040328,0.),(0.,0.,-1.),(0.,0.,1.),(-0.906313037585499,-0.422607001719736,
0.),(-0.923874941245137,-0.382694516474035,0.),(0.,0.,1.),(0.,0.,1.),(-0.887004878915224,
-0.46176005108778,0.),(-0.887004878915224,-0.46176005108778,0.),(0.,0.,
-1.),(0.,0.,1.),(-0.887006658441324,-0.461756632741487,0.),(-0.906313037585499,
-0.422607001719736,0.),(0.,0.,1.),(0.,0.,1.),(-0.865998983926833,-0.500045757743923,
0.),(-0.865998983926833,-0.500045757743923,0.),(0.,0.,-1.),(0.,0.,1.),(-0.866019203455515,
-0.500010739130947,0.),(-0.887006658441324,-0.461756632741487,0.),(0.,0.,
1.),(0.,0.,1.),(-0.843416323179789,-0.537260556707717,0.),(-0.843416323179789,
-0.537260556707717,0.),(0.,0.,-1.),(0.,0.,1.),(-0.843396391310102,-0.537291845392331,
0.),(-0.866019203455515,-0.500010739130947,0.),(0.,0.,1.),(0.,0.,1.),(-0.819186125279613,
-0.573527760574302,0.),(-0.819186125279613,-0.573527760574302,0.),(0.,0.,
-1.),(0.,0.,1.),(-0.819155786987036,-0.573571091187179,0.),(-0.843396391310102,
-0.537291845392331,0.),(0.,0.,1.),(0.,0.,1.),(-0.793326446816776,-0.608796475664133,
0.),(-0.793326446816776,-0.608796475664133,0.),(0.,0.,-1.),(0.,0.,1.),(-0.793361630539278,
-0.608750624794799,0.),(-0.819155786987036,-0.573571091187179,0.),(0.,0.,
1.),(0.,0.,1.),(-0.766043600181963,-0.642788614258418,0.),(-0.766043600181963,
-0.642788614258418,0.),(0.,0.,-1.),(0.,0.,1.),(-0.766048861490459,-0.642782344039701,
0.),(-0.793361630539278,-0.608750624794799,0.),(0.,0.,1.),(0.,0.,1.),(-0.737282539155708,
-0.675584530207813,0.),(-0.737282539155708,-0.675584530207813,0.),(0.,0.,
-1.),(0.,0.,1.),(-0.737271318666153,-0.675596775208609,0.),(-0.766048861490459,
-0.642782344039701,0.),(0.,0.,1.),(0.,0.,1.),(-0.707106781186547,-0.707106781186548,
0.),(-0.707106781186547,-0.707106781186548,0.),(0.,0.,-1.),(0.,0.,1.),(-0.707106781186547,
-0.707106781186548,0.),(-0.737271318666153,-0.675596775208609,0.),(0.,0.,
1.),(0.,0.,1.),(-0.675584530207688,-0.737282539155823,0.),(-0.675584530207688,
-0.737282539155823,0.),(0.,0.,-1.),(0.,0.,1.),(-0.675596775208609,-0.737271318666153,
0.),(-0.707106781186547,-0.707106781186548,0.),(0.,0.,1.),(0.,0.,1.),(-0.642788614258418,
-0.766043600181963,0.),(-0.642788614258418,-0.766043600181963,0.),(0.,0.,
-1.),(0.,0.,1.),(-0.642782344039701,-0.766048861490459,0.),(-0.675596775208609,
-0.737271318666153,0.),(0.,0.,1.),(0.,0.,1.),(-0.608796475664133,-0.793326446816776,
0.),(-0.608796475664133,-0.793326446816776,0.),(0.,0.,-1.),(0.,0.,1.),(-0.608750624794799,
-0.793361630539278,0.),(-0.642782344039701,-0.766048861490459,0.),(0.,0.,
1.),(0.,0.,1.),(-0.573527760574302,-0.819186125279613,0.),(-0.573527760574302,
-0.819186125279613,0.),(0.,0.,-1.),(0.,0.,1.),(-0.573571091187179,-0.819155786987036,
0.),(-0.608750624794799,-0.793361630539278,0.),(0.,0.,1.),(0.,0.,1.),(-0.537260556707717,
-0.843416323179789,0.),(-0.537260556707717,-0.843416323179789,0.),(0.,0.,
-1.),(0.,0.,1.),(-0.537291845392331,-0.843396391310102,0.),(-0.573571091187179,
-0.819155786987036,0.),(0.,0.,1.),(0.,0.,1.),(-0.500045757743923,-0.865998983926833,
0.),(-0.500045757743923,-0.865998983926833,0.),(0.,0.,-1.),(0.,0.,1.),(-0.500010739130947,
-0.866019203455515,0.),(-0.537291845392331,-0.843396391310102,0.),(0.,0.,
1.),(0.,0.,1.),(-0.46176005108778,-0.887004878915224,0.),(-0.46176005108778,
-0.887004878915224,0.),(0.,0.,-1.),(0.,0.,1.),(-0.461756632741487,-0.887006658441324,
0.),(-0.500010739130947,-0.866019203455515,0.),(0.,0.,1.),(0.,0.,1.),(-0.422617668040328,
-0.906308063883443,0.),(-0.422617668040328,-0.906308063883443,0.),(0.,0.,
-1.),(0.,0.,1.),(-0.422607001719736,-0.906313037585499,0.),(-0.461756632741487,
-0.887006658441324,0.),(0.,0.,1.),(0.,0.,1.),(-0.382712237069281,-0.923867600686065,
0.),(-0.382712237069281,-0.923867600686065,0.),(0.,0.,-1.),(0.,0.,1.),(-0.382694516474035,
-0.923874941245137,0.),(-0.422607001719736,-0.906313037585499,0.),(0.,0.,
1.),(0.,0.,1.),(-0.342011843564697,-0.939695641610345,0.),(-0.342011843564697,
-0.939695641610345,0.),(0.,0.,-1.),(0.,0.,1.),(-0.342029212394661,-0.939689319865182,
0.),(-0.382694516474035,-0.923874941245137,0.),(0.,0.,1.),(0.,0.,1.),(-0.300655504806206,
-0.953732807147644,0.),(-0.300655504806206,-0.953732807147644,0.),(0.,0.,
-1.),(0.,0.,1.),(-0.300697837066558,-0.953719461258652,0.),(-0.342029212394661,
-0.939689319865182,0.),(0.,0.,1.),(0.,0.,1.),(-0.258828715395808,-0.965923235089909,
0.),(-0.258828715395808,-0.965923235089909,0.),(0.,0.,-1.),(0.,0.,1.),(-0.258815084219162,
-0.965926887595861,0.),(-0.300697837066558,-0.953719461258652,0.),(0.,0.,
1.),(0.,0.,1.),(-0.216425218239112,-0.976299198458215,0.),(-0.216425218239112,
-0.976299198458215,0.),(0.,0.,-1.),(0.,0.,1.),(-0.216424222093285,-0.976299419282485,
0.),(-0.258815084219162,-0.965926887595861,0.),(0.,0.,1.),(0.,0.,1.),(-0.173628597583774,
-0.984811205308455,0.),(-0.173628597583774,-0.984811205308455,0.),(0.,0.,
-1.),(0.,0.,1.),(-0.173642793591696,-0.984808702354763,0.),(-0.216424222093285,
-0.976299419282485,0.),(0.,0.,1.),(0.,0.,1.),(-0.130550296843343,-0.991441687641848,
0.),(-0.130550296843343,-0.991441687641848,0.),(0.,0.,-1.),(0.,0.,1.),(-0.130543854315643,
-0.991442535954765,0.),(-0.173642793591696,-0.984808702354763,0.),(0.,0.,
1.),(0.,0.,1.),(-0.087173693950428,-0.99619312740203,0.),(-0.087173693950428,
-0.99619312740203,0.),(0.,0.,-1.),(0.,0.,1.),(-0.0871560981444997,-0.996194666998487,
0.),(-0.130543854315643,-0.991442535954765,0.),(0.,0.,1.),(0.,0.,1.),(-0.0436162057518213,
-0.999048360489028,0.),(-0.0436162057518213,-0.999048360489028,0.),(0.,
0.,-1.),(0.,0.,1.),(-0.0436236692653657,-0.999048034620872,0.),(-0.0871560981444997,
-0.996194666998487,0.),(0.,0.,1.),(0.,0.,1.),(1.65934857723177E-5,-0.999999999862328,
0.),(1.65934857723177E-5,-0.999999999862328,0.),(0.,0.,-1.),(0.,0.,1.),
(-7.4338995964318E-6,-0.999999999972369,0.),(-0.0436236692653657,-0.999048034620872,
0.),(0.,0.,1.),(0.,0.,1.),(0.0436104915338073,-0.999048609942569,0.),(0.0436104915338073,
-0.999048609942569,0.),(0.,0.,-1.),(0.,0.,1.),(0.0436135682839189,-0.99904847563146,
0.),(-7.4338995964318E-6,-0.999999999972369,0.),(0.,0.,1.),(0.,0.,1.),(0.0871265191204665,
-0.996197254395911,0.),(0.0871265191204665,-0.996197254395911,0.),(0.,0.,
-1.),(0.,0.,1.),(0.0871528864113577,-0.996194947984665,0.),(0.0436135682839189,
-0.99904847563146,0.),(0.,0.,1.),(0.,0.,1.),(0.130542934634922,-0.991442657049263,
0.),(0.130542934634922,-0.991442657049263,0.),(0.,0.,-1.),(0.,0.,1.),(0.130544134781798,
-0.991442499025572,0.),(0.0871528864113577,-0.996194947984665,0.),(0.,0.,
1.),(0.,0.,1.),(0.173661218813784,-0.984805453417126,0.),(0.173661218813784,
-0.984805453417126,0.),(0.,0.,-1.),(0.,0.,1.),(0.173665997245784,-0.98480461077344,
0.),(0.130544134781798,-0.991442499025572,0.),(0.,0.,1.),(0.,0.,1.),(0.216420130769551,
-0.976300326230454,0.),(0.216420130769551,-0.976300326230454,0.),(0.,0.,
-1.),(0.,0.,1.),(0.216433891450641,-0.976297275747265,0.),(0.173665997245784,
-0.98480461077344,0.),(0.,0.,1.),(0.,0.,1.),(0.258828961638021,-0.965923169106831,
0.),(0.258828961638021,-0.965923169106831,0.),(0.,0.,-1.),(0.,0.,1.),(0.25880570403405,
-0.965929400918846,0.),(0.216433891450641,-0.976297275747265,0.),(0.,0.,
1.),(0.,0.,1.),(0.30071677920536,-0.953713488792287,0.),(0.30071677920536,
-0.953713488792287,0.),(0.,0.,-1.),(0.,0.,1.),(0.300696444198682,-0.953719900414304,
0.),(0.25880570403405,-0.965929400918846,0.),(0.,0.,1.),(0.,0.,1.),(0.342028052418999,
-0.939689742073662,0.),(0.342028052418999,-0.939689742073662,0.),(0.,0.,
-1.),(0.,0.,1.),(0.342023234839298,-0.939691495561209,0.),(0.300696444198682,
-0.953719900414304,0.),(0.,0.,1.),(0.,0.,1.),(0.382678335155039,-0.923881643828346,
0.),(0.382678335155039,-0.923881643828346,0.),(0.,0.,-1.),(0.,0.,1.),(0.382690014185134,
-0.923876806204692,0.),(0.342023234839298,-0.939691495561209,0.),(0.,0.,
1.),(0.,0.,1.),(0.422607190986221,-0.906312949331927,0.),(0.422607190986221,
-0.906312949331927,0.),(0.,0.,-1.),(0.,0.,1.),(0.422618940158608,-0.906307470684875,
0.),(0.382690014185134,-0.923876806204692,0.),(0.,0.,1.),(0.,0.,1.),(0.461743589872987,
-0.887013448156907,0.),(0.461743589872987,-0.887013448156907,0.),(0.,0.,
-1.),(0.,0.,1.),(0.461755720386742,-0.887007133393031,0.),(0.422618940158608,
-0.906307470684875,0.),(0.,0.,1.),(0.,0.,1.),(0.500004026053408,-0.866023079328942,
0.),(0.500004026053408,-0.866023079328942,0.),(0.,0.,-1.),(0.,0.,1.),(0.500001833467669,
-0.866024345228798,0.),(0.461755720386742,-0.887007133393031,0.),(0.,0.,
1.),(0.,0.,1.),(0.537298597808455,-0.843392089595977,0.),(0.537298597808455,
-0.843392089595977,0.),(0.,0.,-1.),(0.,0.,1.),(0.537297159325905,-0.843393006006282,
0.),(0.500001833467669,-0.866024345228798,0.),(0.,0.,1.),(0.,0.,1.),(0.573579209085066,
-0.819150102792736,0.),(0.573579209085066,-0.819150102792736,0.),(0.,0.,
-1.),(0.,0.,1.),(0.573573263471407,-0.819154265954075,0.),(0.537297159325905,
-0.843393006006282,0.),(0.,0.,1.),(0.,0.,1.),(0.608766007827439,-0.793349826819067,
0.),(0.608766007827439,-0.793349826819067,0.),(0.,0.,-1.),(0.,0.,1.),(0.608760599186597,
-0.793353977035456,0.),(0.573573263471407,-0.819154265954075,0.),(0.,0.,
1.),(0.,0.,1.),(0.642786426672207,-0.766045435784312,0.),(0.642786426672207,
-0.766045435784312,0.),(0.,0.,-1.),(0.,0.,1.),(0.642787725277528,-0.766044346126607,
0.),(0.608760599186597,-0.793353977035456,0.),(0.,0.,1.),(0.,0.,1.),(0.675589587928254,
-0.737277904648533,0.),(0.675589587928254,-0.737277904648533,0.),(0.,0.,
-1.),(0.,0.,1.),(0.675589865112166,-0.737277650656607,0.),(0.642787725277528,
-0.766044346126607,0.),(0.,0.,1.),(0.,0.,1.),(0.707106781186547,-0.707106781186548,
0.),(0.707106781186547,-0.707106781186548,0.),(0.,0.,-1.),(0.,0.,1.),(0.707107230765255,
-0.707106331607555,0.),(0.675589865112166,-0.737277650656607,0.),(0.,0.,
1.),(0.,0.,1.),(0.737277904648533,-0.675589587928254,0.),(0.737277904648533,
-0.675589587928254,0.),(0.,0.,-1.),(0.,0.,1.),(0.737276792461852,-0.675590801667076,
0.),(0.707107230765255,-0.707106331607555,0.),(0.,0.,1.),(0.,0.,1.),(0.766041939775711,
-0.642790593043074,0.),(0.766041939775711,-0.642790593043074,0.),(0.,0.,
-1.),(0.,0.,1.),(0.766043120914484,-0.642789185425204,0.),(0.737276792461852,
-0.675590801667076,0.),(0.,0.,1.),(0.,0.,1.),(0.793351142372299,-0.608764293381739,
0.),(0.793351142372299,-0.608764293381739,0.),(0.,0.,-1.),(0.,0.,1.),(0.793353977035455,
-0.608760599186599,0.),(0.766043120914484,-0.642789185425204,0.),(0.,0.,
1.),(0.,0.,1.),(0.819154461876743,-0.573572983662432,0.),(0.819154461876743,
-0.573572983662432,0.),(0.,0.,-1.),(0.,0.,1.),(0.819151004787967,-0.5735779209095,
0.),(0.793353977035455,-0.608760599186599,0.),(0.,0.,1.),(0.,0.,1.),(0.843392089595975,
-0.537298597808457,0.),(0.843392089595975,-0.537298597808457,0.),(0.,0.,
-1.),(0.,0.,1.),(0.843389951094032,-0.537301954578249,0.),(0.819151004787967,
-0.5735779209095,0.),(0.,0.,1.),(0.,0.,1.),(0.866023079328953,-0.500004026053389,
0.),(0.866023079328953,-0.500004026053389,0.),(0.,0.,-1.),(0.,0.,1.),(0.866028422983546,
-0.499994770557284,0.),(0.843389951094032,-0.537301954578249,0.),(0.,0.,
1.),(0.,0.,1.),(0.887013448156919,-0.461743589872965,0.),(0.887013448156919,
-0.461743589872965,0.),(0.,0.,-1.),(0.,0.,1.),(0.88701522491536,-0.461740176688528,
0.),(0.866028422983546,-0.499994770557284,0.),(0.,0.,1.),(0.,0.,1.),(0.906312949331915,
-0.422607190986247,0.),(0.906312949331915,-0.422607190986247,0.),(0.,0.,
-1.),(0.,0.,1.),(0.90630250202993,-0.422629595289172,0.),(0.88701522491536,
-0.461740176688528,0.),(0.,0.,1.),(0.,0.,1.),(0.923873943971398,-0.382696924015251,
0.),(0.923873943971398,-0.382696924015251,0.),(0.,0.,-1.),(0.,0.,1.),(0.923873213630837,
-0.382698687135753,0.),(0.90630250202993,-0.422629595289172,0.),(0.,0.,
1.),(0.,0.,1.),(0.939690418378691,-0.34202619432915,0.),(0.939690418378691,
-0.34202619432915,0.),(0.,0.,-1.),(0.,0.,1.),(0.939699918985953,-0.342000091020155,
0.),(0.923873213630837,-0.382698687135753,0.),(0.,0.,1.),(0.,0.,1.),(0.953720133744217,
-0.300695704144425,0.),(0.953720133744217,-0.300695704144425,0.),(0.,0.,
-1.),(0.,0.,1.),(0.953719561910825,-0.300697517829172,0.),(0.939699918985953,
-0.342000091020155,0.),(0.,0.,1.),(0.,0.,1.),(0.965929877510696,-0.258803925264226,
0.),(0.965929877510696,-0.258803925264226,0.),(0.,0.,-1.),(0.,0.,1.),(0.965925773001024,
-0.258819243976128,0.),(0.953719561910825,-0.300697517829172,0.),(0.,0.,
1.),(0.,0.,1.),(0.97629392074528,-0.216449024751349,0.),(0.97629392074528,
-0.216449024751349,0.),(0.,0.,-1.),(0.,0.,1.),(0.97629727574727,-0.216433891450622,
0.),(0.965925773001024,-0.258819243976128,0.),(0.,0.,1.),(0.,0.,1.),(0.98480607286047,
-0.17365770601139,0.),(0.98480607286047,-0.17365770601139,0.),(0.,0.,-1.),
(0.,0.,1.),(0.98480461077344,-0.173665997245787,0.),(0.97629727574727,-0.216433891450622,
0.),(0.,0.,1.),(0.,0.,1.),(0.991442205283954,-0.13054636563953,0.),(0.991442205283954,
-0.13054636563953,0.),(0.,0.,-1.),(0.,0.,1.),(0.991444880303252,-0.130526048436584,
0.),(0.98480461077344,-0.173665997245787,0.),(0.,0.,1.),(0.,0.,1.),(0.996194675245683,
-0.0871560038789546,0.),(0.996194675245683,-0.0871560038789546,0.),(0.,
0.,-1.),(0.,0.,1.),(0.99619653769961,-0.0871347133771003,0.),(0.991444880303252,
-0.130526048436584,0.),(0.,0.,1.),(0.,0.,1.),(0.999050046160862,-0.0435775775597994,
0.),(0.999050046160862,-0.0435775775597994,0.),(0.,0.,-1.),(0.,0.,1.),(0.999047596501005,
-0.0436337017174155,0.),(0.99619653769961,-0.0871347133771003,0.),(0.,0.,
1.),(0.,0.,1.),(0.999999999809939,1.94967092968065E-5,0.),(0.999999999809939,
1.94967092968065E-5,0.),(0.,0.,-1.),(0.,0.,1.),(0.999999999919117,-1.27187186590494E-5,
0.),(0.999047596501005,-0.0436337017174155,0.),(0.,0.,1.),(0.,0.,1.),(0.999048424738367,
0.043614734067598,0.),(0.999048424738367,0.043614734067598,0.),(0.,0.,-1.),
(0.,0.,1.),(0.999048034620871,0.0436236692653707,0.),(0.999999999919117,
-1.27187186590494E-5,0.),(0.,0.,1.),(0.,0.,1.),(0.996199795487334,0.0870974596127516,
0.),(0.996199795487334,0.0870974596127516,0.),(0.,0.,-1.),(0.,0.,1.),(0.996194666998485,
0.0871560981445259,0.),(0.999048034620871,0.0436236692653707,0.),(0.,0.,
1.),(0.,0.,1.),(0.991446773406145,0.130511668070499,0.),(0.991446773406145,
0.130511668070499,0.),(0.,0.,-1.),(0.,0.,1.),(0.991445603895088,0.130520552087031,
0.),(0.996194666998485,0.0871560981445259,0.),(0.,0.,1.),(0.,0.,1.),(0.984803992061477,
0.173669505727917,0.),(0.984803992061477,0.173669505727917,0.),(0.,0.,-1.),
(0.,0.,1.),(0.984808575747003,0.173643511641407,0.),(0.991445603895088,
0.130520552087031,0.),(0.,0.,1.),(0.,0.,1.),(0.976299452676294,0.216424071452249,
0.),(0.976299452676294,0.216424071452249,0.),(0.,0.,-1.),(0.,0.,1.),(0.976294174507183,
0.216447880154409,0.),(0.984808575747003,0.173643511641407,0.),(0.,0.,1.),
(0.,0.,1.),(0.96592295314249,0.258829767593472,0.),(0.96592295314249,0.258829767593472,
0.),(0.,0.,-1.),(0.,0.,1.),(0.965926887595864,0.258815084219154,0.),(0.976294174507183,
0.216447880154409,0.),(0.,0.,1.),(0.,0.,1.),(0.95370616180887,0.300740015508069,
0.),(0.95370616180887,0.300740015508069,0.),(0.,0.,-1.),(0.,0.,1.),(0.953719461258652,
0.300697837066559,0.),(0.965926887595864,0.258815084219154,0.),(0.,0.,1.),
(0.,0.,1.),(0.939695957062332,0.342010976842421,0.),(0.939695957062332,
0.342010976842421,0.),(0.,0.,-1.),(0.,0.,1.),(0.939689319865194,0.342029212394628,
0.),(0.953719461258652,0.300697837066559,0.),(0.,0.,1.),(0.,0.,1.),(0.923885101483907,
0.382669987399157,0.),(0.923885101483907,0.382669987399157,0.),(0.,0.,-1.),
(0.,0.,1.),(0.923874941245136,0.382694516474038,0.),(0.939689319865194,
0.342029212394628,0.),(0.,0.,1.),(0.,0.,1.),(0.906308063883422,0.422617668040374,
0.),(0.906308063883422,0.422617668040374,0.),(0.,0.,-1.),(0.,0.,1.),(0.906313037585561,
0.422607001719605,0.),(0.923874941245136,0.382694516474038,0.),(0.,0.,1.),
(0.,0.,1.),(0.887027026550499,0.461717504724458,0.),(0.887027026550499,
0.461717504724458,0.),(0.,0.,-1.),(0.,0.,1.),(0.887006658441322,0.46175663274149,
0.),(0.906313037585561,0.422607001719605,0.),(0.,0.,1.),(0.,0.,1.),(0.866022967987919,
0.500004218899597,0.),(0.866022967987919,0.500004218899597,0.),(0.,0.,-1.),
(0.,0.,1.),(0.866033357726908,0.499986223114454,0.),(0.887006658441322,
0.46175663274149,0.),(0.,0.,1.),(0.,0.,1.),(0.843389996519806,0.537301883274497,
0.),(0.843389996519806,0.537301883274497,0.),(0.,0.,-1.),(0.,0.,1.),(0.84339624295811,
0.537292078262973,0.),(0.866033357726908,0.499986223114454,0.),(0.,0.,1.),
(0.,0.,1.),(0.819158021563969,0.573567899823033,0.),(0.819158021563969,
0.573567899823033,0.),(0.,0.,-1.),(0.,0.,1.),(0.819139391272188,0.573594506307574,
0.),(0.84339624295811,0.537292078262973,0.),(0.,0.,1.),(0.,0.,1.),(0.793326446816776,
0.608796475664133,0.),(0.793326446816776,0.608796475664133,0.),(0.,0.,-1.),
(0.,0.,1.),(0.793361630539246,0.608750624794841,0.),(0.819139391272188,
0.573594506307574,0.),(0.,0.,1.),(0.,0.,1.),(0.766011553026669,0.642826804535771,
0.),(0.766011553026669,0.642826804535771,0.),(0.,0.,-1.),(0.,0.,1.),(0.766048861490433,
0.642782344039732,0.),(0.793361630539246,0.608750624794841,0.),(0.,0.,1.),
(0.,0.,1.),(0.737282603353878,0.675584460146715,0.),(0.737282603353878,
0.675584460146715,0.),(0.,0.,-1.),(0.,0.,1.),(0.737271318666169,0.675596775208592,
0.),(0.766048861490433,0.642782344039732,0.),(0.,0.,1.),(0.,0.,1.),(0.707106781186548,
0.707106781186547,0.),(0.707106781186548,0.707106781186547,0.),(0.,0.,-1.),
(0.,0.,1.),(0.707106781186548,0.707106781186547,0.),(0.737271318666169,
0.675596775208592,0.),(0.,0.,1.),(0.,0.,1.),(0.675584460146715,0.737282603353878,
0.),(0.675584460146715,0.737282603353878,0.),(0.,0.,-1.),(0.,0.,1.),(0.675596775208592,
0.737271318666169,0.),(0.707106781186548,0.707106781186547,0.),(0.,0.,1.),
(0.,0.,1.),(0.642826804535771,0.766011553026669,0.),(0.642826804535771,
0.766011553026669,0.),(0.,0.,-1.),(0.,0.,1.),(0.642782344039732,0.766048861490433,
0.),(0.675596775208592,0.737271318666169,0.),(0.,0.,1.),(0.,0.,1.),(0.608796475664133,
0.793326446816776,0.),(0.608796475664133,0.793326446816776,0.),(0.,0.,-1.),
(0.,0.,1.),(0.608750624794841,0.793361630539246,0.),(0.642782344039732,
0.766048861490433,0.),(0.,0.,1.),(0.,0.,1.),(0.573567899823033,0.819158021563969,
0.),(0.573567899823033,0.819158021563969,0.),(0.,0.,-1.),(0.,0.,1.),(0.573594506307574,
0.819139391272188,0.),(0.608750624794841,0.793361630539246,0.),(0.,0.,1.),
(0.,0.,1.),(0.537301883274497,0.843389996519806,0.),(0.537301883274497,
0.843389996519806,0.),(0.,0.,-1.),(0.,0.,1.),(0.537292078262973,0.84339624295811,
0.),(0.573594506307574,0.819139391272188,0.),(0.,0.,1.),(0.,0.,1.),(0.500004218899597,
0.866022967987919,0.),(0.500004218899597,0.866022967987919,0.),(0.,0.,-1.),
(0.,0.,1.),(0.499986223114454,0.866033357726908,0.),(0.537292078262973,
0.84339624295811,0.),(0.,0.,1.),(0.,0.,1.),(0.461717504724458,0.887027026550499,
0.),(0.461717504724458,0.887027026550499,0.),(0.,0.,-1.),(0.,0.,1.),(0.46175663274149,
0.887006658441322,0.),(0.499986223114454,0.866033357726908,0.),(0.,0.,1.),
(0.,0.,1.),(0.422617668040374,0.906308063883422,0.),(0.422617668040374,
0.906308063883422,0.),(0.,0.,-1.),(0.,0.,1.),(0.422607001719733,0.906313037585501,
0.),(0.46175663274149,0.887006658441322,0.),(0.,0.,1.),(0.,0.,1.),(0.382669987399157,
0.923885101483907,0.),(0.382669987399157,0.923885101483907,0.),(0.,0.,-1.),
(0.,0.,1.),(0.382694516474038,0.923874941245136,0.),(0.422607001719733,
0.906313037585501,0.),(0.,0.,1.),(0.,0.,1.),(0.342010976842421,0.939695957062332,
0.),(0.342010976842421,0.939695957062332,0.),(0.,0.,-1.),(0.,0.,1.),(0.342029212394628,
0.939689319865194,0.),(0.382694516474038,0.923874941245136,0.),(0.,0.,1.),
(0.,0.,1.),(0.300740015508069,0.95370616180887,0.),(0.300740015508069,0.95370616180887,
0.),(0.,0.,-1.),(0.,0.,1.),(0.300697837066559,0.953719461258652,0.),(0.342029212394628,
0.939689319865194,0.),(0.,0.,1.),(0.,0.,1.),(0.258829767593171,0.965922953142571,
0.),(0.258829767593171,0.965922953142571,0.),(0.,0.,-1.),(0.,0.,1.),(0.258815084219154,
0.965926887595864,0.),(0.300697837066559,0.953719461258652,0.),(0.,0.,1.),
(0.,0.,1.),(0.216424071452249,0.976299452676294,0.),(0.216424071452249,
0.976299452676294,0.),(0.,0.,-1.),(0.,0.,1.),(0.216447880154409,0.976294174507183,
0.),(0.258815084219154,0.965926887595864,0.),(0.,0.,1.),(0.,0.,1.),(0.173669505727917,
0.984803992061477,0.),(0.173669505727917,0.984803992061477,0.),(0.,0.,-1.),
(0.,0.,1.),(0.173643511641407,0.984808575747003,0.),(0.216447880154409,
0.976294174507183,0.),(0.,0.,1.),(0.,0.,1.),(0.130511668070499,0.991446773406145,
0.),(0.130511668070499,0.991446773406145,0.),(0.,0.,-1.),(0.,0.,1.),(0.130520552087031,
0.991445603895088,0.),(0.173643511641407,0.984808575747003,0.),(0.,0.,1.),
(0.,0.,1.),(0.0870974596127515,0.996199795487334,0.),(0.0870974596127515,
0.996199795487334,0.),(0.,0.,-1.),(0.,0.,1.),(0.0871560981445259,0.996194666998485,
0.),(0.130520552087031,0.991445603895088,0.),(0.,0.,1.),(0.,0.,1.),(0.043614734067598,
0.999048424738367,0.),(0.043614734067598,0.999048424738367,0.),(0.,0.,-1.),
(0.,0.,1.),(0.0436236692653707,0.999048034620871,0.),(0.0871560981445259,
0.996194666998485,0.),(0.,0.,1.),(0.,0.,1.),(1.94967092968065E-5,0.999999999809939,
0.),(1.94967092968065E-5,0.999999999809939,0.),(0.,0.,-1.),(0.,0.,1.),(-1.27187186590494E-5,
0.999999999919117,0.),(0.0436236692653707,0.999048034620871,0.),(0.,0.,
1.),(0.,0.,1.),(-0.0435775775597994,0.999050046160862,0.),(-0.0435775775597994,
0.999050046160862,0.),(0.,0.,-1.),(0.,0.,1.),(-0.0436337017174155,0.999047596501005,
0.),(-1.27187186590494E-5,0.999999999919117,0.),(0.,0.,1.),(0.,0.,1.),(-0.0871560038789546,
0.996194675245683,0.),(-0.0871560038789546,0.996194675245683,0.),(0.,0.,
-1.),(0.,0.,1.),(-0.0871347133771003,0.99619653769961,0.),(-0.0436337017174155,
0.999047596501005,0.),(0.,0.,1.),(0.,0.,1.),(-0.13054636563953,0.991442205283954,
0.),(-0.13054636563953,0.991442205283954,0.),(0.,0.,-1.),(0.,0.,1.),(-0.130526048436584,
0.991444880303252,0.),(-0.0871347133771003,0.99619653769961,0.),(0.,0.,
1.),(0.,0.,1.),(-0.17365770601139,0.98480607286047,0.),(-0.17365770601139,
0.98480607286047,0.),(0.,0.,-1.),(0.,0.,1.),(-0.173665997245787,0.98480461077344,
0.),(-0.130526048436584,0.991444880303252,0.),(0.,0.,1.),(0.,0.,1.),(-0.216449024751349,
0.97629392074528,0.),(-0.216449024751349,0.97629392074528,0.),(0.,0.,-1.),
(0.,0.,1.),(-0.216433891450622,0.97629727574727,0.),(-0.173665997245787,
0.98480461077344,0.),(0.,0.,1.),(0.,0.,1.),(-0.258803925264226,0.965929877510696,
0.),(-0.258803925264226,0.965929877510696,0.),(0.,0.,-1.),(0.,0.,1.),(-0.258819243976128,
0.965925773001024,0.),(-0.216433891450622,0.97629727574727,0.),(0.,0.,1.),
(0.,0.,1.),(-0.300695704144425,0.953720133744217,0.),(-0.300695704144425,
0.953720133744217,0.),(0.,0.,-1.),(0.,0.,1.),(-0.300697517829172,0.953719561910825,
0.),(-0.258819243976128,0.965925773001024,0.),(0.,0.,1.),(0.,0.,1.),(-0.34202619432915,
0.939690418378691,0.),(-0.34202619432915,0.939690418378691,0.),(0.,0.,-1.),
(0.,0.,1.),(-0.342000091020155,0.939699918985953,0.),(-0.300697517829172,
0.953719561910825,0.),(0.,0.,1.),(0.,0.,1.),(-0.382696924015251,0.923873943971398,
0.),(-0.382696924015251,0.923873943971398,0.),(0.,0.,-1.),(0.,0.,1.),(-0.382698687135753,
0.923873213630837,0.),(-0.342000091020155,0.939699918985953,0.),(0.,0.,
1.),(0.,0.,1.),(-0.422607190986247,0.906312949331915,0.),(-0.422607190986247,
0.906312949331915,0.),(0.,0.,-1.),(0.,0.,1.),(-0.422629595289172,0.90630250202993,
0.),(-0.382698687135753,0.923873213630837,0.),(0.,0.,1.),(0.,0.,1.),(-0.461743589872965,
0.887013448156919,0.),(-0.461743589872965,0.887013448156919,0.),(0.,0.,
-1.),(0.,0.,1.),(-0.461740176688528,0.88701522491536,0.),(-0.422629595289172,
0.90630250202993,0.),(0.,0.,1.),(0.,0.,1.),(-0.500004026053389,0.866023079328953,
0.),(-0.500004026053389,0.866023079328953,0.),(0.,0.,-1.),(0.,0.,1.),(-0.499994770557284,
0.866028422983546,0.),(-0.461740176688528,0.88701522491536,0.),(0.,0.,1.),
(0.,0.,1.),(-0.537298597808457,0.843392089595975,0.),(-0.537298597808457,
0.843392089595975,0.),(0.,0.,-1.),(0.,0.,1.),(-0.537301954578249,0.843389951094032,
0.),(-0.499994770557284,0.866028422983546,0.),(0.,0.,1.),(0.,0.,1.),(-0.573572983662432,
0.819154461876743,0.),(-0.573572983662432,0.819154461876743,0.),(0.,0.,
-1.),(0.,0.,1.),(-0.5735779209095,0.819151004787967,0.),(-0.537301954578249,
0.843389951094032,0.),(0.,0.,1.),(0.,0.,1.),(-0.608764293381739,0.793351142372299,
0.),(-0.608764293381739,0.793351142372299,0.),(0.,0.,-1.),(0.,0.,1.),(-0.608760599186599,
0.793353977035455,0.),(-0.5735779209095,0.819151004787967,0.),(0.,0.,1.),
(0.,0.,1.),(-0.642790593043074,0.766041939775711,0.),(-0.642790593043074,
0.766041939775711,0.),(0.,0.,-1.),(0.,0.,1.),(-0.642789185425204,0.766043120914484,
0.),(-0.608760599186599,0.793353977035455,0.),(0.,0.,1.),(0.,0.,1.),(-0.675589587928254,
0.737277904648533,0.),(-0.675589587928254,0.737277904648533,0.),(0.,0.,
-1.),(0.,0.,1.),(-0.675590801667076,0.737276792461852,0.),(-0.642789185425204,
0.766043120914484,0.),(0.,0.,1.),(0.,0.,1.),(-0.707106781186548,0.707106781186547,
0.),(-0.707106781186548,0.707106781186547,0.),(0.,0.,-1.),(0.,0.,1.),(-0.707106331607555,
0.707107230765255,0.),(-0.675590801667076,0.737276792461852,0.),(0.,0.,
1.),(0.,0.,1.),(-0.737277904648533,0.675589587928254,0.),(-0.737277904648533,
0.675589587928254,0.),(0.,0.,-1.),(0.,0.,1.),(-0.737277650656607,0.675589865112166,
0.),(-0.707106331607555,0.707107230765255,0.),(0.,0.,1.),(-0.766045435784312,
0.642786426672207,0.),(0.,0.,-1.),(-0.737277650656607,0.675589865112166,
0.),(0.,0.,1.),(0.,0.,1.),(0.,0.,1.),(-0.707106781186548,0.707106781186547,
0.),(0.,0.,1.),(-0.793351142372297,0.608764293381742,0.),(0.,0.,1.),(-0.793353977035456,
0.608760599186597,0.),(0.,0.,1.),(-0.819154461876737,0.57357298366244,0.),
(0.,0.,1.),(-0.766043120914484,0.642789185425204,0.),(-0.819154461876737,
0.57357298366244,0.),(0.,0.,-1.),(0.,0.,1.),(-0.766041939775703,0.642790593043083,
0.),(-0.793351142372297,0.608764293381742,0.),(0.,0.,-1.),(0.,0.,1.),(-0.819151004787963,
0.573577920909506,0.),(-0.793353977035456,0.608760599186597,0.),(0.,0.,
1.),(0.,0.,1.),(-0.766043120914484,0.642789185425204,0.),(0.,0.,1.),(-0.843392089595977,
0.537298597808455,0.),(-0.843392089595977,0.537298597808455,0.),(0.,0.,
-1.),(0.,0.,1.),(-0.843389951094032,0.537301954578249,0.),(-0.819151004787963,
0.573577920909506,0.),(0.,0.,1.),(0.,0.,1.),(-0.866023079328942,0.500004026053408,
0.),(-0.866023079328942,0.500004026053408,0.),(0.,0.,-1.),(0.,0.,1.),(-0.866028422983546,
0.499994770557284,0.),(-0.843389951094032,0.537301954578249,0.),(0.,0.,
1.),(0.,0.,1.),(-0.887013448156907,0.461743589872987,0.),(-0.887013448156907,
0.461743589872987,0.),(0.,0.,-1.),(0.,0.,1.),(-0.887015224915365,0.461740176688519,
0.),(-0.866028422983546,0.499994770557284,0.),(0.,0.,1.),(0.,0.,1.),(-0.906312949331927,
0.422607190986221,0.),(-0.906312949331927,0.422607190986221,0.),(0.,0.,
-1.),(0.,0.,1.),(-0.90630250202993,0.422629595289172,0.),(-0.887015224915365,
0.461740176688519,0.),(0.,0.,1.),(0.,0.,1.),(-0.923873943971407,0.382696924015228,
0.),(-0.923873943971407,0.382696924015228,0.),(0.,0.,-1.),(0.,0.,1.),(-0.923877705870049,
0.38268784223737,0.),(-0.90630250202993,0.422629595289172,0.),(0.,0.,1.),
(0.,0.,1.),(-0.939690418378701,0.342026194329121,0.),(-0.939690418378701,
0.342026194329121,0.),(0.,0.,-1.),(0.,0.,1.),(-0.939695115907042,0.342013287958889,
0.),(-0.923877705870049,0.38268784223737,0.),(0.,0.,1.),(0.,0.,1.),(-0.953720133744217,
0.300695704144428,0.),(-0.953720133744217,0.300695704144428,0.),(0.,0.,
-1.),(0.,0.,1.),(-0.953716024214613,0.30070873807768,0.),(-0.939695115907042,
0.342013287958889,0.),(0.,0.,1.),(0.,0.,1.),(-0.965929877510688,0.258803925264257,
0.),(-0.965929877510688,0.258803925264257,0.),(0.,0.,-1.),(0.,0.,1.),(-0.965925487713768,
0.258820308679438,0.),(-0.953716024214613,0.30070873807768,0.),(0.,0.,1.),
(0.,0.,1.),(-0.976293920745286,0.216449024751318,0.),(-0.976293920745286,
0.216449024751318,0.),(0.,0.,-1.),(0.,0.,1.),(-0.976297507800945,0.216432844692443,
0.),(-0.965925487713768,0.258820308679438,0.),(0.,0.,1.),(0.,0.,1.),(-0.984806072860463,
0.173657706011432,0.),(-0.984806072860463,0.173657706011432,0.),(0.,0.,
-1.),(0.,0.,1.),(-0.984807422642041,0.173650051278831,0.),(-0.976297507800945,
0.216432844692443,0.),(0.,0.,1.),(0.,0.,1.),(-0.991446286838421,0.13051536428447,
0.),(-0.991446286838421,0.13051536428447,0.),(0.,0.,-1.),(0.,0.,1.),(-0.991444880303255,
0.130526048436563,0.),(-0.984807422642041,0.173650051278831,0.),(0.,0.,
1.),(0.,0.,1.),(-0.996194529135087,0.0871576739095383,0.),(-0.996194529135087,
0.0871576739095383,0.),(0.,0.,-1.),(0.,0.,1.),(-0.996196537699612,0.0871347133770752,
0.),(-0.991444880303255,0.130526048436563,0.),(0.,0.,1.),(0.,0.,1.),(-0.999048609942569,
0.0436104915338073,0.),(-0.999048609942569,0.0436104915338073,0.),(0.,0.,
-1.),(0.,0.,1.),(-0.999047596500994,0.0436337017176701,0.),(-0.996196537699612,
0.0871347133770752,0.),(0.,0.,1.),(0.,0.,1.),(-0.999999999809939,-1.94967093070796E-5,
0.),(-0.999999999809939,-1.94967093070796E-5,0.),(0.,0.,-1.),(0.,0.,1.),
(-0.999999999919117,1.27187186615215E-5,0.),(-0.999047596500994,0.0436337017176701,
0.),(0.,0.,1.),(0.,0.,1.),(-0.999048424738365,-0.0436147340676554,0.),(-0.999048424738365,
-0.0436147340676554,0.),(0.,0.,-1.),(0.,0.,1.),(-0.999048034620872,-0.0436236692653657,
0.),(-0.999999999919117,1.27187186615215E-5,0.),(0.,0.,1.),(0.,0.,1.),(-0.996199795487334,
-0.0870974596127516,0.),(-0.996199795487334,-0.0870974596127516,0.),(0.,
0.,-1.),(0.,0.,1.),(-0.996194666998487,-0.0871560981444997,0.),(-0.999048034620872,
-0.0436236692653657,0.),(0.,0.,1.),(0.,0.,1.),(-0.991446773406151,-0.130511668070454,
0.),(-0.991446773406151,-0.130511668070454,0.),(0.,0.,-1.),(0.,0.,1.),(-0.991445603895092,
-0.130520552087002,0.),(-0.996194666998487,-0.0871560981444997,0.),(0.,
0.,1.),(0.,0.,1.),(-0.984803992061478,-0.173669505727909,0.),(-0.984803992061478,
-0.173669505727909,0.),(0.,0.,-1.),(0.,0.,1.),(-0.984808575747001,-0.173643511641419,
0.),(-0.991445603895092,-0.130520552087002,0.),(0.,0.,1.),(0.,0.,1.),(-0.976299452676301,
-0.21642407145222,0.),(-0.976299452676301,-0.21642407145222,0.),(0.,0.,
-1.),(0.,0.,1.),(-0.97629417450725,-0.216447880154109,0.),(-0.984808575747001,
-0.173643511641419,0.),(0.,0.,1.),(0.,0.,1.),(-0.965922953142505,-0.258829767593416,
0.),(-0.965922953142505,-0.258829767593416,0.),(0.,0.,-1.),(0.,0.,1.),(-0.965926887595861,
-0.258815084219162,0.),(-0.97629417450725,-0.216447880154109,0.),(0.,0.,
1.),(0.,0.,1.),(-0.953706161808867,-0.300740015508078,0.),(-0.953706161808867,
-0.300740015508078,0.),(0.,0.,-1.),(0.,0.,1.),(-0.953719461258652,-0.300697837066558,
0.),(-0.965926887595861,-0.258815084219162,0.),(0.,0.,1.),(0.,0.,1.),(-0.939695957062297,
-0.34201097684252,0.),(-0.939695957062297,-0.34201097684252,0.),(0.,0.,
-1.),(0.,0.,1.),(-0.939689319865182,-0.342029212394661,0.),(-0.953719461258652,
-0.300697837066558,0.),(0.,0.,1.),(0.,0.,1.),(-0.923885101483893,-0.382669987399191,
0.),(-0.923885101483893,-0.382669987399191,0.),(0.,0.,-1.),(0.,0.,1.),(-0.923874941245137,
-0.382694516474035,0.),(-0.939689319865182,-0.342029212394661,0.),(0.,0.,
1.),(0.,0.,1.),(-0.906308063883443,-0.422617668040328,0.),(-0.906308063883443,
-0.422617668040328,0.),(0.,0.,-1.),(0.,0.,1.),(-0.906313037585499,-0.422607001719736,
0.),(-0.923874941245137,-0.382694516474035,0.),(0.,0.,1.),(0.,0.,1.),(-0.887027026550499,
-0.461717504724459,0.),(-0.887027026550499,-0.461717504724459,0.),(0.,0.,
-1.),(0.,0.,1.),(-0.887019578195121,-0.46173181382546,0.),(-0.906313037585499,
-0.422607001719736,0.),(0.,0.,1.),(0.,0.,1.),(-0.866022967987919,-0.500004218899596,
0.),(-0.866022967987919,-0.500004218899596,0.),(0.,0.,-1.),(0.,0.,1.),(-0.866033193579932,
-0.499986507435695,0.),(-0.887019578195121,-0.46173181382546,0.),(0.,0.,
1.),(0.,0.,1.),(-0.8433899965198,-0.537301883274507,0.),(-0.8433899965198,
-0.537301883274507,0.),(0.,0.,-1.),(0.,0.,1.),(-0.843381032618184,-0.537315953438837,
0.),(-0.866033193579932,-0.499986507435695,0.),(0.,0.,1.),(0.,0.,1.),(-0.819129696762297,
-0.573608350603535,0.),(-0.819129696762297,-0.573608350603535,0.),(0.,0.,
-1.),(0.,0.,1.),(-0.819139391272113,-0.573594506307681,0.),(-0.843381032618184,
-0.537315953438837,0.),(0.,0.,1.),(0.,0.,1.),(-0.793326619221352,-0.608796251002599,
0.),(-0.793326619221352,-0.608796251002599,0.),(0.,0.,-1.),(0.,0.,1.),(-0.793361630539278,
-0.608750624794799,0.),(-0.819139391272113,-0.573594506307681,0.),(0.,0.,
1.),(0.,0.,1.),(-0.766043478054337,-0.642788759804039,0.),(-0.766043478054337,
-0.642788759804039,0.),(0.,0.,-1.),(0.,0.,1.),(-0.766048861490459,-0.642782344039701,
0.),(-0.793361630539278,-0.608750624794799,0.),(0.,0.,1.),(0.,0.,1.),(-0.737282603353878,
-0.675584460146715,0.),(-0.737282603353878,-0.675584460146715,0.),(0.,0.,
-1.),(0.,0.,1.),(-0.737271318666153,-0.675596775208609,0.),(-0.766048861490459,
-0.642782344039701,0.),(0.,0.,1.),(0.,0.,1.),(-0.707106781186547,-0.707106781186548,
0.),(-0.707106781186547,-0.707106781186548,0.),(0.,0.,-1.),(0.,0.,1.),(-0.707106781186547,
-0.707106781186548,0.),(-0.737271318666153,-0.675596775208609,0.),(0.,0.,
1.),(0.,0.,1.),(-0.675584460146715,-0.737282603353878,0.),(-0.675584460146715,
-0.737282603353878,0.),(0.,0.,-1.),(0.,0.,1.),(-0.675596775208609,-0.737271318666153,
0.),(-0.707106781186547,-0.707106781186548,0.),(0.,0.,1.),(0.,0.,1.),(-0.642788759804039,
-0.766043478054337,0.),(-0.642788759804039,-0.766043478054337,0.),(0.,0.,
-1.),(0.,0.,1.),(-0.642782344039701,-0.766048861490459,0.),(-0.675596775208609,
-0.737271318666153,0.),(0.,0.,1.),(0.,0.,1.),(-0.608796251002599,-0.793326619221352,
0.),(-0.608796251002599,-0.793326619221352,0.),(0.,0.,-1.),(0.,0.,1.),(-0.608750624794799,
-0.793361630539278,0.),(-0.642782344039701,-0.766048861490459,0.),(0.,0.,
1.),(0.,0.,1.),(-0.573608350603535,-0.819129696762297,0.),(-0.573608350603535,
-0.819129696762297,0.),(0.,0.,-1.),(0.,0.,1.),(-0.573594506307681,-0.819139391272113,
0.),(-0.608750624794799,-0.793361630539278,0.),(0.,0.,1.),(0.,0.,1.),(-0.537301883274507,
-0.8433899965198,0.),(-0.537301883274507,-0.8433899965198,0.),(0.,0.,-1.),
(0.,0.,1.),(-0.537315953438837,-0.843381032618184,0.),(-0.573594506307681,
-0.819139391272113,0.),(0.,0.,1.),(0.,0.,1.),(-0.500004218899596,-0.866022967987919,
0.),(-0.500004218899596,-0.866022967987919,0.),(0.,0.,-1.),(0.,0.,1.),(-0.499986507435695,
-0.866033193579932,0.),(-0.537315953438837,-0.843381032618184,0.),(0.,0.,
1.),(0.,0.,1.),(-0.461717504724459,-0.887027026550499,0.),(-0.461717504724459,
-0.887027026550499,0.),(0.,0.,-1.),(0.,0.,1.),(-0.46173181382546,-0.887019578195121,
0.),(-0.499986507435695,-0.866033193579932,0.),(0.,0.,1.),(0.,0.,1.),(-0.422617668040328,
-0.906308063883443,0.),(-0.422617668040328,-0.906308063883443,0.),(0.,0.,
-1.),(0.,0.,1.),(-0.422607001719736,-0.906313037585499,0.),(-0.46173181382546,
-0.887019578195121,0.),(0.,0.,1.),(0.,0.,1.),(-0.382669987399191,-0.923885101483893,
0.),(-0.382669987399191,-0.923885101483893,0.),(0.,0.,-1.),(0.,0.,1.),(-0.382694516474035,
-0.923874941245137,0.),(-0.422607001719736,-0.906313037585499,0.),(0.,0.,
1.),(0.,0.,1.),(-0.34201097684252,-0.939695957062297,0.),(-0.34201097684252,
-0.939695957062297,0.),(0.,0.,-1.),(0.,0.,1.),(-0.342029212394661,-0.939689319865182,
0.),(-0.382694516474035,-0.923874941245137,0.),(0.,0.,1.),(0.,0.,1.),(-0.300740015508067,
-0.95370616180887,0.),(-0.300740015508067,-0.95370616180887,0.),(0.,0.,
-1.),(0.,0.,1.),(-0.300697837066558,-0.953719461258652,0.),(-0.342029212394661,
-0.939689319865182,0.),(0.,0.,1.),(0.,0.,1.),(-0.258829767593416,-0.965922953142505,
0.),(-0.258829767593416,-0.965922953142505,0.),(0.,0.,-1.),(0.,0.,1.),(-0.258815084219162,
-0.965926887595861,0.),(-0.300697837066558,-0.953719461258652,0.),(0.,0.,
1.),(0.,0.,1.),(-0.21642407145222,-0.976299452676301,0.),(-0.21642407145222,
-0.976299452676301,0.),(0.,0.,-1.),(0.,0.,1.),(-0.216447880154109,-0.97629417450725,
0.),(-0.258815084219162,-0.965926887595861,0.),(0.,0.,1.),(0.,0.,1.),(-0.173669505727909,
-0.984803992061478,0.),(-0.173669505727909,-0.984803992061478,0.),(0.,0.,
-1.),(0.,0.,1.),(-0.173643511641419,-0.984808575747001,0.),(-0.216447880154109,
-0.97629417450725,0.),(0.,0.,1.),(0.,0.,1.),(-0.130511668070454,-0.991446773406151,
0.),(-0.130511668070454,-0.991446773406151,0.),(0.,0.,-1.),(0.,0.,1.),(-0.130520552087314,
-0.991445603895051,0.),(-0.173643511641419,-0.984808575747001,0.),(0.,0.,
1.),(0.,0.,1.),(-0.0870974596127516,-0.996199795487334,0.),(-0.0870974596127516,
-0.996199795487334,0.),(0.,0.,-1.),(0.,0.,1.),(-0.0871560981444997,-0.996194666998487,
0.),(-0.130520552087314,-0.991445603895051,0.),(0.,0.,1.),(0.,0.,1.),(-0.0436147340676554,
-0.999048424738365,0.),(-0.0436147340676554,-0.999048424738365,0.),(0.,
0.,-1.),(0.,0.,1.),(-0.0436236692653657,-0.999048034620872,0.),(-0.0871560981444997,
-0.996194666998487,0.),(0.,0.,1.),(0.,0.,1.),(-1.94967093070796E-5,-0.999999999809939,
0.),(-1.94967093070796E-5,-0.999999999809939,0.),(0.,0.,-1.),(0.,0.,1.),
(1.27187186615215E-5,-0.999999999919117,0.),(-0.0436236692653657,-0.999048034620872,
0.),(0.,0.,1.),(0.,0.,1.),(0.0436104915338073,-0.999048609942569,0.),(0.0436104915338073,
-0.999048609942569,0.),(0.,0.,-1.),(0.,0.,1.),(0.0436337017176127,-0.999047596500997,
0.),(1.27187186615215E-5,-0.999999999919117,0.),(0.,0.,1.),(0.,0.,1.),(0.0871576739095383,
-0.996194529135087,0.),(0.0871576739095383,-0.996194529135087,0.),(0.,0.,
-1.),(0.,0.,1.),(0.0871347133770752,-0.996196537699612,0.),(0.0436337017176127,
-0.999047596500997,0.),(0.,0.,1.),(0.,0.,1.),(0.13051536428447,-0.991446286838421,
0.),(0.13051536428447,-0.991446286838421,0.),(0.,0.,-1.),(0.,0.,1.),(0.130526048436563,
-0.991444880303255,0.),(0.0871347133770752,-0.996196537699612,0.),(0.,0.,
1.),(0.,0.,1.),(0.173657706011432,-0.984806072860463,0.),(0.173657706011432,
-0.984806072860463,0.),(0.,0.,-1.),(0.,0.,1.),(0.173650051278831,-0.984807422642041,
0.),(0.130526048436563,-0.991444880303255,0.),(0.,0.,1.),(0.,0.,1.),(0.216449024751318,
-0.976293920745286,0.),(0.216449024751318,-0.976293920745286,0.),(0.,0.,
-1.),(0.,0.,1.),(0.216432844692443,-0.976297507800945,0.),(0.173650051278831,
-0.984807422642041,0.),(0.,0.,1.),(0.,0.,1.),(0.258803925264257,-0.965929877510688,
0.),(0.258803925264257,-0.965929877510688,0.),(0.,0.,-1.),(0.,0.,1.),(0.258820308679438,
-0.965925487713768,0.),(0.216432844692443,-0.976297507800945,0.),(0.,0.,
1.),(0.,0.,1.),(0.300695704144428,-0.953720133744217,0.),(0.300695704144428,
-0.953720133744217,0.),(0.,0.,-1.),(0.,0.,1.),(0.30070873807768,-0.953716024214613,
0.),(0.258820308679438,-0.965925487713768,0.),(0.,0.,1.),(0.,0.,1.),(0.342026194329121,
-0.939690418378701,0.),(0.342026194329121,-0.939690418378701,0.),(0.,0.,
-1.),(0.,0.,1.),(0.342013287958889,-0.939695115907042,0.),(0.30070873807768,
-0.953716024214613,0.),(0.,0.,1.),(0.,0.,1.),(0.382696924015228,-0.923873943971407,
0.),(0.382696924015228,-0.923873943971407,0.),(0.,0.,-1.),(0.,0.,1.),(0.38268784223737,
-0.923877705870049,0.),(0.342013287958889,-0.939695115907042,0.),(0.,0.,
1.),(0.,0.,1.),(0.422607190986221,-0.906312949331927,0.),(0.422607190986221,
-0.906312949331927,0.),(0.,0.,-1.),(0.,0.,1.),(0.422629595289172,-0.90630250202993,
0.),(0.38268784223737,-0.923877705870049,0.),(0.,0.,1.),(0.,0.,1.),(0.461743589872987,
-0.887013448156907,0.),(0.461743589872987,-0.887013448156907,0.),(0.,0.,
-1.),(0.,0.,1.),(0.461740176688519,-0.887015224915365,0.),(0.422629595289172,
-0.90630250202993,0.),(0.,0.,1.),(0.,0.,1.),(0.500004026053408,-0.866023079328942,
0.),(0.500004026053408,-0.866023079328942,0.),(0.,0.,-1.),(0.,0.,1.),(0.499994770557284,
-0.866028422983546,0.),(0.461740176688519,-0.887015224915365,0.),(0.,0.,
1.),(0.,0.,1.),(0.537298597808455,-0.843392089595977,0.),(0.537298597808455,
-0.843392089595977,0.),(0.,0.,-1.),(0.,0.,1.),(0.537301954578249,-0.843389951094032,
0.),(0.499994770557284,-0.866028422983546,0.),(0.,0.,1.),(0.,0.,1.),(0.57357298366244,
-0.819154461876737,0.),(0.57357298366244,-0.819154461876737,0.),(0.,0.,
-1.),(0.,0.,1.),(0.573577920909506,-0.819151004787963,0.),(0.537301954578249,
-0.843389951094032,0.),(0.,0.,1.),(0.,0.,1.),(0.608764293381742,-0.793351142372297,
0.),(0.608764293381742,-0.793351142372297,0.),(0.,0.,-1.),(0.,0.,1.),(0.608760599186597,
-0.793353977035456,0.),(0.573577920909506,-0.819151004787963,0.),(0.,0.,
1.),(0.,0.,1.),(0.642790593043083,-0.766041939775703,0.),(0.642790593043083,
-0.766041939775703,0.),(0.,0.,-1.),(0.,0.,1.),(0.64278918542521,-0.766043120914479,
0.),(0.608760599186597,-0.793353977035456,0.),(0.,0.,1.),(0.,0.,1.),(0.675589587928254,
-0.737277904648533,0.),(0.675589587928254,-0.737277904648533,0.),(0.,0.,
-1.),(0.,0.,1.),(0.675590801667077,-0.737276792461852,0.),(0.64278918542521,
-0.766043120914479,0.),(0.,0.,1.),(0.,0.,1.),(0.707106781186547,-0.707106781186548,
0.),(0.707106781186547,-0.707106781186548,0.),(0.,0.,-1.),(0.,0.,1.),(0.707106331607555,
-0.707107230765254,0.),(0.675590801667077,-0.737276792461852,0.),(0.,0.,
1.),(0.,0.,1.),(0.737277904648533,-0.675589587928254,0.),(0.737277904648533,
-0.675589587928254,0.),(0.,0.,-1.),(0.,0.,1.),(0.737277650656609,-0.675589865112163,
0.),(0.707106331607555,-0.707107230765254,0.),(0.,0.,1.),(0.,0.,1.),(0.766045435784323,
-0.642786426672193,0.),(0.766045435784323,-0.642786426672193,0.),(0.,0.,
-1.),(0.,0.,1.),(0.76604434612661,-0.642787725277525,0.),(0.737277650656609,
-0.675589865112163,0.),(0.,0.,1.),(0.,0.,1.),(0.793349826819071,-0.608766007827433,
0.),(0.793349826819071,-0.608766007827433,0.),(0.,0.,-1.),(0.,0.,1.),(0.793353977035455,
-0.608760599186599,0.),(0.76604434612661,-0.642787725277525,0.),(0.,0.,
1.),(0.,0.,1.),(0.819150102792724,-0.573579209085083,0.),(0.819150102792724,
-0.573579209085083,0.),(0.,0.,-1.),(0.,0.,1.),(0.819154265954078,-0.573573263471404,
0.),(0.793353977035455,-0.608760599186599,0.),(0.,0.,1.),(0.,0.,1.),(0.843392089595975,
-0.537298597808457,0.),(0.843392089595975,-0.537298597808457,0.),(0.,0.,
-1.),(0.,0.,1.),(0.843393006006305,-0.53729715932587,0.),(0.819154265954078,
-0.573573263471404,0.),(0.,0.,1.),(0.,0.,1.),(0.866030070119411,-0.499991917583643,
0.),(0.866030070119411,-0.499991917583643,0.),(0.,0.,-1.),(0.,0.,1.),(0.866024345228775,
-0.50000183346771,0.),(0.843393006006305,-0.53729715932587,0.),(0.,0.,1.),
(0.,0.,1.),(0.88701248858328,-0.461745433217587,0.),(0.88701248858328,-0.461745433217587,
0.),(0.,0.,-1.),(0.,0.,1.),(0.887007133393027,-0.461755720386748,0.),(0.866024345228775,
-0.50000183346771,0.),(0.,0.,1.),(0.,0.,1.),(0.906306162233875,-0.422621746124007,
0.),(0.906306162233875,-0.422621746124007,0.),(0.,0.,-1.),(0.,0.,1.),(0.906307470684874,
-0.42261894015861,0.),(0.887007133393027,-0.461755720386748,0.),(0.,0.,
1.),(0.,0.,1.),(0.923881643828337,-0.382678335155062,0.),(0.923881643828337,
-0.382678335155062,0.),(0.,0.,-1.),(0.,0.,1.),(0.923876806204703,-0.382690014185108,
0.),(0.906307470684874,-0.42261894015861,0.),(0.,0.,1.),(0.,0.,1.),(0.939689742073701,
-0.342028052418893,0.),(0.939689742073701,-0.342028052418893,0.),(0.,0.,
-1.),(0.,0.,1.),(0.939691495561215,-0.342023234839283,0.),(0.923876806204703,
-0.382690014185108,0.),(0.,0.,1.),(0.,0.,1.),(0.953713488792286,-0.30071677920536,
0.),(0.953713488792286,-0.30071677920536,0.),(0.,0.,-1.),(0.,0.,1.),(0.953719900414299,
-0.300696444198697,0.),(0.939691495561215,-0.342023234839283,0.),(0.,0.,
1.),(0.,0.,1.),(0.965923169106822,-0.258828961638054,0.),(0.965923169106822,
-0.258828961638054,0.),(0.,0.,-1.),(0.,0.,1.),(0.965925487713718,-0.258820308679624,
0.),(0.953719900414299,-0.300696444198697,0.),(0.,0.,1.),(0.,0.,1.),(0.976300326230448,
-0.216420130769574,0.),(0.976300326230448,-0.216420130769574,0.),(0.,0.,
-1.),(0.,0.,1.),(0.976297507800947,-0.216432844692434,0.),(0.965925487713718,
-0.258820308679624,0.),(0.,0.,1.),(0.,0.,1.),(0.984805453417089,-0.173661218813994,
0.),(0.984805453417089,-0.173661218813994,0.),(0.,0.,-1.),(0.,0.,1.),(0.984807422642056,
-0.173650051278744,0.),(0.976297507800947,-0.216432844692434,0.),(0.,0.,
1.),(0.,0.,1.),(0.991442657049263,-0.130542934634922,0.),(0.991442657049263,
-0.130542934634922,0.),(0.,0.,-1.),(0.,0.,1.),(0.991442499025572,-0.130544134781798,
0.),(0.984807422642056,-0.173650051278744,0.),(0.,0.,1.),(0.,0.,1.),(0.996197254395912,
-0.0871265191204524,0.),(0.996197254395912,-0.0871265191204524,0.),(0.,
0.,-1.),(0.,0.,1.),(0.996194947984665,-0.0871528864113564,0.),(0.991442499025572,
-0.130544134781798,0.),(0.,0.,1.),(0.,0.,1.),(0.999048609942563,-0.0436104915339423,
0.),(0.999048609942563,-0.0436104915339423,0.),(0.,0.,-1.),(0.,0.,1.),(0.999048475631458,
-0.0436135682839523,0.),(0.996194947984665,-0.0871528864113564,0.),(0.,
0.,1.),(0.,0.,1.),(0.999999999862328,-1.65934858351707E-5,0.),(0.999999999862328,
-1.65934858351707E-5,0.),(0.,0.,-1.),(0.,0.,1.),(0.999999999972369,7.43389960112417E-6,
0.),(0.999048475631458,-0.0436135682839523,0.),(0.,0.,1.),(0.,0.,1.),(0.999048360489018,
0.0436162057520508,0.),(0.999048360489018,0.0436162057520508,0.),(0.,0.,
-1.),(0.,0.,1.),(0.999048034620871,0.0436236692653707,0.),(0.999999999972369,
7.43389960112417E-6,0.),(0.,0.,1.),(0.,0.,1.),(0.996193127402034,0.0871736939503751,
0.),(0.996193127402034,0.0871736939503751,0.),(0.,0.,-1.),(0.,0.,1.),(0.996194666998485,
0.0871560981445259,0.),(0.999048034620871,0.0436236692653707,0.),(0.,0.,
1.),(0.,0.,1.),(0.991441687641843,0.130550296843381,0.),(0.991441687641843,
0.130550296843381,0.),(0.,0.,-1.),(0.,0.,1.),(0.991442535954761,0.130543854315674,
0.),(0.996194666998485,0.0871560981445259,0.),(0.,0.,1.),(0.,0.,1.),(0.984811205308454,
0.173628597583781,0.),(0.984811205308454,0.173628597583781,0.),(0.,0.,-1.),
(0.,0.,1.),(0.984808702354773,0.173642793591636,0.),(0.991442535954761,
0.130543854315674,0.),(0.,0.,1.),(0.,0.,1.),(0.976299198458214,0.216425218239114,
0.),(0.976299198458214,0.216425218239114,0.),(0.,0.,-1.),(0.,0.,1.),(0.976299419282485,
0.216424222093285,0.),(0.984808702354773,0.173642793591636,0.),(0.,0.,1.),
(0.,0.,1.),(0.965923235089952,0.258828715395647,0.),(0.965923235089952,
0.258828715395647,0.),(0.,0.,-1.),(0.,0.,1.),(0.965926887595864,0.258815084219154,
0.),(0.976299419282485,0.216424222093285,0.),(0.,0.,1.),(0.,0.,1.),(0.953732807147678,
0.3006555048061,0.),(0.953732807147678,0.3006555048061,0.),(0.,0.,-1.),
(0.,0.,1.),(0.953719461258652,0.300697837066559,0.),(0.965926887595864,
0.258815084219154,0.),(0.,0.,1.),(0.,0.,1.),(0.93969564161039,0.342011843564571,
0.),(0.93969564161039,0.342011843564571,0.),(0.,0.,-1.),(0.,0.,1.),(0.939689319865194,
0.342029212394628,0.),(0.953719461258652,0.300697837066559,0.),(0.,0.,1.),
(0.,0.,1.),(0.923867600685996,0.382712237069448,0.),(0.923867600685996,
0.382712237069448,0.),(0.,0.,-1.),(0.,0.,1.),(0.923874941245136,0.382694516474038,
0.),(0.939689319865194,0.342029212394628,0.),(0.,0.,1.),(0.,0.,1.),(0.906308063883422,
0.422617668040374,0.),(0.906308063883422,0.422617668040374,0.),(0.,0.,-1.),
(0.,0.,1.),(0.906301374193982,0.422632013853779,0.),(0.923874941245136,
0.382694516474038,0.),(0.,0.,1.),(0.,0.,1.),(0.887004878915422,0.461760051087399,
0.),(0.887004878915422,0.461760051087399,0.),(0.,0.,-1.),(0.,0.,1.),(0.887006835050102,
0.461756293486511,0.),(0.906301374193982,0.422632013853779,0.),(0.,0.,1.),
(0.,0.,1.),(0.866023250381304,0.50000372978509,0.),(0.866023250381304,0.50000372978509,
0.),(0.,0.,-1.),(0.,0.,1.),(0.866033193579873,0.499986507435797,0.),(0.887006835050102,
0.461756293486511,0.),(0.,0.,1.),(0.,0.,1.),(0.843389743353278,0.537302280663773,
0.),(0.843389743353278,0.537302280663773,0.),(0.,0.,-1.),(0.,0.,1.),(0.843396391310061,
0.537291845392396,0.),(0.866033193579873,0.499986507435797,0.),(0.,0.,1.),
(0.,0.,1.),(0.819158238710653,0.573567589698426,0.),(0.819158238710653,
0.573567589698426,0.),(0.,0.,-1.),(0.,0.,1.),(0.81915578698705,0.573571091187157,
0.),(0.843396391310061,0.537291845392396,0.),(0.,0.,1.),(0.,0.,1.),(0.793356508388281,
0.608757300242022,0.),(0.793356508388281,0.608757300242022,0.),(0.,0.,-1.),
(0.,0.,1.),(0.793361630539246,0.608750624794841,0.),(0.81915578698705,0.573571091187157,
0.),(0.,0.,1.),(0.,0.,1.),(0.766043600182006,0.642788614258366,0.),(0.766043600182006,
0.642788614258366,0.),(0.,0.,-1.),(0.,0.,1.),(0.766048861490433,0.642782344039732,
0.),(0.793361630539246,0.608750624794841,0.),(0.,0.,1.),(0.,0.,1.),(0.737282539155792,
0.675584530207721,0.),(0.737282539155792,0.675584530207721,0.),(0.,0.,-1.),
(0.,0.,1.),(0.737271318666169,0.675596775208592,0.),(0.766048861490433,
0.642782344039732,0.),(0.,0.,1.),(0.,0.,1.),(0.707106781186548,0.707106781186547,
0.),(0.707106781186548,0.707106781186547,0.),(0.,0.,-1.),(0.,0.,1.),(0.707106781186548,
0.707106781186547,0.),(0.737271318666169,0.675596775208592,0.),(0.,0.,1.),
(0.,0.,1.),(0.675584530207721,0.737282539155792,0.),(0.675584530207721,
0.737282539155792,0.),(0.,0.,-1.),(0.,0.,1.),(0.675596775208592,0.737271318666169,
0.),(0.707106781186548,0.707106781186547,0.),(0.,0.,1.),(0.,0.,1.),(0.642788614258366,
0.766043600182006,0.),(0.642788614258366,0.766043600182006,0.),(0.,0.,-1.),
(0.,0.,1.),(0.642782344039732,0.766048861490433,0.),(0.675596775208592,
0.737271318666169,0.),(0.,0.,1.),(0.,0.,1.),(0.608757300242022,0.793356508388281,
0.),(0.608757300242022,0.793356508388281,0.),(0.,0.,-1.),(0.,0.,1.),(0.608750624794841,
0.793361630539246,0.),(0.642782344039732,0.766048861490433,0.),(0.,0.,1.),
(0.,0.,1.),(0.573567589698426,0.819158238710653,0.),(0.573567589698426,
0.819158238710653,0.),(0.,0.,-1.),(0.,0.,1.),(0.573571091187157,0.81915578698705,
0.),(0.608750624794841,0.793361630539246,0.),(0.,0.,1.),(0.,0.,1.),(0.537302280663773,
0.843389743353278,0.),(0.537302280663773,0.843389743353278,0.),(0.,0.,-1.),
(0.,0.,1.),(0.537291845392396,0.843396391310061,0.),(0.573571091187157,
0.81915578698705,0.),(0.,0.,1.),(0.,0.,1.),(0.50000372978509,0.866023250381304,
0.),(0.50000372978509,0.866023250381304,0.),(0.,0.,-1.),(0.,0.,1.),(0.499986507435797,
0.866033193579873,0.),(0.537291845392396,0.843396391310061,0.),(0.,0.,1.),
(0.,0.,1.),(0.461760051087399,0.887004878915422,0.),(0.461760051087399,
0.887004878915422,0.),(0.,0.,-1.),(0.,0.,1.),(0.461756293486511,0.887006835050102,
0.),(0.499986507435797,0.866033193579873,0.),(0.,0.,1.),(0.,0.,1.),(0.422617668040374,
0.906308063883422,0.),(0.422617668040374,0.906308063883422,0.),(0.,0.,-1.),
(0.,0.,1.),(0.422632013853779,0.906301374193982,0.),(0.461756293486511,
0.887006835050102,0.),(0.,0.,1.),(0.,0.,1.),(0.382712237069448,0.923867600685996,
0.),(0.382712237069448,0.923867600685996,0.),(0.,0.,-1.),(0.,0.,1.),(0.382694516474038,
0.923874941245136,0.),(0.422632013853779,0.906301374193982,0.),(0.,0.,1.),
(0.,0.,1.),(0.342011843564571,0.93969564161039,0.),(0.342011843564571,0.93969564161039,
0.),(0.,0.,-1.),(0.,0.,1.),(0.342029212394628,0.939689319865194,0.),(0.382694516474038,
0.923874941245136,0.),(0.,0.,1.),(0.,0.,1.),(0.3006555048061,0.953732807147678,
0.),(0.3006555048061,0.953732807147678,0.),(0.,0.,-1.),(0.,0.,1.),(0.300697837066559,
0.953719461258652,0.),(0.342029212394628,0.939689319865194,0.),(0.,0.,1.),
(0.,0.,1.),(0.258828715395647,0.965923235089952,0.),(0.258828715395647,
0.965923235089952,0.),(0.,0.,-1.),(0.,0.,1.),(0.258815084219154,0.965926887595864,
0.),(0.300697837066559,0.953719461258652,0.),(0.,0.,1.),(0.,0.,1.),(0.216425218239114,
0.976299198458214,0.),(0.216425218239114,0.976299198458214,0.),(0.,0.,-1.),
(0.,0.,1.),(0.216424222093285,0.976299419282485,0.),(0.258815084219154,
0.965926887595864,0.),(0.,0.,1.),(0.,0.,1.),(0.173628597583781,0.984811205308454,
0.),(0.173628597583781,0.984811205308454,0.),(0.,0.,-1.),(0.,0.,1.),(0.173642793591636,
0.984808702354773,0.),(0.216424222093285,0.976299419282485,0.),(0.,0.,1.),
(0.,0.,1.),(0.130550296843381,0.991441687641843,0.),(0.130550296843381,
0.991441687641843,0.),(0.,0.,-1.),(0.,0.,1.),(0.130543854315674,0.991442535954761,
0.),(0.173642793591636,0.984808702354773,0.),(0.,0.,1.),(0.,0.,1.),(0.0871736939503751,
0.996193127402034,0.),(0.0871736939503751,0.996193127402034,0.),(0.,0.,
-1.),(0.,0.,1.),(0.0871560981445259,0.996194666998485,0.),(0.130543854315674,
0.991442535954761,0.),(0.,0.,1.),(0.,0.,1.),(0.0436162057518213,0.999048360489028,
0.),(0.0436162057518213,0.999048360489028,0.),(0.,0.,-1.),(0.,0.,1.),(0.0436236692653707,
0.999048034620871,0.),(0.0871560981445259,0.996194666998485,0.),(0.,0.,
1.),(0.,0.,1.),(-1.65934858351707E-5,0.999999999862328,0.),(-1.65934858351707E-5,
0.999999999862328,0.),(0.,0.,-1.),(0.,0.,1.),(7.43389960112417E-6,0.999999999972369,
0.),(0.0436236692653707,0.999048034620871,0.),(0.,0.,1.),(0.,0.,1.),(-0.0436104915339423,
0.999048609942563,0.),(-0.0436104915339423,0.999048609942563,0.),(0.,0.,
-1.),(0.,0.,1.),(-0.0436135682839523,0.999048475631458,0.),(7.43389960112417E-6,
0.999999999972369,0.),(0.,0.,1.),(0.,0.,1.),(-0.0871265191204524,0.996197254395912,
0.),(-0.0871265191204524,0.996197254395912,0.),(0.,0.,-1.),(0.,0.,1.),(-0.0871528864113564,
0.996194947984665,0.),(-0.0436135682839523,0.999048475631458,0.),(0.,0.,
1.),(0.,0.,1.),(-0.130542934634922,0.991442657049263,0.),(-0.130542934634922,
0.991442657049263,0.),(0.,0.,-1.),(0.,0.,1.),(-0.130544134781798,0.991442499025572,
0.),(-0.0871528864113564,0.996194947984665,0.),(0.,0.,1.),(0.,0.,1.),(-0.173661218813994,
0.984805453417089,0.),(-0.173661218813994,0.984805453417089,0.),(0.,0.,
-1.),(0.,0.,1.),(-0.173650051278744,0.984807422642056,0.),(-0.130544134781798,
0.991442499025572,0.),(0.,0.,1.),(0.,0.,1.),(-0.216420130769574,0.976300326230448,
0.),(-0.216420130769574,0.976300326230448,0.),(0.,0.,-1.),(0.,0.,1.),(-0.216432844692434,
0.976297507800947,0.),(-0.173650051278744,0.984807422642056,0.),(0.,0.,
1.),(0.,0.,1.),(-0.258828961638054,0.965923169106822,0.),(-0.258828961638054,
0.965923169106822,0.),(0.,0.,-1.),(0.,0.,1.),(-0.258820308679624,0.965925487713718,
0.),(-0.216432844692434,0.976297507800947,0.),(0.,0.,1.),(0.,0.,1.),(-0.30071677920536,
0.953713488792287,0.),(-0.30071677920536,0.953713488792287,0.),(0.,0.,-1.),
(0.,0.,1.),(-0.300696444198697,0.953719900414299,0.),(-0.258820308679624,
0.965925487713718,0.),(0.,0.,1.),(0.,0.,1.),(-0.342028052418893,0.939689742073701,
0.),(-0.342028052418893,0.939689742073701,0.),(0.,0.,-1.),(0.,0.,1.),(-0.342023234839283,
0.939691495561215,0.),(-0.300696444198697,0.953719900414299,0.),(0.,0.,
1.),(0.,0.,1.),(-0.382678335155062,0.923881643828337,0.),(-0.382678335155062,
0.923881643828337,0.),(0.,0.,-1.),(0.,0.,1.),(-0.382690014185108,0.923876806204703,
0.),(-0.342023234839283,0.939691495561215,0.),(0.,0.,1.),(0.,0.,1.),(-0.422621746124007,
0.906306162233875,0.),(-0.422621746124007,0.906306162233875,0.),(0.,0.,
-1.),(0.,0.,1.),(-0.42261894015861,0.906307470684874,0.),(-0.382690014185108,
0.923876806204703,0.),(0.,0.,1.),(0.,0.,1.),(-0.461745433217587,0.88701248858328,
0.),(-0.461745433217587,0.88701248858328,0.),(0.,0.,-1.),(0.,0.,1.),(-0.461755720386748,
0.887007133393027,0.),(-0.42261894015861,0.906307470684874,0.),(0.,0.,1.),
(0.,0.,1.),(-0.499991917583643,0.866030070119411,0.),(-0.499991917583643,
0.866030070119411,0.),(0.,0.,-1.),(0.,0.,1.),(-0.50000183346771,0.866024345228775,
0.),(-0.461755720386748,0.887007133393027,0.),(0.,0.,1.),(0.,0.,1.),(-0.537298597808457,
0.843392089595975,0.),(-0.537298597808457,0.843392089595975,0.),(0.,0.,
-1.),(0.,0.,1.),(-0.53729715932587,0.843393006006305,0.),(-0.50000183346771,
0.866024345228775,0.),(0.,0.,1.),(0.,0.,1.),(-0.573579209085083,0.819150102792724,
0.),(-0.573579209085083,0.819150102792724,0.),(0.,0.,-1.),(0.,0.,1.),(-0.573573263471404,
0.819154265954078,0.),(-0.53729715932587,0.843393006006305,0.),(0.,0.,1.),
(0.,0.,1.),(-0.608766007827433,0.793349826819071,0.),(-0.608766007827433,
0.793349826819071,0.),(0.,0.,-1.),(0.,0.,1.),(-0.608760599186599,0.793353977035455,
0.),(-0.573573263471404,0.819154265954078,0.),(0.,0.,1.),(0.,0.,1.),(-0.642786426672193,
0.766045435784323,0.),(-0.642786426672193,0.766045435784323,0.),(0.,0.,
-1.),(0.,0.,1.),(-0.642787725277525,0.76604434612661,0.),(-0.608760599186599,
0.793353977035455,0.),(0.,0.,1.),(0.,0.,1.),(-0.675589587928254,0.737277904648533,
0.),(-0.675589587928254,0.737277904648533,0.),(0.,0.,-1.),(0.,0.,1.),(-0.675589865112163,
0.737277650656609,0.),(-0.642787725277525,0.76604434612661,0.),(0.,0.,1.),
(0.,0.,1.),(-0.707106781186548,0.707106781186547,0.),(-0.707106781186548,
0.707106781186547,0.),(0.,0.,-1.),(0.,0.,1.),(-0.707107230765254,0.707106331607555,
0.),(-0.675589865112163,0.737277650656609,0.),(0.,0.,1.),(0.,0.,1.),(-0.737277904648533,
0.675589587928254,0.),(-0.737277904648533,0.675589587928254,0.),(0.,0.,
-1.),(0.,0.,1.),(-0.737276792461852,0.675590801667077,0.),(-0.707107230765254,
0.707106331607555,0.),(0.,0.,1.),(-0.766041939775703,0.642790593043083,
0.),(0.,0.,-1.),(-0.737276792461852,0.675590801667077,0.),(0.,0.,1.),(0.,
0.,1.),(0.,0.,1.),(-0.707106781186548,0.707106781186547,0.),(0.,0.,1.),
(-0.976294119163946,0.216448129781465,0.),(0.,0.,1.),(-0.976295639458264,
0.216441272346055,0.),(0.,0.,1.),(-0.984808482618141,0.173644039815233,
0.),(0.,0.,1.),(-0.965925630262414,0.258819776682848,0.),(-0.984808482618141,
0.173644039815233,0.),(0.,0.,-1.),(0.,0.,1.),(-0.965926523246624,0.258816444007504,
0.),(-0.976294119163946,0.216448129781465,0.),(0.,0.,-1.),(0.,0.,1.),(-0.984806107101572,
0.173657511831328,0.),(-0.976295639458264,0.216441272346055,0.),(0.,0.,
1.),(0.,0.,1.),(-0.965925630262414,0.258819776682848,0.),(0.,0.,1.),(-0.991444246102841,
0.130530865581934,0.),(-0.991444246102841,0.130530865581934,0.),(0.,0.,
-1.),(0.,0.,1.),(-0.991446004922806,0.13051750580902,0.),(-0.984806107101572,
0.173657511831328,0.),(0.,0.,1.),(0.,0.,1.),(-0.996194602083718,0.0871568401174695,
0.),(-0.996194602083718,0.0871568401174695,0.),(0.,0.,-1.),(0.,0.,1.),(-0.996195700432892,
0.0871442851770524,0.),(-0.991446004922806,0.13051750580902,0.),(0.,0.,
1.),(0.,0.,1.),(-0.999049328160277,0.0435940351711098,0.),(-0.999049328160277,
0.0435940351711098,0.),(0.,0.,-1.),(0.,0.,1.),(-0.999048056530966,0.0436231674881596,
0.),(-0.996195700432892,0.0871442851770524,0.),(0.,0.,1.),(0.,0.,1.),(-0.999999999998947,
-1.450988438106E-6,0.),(-0.999999999998947,-1.450988438106E-6,0.),(0.,0.,
-1.),(0.,0.,1.),(-0.999999999995217,3.09280337675951E-6,0.),(-0.999048056530966,
0.0436231674881596,0.),(0.,0.,1.),(0.,0.,1.),(-0.999048392668137,-0.0436154686689502,
0.),(-0.999048392668137,-0.0436154686689502,0.),(0.,0.,-1.),(0.,0.,1.),
(-0.99904849377893,-0.0436131525809655,0.),(-0.999999999995217,3.09280337675951E-6,
0.),(0.,0.,1.),(0.,0.,1.),(-0.9961964622809,-0.0871355756222441,0.),(-0.9961964622809,
-0.0871355756222441,0.),(0.,0.,-1.),(0.,0.,1.),(-0.996195657436223,-0.0871447766949475,
0.),(-0.99904849377893,-0.0436131525809655,0.),(0.,0.,1.),(0.,0.,1.),(-0.991446860346029,
-0.130511007620053,0.),(-0.991446860346029,-0.130511007620053,0.),(0.,0.,
-1.),(0.,0.,1.),(-0.991445553413864,-0.130520935546286,0.),(-0.996195657436223,
-0.0871447766949475,0.),(0.,0.,1.),(0.,0.,1.),(-0.984807490711829,-0.173649665239734,
0.),(-0.984807490711829,-0.173649665239734,0.),(0.,0.,-1.),(0.,0.,1.),(-0.984806535114533,
-0.173655084566243,0.),(-0.991445553413864,-0.130520935546286,0.),(0.,0.,
1.),(0.,0.,1.),(-0.976294830420641,-0.21644492161733,0.),(-0.976294830420641,
-0.21644492161733,0.),(0.,0.,-1.),(0.,0.,1.),(-0.976296870897836,-0.216435717650979,
0.),(-0.984806535114533,-0.173655084566243,0.),(0.,0.,1.),(0.,0.,1.),(-0.965923094395834,
-0.258829240451646,0.),(-0.965923094395834,-0.258829240451646,0.),(0.,0.,
-1.),(0.,0.,1.),(-0.96592349849863,-0.258827732378441,0.),(-0.976296870897836,
-0.216435717650979,0.),(0.,0.,1.),(0.,0.,1.),(-0.953712748421356,-0.300719127257619,
0.),(-0.953712748421356,-0.300719127257619,0.),(0.,0.,-1.),(0.,0.,1.),(-0.953711777469338,
-0.30072220655661,0.),(-0.96592349849863,-0.258827732378441,0.),(0.,0.,
1.),(0.,0.,1.),(-0.939695957062297,-0.34201097684252,0.),(-0.939695957062297,
-0.34201097684252,0.),(0.,0.,-1.),(0.,0.,1.),(-0.939698443583819,-0.342004144896151,
0.),(-0.953711777469338,-0.30072220655661,0.),(0.,0.,1.),(0.,0.,1.),(-0.923885101483893,
-0.382669987399191,0.),(-0.923885101483893,-0.382669987399191,0.),(0.,0.,
-1.),(0.,0.,1.),(-0.923885149766826,-0.38266987082906,0.),(-0.939698443583819,
-0.342004144896151,0.),(0.,0.,1.),(0.,0.,1.),(-0.906298066451294,-0.422639106977391,
0.),(-0.906298066451294,-0.422639106977391,0.),(0.,0.,-1.),(0.,0.,1.),(-0.906307206030646,
-0.422619507709859,0.),(-0.923885149766826,-0.38266987082906,0.),(0.,0.,
1.),(0.,0.,1.),(-0.887016104202383,-0.46173848755072,0.),(-0.887016104202383,
-0.46173848755072,0.),(0.,0.,-1.),(0.,0.,1.),(-0.887006746858102,-0.461756462898146,
0.),(-0.906307206030646,-0.422619507709859,0.),(0.,0.,1.),(0.,0.,1.),(-0.866035100606151,
-0.499983204235997,0.),(-0.866035100606151,-0.499983204235997,0.),(0.,0.,
-1.),(0.,0.,1.),(-0.866019121287882,-0.500010881445359,0.),(-0.887006746858102,
-0.461756462898146,0.),(0.,0.,1.),(0.,0.,1.),(-0.843389870219783,-0.537302081524591,
0.),(-0.843389870219783,-0.537302081524591,0.),(0.,0.,-1.),(0.,0.,1.),(-0.843396465197113,
-0.537291729410582,0.),(-0.866019121287882,-0.500010881445359,0.),(0.,0.,
1.),(0.,0.,1.),(-0.819158130381957,-0.573567744411362,0.),(-0.819158130381957,
-0.573567744411362,0.),(0.,0.,-1.),(0.,0.,1.),(-0.819155723598061,-0.573571181717263,
0.),(-0.843396465197113,-0.537291729410582,0.),(0.,0.,1.),(0.,0.,1.),(-0.79334147795856,
-0.608776887989785,0.),(-0.79334147795856,-0.608776887989785,0.),(0.,0.,
-1.),(0.,0.,1.),(-0.793352862839541,-0.608762051235377,0.),(-0.819155723598061,
-0.573571181717263,0.),(0.,0.,1.),(0.,0.,1.),(-0.76602757689455,-0.642807709534558,
0.),(-0.76602757689455,-0.642807709534558,0.),(0.,0.,-1.),(0.,0.,1.),(-0.766048861490459,
-0.642782344039701,0.),(-0.793352862839541,-0.608762051235377,0.),(0.,0.,
1.),(0.,0.,1.),(-0.73728257132828,-0.675584495097067,0.),(-0.73728257132828,
-0.675584495097067,0.),(0.,0.,-1.),(0.,0.,1.),(-0.737271318666153,-0.675596775208609,
0.),(-0.766048861490459,-0.642782344039701,0.),(0.,0.,1.),(0.,0.,1.),(-0.707106781186547,
-0.707106781186548,0.),(-0.707106781186547,-0.707106781186548,0.),(0.,0.,
-1.),(0.,0.,1.),(-0.707106781186547,-0.707106781186548,0.),(-0.737271318666153,
-0.675596775208609,0.),(0.,0.,1.),(0.,0.,1.),(-0.675584495097067,-0.73728257132828,
0.),(-0.675584495097067,-0.73728257132828,0.),(0.,0.,-1.),(0.,0.,1.),(-0.675596775208609,
-0.737271318666153,0.),(-0.707106781186547,-0.707106781186548,0.),(0.,0.,
1.),(0.,0.,1.),(-0.642807709534558,-0.76602757689455,0.),(-0.642807709534558,
-0.76602757689455,0.),(0.,0.,-1.),(0.,0.,1.),(-0.642782344039701,-0.766048861490459,
0.),(-0.675596775208609,-0.737271318666153,0.),(0.,0.,1.),(0.,0.,1.),(-0.608776887989785,
-0.79334147795856,0.),(-0.608776887989785,-0.79334147795856,0.),(0.,0.,
-1.),(0.,0.,1.),(-0.608762051235377,-0.793352862839541,0.),(-0.642782344039701,
-0.766048861490459,0.),(0.,0.,1.),(0.,0.,1.),(-0.573567744411362,-0.819158130381957,
0.),(-0.573567744411362,-0.819158130381957,0.),(0.,0.,-1.),(0.,0.,1.),(-0.573571181717263,
-0.819155723598061,0.),(-0.608762051235377,-0.793352862839541,0.),(0.,0.,
1.),(0.,0.,1.),(-0.537302081524591,-0.843389870219783,0.),(-0.537302081524591,
-0.843389870219783,0.),(0.,0.,-1.),(0.,0.,1.),(-0.537291729410582,-0.843396465197113,
0.),(-0.573571181717263,-0.819155723598061,0.),(0.,0.,1.),(0.,0.,1.),(-0.499983204235997,
-0.866035100606151,0.),(-0.499983204235997,-0.866035100606151,0.),(0.,0.,
-1.),(0.,0.,1.),(-0.500010881445359,-0.866019121287882,0.),(-0.537291729410582,
-0.843396465197113,0.),(0.,0.,1.),(0.,0.,1.),(-0.46173848755072,-0.887016104202383,
0.),(-0.46173848755072,-0.887016104202383,0.),(0.,0.,-1.),(0.,0.,1.),(-0.461756462898146,
-0.887006746858102,0.),(-0.500010881445359,-0.866019121287882,0.),(0.,0.,
1.),(0.,0.,1.),(-0.422639106977391,-0.906298066451294,0.),(-0.422639106977391,
-0.906298066451294,0.),(0.,0.,-1.),(0.,0.,1.),(-0.422619507709859,-0.906307206030646,
0.),(-0.461756462898146,-0.887006746858102,0.),(0.,0.,1.),(0.,0.,1.),(-0.382669987399191,
-0.923885101483893,0.),(-0.382669987399191,-0.923885101483893,0.),(0.,0.,
-1.),(0.,0.,1.),(-0.38266987082906,-0.923885149766826,0.),(-0.422619507709859,
-0.906307206030646,0.),(0.,0.,1.),(0.,0.,1.),(-0.34201097684252,-0.939695957062297,
0.),(-0.34201097684252,-0.939695957062297,0.),(0.,0.,-1.),(0.,0.,1.),(-0.342004144895991,
-0.939698443583878,0.),(-0.38266987082906,-0.923885149766826,0.),(0.,0.,
1.),(0.,0.,1.),(-0.300719127257619,-0.953712748421356,0.),(-0.300719127257619,
-0.953712748421356,0.),(0.,0.,-1.),(0.,0.,1.),(-0.30072220655661,-0.953711777469338,
0.),(-0.342004144895991,-0.939698443583878,0.),(0.,0.,1.),(0.,0.,1.),(-0.258829240451646,
-0.965923094395834,0.),(-0.258829240451646,-0.965923094395834,0.),(0.,0.,
-1.),(0.,0.,1.),(-0.258827732378441,-0.96592349849863,0.),(-0.30072220655661,
-0.953711777469338,0.),(0.,0.,1.),(0.,0.,1.),(-0.21644492161733,-0.976294830420641,
0.),(-0.21644492161733,-0.976294830420641,0.),(0.,0.,-1.),(0.,0.,1.),(-0.216435717650979,
-0.976296870897836,0.),(-0.258827732378441,-0.96592349849863,0.),(0.,0.,
1.),(0.,0.,1.),(-0.173649665239734,-0.984807490711829,0.),(-0.173649665239734,
-0.984807490711829,0.),(0.,0.,-1.),(0.,0.,1.),(-0.173655084566243,-0.984806535114533,
0.),(-0.216435717650979,-0.976296870897836,0.),(0.,0.,1.),(0.,0.,1.),(-0.130511007620053,
-0.991446860346029,0.),(-0.130511007620053,-0.991446860346029,0.),(0.,0.,
-1.),(0.,0.,1.),(-0.130520935546281,-0.991445553413864,0.),(-0.173655084566243,
-0.984806535114533,0.),(0.,0.,1.),(0.,0.,1.),(-0.0871355756222441,-0.9961964622809,
0.),(-0.0871355756222441,-0.9961964622809,0.),(0.,0.,-1.),(0.,0.,1.),(-0.0871447766949475,
-0.996195657436223,0.),(-0.130520935546281,-0.991445553413864,0.),(0.,0.,
1.),(0.,0.,1.),(-0.0436154686686746,-0.999048392668149,0.),(-0.0436154686686746,
-0.999048392668149,0.),(0.,0.,-1.),(0.,0.,1.),(-0.0436131525809655,-0.99904849377893,
0.),(-0.0871447766949475,-0.996195657436223,0.),(0.,0.,1.),(0.,0.,1.),(-1.450988438106E-6,
-0.999999999998947,0.),(-1.450988438106E-6,-0.999999999998947,0.),(0.,0.,
-1.),(0.,0.,1.),(3.09280337675951E-6,-0.999999999995217,0.),(-0.0436131525809655,
-0.99904849377893,0.),(0.,0.,1.),(0.,0.,1.),(0.0435940351711098,-0.999049328160277,
0.),(0.0435940351711098,-0.999049328160277,0.),(0.,0.,-1.),(0.,0.,1.),(0.0436231674881596,
-0.999048056530966,0.),(3.09280337675951E-6,-0.999999999995217,0.),(0.,
0.,1.),(0.,0.,1.),(0.0871568401174695,-0.996194602083718,0.),(0.0871568401174695,
-0.996194602083718,0.),(0.,0.,-1.),(0.,0.,1.),(0.0871442851770524,-0.996195700432892,
0.),(0.0436231674881596,-0.999048056530966,0.),(0.,0.,1.),(0.,0.,1.),(0.130530865581934,
-0.991444246102841,0.),(0.130530865581934,-0.991444246102841,0.),(0.,0.,
-1.),(0.,0.,1.),(0.13051750580902,-0.991446004922806,0.),(0.0871442851770524,
-0.996195700432892,0.),(0.,0.,1.),(0.,0.,1.),(0.173644039815233,-0.984808482618141,
0.),(0.173644039815233,-0.984808482618141,0.),(0.,0.,-1.),(0.,0.,1.),(0.173657511831328,
-0.984806107101572,0.),(0.13051750580902,-0.991446004922806,0.),(0.,0.,
1.),(0.,0.,1.),(0.216448129781465,-0.976294119163946,0.),(0.216448129781465,
-0.976294119163946,0.),(0.,0.,-1.),(0.,0.,1.),(0.216441272346055,-0.976295639458264,
0.),(0.173657511831328,-0.984806107101572,0.),(0.,0.,1.),(0.,0.,1.),(0.258816444007504,
-0.965926523246624,0.),(0.258816444007504,-0.965926523246624,0.),(0.,0.,
-1.),(0.,0.,1.),(0.258819776682848,-0.965925630262414,0.),(0.216441272346055,
-0.976295639458264,0.),(0.,0.,1.),(0.,0.,1.),(0.300706242165348,-0.953716811177613,
0.),(0.300706242165348,-0.953716811177613,0.),(0.,0.,-1.),(0.,0.,1.),(0.300703128772143,
-0.953717792822722,0.),(0.258819776682848,-0.965925630262414,0.),(0.,0.,
1.),(0.,0.,1.),(0.34201767031666,-0.939693520883892,0.),(0.34201767031666,
-0.939693520883892,0.),(0.,0.,-1.),(0.,0.,1.),(0.342012205438058,-0.939695509902753,
0.),(0.300703128772143,-0.953717792822722,0.),(0.,0.,1.),(0.,0.,1.),(0.382686699927488,
-0.923878179035855,0.),(0.382686699927488,-0.923878179035855,0.),(0.,0.,
-1.),(0.,0.,1.),(0.3826889293202,-0.92387725557877,0.),(0.342012205438058,
-0.939695509902753,0.),(0.,0.,1.),(0.,0.,1.),(0.422615396690799,-0.906309123025846,
0.),(0.422615396690799,-0.906309123025846,0.),(0.,0.,-1.),(0.,0.,1.),(0.422620023050256,
-0.906306965722432,0.),(0.3826889293202,-0.92387725557877,0.),(0.,0.,1.),
(0.,0.,1.),(0.461743589872987,-0.887013448156907,0.),(0.461743589872987,
-0.887013448156907,0.),(0.,0.,-1.),(0.,0.,1.),(0.461743793828785,-0.887013341985678,
0.),(0.422620023050256,-0.906306965722432,0.),(0.,0.,1.),(0.,0.,1.),(0.500004026053408,
-0.866023079328942,0.),(0.500004026053408,-0.866023079328942,0.),(0.,0.,
-1.),(0.,0.,1.),(0.5000013016774,-0.866024652259337,0.),(0.461743793828785,
-0.887013341985678,0.),(0.,0.,1.),(0.,0.,1.),(0.537298597808455,-0.843392089595977,
0.),(0.537298597808455,-0.843392089595977,0.),(0.,0.,-1.),(0.,0.,1.),(0.537302478186295,
-0.843389617516641,0.),(0.5000013016774,-0.866024652259337,0.),(0.,0.,1.),
(0.,0.,1.),(0.57357298366244,-0.819154461876737,0.),(0.57357298366244,-0.819154461876737,
0.),(0.,0.,-1.),(0.,0.,1.),(0.573575592259328,-0.819152635327728,0.),(0.537302478186295,
-0.843389617516641,0.),(0.,0.,1.),(0.,0.,1.),(0.608762136041071,-0.793352797765731,
0.),(0.608762136041071,-0.793352797765731,0.),(0.,0.,-1.),(0.,0.,1.),(0.608760599186597,
-0.793353977035456,0.),(0.573575592259328,-0.819152635327728,0.),(0.,0.,
1.),(0.,0.,1.),(0.642789761539007,-0.766042637495215,0.),(0.642789761539007,
-0.766042637495215,0.),(0.,0.,-1.),(0.,0.,1.),(0.642788455372894,-0.766043733503075,
0.),(0.608760599186597,-0.793353977035456,0.),(0.,0.,1.),(0.,0.,1.),(0.675590792505698,
-0.737276800856722,0.),(0.675590792505698,-0.737276800856722,0.),(0.,0.,
-1.),(0.,0.,1.),(0.675590333417014,-0.737277221534403,0.),(0.642788455372894,
-0.766043733503075,0.),(0.,0.,1.),(0.,0.,1.),(0.707106781186547,-0.707106781186548,
0.),(0.707106781186547,-0.707106781186548,0.),(0.,0.,-1.),(0.,0.,1.),(0.707106556403638,
-0.707107005969386,0.),(0.675590333417014,-0.737277221534403,0.),(0.,0.,
1.),(0.,0.,1.),(0.737276800856724,-0.675590792505696,0.),(0.737276800856724,
-0.675590792505696,0.),(0.,0.,-1.),(0.,0.,1.),(0.737277650656609,-0.675589865112163,
0.),(0.707106556403638,-0.707107005969386,0.),(0.,0.,1.),(0.,0.,1.),(0.766044385586891,
-0.642787678250604,0.),(0.766044385586891,-0.642787678250604,0.),(0.,0.,
-1.),(0.,0.,1.),(0.76604434612661,-0.642787725277525,0.),(0.737277650656609,
-0.675589865112163,0.),(0.,0.,1.),(0.,0.,1.),(0.793354453317684,-0.608759978481667,
0.),(0.793354453317684,-0.608759978481667,0.),(0.,0.,-1.),(0.,0.,1.),(0.793352627533565,
-0.608762357891475,0.),(0.76604434612661,-0.642787725277525,0.),(0.,0.,
1.),(0.,0.,1.),(0.819151666490654,-0.573576975902612,0.),(0.819151666490654,
-0.573576975902612,0.),(0.,0.,-1.),(0.,0.,1.),(0.819152994455389,-0.573575079370408,
0.),(0.793352627533565,-0.608762357891475,0.),(0.,0.,1.),(0.,0.,1.),(0.843389470997175,
-0.537302708173992,0.),(0.843389470997175,-0.537302708173992,0.),(0.,0.,
-1.),(0.,0.,1.),(0.843393006006305,-0.53729715932587,0.),(0.819152994455389,
-0.573575079370408,0.),(0.,0.,1.),(0.,0.,1.),(0.866023079328953,-0.500004026053389,
0.),(0.866023079328953,-0.500004026053389,0.),(0.,0.,-1.),(0.,0.,1.),(0.866024345228775,
-0.50000183346771,0.),(0.843393006006305,-0.53729715932587,0.),(0.,0.,1.),
(0.,0.,1.),(0.887009740201267,-0.461750712818162,0.),(0.887009740201267,
-0.461750712818162,0.),(0.,0.,-1.),(0.,0.,1.),(0.887009296219876,-0.461751565692549,
0.),(0.866024345228775,-0.50000183346771,0.),(0.,0.,1.),(0.,0.,1.),(0.906309555651562,
-0.42261446891306,0.),(0.906309555651562,-0.42261446891306,0.),(0.,0.,-1.),
(0.,0.,1.),(0.906309450197136,-0.422614695063204,0.),(0.887009296219876,
-0.461751565692549,0.),(0.,0.,1.),(0.,0.,1.),(0.923881643828337,-0.382678335155062,
0.),(0.923881643828337,-0.382678335155062,0.),(0.,0.,-1.),(0.,0.,1.),(0.923879051989743,
-0.382684592444657,0.),(0.906309450197136,-0.422614695063204,0.),(0.,0.,
1.),(0.,0.,1.),(0.939693520883892,-0.34201767031666,0.),(0.939693520883892,
-0.34201767031666,0.),(0.,0.,-1.),(0.,0.,1.),(0.939691298231801,-0.342023776991355,
0.),(0.923879051989743,-0.382684592444657,0.),(0.,0.,1.),(0.,0.,1.),(0.953716811177613,
-0.300706242165348,0.),(0.953716811177613,-0.300706242165348,0.),(0.,0.,
-1.),(0.,0.,1.),(0.953717962283616,-0.300702591305074,0.),(0.939691298231801,
-0.342023776991355,0.),(0.,0.,1.),(0.,0.,1.),(0.965923169106822,-0.258828961638054,
0.),(0.965923169106822,-0.258828961638054,0.),(0.,0.,-1.),(0.,0.,1.),(0.965927444295118,
-0.258813006546235,0.),(0.953717962283616,-0.300702591305074,0.),(0.,0.,
1.),(0.,0.,1.),(0.976297322119958,-0.216433682271033,0.),(0.976297322119958,
-0.216433682271033,0.),(0.,0.,-1.),(0.,0.,1.),(0.976297391691018,-0.216433368447001,
0.),(0.965927444295118,-0.258813006546235,0.),(0.,0.,1.),(0.,0.,1.),(0.984808172509042,
-0.173645798565358,0.),(0.984808172509042,-0.173645798565358,0.),(0.,0.,
-1.),(0.,0.,1.),(0.984807512965381,-0.173649539034637,0.),(0.976297391691018,
-0.216433368447001,0.),(0.,0.,1.),(0.,0.,1.),(0.991444471649424,-0.130529152436511,
0.),(0.991444471649424,-0.130529152436511,0.),(0.,0.,-1.),(0.,0.,1.),(0.991443623800961,
-0.130535592174775,0.),(0.984807512965381,-0.173649539034637,0.),(0.,0.,
1.),(0.,0.,1.),(0.996195891834179,-0.0871420971328132,0.),(0.996195891834179,
-0.0871420971328132,0.),(0.,0.,-1.),(0.,0.,1.),(0.996194110543346,-0.0871624581959034,
0.),(0.991443623800961,-0.130535592174775,0.),(0.,0.,1.),(0.,0.,1.),(0.999047856448526,
-0.0436277494904936,0.),(0.999047856448526,-0.0436277494904936,0.),(0.,
0.,-1.),(0.,0.,1.),(0.999048496068521,-0.0436131001331696,0.),(0.996194110543346,
-0.0871624581959034,0.),(0.,0.,1.),(0.,0.,1.),(0.99999999987481,-1.58234093103289E-5,
0.),(0.99999999987481,-1.58234093103289E-5,0.),(0.,0.,-1.),(0.,0.,1.),(0.999999999993727,
-3.54213656762999E-6,0.),(0.999048496068521,-0.0436131001331696,0.),(0.,
0.,1.),(0.,0.,1.),(0.99904757329488,0.0436342330471261,0.),(0.99904757329488,
0.0436342330471261,0.),(0.,0.,-1.),(0.,0.,1.),(0.999048475040671,0.0436135818170301,
0.),(0.999999999993727,-3.54213656762999E-6,0.),(0.,0.,1.),(0.,0.,1.),(0.996193127402034,
0.0871736939503751,0.),(0.996193127402034,0.0871736939503751,0.),(0.,0.,
-1.),(0.,0.,1.),(0.996193712063159,0.087167012371788,0.),(0.999048475040671,
0.0436135818170301,0.),(0.,0.,1.),(0.,0.,1.),(0.991444317585365,0.13053032263689,
0.),(0.991444317585365,0.13053032263689,0.),(0.,0.,-1.),(0.,0.,1.),(0.991444070019834,
0.130532203009473,0.),(0.996193712063159,0.087167012371788,0.),(0.,0.,1.),
(0.,0.,1.),(0.984811097235735,0.173629210564777,0.),(0.984811097235735,
0.173629210564777,0.),(0.,0.,-1.),(0.,0.,1.),(0.98480863912019,0.173643152223863,
0.),(0.991444070019834,0.130532203009473,0.),(0.,0.,1.),(0.,0.,1.),(0.976299325811937,
0.216424643742704,0.),(0.976299325811937,0.216424643742704,0.),(0.,0.,-1.),
(0.,0.,1.),(0.976296797008957,0.216436050948199,0.),(0.98480863912019,0.173643152223863,
0.),(0.,0.,1.),(0.,0.,1.),(0.965923094395834,0.258829240451646,0.),(0.965923094395834,
0.258829240451646,0.),(0.,0.,-1.),(0.,0.,1.),(0.965926887595864,0.258815084219154,
0.),(0.976296797008957,0.216436050948199,0.),(0.,0.,1.),(0.,0.,1.),(0.953719485721584,
0.300697759477781,0.),(0.953719485721584,0.300697759477781,0.),(0.,0.,-1.),
(0.,0.,1.),(0.953715531201316,0.300710301694824,0.),(0.965926887595864,
0.258815084219154,0.),(0.,0.,1.),(0.,0.,1.),(0.939687979020265,0.342032896202704,
0.),(0.939687979020265,0.342032896202704,0.),(0.,0.,-1.),(0.,0.,1.),(0.939693973674193,
0.342016426272783,0.),(0.953715531201316,0.300710301694824,0.),(0.,0.,1.),
(0.,0.,1.),(0.923876510841724,0.382690727239272,0.),(0.923876510841724,
0.382690727239272,0.),(0.,0.,-1.),(0.,0.,1.),(0.923879952431152,0.382682418587282,
0.),(0.939693973674193,0.342016426272783,0.),(0.,0.,1.),(0.,0.,1.),(0.906317903132666,
0.422596567024873,0.),(0.906317903132666,0.422596567024873,0.),(0.,0.,-1.),
(0.,0.,1.),(0.906307297843243,0.42261931081776,0.),(0.923879952431152,0.382682418587282,
0.),(0.,0.,1.),(0.,0.,1.),(0.887004878915422,0.461760051087399,0.),(0.887004878915422,
0.461760051087399,0.),(0.,0.,-1.),(0.,0.,1.),(0.88701311845771,0.461744223227458,
0.),(0.906307297843243,0.42261931081776,0.),(0.,0.,1.),(0.,0.,1.),(0.866011117553193,
0.500024743662022,0.),(0.866011117553193,0.500024743662022,0.),(0.,0.,-1.),
(0.,0.,1.),(0.866019121287972,0.500010881445203,0.),(0.88701311845771,0.461744223227458,
0.),(0.,0.,1.),(0.,0.,1.),(0.84340303419275,0.537281417801195,0.),(0.84340303419275,
0.537281417801195,0.),(0.,0.,-1.),(0.,0.,1.),(0.843396465197112,0.537291729410584,
0.),(0.866019121287972,0.500010881445203,0.),(0.,0.,1.),(0.,0.,1.),(0.819172182892857,
0.573547674369404,0.),(0.819172182892857,0.573547674369404,0.),(0.,0.,-1.),
(0.,0.,1.),(0.819155723598062,0.573571181717262,0.),(0.843396465197112,
0.537291729410584,0.),(0.,0.,1.),(0.,0.,1.),(0.793341477958587,0.60877688798975,
0.),(0.793341477958587,0.60877688798975,0.),(0.,0.,-1.),(0.,0.,1.),(0.793352862839541,
0.608762051235378,0.),(0.819155723598062,0.573571181717262,0.),(0.,0.,1.),
(0.,0.,1.),(0.766043600182006,0.642788614258366,0.),(0.766043600182006,
0.642788614258366,0.),(0.,0.,-1.),(0.,0.,1.),(0.766048861490433,0.642782344039732,
0.),(0.793352862839541,0.608762051235378,0.),(0.,0.,1.),(0.,0.,1.),(0.737282539155792,
0.675584530207721,0.),(0.737282539155792,0.675584530207721,0.),(0.,0.,-1.),
(0.,0.,1.),(0.737271318666169,0.675596775208592,0.),(0.766048861490433,
0.642782344039732,0.),(0.,0.,1.),(0.,0.,1.),(0.707106781186548,0.707106781186547,
0.),(0.707106781186548,0.707106781186547,0.),(0.,0.,-1.),(0.,0.,1.),(0.707106781186548,
0.707106781186547,0.),(0.737271318666169,0.675596775208592,0.),(0.,0.,1.),
(0.,0.,1.),(0.675584530207721,0.737282539155792,0.),(0.675584530207721,
0.737282539155792,0.),(0.,0.,-1.),(0.,0.,1.),(0.675596775208592,0.737271318666169,
0.),(0.707106781186548,0.707106781186547,0.),(0.,0.,1.),(0.,0.,1.),(0.642788614258366,
0.766043600182006,0.),(0.642788614258366,0.766043600182006,0.),(0.,0.,-1.),
(0.,0.,1.),(0.642782344039732,0.766048861490433,0.),(0.675596775208592,
0.737271318666169,0.),(0.,0.,1.),(0.,0.,1.),(0.60877688798975,0.793341477958587,
0.),(0.60877688798975,0.793341477958587,0.),(0.,0.,-1.),(0.,0.,1.),(0.608762051235378,
0.793352862839541,0.),(0.642782344039732,0.766048861490433,0.),(0.,0.,1.),
(0.,0.,1.),(0.573547674369404,0.819172182892857,0.),(0.573547674369404,
0.819172182892857,0.),(0.,0.,-1.),(0.,0.,1.),(0.573571181717262,0.819155723598062,
0.),(0.608762051235378,0.793352862839541,0.),(0.,0.,1.),(0.,0.,1.),(0.537281417801195,
0.84340303419275,0.),(0.537281417801195,0.84340303419275,0.),(0.,0.,-1.),
(0.,0.,1.),(0.537291729410584,0.843396465197112,0.),(0.573571181717262,
0.819155723598062,0.),(0.,0.,1.),(0.,0.,1.),(0.500024743662022,0.866011117553193,
0.),(0.500024743662022,0.866011117553193,0.),(0.,0.,-1.),(0.,0.,1.),(0.500010881445203,
0.866019121287972,0.),(0.537291729410584,0.843396465197112,0.),(0.,0.,1.),
(0.,0.,1.),(0.461760051087399,0.887004878915422,0.),(0.461760051087399,
0.887004878915422,0.),(0.,0.,-1.),(0.,0.,1.),(0.461744223227458,0.88701311845771,
0.),(0.500010881445203,0.866019121287972,0.),(0.,0.,1.),(0.,0.,1.),(0.422596567024873,
0.906317903132666,0.),(0.422596567024873,0.906317903132666,0.),(0.,0.,-1.),
(0.,0.,1.),(0.42261931081776,0.906307297843243,0.),(0.461744223227458,0.88701311845771,
0.),(0.,0.,1.),(0.,0.,1.),(0.382690727239272,0.923876510841724,0.),(0.382690727239272,
0.923876510841724,0.),(0.,0.,-1.),(0.,0.,1.),(0.382682418587282,0.923879952431152,
0.),(0.42261931081776,0.906307297843243,0.),(0.,0.,1.),(0.,0.,1.),(0.342032896202704,
0.939687979020265,0.),(0.342032896202704,0.939687979020265,0.),(0.,0.,-1.),
(0.,0.,1.),(0.342016426272783,0.939693973674193,0.),(0.382682418587282,
0.923879952431152,0.),(0.,0.,1.),(0.,0.,1.),(0.300697759477781,0.953719485721584,
0.),(0.300697759477781,0.953719485721584,0.),(0.,0.,-1.),(0.,0.,1.),(0.300710301694824,
0.953715531201316,0.),(0.342016426272783,0.939693973674193,0.),(0.,0.,1.),
(0.,0.,1.),(0.258829240451646,0.965923094395834,0.),(0.258829240451646,
0.965923094395834,0.),(0.,0.,-1.),(0.,0.,1.),(0.258815084219154,0.965926887595864,
0.),(0.300710301694824,0.953715531201316,0.),(0.,0.,1.),(0.,0.,1.),(0.216424643742704,
0.976299325811937,0.),(0.216424643742704,0.976299325811937,0.),(0.,0.,-1.),
(0.,0.,1.),(0.216436050948199,0.976296797008957,0.),(0.258815084219154,
0.965926887595864,0.),(0.,0.,1.),(0.,0.,1.),(0.173629210564777,0.984811097235735,
0.),(0.173629210564777,0.984811097235735,0.),(0.,0.,-1.),(0.,0.,1.),(0.173643152223863,
0.98480863912019,0.),(0.216436050948199,0.976296797008957,0.),(0.,0.,1.),
(0.,0.,1.),(0.13053032263689,0.991444317585365,0.),(0.13053032263689,0.991444317585365,
0.),(0.,0.,-1.),(0.,0.,1.),(0.130532203009473,0.991444070019834,0.),(0.173643152223863,
0.98480863912019,0.),(0.,0.,1.),(0.,0.,1.),(0.0871736939503751,0.996193127402034,
0.),(0.0871736939503751,0.996193127402034,0.),(0.,0.,-1.),(0.,0.,1.),(0.087167012371788,
0.996193712063159,0.),(0.130532203009473,0.991444070019834,0.),(0.,0.,1.),
(0.,0.,1.),(0.0436342330471261,0.99904757329488,0.),(0.0436342330471261,
0.99904757329488,0.),(0.,0.,-1.),(0.,0.,1.),(0.0436135818170301,0.999048475040671,
0.),(0.087167012371788,0.996193712063159,0.),(0.,0.,1.),(0.,0.,1.),(-1.58234093103289E-5,
0.99999999987481,0.),(-1.58234093103289E-5,0.99999999987481,0.),(0.,0.,
-1.),(0.,0.,1.),(-3.54213656762999E-6,0.999999999993727,0.),(0.0436135818170301,
0.999048475040671,0.),(0.,0.,1.),(0.,0.,1.),(-0.0436277494904936,0.999047856448526,
0.),(-0.0436277494904936,0.999047856448526,0.),(0.,0.,-1.),(0.,0.,1.),(-0.0436131001331696,
0.999048496068521,0.),(-3.54213656762999E-6,0.999999999993727,0.),(0.,0.,
1.),(0.,0.,1.),(-0.0871420971328132,0.996195891834179,0.),(-0.0871420971328132,
0.996195891834179,0.),(0.,0.,-1.),(0.,0.,1.),(-0.0871624581959034,0.996194110543346,
0.),(-0.0436131001331696,0.999048496068521,0.),(0.,0.,1.),(0.,0.,1.),(-0.130529152436511,
0.991444471649424,0.),(-0.130529152436511,0.991444471649424,0.),(0.,0.,
-1.),(0.,0.,1.),(-0.130535592174775,0.991443623800961,0.),(-0.0871624581959034,
0.996194110543346,0.),(0.,0.,1.),(0.,0.,1.),(-0.173645798565358,0.984808172509042,
0.),(-0.173645798565358,0.984808172509042,0.),(0.,0.,-1.),(0.,0.,1.),(-0.173649539034637,
0.984807512965381,0.),(-0.130535592174775,0.991443623800961,0.),(0.,0.,
1.),(0.,0.,1.),(-0.216433682271033,0.976297322119958,0.),(-0.216433682271033,
0.976297322119958,0.),(0.,0.,-1.),(0.,0.,1.),(-0.216433368447001,0.976297391691018,
0.),(-0.173649539034637,0.984807512965381,0.),(0.,0.,1.),(0.,0.,1.),(-0.258828961638054,
0.965923169106822,0.),(-0.258828961638054,0.965923169106822,0.),(0.,0.,
-1.),(0.,0.,1.),(-0.258813006546235,0.965927444295118,0.),(-0.216433368447001,
0.976297391691018,0.),(0.,0.,1.),(0.,0.,1.),(-0.300706242165348,0.953716811177613,
0.),(-0.300706242165348,0.953716811177613,0.),(0.,0.,-1.),(0.,0.,1.),(-0.300702591305074,
0.953717962283616,0.),(-0.258813006546235,0.965927444295118,0.),(0.,0.,
1.),(0.,0.,1.),(-0.34201767031666,0.939693520883892,0.),(-0.34201767031666,
0.939693520883892,0.),(0.,0.,-1.),(0.,0.,1.),(-0.342023776991355,0.939691298231801,
0.),(-0.300702591305074,0.953717962283616,0.),(0.,0.,1.),(0.,0.,1.),(-0.382678335155062,
0.923881643828337,0.),(-0.382678335155062,0.923881643828337,0.),(0.,0.,
-1.),(0.,0.,1.),(-0.382684592444657,0.923879051989743,0.),(-0.342023776991355,
0.939691298231801,0.),(0.,0.,1.),(0.,0.,1.),(-0.42261446891306,0.906309555651562,
0.),(-0.42261446891306,0.906309555651562,0.),(0.,0.,-1.),(0.,0.,1.),(-0.422614695063204,
0.906309450197136,0.),(-0.382684592444657,0.923879051989743,0.),(0.,0.,
1.),(0.,0.,1.),(-0.461750712818162,0.887009740201267,0.),(-0.461750712818162,
0.887009740201267,0.),(0.,0.,-1.),(0.,0.,1.),(-0.461751565692549,0.887009296219876,
0.),(-0.422614695063204,0.906309450197136,0.),(0.,0.,1.),(0.,0.,1.),(-0.500004026053389,
0.866023079328953,0.),(-0.500004026053389,0.866023079328953,0.),(0.,0.,
-1.),(0.,0.,1.),(-0.50000183346771,0.866024345228775,0.),(-0.461751565692549,
0.887009296219876,0.),(0.,0.,1.),(0.,0.,1.),(-0.537302708173992,0.843389470997175,
0.),(-0.537302708173992,0.843389470997175,0.),(0.,0.,-1.),(0.,0.,1.),(-0.53729715932587,
0.843393006006305,0.),(-0.50000183346771,0.866024345228775,0.),(0.,0.,1.),
(0.,0.,1.),(-0.573576975902612,0.819151666490654,0.),(-0.573576975902612,
0.819151666490654,0.),(0.,0.,-1.),(0.,0.,1.),(-0.573575079370408,0.819152994455389,
0.),(-0.53729715932587,0.843393006006305,0.),(0.,0.,1.),(0.,0.,1.),(-0.608759978481667,
0.793354453317684,0.),(-0.608759978481667,0.793354453317684,0.),(0.,0.,
-1.),(0.,0.,1.),(-0.608762357891475,0.793352627533565,0.),(-0.573575079370408,
0.819152994455389,0.),(0.,0.,1.),(0.,0.,1.),(-0.642787678250604,0.766044385586891,
0.),(-0.642787678250604,0.766044385586891,0.),(0.,0.,-1.),(0.,0.,1.),(-0.642787725277525,
0.76604434612661,0.),(-0.608762357891475,0.793352627533565,0.),(0.,0.,1.),
(0.,0.,1.),(-0.675590792505696,0.737276800856724,0.),(-0.675590792505696,
0.737276800856724,0.),(0.,0.,-1.),(0.,0.,1.),(-0.675589865112163,0.737277650656609,
0.),(-0.642787725277525,0.76604434612661,0.),(0.,0.,1.),(0.,0.,1.),(-0.707106781186548,
0.707106781186547,0.),(-0.707106781186548,0.707106781186547,0.),(0.,0.,
-1.),(0.,0.,1.),(-0.707107005969386,0.707106556403638,0.),(-0.675589865112163,
0.737277650656609,0.),(0.,0.,1.),(0.,0.,1.),(-0.737276800856722,0.675590792505698,
0.),(-0.737276800856722,0.675590792505698,0.),(0.,0.,-1.),(0.,0.,1.),(-0.737277221534403,
0.675590333417014,0.),(-0.707107005969386,0.707106556403638,0.),(0.,0.,
1.),(0.,0.,1.),(-0.766042637495215,0.642789761539007,0.),(-0.766042637495215,
0.642789761539007,0.),(0.,0.,-1.),(0.,0.,1.),(-0.766043733503075,0.642788455372894,
0.),(-0.737277221534403,0.675590333417014,0.),(0.,0.,1.),(0.,0.,1.),(-0.793352797765731,
0.608762136041071,0.),(-0.793352797765731,0.608762136041071,0.),(0.,0.,
-1.),(0.,0.,1.),(-0.793353977035456,0.608760599186597,0.),(-0.766043733503075,
0.642788455372894,0.),(0.,0.,1.),(0.,0.,1.),(-0.819154461876737,0.57357298366244,
0.),(-0.819154461876737,0.57357298366244,0.),(0.,0.,-1.),(0.,0.,1.),(-0.819152635327728,
0.573575592259328,0.),(-0.793353977035456,0.608760599186597,0.),(0.,0.,
1.),(0.,0.,1.),(-0.843392089595977,0.537298597808455,0.),(-0.843392089595977,
0.537298597808455,0.),(0.,0.,-1.),(0.,0.,1.),(-0.843389617516641,0.537302478186295,
0.),(-0.819152635327728,0.573575592259328,0.),(0.,0.,1.),(0.,0.,1.),(-0.866023079328942,
0.500004026053408,0.),(-0.866023079328942,0.500004026053408,0.),(0.,0.,
-1.),(0.,0.,1.),(-0.866024652259337,0.5000013016774,0.),(-0.843389617516641,
0.537302478186295,0.),(0.,0.,1.),(0.,0.,1.),(-0.887013448156907,0.461743589872987,
0.),(-0.887013448156907,0.461743589872987,0.),(0.,0.,-1.),(0.,0.,1.),(-0.887013341985678,
0.461743793828785,0.),(-0.866024652259337,0.5000013016774,0.),(0.,0.,1.),
(0.,0.,1.),(-0.906309123025846,0.422615396690799,0.),(-0.906309123025846,
0.422615396690799,0.),(0.,0.,-1.),(0.,0.,1.),(-0.906306965722432,0.422620023050256,
0.),(-0.887013341985678,0.461743793828785,0.),(0.,0.,1.),(0.,0.,1.),(-0.923878179035855,
0.382686699927488,0.),(-0.923878179035855,0.382686699927488,0.),(0.,0.,
-1.),(0.,0.,1.),(-0.92387725557877,0.3826889293202,0.),(-0.906306965722432,
0.422620023050256,0.),(0.,0.,1.),(0.,0.,1.),(-0.939693520883892,0.34201767031666,
0.),(-0.939693520883892,0.34201767031666,0.),(0.,0.,-1.),(0.,0.,1.),(-0.939695509902753,
0.342012205438058,0.),(-0.92387725557877,0.3826889293202,0.),(0.,0.,1.),
(0.,0.,1.),(-0.953716811177613,0.300706242165348,0.),(-0.953716811177613,
0.300706242165348,0.),(0.,0.,-1.),(0.,0.,1.),(-0.953717792822722,0.300703128772143,
0.),(-0.939695509902753,0.342012205438058,0.),(0.,0.,1.),(-0.965926523246624,
0.258816444007504,0.),(0.,0.,-1.),(-0.953717792822722,0.300703128772143,
0.),(0.,0.,1.),(0.,0.,1.),(0.,0.,1.),(-0.707106781186548,0.707106781186547,
0.),(0.,0.,1.),(0.537296802026682,-0.843393233629426,0.),(0.,0.,1.),(0.537297159325905,
-0.843393006006282,0.),(0.,0.,1.),(0.573574741094797,-0.819153231317583,
0.),(0.,0.,1.),(0.499994770557284,-0.866028422983546,0.),(0.573574741094797,
-0.819153231317583,0.),(0.,0.,-1.),(0.,0.,1.),(0.499993741130919,-0.866029017314031,
0.),(0.537296802026682,-0.843393233629426,0.),(0.,0.,-1.),(0.,0.,1.),(0.573576895161982,
-0.819151723025924,0.),(0.537297159325905,-0.843393006006282,0.),(0.,0.,
1.),(0.,0.,1.),(0.499994770557284,-0.866028422983546,0.),(0.,0.,1.),(0.608758262834901,
-0.793355769771818,0.),(0.608758262834901,-0.793355769771818,0.),(0.,0.,
-1.),(0.,0.,1.),(0.608764116492008,-0.793351278105547,0.),(0.573576895161982,
-0.819151723025924,0.),(0.,0.,1.),(0.,0.,1.),(0.642788089518091,-0.766044040492244,
0.),(0.642788089518091,-0.766044040492244,0.),(0.,0.,-1.),(0.,0.,1.),(0.642787725277528,
-0.766044346126607,0.),(0.608764116492008,-0.793351278105547,0.),(0.,0.,
1.),(0.,0.,1.),(0.675587981927443,-0.737279376271441,0.),(0.675587981927443,
-0.737279376271441,0.),(0.,0.,-1.),(0.,0.,1.),(0.675589865112166,-0.737277650656607,
0.),(0.642787725277528,-0.766044346126607,0.),(0.,0.,1.),(0.,0.,1.),(0.707106781186547,
-0.707106781186548,0.),(0.707106781186547,-0.707106781186548,0.),(0.,0.,
-1.),(0.,0.,1.),(0.707106781186547,-0.707106781186548,0.),(0.675589865112166,
-0.737277650656607,0.),(0.,0.,1.),(0.,0.,1.),(0.73727716836089,-0.675590391445695,
0.),(0.73727716836089,-0.675590391445695,0.),(0.,0.,-1.),(0.,0.,1.),(0.737277650656609,
-0.675589865112163,0.),(0.707106781186547,-0.707106781186548,0.),(0.,0.,
1.),(0.,0.,1.),(0.766045435784323,-0.642786426672193,0.),(0.766045435784323,
-0.642786426672193,0.),(0.,0.,-1.),(0.,0.,1.),(0.76604434612661,-0.642787725277525,
0.),(0.737277650656609,-0.675589865112163,0.),(0.,0.,1.),(0.,0.,1.),(0.793359080684413,
-0.608753947909649,0.),(0.793359080684413,-0.608753947909649,0.),(0.,0.,
-1.),(0.,0.,1.),(0.793353977035455,-0.608760599186599,0.),(0.76604434612661,
-0.642787725277525,0.),(0.,0.,1.),(0.,0.,1.),(0.819153231317583,-0.573574741094797,
0.),(0.819153231317583,-0.573574741094797,0.),(0.,0.,-1.),(0.,0.,1.),(0.819151004787967,
-0.5735779209095,0.),(0.793353977035455,-0.608760599186599,0.),(0.,0.,1.),
(0.,0.,1.),(0.843393233629426,-0.537296802026682,0.),(0.843393233629426,
-0.537296802026682,0.),(0.,0.,-1.),(0.,0.,1.),(0.843389951094032,-0.537301954578249,
0.),(0.819151004787967,-0.5735779209095,0.),(0.,0.,1.),(0.,0.,1.),(0.866029017314031,
-0.499993741130919,0.),(0.866029017314031,-0.499993741130919,0.),(0.,0.,
-1.),(0.,0.,1.),(0.866028422983546,-0.499994770557284,0.),(0.843389951094032,
-0.537301954578249,0.),(0.,0.,1.),(0.,0.,1.),(0.887006032539283,-0.46175783505959,
0.),(0.887006032539283,-0.46175783505959,0.),(0.,0.,-1.),(0.,0.,1.),(0.887010899229495,
-0.461748486351696,0.),(0.866028422983546,-0.499994770557284,0.),(0.,0.,
1.),(0.,0.,1.),(0.906306162233875,-0.422621746124007,0.),(0.906306162233875,
-0.422621746124007,0.),(0.,0.,-1.),(0.,0.,1.),(0.906307470684874,-0.42261894015861,
0.),(0.887010899229495,-0.461748486351696,0.),(0.,0.,1.),(0.,0.,1.),(0.923881643828337,
-0.382678335155062,0.),(0.923881643828337,-0.382678335155062,0.),(0.,0.,
-1.),(0.,0.,1.),(0.923881297862838,-0.382679170401629,0.),(0.906307470684874,
-0.42261894015861,0.),(0.,0.,1.),(0.,0.,1.),(0.939689742073701,-0.342028052418893,
0.),(0.939689742073701,-0.342028052418893,0.),(0.,0.,-1.),(0.,0.,1.),(0.939691101124379,
-0.342024318532546,0.),(0.923881297862838,-0.382679170401629,0.),(0.,0.,
1.),(0.,0.,1.),(0.953713488792286,-0.30071677920536,0.),(0.953713488792286,
-0.30071677920536,0.),(0.,0.,-1.),(0.,0.,1.),(0.953716024214613,-0.300708738077682,
0.),(0.939691101124379,-0.342024318532546,0.),(0.,0.,1.),(0.,0.,1.),(0.965923169106822,
-0.258828961638054,0.),(0.965923169106822,-0.258828961638054,0.),(0.,0.,
-1.),(0.,0.,1.),(0.965925487713718,-0.258820308679624,0.),(0.953716024214613,
-0.300708738077682,0.),(0.,0.,1.),(0.,0.,1.),(0.976300326230448,-0.216420130769574,
0.),(0.976300326230448,-0.216420130769574,0.),(0.,0.,-1.),(0.,0.,1.),(0.976294003195007,
-0.216448652861291,0.),(0.965925487713718,-0.258820308679624,0.),(0.,0.,
1.),(0.,0.,1.),(0.984810582702122,-0.17363212893329,0.),(0.984810582702122,
-0.17363212893329,0.),(0.,0.,-1.),(0.,0.,1.),(0.984810596069202,-0.173632053117571,
0.),(0.976294003195007,-0.216448652861291,0.),(0.,0.,1.),(0.,0.,1.),(0.991442430539204,
-0.130544654913621,0.),(0.991442430539204,-0.130544654913621,0.),(0.,0.,
-1.),(0.,0.,1.),(0.99144699800266,-0.130509961886107,0.),(0.984810596069202,
-0.173632053117571,0.),(0.,0.,1.),(0.,0.,1.),(0.996194529135093,-0.0871576739094786,
0.),(0.996194529135093,-0.0871576739094786,0.),(0.,0.,-1.),(0.,0.,1.),(0.996193273046739,
-0.0871720295532034,0.),(0.99144699800266,-0.130509961886107,0.),(0.,0.,
1.),(0.,0.,1.),(0.999047102710775,-0.0436450061886271,0.),(0.999047102710775,
-0.0436450061886271,0.),(0.,0.,-1.),(0.,0.,1.),(0.999047637356617,-0.0436327662675815,
0.),(0.996193273046739,-0.0871720295532034,0.),(0.,0.,1.),(0.,0.,1.),(0.999999999886736,
-1.50508395864099E-5,0.),(0.999999999886736,-1.50508395864099E-5,0.),(0.,
0.,-1.),(0.,0.,1.),(0.999999999972369,7.43389960112417E-6,0.),(0.999047637356617,
-0.0436327662675815,0.),(0.,0.,1.),(0.,0.,1.),(0.999046785721016,0.0436522615737916,
0.),(0.999046785721016,0.0436522615737916,0.),(0.,0.,-1.),(0.,0.,1.),(0.999048034620871,
0.0436236692653707,0.),(0.999999999972369,7.43389960112417E-6,0.),(0.,0.,
1.),(0.,0.,1.),(0.996193127402034,0.0871736939503751,0.),(0.996193127402034,
0.0871736939503751,0.),(0.,0.,-1.),(0.,0.,1.),(0.996196647709155,0.0871334556473125,
0.),(0.999048034620871,0.0436236692653707,0.),(0.,0.,1.),(0.,0.,1.),(0.99144694697108,
0.130510349557893,0.),(0.99144694697108,0.130510349557893,0.),(0.,0.,-1.),
(0.,0.,1.),(0.991445502825495,0.130521319818266,0.),(0.996196647709155,
0.0871334556473125,0.),(0.,0.,1.),(0.,0.,1.),(0.984810988755652,0.173629825854073,
0.),(0.984810988755652,0.173629825854073,0.),(0.,0.,-1.),(0.,0.,1.),(0.984804494275712,
0.173666657866037,0.),(0.991445502825495,0.130521319818266,0.),(0.,0.,1.),
(0.,0.,1.),(0.976299452676294,0.216424071452249,0.),(0.976299452676294,
0.216424071452249,0.),(0.,0.,-1.),(0.,0.,1.),(0.976294174507183,0.216447880154409,
0.),(0.984804494275712,0.173666657866037,0.),(0.,0.,1.),(0.,0.,1.),(0.96592295314249,
0.258829767593472,0.),(0.96592295314249,0.258829767593472,0.),(0.,0.,-1.),
(0.,0.,1.),(0.965926887595864,0.258815084219154,0.),(0.976294174507183,
0.216447880154409,0.),(0.,0.,1.),(0.,0.,1.),(0.95370616180887,0.300740015508069,
0.),(0.95370616180887,0.300740015508069,0.),(0.,0.,-1.),(0.,0.,1.),(0.953711600879749,
0.300722766593063,0.),(0.965926887595864,0.258815084219154,0.),(0.,0.,1.),
(0.,0.,1.),(0.939695957062332,0.342010976842421,0.),(0.939695957062332,
0.342010976842421,0.),(0.,0.,-1.),(0.,0.,1.),(0.939689503488697,0.342028707907927,
0.),(0.953711600879749,0.300722766593063,0.),(0.,0.,1.),(0.,0.,1.),(0.923885101483907,
0.382669987399157,0.),(0.923885101483907,0.382669987399157,0.),(0.,0.,-1.),
(0.,0.,1.),(0.92388514976678,0.382669870829172,0.),(0.939689503488697,0.342028707907927,
0.),(0.,0.,1.),(0.,0.,1.),(0.906308063883422,0.422617668040374,0.),(0.906308063883422,
0.422617668040374,0.),(0.,0.,-1.),(0.,0.,1.),(0.906301374193982,0.422632013853779,
0.),(0.92388514976678,0.382669870829172,0.),(0.,0.,1.),(0.,0.,1.),(0.887004878915422,
0.461760051087399,0.),(0.887004878915422,0.461760051087399,0.),(0.,0.,-1.),
(0.,0.,1.),(0.887019754372975,0.461731475375144,0.),(0.906301374193982,
0.422632013853779,0.),(0.,0.,1.),(0.,0.,1.),(0.866023250381304,0.50000372978509,
0.),(0.866023250381304,0.50000372978509,0.),(0.,0.,-1.),(0.,0.,1.),(0.866033028584091,
0.499986793227048,0.),(0.887019754372975,0.461731475375144,0.),(0.,0.,1.),
(0.,0.,1.),(0.843389743353278,0.537302280663773,0.),(0.843389743353278,
0.537302280663773,0.),(0.,0.,-1.),(0.,0.,1.),(0.843381180555299,0.53731572123394,
0.),(0.866033028584091,0.499986793227048,0.),(0.,0.,1.),(0.,0.,1.),(0.819158238710653,
0.573567589698426,0.),(0.819158238710653,0.573567589698426,0.),(0.,0.,-1.),
(0.,0.,1.),(0.81915578698705,0.573571091187157,0.),(0.843381180555299,0.53731572123394,
0.),(0.,0.,1.),(0.,0.,1.),(0.793386741321254,0.608717897466175,0.),(0.793386741321254,
0.608717897466175,0.),(0.,0.,-1.),(0.,0.,1.),(0.793361630539246,0.608750624794841,
0.),(0.81915578698705,0.573571091187157,0.),(0.,0.,1.),(0.,0.,1.),(0.766043478054322,
0.642788759804056,0.),(0.766043478054322,0.642788759804056,0.),(0.,0.,-1.),
(0.,0.,1.),(0.766048861490433,0.642782344039732,0.),(0.793361630539246,
0.608750624794841,0.),(0.,0.,1.),(0.,0.,1.),(0.737248856997115,0.675621286562559,
0.),(0.737248856997115,0.675621286562559,0.),(0.,0.,-1.),(0.,0.,1.),(0.737271318666169,
0.675596775208592,0.),(0.766048861490433,0.642782344039732,0.),(0.,0.,1.),
(0.,0.,1.),(0.707106781186548,0.707106781186547,0.),(0.707106781186548,
0.707106781186547,0.),(0.,0.,-1.),(0.,0.,1.),(0.707106781186548,0.707106781186547,
0.),(0.737271318666169,0.675596775208592,0.),(0.,0.,1.),(0.,0.,1.),(0.67562128656256,
0.737248856997114,0.),(0.67562128656256,0.737248856997114,0.),(0.,0.,-1.),
(0.,0.,1.),(0.675596775208592,0.737271318666169,0.),(0.707106781186548,
0.707106781186547,0.),(0.,0.,1.),(0.,0.,1.),(0.642788759804056,0.766043478054322,
0.),(0.642788759804056,0.766043478054322,0.),(0.,0.,-1.),(0.,0.,1.),(0.642782344039732,
0.766048861490433,0.),(0.675596775208592,0.737271318666169,0.),(0.,0.,1.),
(0.,0.,1.),(0.608717897466175,0.793386741321254,0.),(0.608717897466175,
0.793386741321254,0.),(0.,0.,-1.),(0.,0.,1.),(0.608750624794841,0.793361630539246,
0.),(0.642782344039732,0.766048861490433,0.),(0.,0.,1.),(0.,0.,1.),(0.573567589698426,
0.819158238710653,0.),(0.573567589698426,0.819158238710653,0.),(0.,0.,-1.),
(0.,0.,1.),(0.573571091187157,0.81915578698705,0.),(0.608750624794841,0.793361630539246,
0.),(0.,0.,1.),(0.,0.,1.),(0.537302280663773,0.843389743353278,0.),(0.537302280663773,
0.843389743353278,0.),(0.,0.,-1.),(0.,0.,1.),(0.53731572123394,0.843381180555299,
0.),(0.573571091187157,0.81915578698705,0.),(0.,0.,1.),(0.,0.,1.),(0.50000372978509,
0.866023250381304,0.),(0.50000372978509,0.866023250381304,0.),(0.,0.,-1.),
(0.,0.,1.),(0.499986793227048,0.866033028584091,0.),(0.53731572123394,0.843381180555299,
0.),(0.,0.,1.),(0.,0.,1.),(0.461760051087399,0.887004878915422,0.),(0.461760051087399,
0.887004878915422,0.),(0.,0.,-1.),(0.,0.,1.),(0.461731475375298,0.887019754372895,
0.),(0.499986793227048,0.866033028584091,0.),(0.,0.,1.),(0.,0.,1.),(0.422617668040374,
0.906308063883422,0.),(0.422617668040374,0.906308063883422,0.),(0.,0.,-1.),
(0.,0.,1.),(0.422632013853779,0.906301374193982,0.),(0.461731475375298,
0.887019754372895,0.),(0.,0.,1.),(0.,0.,1.),(0.382669987399157,0.923885101483907,
0.),(0.382669987399157,0.923885101483907,0.),(0.,0.,-1.),(0.,0.,1.),(0.382669870829172,
0.92388514976678,0.),(0.422632013853779,0.906301374193982,0.),(0.,0.,1.),
(0.,0.,1.),(0.342010976842421,0.939695957062332,0.),(0.342010976842421,
0.939695957062332,0.),(0.,0.,-1.),(0.,0.,1.),(0.342028707907927,0.939689503488697,
0.),(0.382669870829172,0.92388514976678,0.),(0.,0.,1.),(0.,0.,1.),(0.300740015508069,
0.95370616180887,0.),(0.300740015508069,0.95370616180887,0.),(0.,0.,-1.),
(0.,0.,1.),(0.300722766593063,0.953711600879749,0.),(0.342028707907927,
0.939689503488697,0.),(0.,0.,1.),(0.,0.,1.),(0.258829767593171,0.965922953142571,
0.),(0.258829767593171,0.965922953142571,0.),(0.,0.,-1.),(0.,0.,1.),(0.258815084219154,
0.965926887595864,0.),(0.300722766593063,0.953711600879749,0.),(0.,0.,1.),
(0.,0.,1.),(0.216424071452249,0.976299452676294,0.),(0.216424071452249,
0.976299452676294,0.),(0.,0.,-1.),(0.,0.,1.),(0.216447880154409,0.976294174507183,
0.),(0.258815084219154,0.965926887595864,0.),(0.,0.,1.),(0.,0.,1.),(0.173629825854073,
0.984810988755652,0.),(0.173629825854073,0.984810988755652,0.),(0.,0.,-1.),
(0.,0.,1.),(0.173666657866037,0.984804494275712,0.),(0.216447880154409,
0.976294174507183,0.),(0.,0.,1.),(0.,0.,1.),(0.130510349557893,0.99144694697108,
0.),(0.130510349557893,0.99144694697108,0.),(0.,0.,-1.),(0.,0.,1.),(0.130521319818266,
0.991445502825495,0.),(0.173666657866037,0.984804494275712,0.),(0.,0.,1.),
(0.,0.,1.),(0.0871736939503751,0.996193127402034,0.),(0.0871736939503751,
0.996193127402034,0.),(0.,0.,-1.),(0.,0.,1.),(0.0871334556473125,0.996196647709155,
0.),(0.130521319818266,0.991445502825495,0.),(0.,0.,1.),(0.,0.,1.),(0.0436522615739268,
0.99904678572101,0.),(0.0436522615739268,0.99904678572101,0.),(0.,0.,-1.),
(0.,0.,1.),(0.0436236692653707,0.999048034620871,0.),(0.0871334556473125,
0.996196647709155,0.),(0.,0.,1.),(0.,0.,1.),(-1.50508395864099E-5,0.999999999886736,
0.),(-1.50508395864099E-5,0.999999999886736,0.),(0.,0.,-1.),(0.,0.,1.),
(7.43389960112417E-6,0.999999999972369,0.),(0.0436236692653707,0.999048034620871,
0.),(0.,0.,1.),(0.,0.,1.),(-0.0436450061886271,0.999047102710775,0.),(-0.0436450061886271,
0.999047102710775,0.),(0.,0.,-1.),(0.,0.,1.),(-0.0436327662675815,0.999047637356617,
0.),(7.43389960112417E-6,0.999999999972369,0.),(0.,0.,1.),(0.,0.,1.),(-0.0871576739094786,
0.996194529135093,0.),(-0.0871576739094786,0.996194529135093,0.),(0.,0.,
-1.),(0.,0.,1.),(-0.0871720295532034,0.996193273046739,0.),(-0.0436327662675815,
0.999047637356617,0.),(0.,0.,1.),(0.,0.,1.),(-0.130544654913621,0.991442430539204,
0.),(-0.130544654913621,0.991442430539204,0.),(0.,0.,-1.),(0.,0.,1.),(-0.130509961886107,
0.99144699800266,0.),(-0.0871720295532034,0.996193273046739,0.),(0.,0.,
1.),(0.,0.,1.),(-0.17363212893329,0.984810582702122,0.),(-0.17363212893329,
0.984810582702122,0.),(0.,0.,-1.),(0.,0.,1.),(-0.173632053117571,0.984810596069202,
0.),(-0.130509961886107,0.99144699800266,0.),(0.,0.,1.),(0.,0.,1.),(-0.216420130769574,
0.976300326230448,0.),(-0.216420130769574,0.976300326230448,0.),(0.,0.,
-1.),(0.,0.,1.),(-0.216448652861291,0.976294003195007,0.),(-0.173632053117571,
0.984810596069202,0.),(0.,0.,1.),(0.,0.,1.),(-0.258828961638054,0.965923169106822,
0.),(-0.258828961638054,0.965923169106822,0.),(0.,0.,-1.),(0.,0.,1.),(-0.258820308679624,
0.965925487713718,0.),(-0.216448652861291,0.976294003195007,0.),(0.,0.,
1.),(0.,0.,1.),(-0.30071677920536,0.953713488792287,0.),(-0.30071677920536,
0.953713488792287,0.),(0.,0.,-1.),(0.,0.,1.),(-0.300708738077682,0.953716024214613,
0.),(-0.258820308679624,0.965925487713718,0.),(0.,0.,1.),(0.,0.,1.),(-0.342028052418893,
0.939689742073701,0.),(-0.342028052418893,0.939689742073701,0.),(0.,0.,
-1.),(0.,0.,1.),(-0.342024318532546,0.939691101124379,0.),(-0.300708738077682,
0.953716024214613,0.),(0.,0.,1.),(0.,0.,1.),(-0.382678335155062,0.923881643828337,
0.),(-0.382678335155062,0.923881643828337,0.),(0.,0.,-1.),(0.,0.,1.),(-0.382679170401629,
0.923881297862838,0.),(-0.342024318532546,0.939691101124379,0.),(0.,0.,
1.),(0.,0.,1.),(-0.422621746124007,0.906306162233875,0.),(-0.422621746124007,
0.906306162233875,0.),(0.,0.,-1.),(0.,0.,1.),(-0.42261894015861,0.906307470684874,
0.),(-0.382679170401629,0.923881297862838,0.),(0.,0.,1.),(0.,0.,1.),(-0.46175783505959,
0.887006032539283,0.),(-0.46175783505959,0.887006032539283,0.),(0.,0.,-1.),
(0.,0.,1.),(-0.461748486351696,0.887010899229495,0.),(-0.42261894015861,
0.906307470684874,0.),(0.,0.,1.),(0.,0.,1.),(-0.499993741130919,0.866029017314031,
0.),(-0.499993741130919,0.866029017314031,0.),(0.,0.,-1.),(0.,0.,1.),(-0.499994770557284,
0.866028422983546,0.),(-0.461748486351696,0.887010899229495,0.),(0.,0.,
1.),(0.,0.,1.),(-0.537296802026682,0.843393233629426,0.),(-0.537296802026682,
0.843393233629426,0.),(0.,0.,-1.),(0.,0.,1.),(-0.537301954578249,0.843389951094032,
0.),(-0.499994770557284,0.866028422983546,0.),(0.,0.,1.),(0.,0.,1.),(-0.573574741094797,
0.819153231317583,0.),(-0.573574741094797,0.819153231317583,0.),(0.,0.,
-1.),(0.,0.,1.),(-0.5735779209095,0.819151004787967,0.),(-0.537301954578249,
0.843389951094032,0.),(0.,0.,1.),(0.,0.,1.),(-0.608753947909649,0.793359080684413,
0.),(-0.608753947909649,0.793359080684413,0.),(0.,0.,-1.),(0.,0.,1.),(-0.608760599186599,
0.793353977035455,0.),(-0.5735779209095,0.819151004787967,0.),(0.,0.,1.),
(0.,0.,1.),(-0.642786426672193,0.766045435784323,0.),(-0.642786426672193,
0.766045435784323,0.),(0.,0.,-1.),(0.,0.,1.),(-0.642787725277525,0.76604434612661,
0.),(-0.608760599186599,0.793353977035455,0.),(0.,0.,1.),(0.,0.,1.),(-0.675590391445695,
0.73727716836089,0.),(-0.675590391445695,0.73727716836089,0.),(0.,0.,-1.),
(0.,0.,1.),(-0.675589865112163,0.737277650656609,0.),(-0.642787725277525,
0.76604434612661,0.),(0.,0.,1.),(0.,0.,1.),(-0.707106781186548,0.707106781186547,
0.),(-0.707106781186548,0.707106781186547,0.),(0.,0.,-1.),(0.,0.,1.),(-0.707106781186548,
0.707106781186547,0.),(-0.675589865112163,0.737277650656609,0.),(0.,0.,
1.),(0.,0.,1.),(-0.737279376271441,0.675587981927443,0.),(-0.737279376271441,
0.675587981927443,0.),(0.,0.,-1.),(0.,0.,1.),(-0.737277650656607,0.675589865112166,
0.),(-0.707106781186548,0.707106781186547,0.),(0.,0.,1.),(0.,0.,1.),(-0.766044040492244,
0.642788089518091,0.),(-0.766044040492244,0.642788089518091,0.),(0.,0.,
-1.),(0.,0.,1.),(-0.766044346126607,0.642787725277528,0.),(-0.737277650656607,
0.675589865112166,0.),(0.,0.,1.),(0.,0.,1.),(-0.793355769771818,0.608758262834901,
0.),(-0.793355769771818,0.608758262834901,0.),(0.,0.,-1.),(0.,0.,1.),(-0.793351278105547,
0.608764116492008,0.),(-0.766044346126607,0.642787725277528,0.),(0.,0.,
1.),(0.,0.,1.),(-0.819153231317583,0.573574741094797,0.),(-0.819153231317583,
0.573574741094797,0.),(0.,0.,-1.),(0.,0.,1.),(-0.819151723025924,0.573576895161982,
0.),(-0.793351278105547,0.608764116492008,0.),(0.,0.,1.),(0.,0.,1.),(-0.843393233629426,
0.537296802026682,0.),(-0.843393233629426,0.537296802026682,0.),(0.,0.,
-1.),(0.,0.,1.),(-0.843393006006282,0.537297159325905,0.),(-0.819151723025924,
0.573576895161982,0.),(0.,0.,1.),(0.,0.,1.),(-0.866029017314031,0.499993741130919,
0.),(-0.866029017314031,0.499993741130919,0.),(0.,0.,-1.),(0.,0.,1.),(-0.866028422983546,
0.499994770557284,0.),(-0.843393006006282,0.537297159325905,0.),(0.,0.,
1.),(0.,0.,1.),(-0.887006032539283,0.46175783505959,0.),(-0.887006032539283,
0.46175783505959,0.),(0.,0.,-1.),(0.,0.,1.),(-0.88701089922952,0.461748486351649,
0.),(-0.866028422983546,0.499994770557284,0.),(0.,0.,1.),(0.,0.,1.),(-0.906306162233903,
0.422621746123948,0.),(-0.906306162233903,0.422621746123948,0.),(0.,0.,
-1.),(0.,0.,1.),(-0.906307470684875,0.422618940158608,0.),(-0.88701089922952,
0.461748486351649,0.),(0.,0.,1.),(0.,0.,1.),(-0.923881643828346,0.382678335155039,
0.),(-0.923881643828346,0.382678335155039,0.),(0.,0.,-1.),(0.,0.,1.),(-0.923881297862786,
0.382679170401753,0.),(-0.906307470684875,0.422618940158608,0.),(0.,0.,
1.),(0.,0.,1.),(-0.939689742073662,0.342028052418999,0.),(-0.939689742073662,
0.342028052418999,0.),(0.,0.,-1.),(0.,0.,1.),(-0.939691101124387,0.342024318532524,
0.),(-0.923881297862786,0.382679170401753,0.),(0.,0.,1.),(0.,0.,1.),(-0.953713488792286,
0.30071677920536,0.),(-0.953713488792286,0.30071677920536,0.),(0.,0.,-1.),
(0.,0.,1.),(-0.953716024214613,0.30070873807768,0.),(-0.939691101124387,
0.342024318532524,0.),(0.,0.,1.),(0.,0.,1.),(-0.965923169106831,0.258828961638021,
0.),(-0.965923169106831,0.258828961638021,0.),(0.,0.,-1.),(0.,0.,1.),(-0.965925487713768,
0.258820308679438,0.),(-0.953716024214613,0.30070873807768,0.),(0.,0.,1.),
(0.,0.,1.),(-0.976297322119996,0.216433682270861,0.),(-0.976297322119996,
0.216433682270861,0.),(0.,0.,-1.),(0.,0.,1.),(-0.976295755487486,0.216440748975598,
0.),(-0.965925487713768,0.258820308679438,0.),(0.,0.,1.),(0.,0.,1.),(-0.984808172509003,
0.173645798565581,0.),(-0.984808172509003,0.173645798565581,0.),(0.,0.,
-1.),(0.,0.,1.),(-0.98480900922199,0.173641053196537,0.),(-0.976295755487486,
0.216440748975598,0.),(0.,0.,1.),(0.,0.,1.),(-0.991444471649409,0.130529152436628,
0.),(-0.991444471649409,0.130529152436628,0.),(0.,0.,-1.),(0.,0.,1.),(-0.991444748555636,
0.130527049156305,0.),(-0.98480900922199,0.173641053196537,0.),(0.,0.,1.),
(0.,0.,1.),(-0.996194456399819,0.0871585052549054,0.),(-0.996194456399819,
0.0871585052549054,0.),(0.,0.,-1.),(0.,0.,1.),(-0.996194110543334,0.0871624581960315,
0.),(-0.991444748555636,0.130527049156305,0.),(0.,0.,1.),(0.,0.,1.),(-0.999047891507762,
0.043626946648779,0.),(-0.999047891507762,0.043626946648779,0.),(0.,0.,
-1.),(0.,0.,1.),(-0.999048056530966,0.0436231674881596,0.),(-0.996194110543334,
0.0871624581960315,0.),(0.,0.,1.),(0.,0.,1.),(-0.999999999998947,-1.450988438106E-6,
0.),(-0.999999999998947,-1.450988438106E-6,0.),(0.,0.,-1.),(0.,0.,1.),(-0.999999999972369,
-7.4338995964318E-6,0.),(-0.999048056530966,0.0436231674881596,0.),(0.,
0.,1.),(0.,0.,1.),(-0.999048392668137,-0.0436154686689502,0.),(-0.999048392668137,
-0.0436154686689502,0.),(0.,0.,-1.),(0.,0.,1.),(-0.999047556623337,-0.0436346147564163,
0.),(-0.999999999972369,-7.4338995964318E-6,0.),(0.,0.,1.),(0.,0.,1.),(-0.996193066325234,
-0.0871743919137316,0.),(-0.996193066325234,-0.0871743919137316,0.),(0.,
0.,-1.),(0.,0.,1.),(-0.996194702624935,-0.087155690933048,0.),(-0.999047556623337,
-0.0436346147564163,0.),(0.,0.,1.),(0.,0.,1.),(-0.991444404064156,-0.130529665784717,
0.),(-0.991444404064156,-0.130529665784717,0.),(0.,0.,-1.),(0.,0.,1.),(-0.991445553413864,
-0.130520935546286,0.),(-0.996194702624935,-0.087155690933048,0.),(0.,0.,
1.),(0.,0.,1.),(-0.984807382018886,-0.173650281661472,0.),(-0.984807382018886,
-0.173650281661472,0.),(0.,0.,-1.),(0.,0.,1.),(-0.984808639120193,-0.173643152223842,
0.),(-0.991445553413864,-0.130520935546286,0.),(0.,0.,1.),(0.,0.,1.),(-0.976294957047245,
-0.216444350455533,0.),(-0.976294957047245,-0.216444350455533,0.),(0.,0.,
-1.),(0.,0.,1.),(-0.976296797008952,-0.216436050948221,0.),(-0.984808639120193,
-0.173643152223842,0.),(0.,0.,1.),(0.,0.,1.),(-0.965928621829069,-0.258808611779815,
0.),(-0.965928621829069,-0.258808611779815,0.),(0.,0.,-1.),(0.,0.,1.),(-0.965923580921689,
-0.258827424782269,0.),(-0.976296797008952,-0.216436050948221,0.),(0.,0.,
1.),(0.,0.,1.),(-0.953719485721583,-0.300697759477783,0.),(-0.953719485721583,
-0.300697759477783,0.),(0.,0.,-1.),(0.,0.,1.),(-0.953715619495659,-0.300710021665411,
0.),(-0.965923580921689,-0.258827424782269,0.),(0.,0.,1.),(0.,0.,1.),(-0.939695799663115,
-0.342011409306032,0.),(-0.939695799663115,-0.342011409306032,0.),(0.,0.,
-1.),(0.,0.,1.),(-0.939693881861681,-0.342016678528584,0.),(-0.953715619495659,
-0.300710021665411,0.),(0.,0.,1.),(0.,0.,1.),(-0.923876351502473,-0.382691111909435,
0.),(-0.923876351502473,-0.382691111909435,0.),(0.,0.,-1.),(0.,0.,1.),(-0.9238800456481,
-0.382682193540886,0.),(-0.939693881861681,-0.342016678528584,0.),(0.,0.,
1.),(0.,0.,1.),(-0.906308063883443,-0.422617668040328,0.),(-0.906308063883443,
-0.422617668040328,0.),(0.,0.,-1.),(0.,0.,1.),(-0.906307206030646,-0.422619507709859,
0.),(-0.9238800456481,-0.382682193540886,0.),(0.,0.,1.),(0.,0.,1.),(-0.887004878915224,
-0.46176005108778,0.),(-0.887004878915224,-0.46176005108778,0.),(0.,0.,
-1.),(0.,0.,1.),(-0.887013206766738,-0.461744053585303,0.),(-0.906307206030646,
-0.422619507709859,0.),(0.,0.,1.),(0.,0.,1.),(-0.866023250381469,-0.500003729784804,
0.),(-0.866023250381469,-0.500003729784804,0.),(0.,0.,-1.),(0.,0.,1.),(-0.866026116379856,
-0.499998765746501,0.),(-0.887013206766738,-0.461744053585303,0.),(0.,0.,
1.),(0.,0.,1.),(-0.84338974335361,-0.537302280663253,0.),(-0.84338974335361,
-0.537302280663253,0.),(0.,0.,-1.),(0.,0.,1.),(-0.843388786069948,-0.537303783284149,
0.),(-0.866026116379856,-0.499998765746501,0.),(0.,0.,1.),(0.,0.,1.),(-0.819144077105154,
-0.573587814500574,0.),(-0.819144077105154,-0.573587814500574,0.),(0.,0.,
-1.),(0.,0.,1.),(-0.819155786987036,-0.573571091187179,0.),(-0.843388786069948,
-0.537303783284149,0.),(0.,0.,1.),(0.,0.,1.),(-0.793356595238333,-0.608757187055594,
0.),(-0.793356595238333,-0.608757187055594,0.),(0.,0.,-1.),(0.,0.,1.),(-0.793352812331121,
-0.60876211705912,0.),(-0.819155786987036,-0.573571091187179,0.),(0.,0.,
1.),(0.,0.,1.),(-0.766043539257308,-0.642788686865394,0.),(-0.766043539257308,
-0.642788686865394,0.),(0.,0.,-1.),(0.,0.,1.),(-0.766048897093737,-0.642782301608771,
0.),(-0.793352812331121,-0.60876211705912,0.),(0.,0.,1.),(0.,0.,1.),(-0.73728257132828,
-0.675584495097067,0.),(-0.73728257132828,-0.675584495097067,0.),(0.,0.,
-1.),(0.,0.,1.),(-0.737281142441356,-0.675586054474461,0.),(-0.766048897093737,
-0.642782301608771,0.),(0.,0.,1.),(0.,0.,1.),(-0.707106781186547,-0.707106781186548,
0.),(-0.707106781186547,-0.707106781186548,0.),(0.,0.,-1.),(0.,0.,1.),(-0.707106781186547,
-0.707106781186548,0.),(-0.737281142441356,-0.675586054474461,0.),(0.,0.,
1.),(0.,0.,1.),(-0.675584495097067,-0.73728257132828,0.),(-0.675584495097067,
-0.73728257132828,0.),(0.,0.,-1.),(0.,0.,1.),(-0.675586054474461,-0.737281142441356,
0.),(-0.707106781186547,-0.707106781186548,0.),(0.,0.,1.),(0.,0.,1.),(-0.642788686865394,
-0.766043539257308,0.),(-0.642788686865394,-0.766043539257308,0.),(0.,0.,
-1.),(0.,0.,1.),(-0.642782301608771,-0.766048897093737,0.),(-0.675586054474461,
-0.737281142441356,0.),(0.,0.,1.),(0.,0.,1.),(-0.608757187055594,-0.793356595238333,
0.),(-0.608757187055594,-0.793356595238333,0.),(0.,0.,-1.),(0.,0.,1.),(-0.60876211705912,
-0.793352812331121,0.),(-0.642782301608771,-0.766048897093737,0.),(0.,0.,
1.),(0.,0.,1.),(-0.573587814500574,-0.819144077105154,0.),(-0.573587814500574,
-0.819144077105154,0.),(0.,0.,-1.),(0.,0.,1.),(-0.573571091187179,-0.819155786987036,
0.),(-0.60876211705912,-0.793352812331121,0.),(0.,0.,1.),(0.,0.,1.),(-0.537302280663252,
-0.84338974335361,0.),(-0.537302280663252,-0.84338974335361,0.),(0.,0.,
-1.),(0.,0.,1.),(-0.537303783284149,-0.843388786069948,0.),(-0.573571091187179,
-0.819155786987036,0.),(0.,0.,1.),(0.,0.,1.),(-0.500003729784804,-0.866023250381469,
0.),(-0.500003729784804,-0.866023250381469,0.),(0.,0.,-1.),(0.,0.,1.),(-0.499998765746501,
-0.866026116379856,0.),(-0.537303783284149,-0.843388786069948,0.),(0.,0.,
1.),(0.,0.,1.),(-0.46176005108778,-0.887004878915224,0.),(-0.46176005108778,
-0.887004878915224,0.),(0.,0.,-1.),(0.,0.,1.),(-0.461744053585303,-0.887013206766738,
0.),(-0.499998765746501,-0.866026116379856,0.),(0.,0.,1.),(0.,0.,1.),(-0.422617668040328,
-0.906308063883443,0.),(-0.422617668040328,-0.906308063883443,0.),(0.,0.,
-1.),(0.,0.,1.),(-0.422619507709859,-0.906307206030646,0.),(-0.461744053585303,
-0.887013206766738,0.),(0.,0.,1.),(0.,0.,1.),(-0.382691111909435,-0.923876351502473,
0.),(-0.382691111909435,-0.923876351502473,0.),(0.,0.,-1.),(0.,0.,1.),(-0.382682193540886,
-0.9238800456481,0.),(-0.422619507709859,-0.906307206030646,0.),(0.,0.,
1.),(0.,0.,1.),(-0.342011409306032,-0.939695799663115,0.),(-0.342011409306032,
-0.939695799663115,0.),(0.,0.,-1.),(0.,0.,1.),(-0.342016678528584,-0.939693881861681,
0.),(-0.382682193540886,-0.9238800456481,0.),(0.,0.,1.),(0.,0.,1.),(-0.300697759477783,
-0.953719485721583,0.),(-0.300697759477783,-0.953719485721583,0.),(0.,0.,
-1.),(0.,0.,1.),(-0.300710021665411,-0.953715619495659,0.),(-0.342016678528584,
-0.939693881861681,0.),(0.,0.,1.),(0.,0.,1.),(-0.258808611779815,-0.965928621829069,
0.),(-0.258808611779815,-0.965928621829069,0.),(0.,0.,-1.),(0.,0.,1.),(-0.258827424782269,
-0.965923580921689,0.),(-0.300710021665411,-0.953715619495659,0.),(0.,0.,
1.),(0.,0.,1.),(-0.216444350455533,-0.976294957047245,0.),(-0.216444350455533,
-0.976294957047245,0.),(0.,0.,-1.),(0.,0.,1.),(-0.216436050948221,-0.976296797008952,
0.),(-0.258827424782269,-0.965923580921689,0.),(0.,0.,1.),(0.,0.,1.),(-0.173650281661472,
-0.984807382018886,0.),(-0.173650281661472,-0.984807382018886,0.),(0.,0.,
-1.),(0.,0.,1.),(-0.173643152223842,-0.984808639120193,0.),(-0.216436050948221,
-0.976296797008952,0.),(0.,0.,1.),(0.,0.,1.),(-0.130529665784717,-0.991444404064156,
0.),(-0.130529665784717,-0.991444404064156,0.),(0.,0.,-1.),(0.,0.,1.),(-0.130520935546281,
-0.991445553413864,0.),(-0.173643152223842,-0.984808639120193,0.),(0.,0.,
1.),(0.,0.,1.),(-0.0871743919137316,-0.996193066325234,0.),(-0.0871743919137316,
-0.996193066325234,0.),(0.,0.,-1.),(0.,0.,1.),(-0.087155690933048,-0.996194702624935,
0.),(-0.130520935546281,-0.991445553413864,0.),(0.,0.,1.),(0.,0.,1.),(-0.0436154686686746,
-0.999048392668149,0.),(-0.0436154686686746,-0.999048392668149,0.),(0.,
0.,-1.),(0.,0.,1.),(-0.0436346147564163,-0.999047556623337,0.),(-0.087155690933048,
-0.996194702624935,0.),(0.,0.,1.),(0.,0.,1.),(-1.450988438106E-6,-0.999999999998947,
0.),(-1.450988438106E-6,-0.999999999998947,0.),(0.,0.,-1.),(0.,0.,1.),(-7.4338995964318E-6,
-0.999999999972369,0.),(-0.0436346147564163,-0.999047556623337,0.),(0.,
0.,1.),(0.,0.,1.),(0.043626946648779,-0.999047891507762,0.),(0.043626946648779,
-0.999047891507762,0.),(0.,0.,-1.),(0.,0.,1.),(0.0436231674881596,-0.999048056530966,
0.),(-7.4338995964318E-6,-0.999999999972369,0.),(0.,0.,1.),(0.,0.,1.),(0.0871585052549054,
-0.996194456399819,0.),(0.0871585052549054,-0.996194456399819,0.),(0.,0.,
-1.),(0.,0.,1.),(0.0871624581960315,-0.996194110543334,0.),(0.0436231674881596,
-0.999048056530966,0.),(0.,0.,1.),(0.,0.,1.),(0.130529152436628,-0.991444471649409,
0.),(0.130529152436628,-0.991444471649409,0.),(0.,0.,-1.),(0.,0.,1.),(0.130527049156305,
-0.991444748555636,0.),(0.0871624581960315,-0.996194110543334,0.),(0.,0.,
1.),(0.,0.,1.),(0.173645798565581,-0.984808172509003,0.),(0.173645798565581,
-0.984808172509003,0.),(0.,0.,-1.),(0.,0.,1.),(0.173641053196537,-0.98480900922199,
0.),(0.130527049156305,-0.991444748555636,0.),(0.,0.,1.),(0.,0.,1.),(0.216433682270861,
-0.976297322119996,0.),(0.216433682270861,-0.976297322119996,0.),(0.,0.,
-1.),(0.,0.,1.),(0.216440748975598,-0.976295755487486,0.),(0.173641053196537,
-0.98480900922199,0.),(0.,0.,1.),(0.,0.,1.),(0.258828961638021,-0.965923169106831,
0.),(0.258828961638021,-0.965923169106831,0.),(0.,0.,-1.),(0.,0.,1.),(0.258820308679438,
-0.965925487713768,0.),(0.216440748975598,-0.976295755487486,0.),(0.,0.,
1.),(0.,0.,1.),(0.30071677920536,-0.953713488792287,0.),(0.30071677920536,
-0.953713488792287,0.),(0.,0.,-1.),(0.,0.,1.),(0.30070873807768,-0.953716024214613,
0.),(0.258820308679438,-0.965925487713768,0.),(0.,0.,1.),(0.,0.,1.),(0.342028052418999,
-0.939689742073662,0.),(0.342028052418999,-0.939689742073662,0.),(0.,0.,
-1.),(0.,0.,1.),(0.342024318532546,-0.939691101124379,0.),(0.30070873807768,
-0.953716024214613,0.),(0.,0.,1.),(0.,0.,1.),(0.382678335155039,-0.923881643828346,
0.),(0.382678335155039,-0.923881643828346,0.),(0.,0.,-1.),(0.,0.,1.),(0.382679170401753,
-0.923881297862786,0.),(0.342024318532546,-0.939691101124379,0.),(0.,0.,
1.),(0.,0.,1.),(0.422621746123948,-0.906306162233903,0.),(0.422621746123948,
-0.906306162233903,0.),(0.,0.,-1.),(0.,0.,1.),(0.422618940158608,-0.906307470684875,
0.),(0.382679170401753,-0.923881297862786,0.),(0.,0.,1.),(0.,0.,1.),(0.46175783505959,
-0.887006032539283,0.),(0.46175783505959,-0.887006032539283,0.),(0.,0.,
-1.),(0.,0.,1.),(0.461748486351649,-0.88701089922952,0.),(0.422618940158608,
-0.906307470684875,0.),(0.,0.,1.),(0.499993741130919,-0.866029017314031,
0.),(0.,0.,-1.),(0.461748486351649,-0.88701089922952,0.),(0.,0.,1.),(0.,
0.,1.),(0.,0.,1.),(-0.707106781186548,0.707106781186547,0.),(0.,0.,1.),
(0.537298597808455,-0.843392089595977,0.),(0.,0.,1.),(0.537301954578249,
-0.843389951094032,0.),(0.,0.,1.),(0.57357298366244,-0.819154461876737,
0.),(0.,0.,1.),(0.499994770557284,-0.866028422983546,0.),(0.57357298366244,
-0.819154461876737,0.),(0.,0.,-1.),(0.,0.,1.),(0.500004026053408,-0.866023079328942,
0.),(0.537298597808455,-0.843392089595977,0.),(0.,0.,-1.),(0.,0.,1.),(0.573577920909506,
-0.819151004787963,0.),(0.537301954578249,-0.843389951094032,0.),(0.,0.,
1.),(0.,0.,1.),(0.499994770557284,-0.866028422983546,0.),(0.,0.,1.),(0.608764293381742,
-0.793351142372297,0.),(0.608764293381742,-0.793351142372297,0.),(0.,0.,
-1.),(0.,0.,1.),(0.608760599186597,-0.793353977035456,0.),(0.573577920909506,
-0.819151004787963,0.),(0.,0.,1.),(0.,0.,1.),(0.642790593043083,-0.766041939775703,
0.),(0.642790593043083,-0.766041939775703,0.),(0.,0.,-1.),(0.,0.,1.),(0.642787725277528,
-0.766044346126607,0.),(0.608760599186597,-0.793353977035456,0.),(0.,0.,
1.),(0.,0.,1.),(0.675589587928254,-0.737277904648533,0.),(0.675589587928254,
-0.737277904648533,0.),(0.,0.,-1.),(0.,0.,1.),(0.675589865112166,-0.737277650656607,
0.),(0.642787725277528,-0.766044346126607,0.),(0.,0.,1.),(0.,0.,1.),(0.707106781186547,
-0.707106781186548,0.),(0.707106781186547,-0.707106781186548,0.),(0.,0.,
-1.),(0.,0.,1.),(0.707106781186547,-0.707106781186548,0.),(0.675589865112166,
-0.737277650656607,0.),(0.,0.,1.),(0.,0.,1.),(0.737275697173031,-0.675591996961199,
0.),(0.737275697173031,-0.675591996961199,0.),(0.,0.,-1.),(0.,0.,1.),(0.737277650656609,
-0.675589865112163,0.),(0.707106781186547,-0.707106781186548,0.),(0.,0.,
1.),(0.,0.,1.),(0.766043335492131,-0.642788929702504,0.),(0.766043335492131,
-0.642788929702504,0.),(0.,0.,-1.),(0.,0.,1.),(0.76604434612661,-0.642787725277525,
0.),(0.737277650656609,-0.675589865112163,0.),(0.,0.,1.),(0.,0.,1.),(0.793354453317684,
-0.608759978481667,0.),(0.793354453317684,-0.608759978481667,0.),(0.,0.,
-1.),(0.,0.,1.),(0.793353977035455,-0.608760599186599,0.),(0.76604434612661,
-0.642787725277525,0.),(0.,0.,1.),(0.,0.,1.),(0.819154461876743,-0.573572983662432,
0.),(0.819154461876743,-0.573572983662432,0.),(0.,0.,-1.),(0.,0.,1.),(0.819151004787967,
-0.5735779209095,0.),(0.793353977035455,-0.608760599186599,0.),(0.,0.,1.),
(0.,0.,1.),(0.843392089595975,-0.537298597808457,0.),(0.843392089595975,
-0.537298597808457,0.),(0.,0.,-1.),(0.,0.,1.),(0.843389951094032,-0.537301954578249,
0.),(0.819151004787967,-0.5735779209095,0.),(0.,0.,1.),(0.,0.,1.),(0.866023079328953,
-0.500004026053389,0.),(0.866023079328953,-0.500004026053389,0.),(0.,0.,
-1.),(0.,0.,1.),(0.866028422983546,-0.499994770557284,0.),(0.843389951094032,
-0.537301954578249,0.),(0.,0.,1.),(0.,0.,1.),(0.887013448156919,-0.461743589872965,
0.),(0.887013448156919,-0.461743589872965,0.),(0.,0.,-1.),(0.,0.,1.),(0.887010899229495,
-0.461748486351696,0.),(0.866028422983546,-0.499994770557284,0.),(0.,0.,
1.),(0.,0.,1.),(0.906312949331915,-0.422607190986247,0.),(0.906312949331915,
-0.422607190986247,0.),(0.,0.,-1.),(0.,0.,1.),(0.906307470684874,-0.42261894015861,
0.),(0.887010899229495,-0.461748486351696,0.),(0.,0.,1.),(0.,0.,1.),(0.923881643828337,
-0.382678335155062,0.),(0.923881643828337,-0.382678335155062,0.),(0.,0.,
-1.),(0.,0.,1.),(0.923881297862838,-0.382679170401629,0.),(0.906307470684874,
-0.42261894015861,0.),(0.,0.,1.),(0.,0.,1.),(0.939689742073701,-0.342028052418893,
0.),(0.939689742073701,-0.342028052418893,0.),(0.,0.,-1.),(0.,0.,1.),(0.939691101124379,
-0.342024318532546,0.),(0.923881297862838,-0.382679170401629,0.),(0.,0.,
1.),(0.,0.,1.),(0.953713488792286,-0.30071677920536,0.),(0.953713488792286,
-0.30071677920536,0.),(0.,0.,-1.),(0.,0.,1.),(0.953716024214613,-0.300708738077682,
0.),(0.939691101124379,-0.342024318532546,0.),(0.,0.,1.),(0.,0.,1.),(0.965923169106822,
-0.258828961638054,0.),(0.965923169106822,-0.258828961638054,0.),(0.,0.,
-1.),(0.,0.,1.),(0.965925487713718,-0.258820308679624,0.),(0.953716024214613,
-0.300708738077682,0.),(0.,0.,1.),(0.,0.,1.),(0.976294318070974,-0.216447232604929,
0.),(0.976294318070974,-0.216447232604929,0.),(0.,0.,-1.),(0.,0.,1.),(0.976294003195007,
-0.216448652861291,0.),(0.965925487713718,-0.258820308679624,0.),(0.,0.,
1.),(0.,0.,1.),(0.984810892386393,-0.173630372449975,0.),(0.984810892386393,
-0.173630372449975,0.),(0.,0.,-1.),(0.,0.,1.),(0.984807603426896,-0.173649026005253,
0.),(0.976294003195007,-0.216448652861291,0.),(0.,0.,1.),(0.,0.,1.),(0.991446286838424,
-0.130515364284449,0.),(0.991446286838424,-0.130515364284449,0.),(0.,0.,
-1.),(0.,0.,1.),(0.991447129521594,-0.130508962770351,0.),(0.984807603426896,
-0.173649026005253,0.),(0.,0.,1.),(0.,0.,1.),(0.996194529135093,-0.0871576739094786,
0.),(0.996194529135093,-0.0871576739094786,0.),(0.,0.,-1.),(0.,0.,1.),(0.996194863110916,
-0.0871538565493389,0.),(0.991447129521594,-0.130508962770351,0.),(0.,0.,
1.),(0.,0.,1.),(0.999048609942563,-0.0436104915339423,0.),(0.999048609942563,
-0.0436104915339423,0.),(0.,0.,-1.),(0.,0.,1.),(0.999047637356617,-0.0436327662675815,
0.),(0.996194863110916,-0.0871538565493389,0.),(0.,0.,1.),(0.,0.,1.),(0.999999999862328,
-1.65934858351707E-5,0.),(0.999999999862328,-1.65934858351707E-5,0.),(0.,
0.,-1.),(0.,0.,1.),(0.999999999972369,7.43389960112417E-6,0.),(0.999047637356617,
-0.0436327662675815,0.),(0.,0.,1.),(0.,0.,1.),(0.999048360489018,0.0436162057520508,
0.),(0.999048360489018,0.0436162057520508,0.),(0.,0.,-1.),(0.,0.,1.),(0.999048034620871,
0.0436236692653707,0.),(0.999999999972369,7.43389960112417E-6,0.),(0.,0.,
1.),(0.,0.,1.),(0.996193127402034,0.0871736939503751,0.),(0.996193127402034,
0.0871736939503751,0.),(0.,0.,-1.),(0.,0.,1.),(0.996194666998485,0.0871560981445259,
0.),(0.999048034620871,0.0436236692653707,0.),(0.,0.,1.),(0.,0.,1.),(0.99144694697108,
0.130510349557893,0.),(0.99144694697108,0.130510349557893,0.),(0.,0.,-1.),
(0.,0.,1.),(0.991445603895088,0.130520552087031,0.),(0.996194666998485,
0.0871560981445259,0.),(0.,0.,1.),(0.,0.,1.),(0.984810988755652,0.173629825854073,
0.),(0.984810988755652,0.173629825854073,0.),(0.,0.,-1.),(0.,0.,1.),(0.984808575747003,
0.173643511641407,0.),(0.991445603895088,0.130520552087031,0.),(0.,0.,1.),
(0.,0.,1.),(0.976290207480205,0.216465772763869,0.),(0.976290207480205,
0.216465772763869,0.),(0.,0.,-1.),(0.,0.,1.),(0.976294174507183,0.216447880154409,
0.),(0.984808575747003,0.173643511641407,0.),(0.,0.,1.),(0.,0.,1.),(0.965923235089952,
0.258828715395647,0.),(0.965923235089952,0.258828715395647,0.),(0.,0.,-1.),
(0.,0.,1.),(0.965926887595864,0.258815084219154,0.),(0.976294174507183,
0.216447880154409,0.),(0.,0.,1.),(0.,0.,1.),(0.953719334259627,0.300698239867437,
0.),(0.953719334259627,0.300698239867437,0.),(0.,0.,-1.),(0.,0.,1.),(0.953719461258652,
0.300697837066559,0.),(0.965926887595864,0.258815084219154,0.),(0.,0.,1.),
(0.,0.,1.),(0.939695957062332,0.342010976842421,0.),(0.939695957062332,
0.342010976842421,0.),(0.,0.,-1.),(0.,0.,1.),(0.939689319865194,0.342029212394628,
0.),(0.953719461258652,0.300697837066559,0.),(0.,0.,1.),(0.,0.,1.),(0.923885101483907,
0.382669987399157,0.),(0.923885101483907,0.382669987399157,0.),(0.,0.,-1.),
(0.,0.,1.),(0.923874941245136,0.382694516474038,0.),(0.939689319865194,
0.342029212394628,0.),(0.,0.,1.),(0.,0.,1.),(0.906308063883422,0.422617668040374,
0.),(0.906308063883422,0.422617668040374,0.),(0.,0.,-1.),(0.,0.,1.),(0.906313037585561,
0.422607001719605,0.),(0.923874941245136,0.382694516474038,0.),(0.,0.,1.),
(0.,0.,1.),(0.887004878915422,0.461760051087399,0.),(0.887004878915422,
0.461760051087399,0.),(0.,0.,-1.),(0.,0.,1.),(0.887019578195182,0.461731813825344,
0.),(0.906313037585561,0.422607001719605,0.),(0.,0.,1.),(0.,0.,1.),(0.866023250381304,
0.50000372978509,0.),(0.866023250381304,0.50000372978509,0.),(0.,0.,-1.),
(0.,0.,1.),(0.866019038908155,0.500011024127065,0.),(0.887019578195182,
0.461731813825344,0.),(0.,0.,1.),(0.,0.,1.),(0.843389743353278,0.537302280663773,
0.),(0.843389743353278,0.537302280663773,0.),(0.,0.,-1.),(0.,0.,1.),(0.843381180555299,
0.53731572123394,0.),(0.866019038908155,0.500011024127065,0.),(0.,0.,1.),
(0.,0.,1.),(0.819158238710653,0.573567589698426,0.),(0.819158238710653,
0.573567589698426,0.),(0.,0.,-1.),(0.,0.,1.),(0.81915578698705,0.573571091187157,
0.),(0.843381180555299,0.53731572123394,0.),(0.,0.,1.),(0.,0.,1.),(0.793356508388281,
0.608757300242022,0.),(0.793356508388281,0.608757300242022,0.),(0.,0.,-1.),
(0.,0.,1.),(0.793361630539246,0.608750624794841,0.),(0.81915578698705,0.573571091187157,
0.),(0.,0.,1.),(0.,0.,1.),(0.766043600182006,0.642788614258366,0.),(0.766043600182006,
0.642788614258366,0.),(0.,0.,-1.),(0.,0.,1.),(0.766048861490433,0.642782344039732,
0.),(0.793361630539246,0.608750624794841,0.),(0.,0.,1.),(0.,0.,1.),(0.737282539155792,
0.675584530207721,0.),(0.737282539155792,0.675584530207721,0.),(0.,0.,-1.),
(0.,0.,1.),(0.737271318666169,0.675596775208592,0.),(0.766048861490433,
0.642782344039732,0.),(0.,0.,1.),(0.,0.,1.),(0.707106781186548,0.707106781186547,
0.),(0.707106781186548,0.707106781186547,0.),(0.,0.,-1.),(0.,0.,1.),(0.707106781186548,
0.707106781186547,0.),(0.737271318666169,0.675596775208592,0.),(0.,0.,1.),
(0.,0.,1.),(0.675584530207721,0.737282539155792,0.),(0.675584530207721,
0.737282539155792,0.),(0.,0.,-1.),(0.,0.,1.),(0.675596775208592,0.737271318666169,
0.),(0.707106781186548,0.707106781186547,0.),(0.,0.,1.),(0.,0.,1.),(0.642788614258366,
0.766043600182006,0.),(0.642788614258366,0.766043600182006,0.),(0.,0.,-1.),
(0.,0.,1.),(0.642782344039732,0.766048861490433,0.),(0.675596775208592,
0.737271318666169,0.),(0.,0.,1.),(0.,0.,1.),(0.608757300242022,0.793356508388281,
0.),(0.608757300242022,0.793356508388281,0.),(0.,0.,-1.),(0.,0.,1.),(0.608750624794841,
0.793361630539246,0.),(0.642782344039732,0.766048861490433,0.),(0.,0.,1.),
(0.,0.,1.),(0.573567589698426,0.819158238710653,0.),(0.573567589698426,
0.819158238710653,0.),(0.,0.,-1.),(0.,0.,1.),(0.573571091187157,0.81915578698705,
0.),(0.608750624794841,0.793361630539246,0.),(0.,0.,1.),(0.,0.,1.),(0.537302280663773,
0.843389743353278,0.),(0.537302280663773,0.843389743353278,0.),(0.,0.,-1.),
(0.,0.,1.),(0.53731572123394,0.843381180555299,0.),(0.573571091187157,0.81915578698705,
0.),(0.,0.,1.),(0.,0.,1.),(0.50000372978509,0.866023250381304,0.),(0.50000372978509,
0.866023250381304,0.),(0.,0.,-1.),(0.,0.,1.),(0.500011024127065,0.866019038908155,
0.),(0.53731572123394,0.843381180555299,0.),(0.,0.,1.),(0.,0.,1.),(0.461760051087399,
0.887004878915422,0.),(0.461760051087399,0.887004878915422,0.),(0.,0.,-1.),
(0.,0.,1.),(0.461731813825344,0.887019578195182,0.),(0.500011024127065,
0.866019038908155,0.),(0.,0.,1.),(0.,0.,1.),(0.422617668040374,0.906308063883422,
0.),(0.422617668040374,0.906308063883422,0.),(0.,0.,-1.),(0.,0.,1.),(0.422607001719733,
0.906313037585501,0.),(0.461731813825344,0.887019578195182,0.),(0.,0.,1.),
(0.,0.,1.),(0.382669987399157,0.923885101483907,0.),(0.382669987399157,
0.923885101483907,0.),(0.,0.,-1.),(0.,0.,1.),(0.382694516474038,0.923874941245136,
0.),(0.422607001719733,0.906313037585501,0.),(0.,0.,1.),(0.,0.,1.),(0.342010976842421,
0.939695957062332,0.),(0.342010976842421,0.939695957062332,0.),(0.,0.,-1.),
(0.,0.,1.),(0.342029212394628,0.939689319865194,0.),(0.382694516474038,
0.923874941245136,0.),(0.,0.,1.),(0.,0.,1.),(0.300698239867437,0.953719334259627,
0.),(0.300698239867437,0.953719334259627,0.),(0.,0.,-1.),(0.,0.,1.),(0.300697837066559,
0.953719461258652,0.),(0.342029212394628,0.939689319865194,0.),(0.,0.,1.),
(0.,0.,1.),(0.258828715395647,0.965923235089952,0.),(0.258828715395647,
0.965923235089952,0.),(0.,0.,-1.),(0.,0.,1.),(0.258815084219154,0.965926887595864,
0.),(0.300697837066559,0.953719461258652,0.),(0.,0.,1.),(0.,0.,1.),(0.216465772763869,
0.976290207480205,0.),(0.216465772763869,0.976290207480205,0.),(0.,0.,-1.),
(0.,0.,1.),(0.216447880154409,0.976294174507183,0.),(0.258815084219154,
0.965926887595864,0.),(0.,0.,1.),(0.,0.,1.),(0.173629825854073,0.984810988755652,
0.),(0.173629825854073,0.984810988755652,0.),(0.,0.,-1.),(0.,0.,1.),(0.173643511641407,
0.984808575747003,0.),(0.216447880154409,0.976294174507183,0.),(0.,0.,1.),
(0.,0.,1.),(0.130510349557893,0.99144694697108,0.),(0.130510349557893,0.99144694697108,
0.),(0.,0.,-1.),(0.,0.,1.),(0.130520552087031,0.991445603895088,0.),(0.173643511641407,
0.984808575747003,0.),(0.,0.,1.),(0.,0.,1.),(0.0871736939503751,0.996193127402034,
0.),(0.0871736939503751,0.996193127402034,0.),(0.,0.,-1.),(0.,0.,1.),(0.0871560981445259,
0.996194666998485,0.),(0.130520552087031,0.991445603895088,0.),(0.,0.,1.),
(0.,0.,1.),(0.0436162057518213,0.999048360489028,0.),(0.0436162057518213,
0.999048360489028,0.),(0.,0.,-1.),(0.,0.,1.),(0.0436236692653707,0.999048034620871,
0.),(0.0871560981445259,0.996194666998485,0.),(0.,0.,1.),(0.,0.,1.),(-1.65934858351707E-5,
0.999999999862328,0.),(-1.65934858351707E-5,0.999999999862328,0.),(0.,0.,
-1.),(0.,0.,1.),(7.43389960112417E-6,0.999999999972369,0.),(0.0436236692653707,
0.999048034620871,0.),(0.,0.,1.),(0.,0.,1.),(-0.0436104915339423,0.999048609942563,
0.),(-0.0436104915339423,0.999048609942563,0.),(0.,0.,-1.),(0.,0.,1.),(-0.0436327662675815,
0.999047637356617,0.),(7.43389960112417E-6,0.999999999972369,0.),(0.,0.,
1.),(0.,0.,1.),(-0.0871576739094786,0.996194529135093,0.),(-0.0871576739094786,
0.996194529135093,0.),(0.,0.,-1.),(0.,0.,1.),(-0.0871538565493389,0.996194863110916,
0.),(-0.0436327662675815,0.999047637356617,0.),(0.,0.,1.),(0.,0.,1.),(-0.130515364284449,
0.991446286838424,0.),(-0.130515364284449,0.991446286838424,0.),(0.,0.,
-1.),(0.,0.,1.),(-0.130508962770351,0.991447129521594,0.),(-0.0871538565493389,
0.996194863110916,0.),(0.,0.,1.),(0.,0.,1.),(-0.173630372449975,0.984810892386393,
0.),(-0.173630372449975,0.984810892386393,0.),(0.,0.,-1.),(0.,0.,1.),(-0.173649026005253,
0.984807603426896,0.),(-0.130508962770351,0.991447129521594,0.),(0.,0.,
1.),(0.,0.,1.),(-0.216447232604929,0.976294318070974,0.),(-0.216447232604929,
0.976294318070974,0.),(0.,0.,-1.),(0.,0.,1.),(-0.216448652861291,0.976294003195007,
0.),(-0.173649026005253,0.984807603426896,0.),(0.,0.,1.),(0.,0.,1.),(-0.258828961638054,
0.965923169106822,0.),(-0.258828961638054,0.965923169106822,0.),(0.,0.,
-1.),(0.,0.,1.),(-0.258820308679624,0.965925487713718,0.),(-0.216448652861291,
0.976294003195007,0.),(0.,0.,1.),(0.,0.,1.),(-0.30071677920536,0.953713488792287,
0.),(-0.30071677920536,0.953713488792287,0.),(0.,0.,-1.),(0.,0.,1.),(-0.300708738077682,
0.953716024214613,0.),(-0.258820308679624,0.965925487713718,0.),(0.,0.,
1.),(0.,0.,1.),(-0.342028052418893,0.939689742073701,0.),(-0.342028052418893,
0.939689742073701,0.),(0.,0.,-1.),(0.,0.,1.),(-0.342024318532546,0.939691101124379,
0.),(-0.300708738077682,0.953716024214613,0.),(0.,0.,1.),(0.,0.,1.),(-0.382678335155062,
0.923881643828337,0.),(-0.382678335155062,0.923881643828337,0.),(0.,0.,
-1.),(0.,0.,1.),(-0.382679170401629,0.923881297862838,0.),(-0.342024318532546,
0.939691101124379,0.),(0.,0.,1.),(0.,0.,1.),(-0.422607190986247,0.906312949331915,
0.),(-0.422607190986247,0.906312949331915,0.),(0.,0.,-1.),(0.,0.,1.),(-0.42261894015861,
0.906307470684874,0.),(-0.382679170401629,0.923881297862838,0.),(0.,0.,
1.),(0.,0.,1.),(-0.461743589872965,0.887013448156919,0.),(-0.461743589872965,
0.887013448156919,0.),(0.,0.,-1.),(0.,0.,1.),(-0.461748486351696,0.887010899229495,
0.),(-0.42261894015861,0.906307470684874,0.),(0.,0.,1.),(0.,0.,1.),(-0.500004026053389,
0.866023079328953,0.),(-0.500004026053389,0.866023079328953,0.),(0.,0.,
-1.),(0.,0.,1.),(-0.499994770557284,0.866028422983546,0.),(-0.461748486351696,
0.887010899229495,0.),(0.,0.,1.),(0.,0.,1.),(-0.537298597808457,0.843392089595975,
0.),(-0.537298597808457,0.843392089595975,0.),(0.,0.,-1.),(0.,0.,1.),(-0.537301954578249,
0.843389951094032,0.),(-0.499994770557284,0.866028422983546,0.),(0.,0.,
1.),(0.,0.,1.),(-0.573572983662432,0.819154461876743,0.),(-0.573572983662432,
0.819154461876743,0.),(0.,0.,-1.),(0.,0.,1.),(-0.5735779209095,0.819151004787967,
0.),(-0.537301954578249,0.843389951094032,0.),(0.,0.,1.),(0.,0.,1.),(-0.608759978481667,
0.793354453317684,0.),(-0.608759978481667,0.793354453317684,0.),(0.,0.,
-1.),(0.,0.,1.),(-0.608760599186599,0.793353977035455,0.),(-0.5735779209095,
0.819151004787967,0.),(0.,0.,1.),(0.,0.,1.),(-0.642788929702504,0.766043335492131,
0.),(-0.642788929702504,0.766043335492131,0.),(0.,0.,-1.),(0.,0.,1.),(-0.642787725277525,
0.76604434612661,0.),(-0.608760599186599,0.793353977035455,0.),(0.,0.,1.),
(0.,0.,1.),(-0.675591996961199,0.737275697173031,0.),(-0.675591996961199,
0.737275697173031,0.),(0.,0.,-1.),(0.,0.,1.),(-0.675589865112163,0.737277650656609,
0.),(-0.642787725277525,0.76604434612661,0.),(0.,0.,1.),(0.,0.,1.),(-0.707106781186548,
0.707106781186547,0.),(-0.707106781186548,0.707106781186547,0.),(0.,0.,
-1.),(0.,0.,1.),(-0.707106781186548,0.707106781186547,0.),(-0.675589865112163,
0.737277650656609,0.),(0.,0.,1.),(0.,0.,1.),(-0.737277904648533,0.675589587928254,
0.),(-0.737277904648533,0.675589587928254,0.),(0.,0.,-1.),(0.,0.,1.),(-0.737277650656607,
0.675589865112166,0.),(-0.707106781186548,0.707106781186547,0.),(0.,0.,
1.),(0.,0.,1.),(-0.766041939775703,0.642790593043083,0.),(-0.766041939775703,
0.642790593043083,0.),(0.,0.,-1.),(0.,0.,1.),(-0.766044346126607,0.642787725277528,
0.),(-0.737277650656607,0.675589865112166,0.),(0.,0.,1.),(0.,0.,1.),(-0.793351142372297,
0.608764293381742,0.),(-0.793351142372297,0.608764293381742,0.),(0.,0.,
-1.),(0.,0.,1.),(-0.793353977035456,0.608760599186597,0.),(-0.766044346126607,
0.642787725277528,0.),(0.,0.,1.),(0.,0.,1.),(-0.819154461876737,0.57357298366244,
0.),(-0.819154461876737,0.57357298366244,0.),(0.,0.,-1.),(0.,0.,1.),(-0.819151004787963,
0.573577920909506,0.),(-0.793353977035456,0.608760599186597,0.),(0.,0.,
1.),(0.,0.,1.),(-0.843392089595977,0.537298597808455,0.),(-0.843392089595977,
0.537298597808455,0.),(0.,0.,-1.),(0.,0.,1.),(-0.843389951094032,0.537301954578249,
0.),(-0.819151004787963,0.573577920909506,0.),(0.,0.,1.),(0.,0.,1.),(-0.866023079328942,
0.500004026053408,0.),(-0.866023079328942,0.500004026053408,0.),(0.,0.,
-1.),(0.,0.,1.),(-0.866028422983546,0.499994770557284,0.),(-0.843389951094032,
0.537301954578249,0.),(0.,0.,1.),(0.,0.,1.),(-0.887013448156907,0.461743589872987,
0.),(-0.887013448156907,0.461743589872987,0.),(0.,0.,-1.),(0.,0.,1.),(-0.88701089922952,
0.461748486351649,0.),(-0.866028422983546,0.499994770557284,0.),(0.,0.,
1.),(0.,0.,1.),(-0.906312949331927,0.422607190986221,0.),(-0.906312949331927,
0.422607190986221,0.),(0.,0.,-1.),(0.,0.,1.),(-0.906307470684875,0.422618940158608,
0.),(-0.88701089922952,0.461748486351649,0.),(0.,0.,1.),(0.,0.,1.),(-0.923881643828346,
0.382678335155039,0.),(-0.923881643828346,0.382678335155039,0.),(0.,0.,
-1.),(0.,0.,1.),(-0.923881297862786,0.382679170401753,0.),(-0.906307470684875,
0.422618940158608,0.),(0.,0.,1.),(0.,0.,1.),(-0.939689742073662,0.342028052418999,
0.),(-0.939689742073662,0.342028052418999,0.),(0.,0.,-1.),(0.,0.,1.),(-0.939691101124387,
0.342024318532524,0.),(-0.923881297862786,0.382679170401753,0.),(0.,0.,
1.),(0.,0.,1.),(-0.953713488792286,0.30071677920536,0.),(-0.953713488792286,
0.30071677920536,0.),(0.,0.,-1.),(0.,0.,1.),(-0.953716024214613,0.30070873807768,
0.),(-0.939691101124387,0.342024318532524,0.),(0.,0.,1.),(0.,0.,1.),(-0.965923169106831,
0.258828961638021,0.),(-0.965923169106831,0.258828961638021,0.),(0.,0.,
-1.),(0.,0.,1.),(-0.965925487713768,0.258820308679438,0.),(-0.953716024214613,
0.30070873807768,0.),(0.,0.,1.),(0.,0.,1.),(-0.976294318070984,0.216447232604883,
0.),(-0.976294318070984,0.216447232604883,0.),(0.,0.,-1.),(0.,0.,1.),(-0.976297507800945,
0.216432844692443,0.),(-0.965925487713768,0.258820308679438,0.),(0.,0.,
1.),(0.,0.,1.),(-0.984810892386393,0.173630372449975,0.),(-0.984810892386393,
0.173630372449975,0.),(0.,0.,-1.),(0.,0.,1.),(-0.984807422642041,0.173650051278831,
0.),(-0.976297507800945,0.216432844692443,0.),(0.,0.,1.),(0.,0.,1.),(-0.991446286838421,
0.13051536428447,0.),(-0.991446286838421,0.13051536428447,0.),(0.,0.,-1.),
(0.,0.,1.),(-0.991444880303255,0.130526048436563,0.),(-0.984807422642041,
0.173650051278831,0.),(0.,0.,1.),(0.,0.,1.),(-0.996194529135087,0.0871576739095383,
0.),(-0.996194529135087,0.0871576739095383,0.),(0.,0.,-1.),(0.,0.,1.),(-0.996194863110938,
0.0871538565490951,0.),(-0.991444880303255,0.130526048436563,0.),(0.,0.,
1.),(0.,0.,1.),(-0.999048609942569,0.0436104915338073,0.),(-0.999048609942569,
0.0436104915338073,0.),(0.,0.,-1.),(0.,0.,1.),(-0.999047637356615,0.04363276626763,
0.),(-0.996194863110938,0.0871538565490951,0.),(0.,0.,1.),(0.,0.,1.),(-0.999999999862328,
1.65934857723177E-5,0.),(-0.999999999862328,1.65934857723177E-5,0.),(0.,
0.,-1.),(0.,0.,1.),(-0.999999999972369,-7.4338995964318E-6,0.),(-0.999047637356615,
0.04363276626763,0.),(0.,0.,1.),(0.,0.,1.),(-0.999048360489024,-0.0436162057519032,
0.),(-0.999048360489024,-0.0436162057519032,0.),(0.,0.,-1.),(0.,0.,1.),
(-0.999048034620872,-0.0436236692653657,0.),(-0.999999999972369,-7.4338995964318E-6,
0.),(0.,0.,1.),(0.,0.,1.),(-0.99619312740203,-0.087173693950428,0.),(-0.99619312740203,
-0.087173693950428,0.),(0.,0.,-1.),(0.,0.,1.),(-0.996194666998487,-0.0871560981444997,
0.),(-0.999048034620872,-0.0436236692653657,0.),(0.,0.,1.),(0.,0.,1.),(-0.991446946971083,
-0.130510349557876,0.),(-0.991446946971083,-0.130510349557876,0.),(0.,0.,
-1.),(0.,0.,1.),(-0.991445603895092,-0.130520552087002,0.),(-0.996194666998487,
-0.0871560981444997,0.),(0.,0.,1.),(0.,0.,1.),(-0.984810988755742,-0.173629825853562,
0.),(-0.984810988755742,-0.173629825853562,0.),(0.,0.,-1.),(0.,0.,1.),(-0.984808575747001,
-0.173643511641419,0.),(-0.991445603895092,-0.130520552087002,0.),(0.,0.,
1.),(0.,0.,1.),(-0.976299452676301,-0.21642407145222,0.),(-0.976299452676301,
-0.21642407145222,0.),(0.,0.,-1.),(0.,0.,1.),(-0.97629417450725,-0.216447880154109,
0.),(-0.984808575747001,-0.173643511641419,0.),(0.,0.,1.),(0.,0.,1.),(-0.965922953142505,
-0.258829767593416,0.),(-0.965922953142505,-0.258829767593416,0.),(0.,0.,
-1.),(0.,0.,1.),(-0.965926887595861,-0.258815084219162,0.),(-0.97629417450725,
-0.216447880154109,0.),(0.,0.,1.),(0.,0.,1.),(-0.953706161808867,-0.300740015508078,
0.),(-0.953706161808867,-0.300740015508078,0.),(0.,0.,-1.),(0.,0.,1.),(-0.953719461258652,
-0.300697837066558,0.),(-0.965926887595861,-0.258815084219162,0.),(0.,0.,
1.),(0.,0.,1.),(-0.939695957062297,-0.34201097684252,0.),(-0.939695957062297,
-0.34201097684252,0.),(0.,0.,-1.),(0.,0.,1.),(-0.939689319865182,-0.342029212394661,
0.),(-0.953719461258652,-0.300697837066558,0.),(0.,0.,1.),(0.,0.,1.),(-0.923885101483893,
-0.382669987399191,0.),(-0.923885101483893,-0.382669987399191,0.),(0.,0.,
-1.),(0.,0.,1.),(-0.923874941245137,-0.382694516474035,0.),(-0.939689319865182,
-0.342029212394661,0.),(0.,0.,1.),(0.,0.,1.),(-0.906308063883443,-0.422617668040328,
0.),(-0.906308063883443,-0.422617668040328,0.),(0.,0.,-1.),(0.,0.,1.),(-0.906313037585499,
-0.422607001719736,0.),(-0.923874941245137,-0.382694516474035,0.),(0.,0.,
1.),(0.,0.,1.),(-0.887004878915224,-0.46176005108778,0.),(-0.887004878915224,
-0.46176005108778,0.),(0.,0.,-1.),(0.,0.,1.),(-0.887019578195121,-0.46173181382546,
0.),(-0.906313037585499,-0.422607001719736,0.),(0.,0.,1.),(0.,0.,1.),(-0.866023250381469,
-0.500003729784804,0.),(-0.866023250381469,-0.500003729784804,0.),(0.,0.,
-1.),(0.,0.,1.),(-0.866019038908155,-0.500011024127065,0.),(-0.887019578195121,
-0.46173181382546,0.),(0.,0.,1.),(0.,0.,1.),(-0.84338974335361,-0.537302280663253,
0.),(-0.84338974335361,-0.537302280663253,0.),(0.,0.,-1.),(0.,0.,1.),(-0.843381180555299,
-0.53731572123394,0.),(-0.866019038908155,-0.500011024127065,0.),(0.,0.,
1.),(0.,0.,1.),(-0.819158238710691,-0.573567589698371,0.),(-0.819158238710691,
-0.573567589698371,0.),(0.,0.,-1.),(0.,0.,1.),(-0.819155786987036,-0.573571091187179,
0.),(-0.843381180555299,-0.53731572123394,0.),(0.,0.,1.),(0.,0.,1.),(-0.793356508388226,
-0.608757300242093,0.),(-0.793356508388226,-0.608757300242093,0.),(0.,0.,
-1.),(0.,0.,1.),(-0.793361630539278,-0.608750624794799,0.),(-0.819155786987036,
-0.573571091187179,0.),(0.,0.,1.),(0.,0.,1.),(-0.766043600181963,-0.642788614258418,
0.),(-0.766043600181963,-0.642788614258418,0.),(0.,0.,-1.),(0.,0.,1.),(-0.766048861490459,
-0.642782344039701,0.),(-0.793361630539278,-0.608750624794799,0.),(0.,0.,
1.),(0.,0.,1.),(-0.737282539155708,-0.675584530207813,0.),(-0.737282539155708,
-0.675584530207813,0.),(0.,0.,-1.),(0.,0.,1.),(-0.737271318666153,-0.675596775208609,
0.),(-0.766048861490459,-0.642782344039701,0.),(0.,0.,1.),(0.,0.,1.),(-0.707106781186547,
-0.707106781186548,0.),(-0.707106781186547,-0.707106781186548,0.),(0.,0.,
-1.),(0.,0.,1.),(-0.707106781186547,-0.707106781186548,0.),(-0.737271318666153,
-0.675596775208609,0.),(0.,0.,1.),(0.,0.,1.),(-0.675584530207688,-0.737282539155823,
0.),(-0.675584530207688,-0.737282539155823,0.),(0.,0.,-1.),(0.,0.,1.),(-0.675596775208609,
-0.737271318666153,0.),(-0.707106781186547,-0.707106781186548,0.),(0.,0.,
1.),(0.,0.,1.),(-0.642788614258418,-0.766043600181963,0.),(-0.642788614258418,
-0.766043600181963,0.),(0.,0.,-1.),(0.,0.,1.),(-0.642782344039701,-0.766048861490459,
0.),(-0.675596775208609,-0.737271318666153,0.),(0.,0.,1.),(0.,0.,1.),(-0.608757300242093,
-0.793356508388226,0.),(-0.608757300242093,-0.793356508388226,0.),(0.,0.,
-1.),(0.,0.,1.),(-0.608750624794799,-0.793361630539278,0.),(-0.642782344039701,
-0.766048861490459,0.),(0.,0.,1.),(0.,0.,1.),(-0.573567589698371,-0.819158238710691,
0.),(-0.573567589698371,-0.819158238710691,0.),(0.,0.,-1.),(0.,0.,1.),(-0.573571091187179,
-0.819155786987036,0.),(-0.608750624794799,-0.793361630539278,0.),(0.,0.,
1.),(0.,0.,1.),(-0.537302280663252,-0.84338974335361,0.),(-0.537302280663252,
-0.84338974335361,0.),(0.,0.,-1.),(0.,0.,1.),(-0.53731572123394,-0.843381180555299,
0.),(-0.573571091187179,-0.819155786987036,0.),(0.,0.,1.),(0.,0.,1.),(-0.500003729784804,
-0.866023250381469,0.),(-0.500003729784804,-0.866023250381469,0.),(0.,0.,
-1.),(0.,0.,1.),(-0.500011024127065,-0.866019038908155,0.),(-0.53731572123394,
-0.843381180555299,0.),(0.,0.,1.),(0.,0.,1.),(-0.46176005108778,-0.887004878915224,
0.),(-0.46176005108778,-0.887004878915224,0.),(0.,0.,-1.),(0.,0.,1.),(-0.46173181382546,
-0.887019578195121,0.),(-0.500011024127065,-0.866019038908155,0.),(0.,0.,
1.),(0.,0.,1.),(-0.422617668040328,-0.906308063883443,0.),(-0.422617668040328,
-0.906308063883443,0.),(0.,0.,-1.),(0.,0.,1.),(-0.422607001719736,-0.906313037585499,
0.),(-0.46173181382546,-0.887019578195121,0.),(0.,0.,1.),(0.,0.,1.),(-0.382669987399191,
-0.923885101483893,0.),(-0.382669987399191,-0.923885101483893,0.),(0.,0.,
-1.),(0.,0.,1.),(-0.382694516474035,-0.923874941245137,0.),(-0.422607001719736,
-0.906313037585499,0.),(0.,0.,1.),(0.,0.,1.),(-0.34201097684252,-0.939695957062297,
0.),(-0.34201097684252,-0.939695957062297,0.),(0.,0.,-1.),(0.,0.,1.),(-0.342029212394661,
-0.939689319865182,0.),(-0.382694516474035,-0.923874941245137,0.),(0.,0.,
1.),(0.,0.,1.),(-0.300740015508067,-0.95370616180887,0.),(-0.300740015508067,
-0.95370616180887,0.),(0.,0.,-1.),(0.,0.,1.),(-0.300697837066558,-0.953719461258652,
0.),(-0.342029212394661,-0.939689319865182,0.),(0.,0.,1.),(0.,0.,1.),(-0.258829767593416,
-0.965922953142505,0.),(-0.258829767593416,-0.965922953142505,0.),(0.,0.,
-1.),(0.,0.,1.),(-0.258815084219162,-0.965926887595861,0.),(-0.300697837066558,
-0.953719461258652,0.),(0.,0.,1.),(0.,0.,1.),(-0.21642407145222,-0.976299452676301,
0.),(-0.21642407145222,-0.976299452676301,0.),(0.,0.,-1.),(0.,0.,1.),(-0.216447880154109,
-0.97629417450725,0.),(-0.258815084219162,-0.965926887595861,0.),(0.,0.,
1.),(0.,0.,1.),(-0.173629825853562,-0.984810988755742,0.),(-0.173629825853562,
-0.984810988755742,0.),(0.,0.,-1.),(0.,0.,1.),(-0.173643511641419,-0.984808575747001,
0.),(-0.216447880154109,-0.97629417450725,0.),(0.,0.,1.),(0.,0.,1.),(-0.130510349557876,
-0.991446946971083,0.),(-0.130510349557876,-0.991446946971083,0.),(0.,0.,
-1.),(0.,0.,1.),(-0.130520552087314,-0.991445603895051,0.),(-0.173643511641419,
-0.984808575747001,0.),(0.,0.,1.),(0.,0.,1.),(-0.087173693950428,-0.99619312740203,
0.),(-0.087173693950428,-0.99619312740203,0.),(0.,0.,-1.),(0.,0.,1.),(-0.0871560981444997,
-0.996194666998487,0.),(-0.130520552087314,-0.991445603895051,0.),(0.,0.,
1.),(0.,0.,1.),(-0.0436162057518213,-0.999048360489028,0.),(-0.0436162057518213,
-0.999048360489028,0.),(0.,0.,-1.),(0.,0.,1.),(-0.0436236692653657,-0.999048034620872,
0.),(-0.0871560981444997,-0.996194666998487,0.),(0.,0.,1.),(0.,0.,1.),(1.65934857723177E-5,
-0.999999999862328,0.),(1.65934857723177E-5,-0.999999999862328,0.),(0.,
0.,-1.),(0.,0.,1.),(-7.4338995964318E-6,-0.999999999972369,0.),(-0.0436236692653657,
-0.999048034620872,0.),(0.,0.,1.),(0.,0.,1.),(0.0436104915338073,-0.999048609942569,
0.),(0.0436104915338073,-0.999048609942569,0.),(0.,0.,-1.),(0.,0.,1.),(0.04363276626763,
-0.999047637356615,0.),(-7.4338995964318E-6,-0.999999999972369,0.),(0.,
0.,1.),(0.,0.,1.),(0.0871576739095383,-0.996194529135087,0.),(0.0871576739095383,
-0.996194529135087,0.),(0.,0.,-1.),(0.,0.,1.),(0.0871538565490951,-0.996194863110938,
0.),(0.04363276626763,-0.999047637356615,0.),(0.,0.,1.),(0.,0.,1.),(0.13051536428447,
-0.991446286838421,0.),(0.13051536428447,-0.991446286838421,0.),(0.,0.,
-1.),(0.,0.,1.),(0.130526048436563,-0.991444880303255,0.),(0.0871538565490951,
-0.996194863110938,0.),(0.,0.,1.),(0.,0.,1.),(0.173630372449975,-0.984810892386393,
0.),(0.173630372449975,-0.984810892386393,0.),(0.,0.,-1.),(0.,0.,1.),(0.173650051278831,
-0.984807422642041,0.),(0.130526048436563,-0.991444880303255,0.),(0.,0.,
1.),(0.,0.,1.),(0.216447232604883,-0.976294318070984,0.),(0.216447232604883,
-0.976294318070984,0.),(0.,0.,-1.),(0.,0.,1.),(0.216432844692443,-0.976297507800945,
0.),(0.173650051278831,-0.984807422642041,0.),(0.,0.,1.),(0.,0.,1.),(0.258828961638021,
-0.965923169106831,0.),(0.258828961638021,-0.965923169106831,0.),(0.,0.,
-1.),(0.,0.,1.),(0.258820308679438,-0.965925487713768,0.),(0.216432844692443,
-0.976297507800945,0.),(0.,0.,1.),(0.,0.,1.),(0.30071677920536,-0.953713488792287,
0.),(0.30071677920536,-0.953713488792287,0.),(0.,0.,-1.),(0.,0.,1.),(0.30070873807768,
-0.953716024214613,0.),(0.258820308679438,-0.965925487713768,0.),(0.,0.,
1.),(0.,0.,1.),(0.342028052418999,-0.939689742073662,0.),(0.342028052418999,
-0.939689742073662,0.),(0.,0.,-1.),(0.,0.,1.),(0.342024318532546,-0.939691101124379,
0.),(0.30070873807768,-0.953716024214613,0.),(0.,0.,1.),(0.,0.,1.),(0.382678335155039,
-0.923881643828346,0.),(0.382678335155039,-0.923881643828346,0.),(0.,0.,
-1.),(0.,0.,1.),(0.382679170401753,-0.923881297862786,0.),(0.342024318532546,
-0.939691101124379,0.),(0.,0.,1.),(0.,0.,1.),(0.422607190986221,-0.906312949331927,
0.),(0.422607190986221,-0.906312949331927,0.),(0.,0.,-1.),(0.,0.,1.),(0.422618940158608,
-0.906307470684875,0.),(0.382679170401753,-0.923881297862786,0.),(0.,0.,
1.),(0.,0.,1.),(0.461743589872987,-0.887013448156907,0.),(0.461743589872987,
-0.887013448156907,0.),(0.,0.,-1.),(0.,0.,1.),(0.461748486351649,-0.88701089922952,
0.),(0.422618940158608,-0.906307470684875,0.),(0.,0.,1.),(0.500004026053408,
-0.866023079328942,0.),(0.,0.,-1.),(0.461748486351649,-0.88701089922952,
0.),(0.,0.,1.),(0.,0.,1.),(0.,0.,1.),(-0.707106781186548,0.707106781186547,
0.),(0.,0.,-1.),(-0.707106781186548,0.707106781186547,0.),(0.,0.,-1.),(-0.707106781186548,
0.707106781186547,0.),(0.,0.,-1.),(0.,0.,-1.),(0.,0.,-1.),(-0.707106781186548,
0.707106781186547,0.),(0.,0.,-1.),(0.,0.,-1.),(-0.707106781186548,0.707106781186547,
0.),(0.,0.,-1.),(0.,0.,-1.),(-0.707106781186548,0.707106781186547,0.),(0.,
0.,-1.),(0.707106781186548,0.707106781186547,0.),(0.596368815400658,-0.596368815400658,
-0.537297377655271),(0.707106781186548,0.707106781186547,0.),(0.579228352746953,
-0.579228352746953,-0.573575653901124),(0.707106781186548,0.707106781186547,
0.),(0.612372198664537,-0.612372198664537,-0.500000580605184),(0.579228352746953,
-0.579228352746953,-0.573575653901124),(-0.707106781186547,-0.707106781186548,
0.),(-0.707106781186547,-0.707106781186548,0.),(0.596368815400658,-0.596368815400658,
-0.537297377655271),(0.707106781186548,0.707106781186547,0.),(0.560984344782432,
-0.560984344782432,-0.608763607501344),(0.707106781186548,0.707106781186547,
0.),(0.541674840695005,-0.541674840695005,-0.642788249671757),(0.707106781186548,
0.707106781186547,0.),(0.664462589218971,-0.664462589218971,-0.342021834181447),
(0.707106781186548,0.707106781186547,0.),(0.653282106270324,-0.653282106270324,
-0.382681302462006),(0.707106781186548,0.707106781186547,0.),(-0.405578636926454,
0.405578636926454,-0.819153183804934),(0.707106781186548,0.707106781186547,
0.),(0.640857017707482,-0.640857017707482,-0.422616333936757),(0.707106781186548,
0.707106781186547,0.),(0.627210561543932,-0.627210561543932,-0.461750823470291),
(0.707106781186548,0.707106781186547,0.),(-0.353554916334429,0.353554916334429,
-0.866024158018418),(0.707106781186548,0.707106781186547,0.),(-0.326506677405949,
0.326506677405949,-0.887010022050853),(0.707106781186548,0.707106781186547,
0.),(-0.379928086027666,0.379928086027666,-0.843391545425201),(0.707106781186548,
0.707106781186547,0.),(-0.298835979929651,0.298835979929651,-0.906307957704759),
(0.707106781186548,0.707106781186547,0.),(0.52133350536194,-0.52133350536194,
-0.675590669247337),(0.707106781186548,0.707106781186547,0.),(-0.270597613339964,
0.270597613339964,-0.923879788343392),(0.707106781186548,0.707106781186547,
0.),(-0.241843295065997,0.241843295065997,-0.939693376194194),(0.707106781186548,
0.707106781186547,0.),(-0.212631721043763,0.212631721043763,-0.953716678270824),
(0.707106781186548,0.707106781186547,0.),(-0.0154252371083508,0.0154252371083508,
-0.999762033746182),(-0.707106781186548,0.707106781186547,0.),(0.707106781186548,
0.707106781186547,0.),(-0.0308424965497934,0.0308424965497934,-0.999048287528262),
(0.707106781186548,0.707106781186547,0.),(-0.0616281376933356,0.0616281376933356,
-0.996194732614514),(0.707106781186548,0.707106781186547,0.),(-0.0922965501971664,
0.0922965501971664,-0.991444750676206),(0.707106781186548,0.707106781186547,
0.),(-0.183012962995327,0.183012962995327,-0.965925727347265),(0.707106781186548,
0.707106781186547,0.),(-0.153045765368688,0.153045765368688,-0.976296055203249),
(0.707106781186548,0.707106781186547,0.),(-0.122788734708532,0.122788734708532,
-0.984807520918355),(0.560984344782432,-0.560984344782432,-0.608763607501344),
(-0.707106781186547,-0.707106781186548,0.),(-0.707106781186547,-0.707106781186548,
0.),(0.541674840695005,-0.541674840695005,-0.642788249671757),(0.653282106270324,
-0.653282106270324,-0.382681302462006),(-0.707106781186547,-0.707106781186548,
0.),(0.707106781186548,0.707106781186547,0.),(-0.454519902543222,0.454519902543222,
-0.766043938938361),(0.707106781186548,0.707106781186547,0.),(-0.477715428205523,
0.477715428205523,-0.737276026538791),(0.707106781186548,0.707106781186547,
0.),(-0.430458649788725,0.430458649788725,-0.793354083397908),(0.707106781186548,
0.707106781186547,0.),(-0.499999971906817,0.499999971906817,-0.707106820916306),
(0.707106781186548,0.707106781186547,0.),(0.674379364427615,-0.674379364427615,
-0.300707408735486),(0.664462589218971,-0.664462589218971,-0.342021834181447),
(-0.707106781186547,-0.707106781186548,0.),(-0.707106781186547,-0.707106781186548,
0.),(0.640857017707482,-0.640857017707482,-0.422616333936757),(0.627210561543932,
-0.627210561543932,-0.461750823470291),(-0.707106781186547,-0.707106781186548,
0.),(-0.707106781186547,-0.707106781186548,0.),(-0.477715428205523,0.477715428205523,
-0.737276026538791),(-0.454519902543222,0.454519902543222,-0.766043938938361),
(-0.707106781186547,-0.707106781186548,0.),(-0.707106781186547,-0.707106781186548,
0.),(-0.499999971906817,0.499999971906817,-0.707106820916306),(0.707106781186548,
0.707106781186547,0.),(0.683012469125585,-0.683012469125585,-0.258820273622342),
(0.707106781186548,0.707106781186547,0.),(0.690345764935645,-0.690345764935645,
-0.216438096625427),(0.707106781186548,0.707106781186547,0.),(0.696364315692247,
-0.696364315692247,-0.173647573150149),(0.707106781186548,0.707106781186547,
0.),(0.701057121906358,-0.701057121906358,-0.130529014585832),(0.707106781186548,
0.707106781186547,0.),(-0.52133350536194,0.52133350536194,-0.675590669247337),
(-0.52133350536194,0.52133350536194,-0.675590669247337),(-0.707106781186547,
-0.707106781186548,0.),(-0.707106781186547,-0.707106781186548,0.),(-0.353554916334429,
0.353554916334429,-0.866024158018418),(-0.379928086027666,0.379928086027666,
-0.843391545425201),(-0.707106781186547,-0.707106781186548,0.),(-0.707106781186547,
-0.707106781186548,0.),(-0.326506677405949,0.326506677405949,-0.887010022050853),
(0.707106781186548,0.707106781186547,0.),(0.298835979929651,-0.298835979929651,
-0.906307957704759),(0.707106781186548,0.707106781186547,0.),(0.326506677405949,
-0.326506677405949,-0.887010022050853),(0.298835979929651,-0.298835979929651,
-0.906307957704759),(-0.707106781186547,-0.707106781186548,0.),(0.707106781186548,
0.707106781186547,0.),(0.270597613339964,-0.270597613339964,-0.923879788343392),
(0.270597613339964,-0.270597613339964,-0.923879788343392),(-0.707106781186547,
-0.707106781186548,0.),(0.707106781186548,0.707106781186547,0.),(0.353554916334429,
-0.353554916334429,-0.866024158018418),(0.326506677405949,-0.326506677405949,
-0.887010022050853),(-0.707106781186547,-0.707106781186548,0.),(0.707106781186548,
0.707106781186547,0.),(0.379928086027666,-0.379928086027666,-0.843391545425201),
(0.707106781186548,0.707106781186547,0.),(0.405578636926454,-0.405578636926454,
-0.819153183804934),(0.707106781186548,0.707106781186547,0.),(0.,0.,1.),
(0.707106781186547,-0.707106781186548,0.),(0.707106781186548,0.707106781186547,
0.),(0.153045765368688,-0.153045765368688,-0.976296055203249),(0.707106781186548,
0.707106781186547,0.),(0.212631721043763,-0.212631721043763,-0.953716678270824),
(0.707106781186548,0.707106781186547,0.),(0.241843295065997,-0.241843295065997,
-0.939693376194194),(0.707106781186548,0.707106781186547,0.),(0.183012962995327,
-0.183012962995327,-0.965925727347265),(0.707106781186548,0.707106781186547,
0.),(0.430458649788725,-0.430458649788725,-0.793354083397908),(0.707106781186548,
0.707106781186547,0.),(0.454519902543222,-0.454519902543222,-0.766043938938361),
(0.707106781186548,0.707106781186547,0.),(0.477715428205523,-0.477715428205523,
-0.737276026538791),(0.707106781186548,0.707106781186547,0.),(0.499999971906817,
-0.499999971906817,-0.707106820916306),(0.353554916334429,-0.353554916334429,
-0.866024158018418),(-0.707106781186547,-0.707106781186548,0.),(-0.707106781186547,
-0.707106781186548,0.),(0.379928086027666,-0.379928086027666,-0.843391545425201),
(0.612372198664537,-0.612372198664537,-0.500000580605184),(-0.707106781186547,
-0.707106781186548,0.),(-0.707106781186547,-0.707106781186548,0.),(-0.298835979929651,
0.298835979929651,-0.906307957704759),(-0.270597613339964,0.270597613339964,
-0.923879788343392),(-0.707106781186547,-0.707106781186548,0.),(-0.707106781186547,
-0.707106781186548,0.),(-0.241843295065997,0.241843295065997,-0.939693376194194),
(-0.0308424965497934,0.0308424965497934,-0.999048287528262),(-0.707106781186547,
-0.707106781186548,0.),(-0.707106781186547,-0.707106781186548,0.),(-0.0154252371083508,
0.0154252371083508,-0.999762033746182),(-0.707106781186548,0.707106781186547,
0.),(-0.0616281376933356,0.0616281376933356,-0.996194732614514),(-0.707106781186547,
-0.707106781186548,0.),(-0.707106781186547,-0.707106781186548,0.),(-0.0922965501971664,
0.0922965501971664,-0.991444750676206),(0.707106781186548,0.707106781186547,
0.),(0.707106781186547,-0.707106781186548,0.),(0.0154252371083508,-0.0154252371083508,
-0.999762033746182),(0.707106781186548,0.707106781186547,0.),(0.0308424965497934,
-0.0308424965497934,-0.999048287528262),(0.0154252371083508,-0.0154252371083508,
-0.999762033746182),(0.707106781186547,-0.707106781186548,0.),(-0.707106781186547,
-0.707106781186548,0.),(0.707106781186547,-0.707106781186548,0.),(0.,0.,
1.),(0.,0.,1.),(0.707106781186547,-0.707106781186548,0.),(0.,0.,1.),(0.707106781186547,
-0.707106781186548,0.),(0.,0.,1.),(0.707106781186547,-0.707106781186548,
0.),(0.707106781186548,0.707106781186547,0.),(0.0616281376933356,-0.0616281376933356,
-0.996194732614514),(0.0308424965497934,-0.0308424965497934,-0.999048287528262),
(-0.707106781186547,-0.707106781186548,0.),(0.707106781186548,0.707106781186547,
0.),(0.0922965501971664,-0.0922965501971664,-0.991444750676206),(0.707106781186548,
0.707106781186547,0.),(0.122788734708532,-0.122788734708532,-0.984807520918355),
(0.0616281376933356,-0.0616281376933356,-0.996194732614514),(-0.707106781186547,
-0.707106781186548,0.),(-0.707106781186547,-0.707106781186548,0.),(0.0922965501971664,
-0.0922965501971664,-0.991444750676206),(0.212631721043763,-0.212631721043763,
-0.953716678270824),(-0.707106781186547,-0.707106781186548,0.),(-0.707106781186547,
-0.707106781186548,0.),(0.183012962995327,-0.183012962995327,-0.965925727347265),
(0.241843295065997,-0.241843295065997,-0.939693376194194),(-0.707106781186547,
-0.707106781186548,0.),(-0.707106781186547,-0.707106781186548,0.),(0.405578636926454,
-0.405578636926454,-0.819153183804934),(0.430458649788725,-0.430458649788725,
-0.793354083397908),(-0.707106781186547,-0.707106781186548,0.),(-0.707106781186547,
-0.707106781186548,0.),(0.454519902543222,-0.454519902543222,-0.766043938938361),
(0.52133350536194,-0.52133350536194,-0.675590669247337),(-0.707106781186547,
-0.707106781186548,0.),(-0.707106781186547,-0.707106781186548,0.),(0.499999971906817,
-0.499999971906817,-0.707106820916306),(0.674379364427615,-0.674379364427615,
-0.300707408735486),(-0.707106781186547,-0.707106781186548,0.),(-0.707106781186547,
-0.707106781186548,0.),(0.683012469125585,-0.683012469125585,-0.258820273622342),
(0.690345764935645,-0.690345764935645,-0.216438096625427),(-0.707106781186547,
-0.707106781186548,0.),(0.707106781186548,0.707106781186547,0.),(0.,0.,
-1.),(-0.707106781186548,0.707106781186547,0.),(0.707106781186548,0.707106781186547,
0.),(0.596368732012985,-0.596368732012985,0.537297562766154),(0.707106781186548,
0.707106781186547,0.),(0.579228346145703,-0.579228346145703,0.573575667233738),
(0.707106781186548,0.707106781186547,0.),(-0.430458759582121,0.430458759582121,
0.793353964254319),(0.707106781186548,0.707106781186547,0.),(0.560984351567742,
-0.560984351567742,0.608763594995824),(0.707106781186548,0.707106781186547,
0.),(0.47771516746674,-0.47771516746674,0.73727636442819),(0.707106781186548,
0.707106781186547,0.),(0.,0.,-1.),(0.,0.,-1.),(-0.675547772654574,-0.737316219041358,
0.),(0.707106781186548,0.707106781186547,0.),(0.541675106720396,-0.541675106720396,
0.642787801314628),(0.707106781186548,0.707106781186547,0.),(0.521333648797677,
-0.521333648797677,0.675590447876968),(0.707106781186548,0.707106781186547,
0.),(0.499999807431066,-0.499999807431066,0.707107053520041),(0.707106781186548,
0.707106781186547,0.),(-0.29883578228087,0.29883578228087,0.90630808804576),
(0.707106781186548,0.707106781186547,0.),(-0.270597891846736,0.270597891846736,
0.923879625198112),(0.707106781186548,0.707106781186547,0.),(-0.326505485075492,
0.326505485075492,0.887010899837897),(0.707106781186548,0.707106781186547,
0.),(-0.241844184816229,0.241844184816229,0.939692918213789),(0.707106781186548,
0.707106781186547,0.),(-0.212631787192484,0.212631787192484,0.953716648775023),
(0.707106781186548,0.707106781186547,0.),(-0.353554354073777,0.353554354073777,
0.866024617104473),(0.707106781186548,0.707106781186547,0.),(-0.379928776181089,
0.379928776181089,0.843390923628587),(0.707106781186548,0.707106781186547,
0.),(-0.405579175317498,0.405579175317498,0.819152650668699),(0.707106781186548,
0.707106781186547,0.),(-0.707106781186548,0.707106781186547,0.),(-0.0154254784957586,
0.0154254784957586,0.999762026297435),(0.707106781186548,0.707106781186547,
0.),(-0.0308436403760848,0.0308436403760848,0.999048216902819),(-0.707106781186548,
0.707106781186547,0.),(0.,0.,-1.),(0.707106781186548,0.707106781186547,
0.),(-0.0616284206004834,0.0616284206004834,0.996194697611155),(0.707106781186548,
0.707106781186547,0.),(-0.0922958557657407,0.0922958557657407,0.991444879969098),
(0.707106781186548,0.707106781186547,0.),(-0.12278791858439,0.12278791858439,
0.984807724431234),(0.707106781186548,0.707106781186547,0.),(-0.153045566349606,
0.153045566349606,0.976296117600319),(0.707106781186548,0.707106781186547,
0.),(-0.183013119754581,0.183013119754581,0.965925667945205),(0.,0.,-1.),
(-0.642788470039576,-0.766043721196239,0.),(0.,0.,-1.),(-0.608757528151085,
-0.793356333509339,0.),(0.,0.,-1.),(-0.573607424955554,-0.819130344960958,
0.),(0.,0.,-1.),(-0.537344011692703,-0.843363156118402,0.),(0.,0.,-1.),
(-0.499961702645752,-0.866047513643195,0.),(0.,0.,-1.),(-0.461802016107953,
-0.886983031358904,0.),(0.,0.,-1.),(-0.422618345802682,-0.906307747837899,
0.),(0.,0.,-1.),(-0.382669217979768,-0.923885420174359,0.),(0.,0.,-1.),
(-0.34205394959913,-0.939680315619964,0.),(0.,0.,-1.),(-0.300614698902188,
-0.953745669874284,0.),(0.,0.,-1.),(-0.258785368917209,-0.965934849166539,
0.),(0.,0.,-1.),(-0.216426373851979,-0.97629894228217,0.),(0.,0.,-1.),(-0.173627378545582,
-0.98481142023201,0.),(0.,0.,-1.),(-0.130590248637739,-0.991436426081236,
0.),(0.,0.,-1.),(-0.087173693950428,-0.99619312740203,0.),(0.,0.,-1.),(-0.0436522615736959,
-0.99904678572102,0.),(0.,0.,-1.),(1.50508395564525E-5,-0.999999999886736,
0.),(0.,0.,-1.),(0.0436450061886271,-0.999047102710775,0.),(0.,0.,-1.),
(0.0871265191204665,-0.996197254395911,0.),(0.,0.,-1.),(0.130542934634922,
-0.991442657049263,0.),(0.,0.,-1.),(0.173661218813784,-0.984805453417126,
0.),(0.,0.,-1.),(0.216420130769551,-0.976300326230454,0.),(0.,0.,-1.),(0.258828961638021,
-0.965923169106831,0.),(0.,0.,-1.),(0.30071677920536,-0.953713488792287,
0.),(0.,0.,-1.),(0.342028052418999,-0.939689742073662,0.),(0.,0.,-1.),(0.382661603178978,
-0.923888574154099,0.),(0.,0.,-1.),(0.422619884838633,-0.906307030171884,
0.),(0.,0.,-1.),(0.461747271484744,-0.887011531647923,0.),(0.,0.,-1.),(0.499990089714252,
-0.866031125414979,0.),(0.,0.,-1.),(0.537316832201542,-0.843380472760011,
0.),(0.,0.,-1.),(0.573574741094797,-0.819153231317583,0.),(0.,0.,-1.),(0.608762576885109,
-0.793352459493384,0.),(0.,0.,-1.),(0.642789751034058,-0.766042646309965,
0.),(0.,0.,-1.),(0.675585571921382,-0.737281584614494,0.),(0.596368732012985,
-0.596368732012985,0.537297562766154),(-0.707106781186547,-0.707106781186548,
0.),(0.707106781186548,0.707106781186547,0.),(-0.640857313268394,0.640857313268394,
0.422615437556214),(0.707106781186548,0.707106781186547,0.),(-0.653282021913722,
0.653282021913722,0.382681590475214),(0.707106781186548,0.707106781186547,
0.),(-0.627210824592123,0.627210824592123,0.461750108856445),(0.707106781186548,
0.707106781186547,0.),(-0.664462540272381,0.664462540272381,0.342022024363268),
(0.707106781186548,0.707106781186547,0.),(-0.701057118270028,0.701057118270028,
0.130529053646493),(0.707106781186548,0.707106781186547,0.),(-0.704416052045072,
0.704416052045072,0.0871553282506037),(0.707106781186548,0.707106781186547,
0.),(0.61237203161754,-0.61237203161754,0.500000989784233),(0.707106781186548,
0.707106781186547,0.),(-0.696364320496326,0.696364320496326,0.173647534619358),
(0.707106781186548,0.707106781186547,0.),(-0.690345725866589,0.690345725866589,
0.216438345852728),(0.707106781186548,0.707106781186547,0.),(-0.683012389888826,
0.683012389888826,0.25882069182488),(0.707106781186548,0.707106781186547,
0.),(-0.674379426677215,0.674379426677215,0.300707129528088),(0.61237203161754,
-0.61237203161754,0.500000989784233),(-0.707106781186547,-0.707106781186548,
0.),(0.707106781186548,0.707106781186547,0.),(-0.454519617442091,0.454519617442091,
0.76604427725856),(0.707106781186548,0.707106781186547,0.),(-0.47771516746674,
0.47771516746674,0.73727636442819),(0.707106781186548,0.707106781186547,
0.),(-0.499999807431066,0.499999807431066,0.707107053520041),(0.707106781186548,
0.707106781186547,0.),(-0.521333648797677,0.521333648797677,0.675590447876968),
(0.707106781186548,0.707106781186547,0.),(-0.541675106720396,0.541675106720396,
0.642787801314628),(0.707106781186548,0.707106781186547,0.),(-0.560984351567742,
0.560984351567742,0.608763594995824),(0.707106781186548,0.707106781186547,
0.),(-0.579228346145703,0.579228346145703,0.573575667233738),(0.707106781186548,
0.707106781186547,0.),(-0.596368732012985,0.596368732012985,0.537297562766154),
(0.707106781186548,0.707106781186547,0.),(-0.61237203161754,0.61237203161754,
0.500000989784233),(0.579228346145703,-0.579228346145703,0.573575667233738),
(-0.707106781186547,-0.707106781186548,0.),(0.707106781186548,0.707106781186547,
0.),(0.430458759582121,-0.430458759582121,0.793353964254319),(0.707106781186548,
0.707106781186547,0.),(0.405579175317498,-0.405579175317498,0.819152650668699),
(0.430458759582121,-0.430458759582121,0.793353964254319),(-0.707106781186547,
-0.707106781186548,0.),(0.707106781186548,0.707106781186547,0.),(0.454519617442091,
-0.454519617442091,0.76604427725856),(0.454519617442091,-0.454519617442091,
0.76604427725856),(-0.707106781186547,-0.707106781186548,0.),(0.707106781186548,
0.707106781186547,0.),(0.379928776181089,-0.379928776181089,0.843390923628587),
(0.405579175317498,-0.405579175317498,0.819152650668699),(-0.707106781186547,
-0.707106781186548,0.),(0.707106781186548,0.707106781186547,0.),(0.326505485075492,
-0.326505485075492,0.887010899837897),(0.707106781186548,0.707106781186547,
0.),(0.29883578228087,-0.29883578228087,0.90630808804576),(0.707106781186548,
0.707106781186547,0.),(0.353554354073777,-0.353554354073777,0.866024617104473),
(0.707106781186548,0.707106781186547,0.),(0.270597891846736,-0.270597891846736,
0.923879625198112),(0.707106781186548,0.707106781186547,0.),(0.241844184816229,
-0.241844184816229,0.939692918213789),(0.707106781186548,0.707106781186547,
0.),(0.212631787192484,-0.212631787192484,0.953716648775023),(0.707106781186548,
0.707106781186547,0.),(0.183013119754581,-0.183013119754581,0.965925667945205),
(0.707106781186548,0.707106781186547,0.),(0.153045566349606,-0.153045566349606,
0.976296117600319),(0.707106781186548,0.707106781186547,0.),(0.707106781186547,
-0.707106781186548,0.),(0.,0.,-1.),(0.,0.,-1.),(0.,0.,-1.),(-0.707106781186548,
0.707106781186547,0.),(0.,0.,-1.),(-0.737281584614494,0.675585571921382,
0.),(0.,0.,-1.),(-0.675590391445695,0.73727716836089,0.),(0.,0.,-1.),(-0.766042646309965,
0.642789751034058,0.),(0.,0.,-1.),(-0.793352459493384,0.608762576885109,
0.),(0.,0.,-1.),(-0.819153231317583,0.573574741094797,0.),(0.,0.,-1.),(-0.843380472760011,
0.537316832201542,0.),(0.,0.,-1.),(-0.866031125414979,0.499990089714252,
0.),(0.,0.,-1.),(-0.887011531647923,0.461747271484744,0.),(0.,0.,-1.),(-0.906307030171884,
0.422619884838633,0.),(0.,0.,-1.),(-0.923888574154099,0.382661603178978,
0.),(0.,0.,-1.),(-0.939689742073662,0.342028052418999,0.),(0.,0.,-1.),(-0.953713488792286,
0.30071677920536,0.),(0.,0.,-1.),(-0.965923169106831,0.258828961638021,
0.),(0.,0.,-1.),(-0.976300326230454,0.216420130769551,0.),(0.,0.,-1.),(-0.984805453417126,
0.173661218813784,0.),(0.,0.,-1.),(-0.991442657049263,0.130542934634922,
0.),(0.,0.,-1.),(-0.996197254395911,0.0871265191204665,0.),(0.,0.,-1.),
(-0.999047102710784,0.0436450061884301,0.),(0.,0.,-1.),(-0.999999999886736,
1.50508395564525E-5,0.),(0.,0.,-1.),(-0.99904678572102,-0.0436522615736959,
0.),(0.,0.,-1.),(-0.99619312740203,-0.087173693950428,0.),(0.,0.,-1.),(-0.991436426081236,
-0.130590248637739,0.),(0.,0.,-1.),(-0.98481142023201,-0.173627378545582,
0.),(0.,0.,-1.),(-0.97629894228217,-0.216426373851979,0.),(0.,0.,-1.),(-0.965934849166539,
-0.258785368917209,0.),(0.,0.,-1.),(-0.953745669874284,-0.300614698902188,
0.),(0.,0.,-1.),(-0.939680315619878,-0.342053949599367,0.),(0.,0.,-1.),
(-0.923885420174359,-0.382669217979768,0.),(0.,0.,-1.),(-0.906307747837899,
-0.422618345802682,0.),(0.,0.,-1.),(-0.886983031358864,-0.46180201610803,
0.),(0.,0.,-1.),(-0.866047513643195,-0.499961702645752,0.),(0.,0.,-1.),
(-0.843363156118402,-0.537344011692703,0.),(0.,0.,-1.),(-0.819130344960958,
-0.573607424955554,0.),(0.,0.,-1.),(-0.793356333509339,-0.608757528151085,
0.),(0.,0.,-1.),(-0.766043721196239,-0.642788470039577,0.),(0.,0.,-1.),
(-0.737316219041358,-0.675547772654574,0.),(0.,0.,-1.),(-0.707106781186547,
-0.707106781186548,0.),(0.,0.,-1.),(-0.642786426672193,0.766045435784323,
0.),(-0.212631721043763,0.212631721043763,-0.953716678270824),(-0.707106781186547,
-0.707106781186548,0.),(-0.707106781186547,-0.707106781186548,0.),(-0.183012962995327,
0.183012962995327,-0.965925727347265),(-0.153045765368688,0.153045765368688,
-0.976296055203249),(-0.707106781186547,-0.707106781186548,0.),(-0.707106781186547,
-0.707106781186548,0.),(-0.122788734708532,0.122788734708532,-0.984807520918355),
(0.477715428205523,-0.477715428205523,-0.737276026538791),(-0.707106781186547,
-0.707106781186548,0.),(0.707106781186548,0.707106781186547,0.),(0.704416049605214,
-0.704416049605214,-0.0871553676899442),(0.707106781186548,0.707106781186547,
0.),(-0.541674840695005,0.541674840695005,-0.642788249671757),(0.701057121906358,
-0.701057121906358,-0.130529014585832),(-0.707106781186547,-0.707106781186548,
0.),(-0.707106781186547,-0.707106781186548,0.),(0.696364315692247,-0.696364315692247,
-0.173647573150149),(0.707106781186548,0.707106781186547,0.),(-0.560984344782432,
0.560984344782432,-0.608763607501344),(0.707106781186548,0.707106781186547,
0.),(-0.640857017707482,0.640857017707482,-0.422616333936757),(0.707106781186548,
0.707106781186547,0.),(-0.627210561543932,0.627210561543932,-0.461750823470291),
(0.707106781186548,0.707106781186547,0.),(-0.653282106270324,0.653282106270324,
-0.382681302462006),(0.707106781186548,0.707106781186547,0.),(-0.612372198664537,
0.612372198664537,-0.500000580605184),(0.707106781186548,0.707106781186547,
0.),(-0.596368815400658,0.596368815400658,-0.537297377655271),(0.707106781186548,
0.707106781186547,0.),(-0.579228352746953,0.579228352746953,-0.573575653901124),
(0.707106781186548,0.707106781186547,0.),(-0.696364315692247,0.696364315692247,
-0.173647573150149),(0.707106781186548,0.707106781186547,0.),(-0.701057121906358,
0.701057121906358,-0.130529014585832),(0.707106781186548,0.707106781186547,
0.),(-0.690345764935645,0.690345764935645,-0.216438096625427),(0.707106781186548,
0.707106781186547,0.),(-0.704416049605214,0.704416049605214,-0.0871553676899442),
(0.707106781186548,0.707106781186547,0.),(-0.706433823129812,0.706433823129812,
-0.0436177380935321),(0.707106781186548,0.707106781186547,0.),(0.706433823129812,
-0.706433823129812,-0.0436177380935321),(0.704416049605214,-0.704416049605214,
-0.0871553676899442),(-0.707106781186547,-0.707106781186548,0.),(0.707106781186548,
0.707106781186547,0.),(-0.683012469125585,0.683012469125585,-0.258820273622342),
(0.707106781186548,0.707106781186547,0.),(-0.674379364427615,0.674379364427615,
-0.300707408735486),(0.707106781186548,0.707106781186547,0.),(-0.664462589218971,
0.664462589218971,-0.342021834181447),(-0.541674840695005,0.541674840695005,
-0.642788249671757),(-0.707106781186547,-0.707106781186548,0.),(-0.707106781186547,
-0.707106781186548,0.),(-0.560984344782432,0.560984344782432,-0.608763607501344),
(-0.640857313268394,0.640857313268394,0.422615437556214),(-0.707106781186547,
-0.707106781186548,0.),(-0.707106781186547,-0.707106781186548,0.),(-0.627210824592123,
0.627210824592123,0.461750108856445),(-0.653282021913722,0.653282021913722,
0.382681590475214),(-0.707106781186547,-0.707106781186548,0.),(0.707106781186548,
0.707106781186547,0.),(0.640857313268394,-0.640857313268394,0.422615437556214),
(0.707106781186548,0.707106781186547,0.),(0.627210824592123,-0.627210824592123,
0.461750108856445),(0.640857313268394,-0.640857313268394,0.422615437556214),
(-0.707106781186547,-0.707106781186548,0.),(0.707106781186548,0.707106781186547,
0.),(0.653282021913722,-0.653282021913722,0.382681590475214),(0.653282021913722,
-0.653282021913722,0.382681590475214),(-0.707106781186547,-0.707106781186548,
0.),(-0.707106781186547,-0.707106781186548,0.),(0.627210824592123,-0.627210824592123,
0.461750108856445),(-0.701057118270028,0.701057118270028,0.130529053646493),
(-0.707106781186547,-0.707106781186548,0.),(0.707106781186548,0.707106781186547,
0.),(0.701057118270028,-0.701057118270028,0.130529053646493),(0.707106781186548,
0.707106781186547,0.),(0.696364320496326,-0.696364320496326,0.173647534619358),
(0.707106781186548,0.707106781186547,0.),(0.704416052045072,-0.704416052045072,
0.0871553282506037),(0.707106781186548,0.707106781186547,0.),(0.690345725866589,
-0.690345725866589,0.216438345852728),(0.707106781186548,0.707106781186547,
0.),(-0.706433822518265,0.706433822518265,0.0436177579027777),(0.707106781186548,
0.707106781186547,0.),(0.706433822518265,-0.706433822518265,0.0436177579027777),
(-0.704416052045072,0.704416052045072,0.0871553282506037),(-0.707106781186547,
-0.707106781186548,0.),(0.707106781186548,0.707106781186547,0.),(0.683012389888826,
-0.683012389888826,0.25882069182488),(0.707106781186548,0.707106781186547,
0.),(0.674379426677215,-0.674379426677215,0.300707129528088),(0.707106781186548,
0.707106781186547,0.),(0.664462540272381,-0.664462540272381,0.342022024363268),
(0.560984351567742,-0.560984351567742,0.608763594995824),(-0.707106781186547,
-0.707106781186548,0.),(-0.707106781186547,-0.707106781186548,0.),(0.541675106720396,
-0.541675106720396,0.642787801314628),(0.521333648797677,-0.521333648797677,
0.675590447876968),(-0.707106781186547,-0.707106781186548,0.),(-0.707106781186547,
-0.707106781186548,0.),(0.122788734708532,-0.122788734708532,-0.984807520918355),
(0.153045765368688,-0.153045765368688,-0.976296055203249),(-0.707106781186547,
-0.707106781186548,0.),(-0.707106781186547,-0.707106781186548,0.),(-0.270597891846736,
0.270597891846736,0.923879625198112),(-0.29883578228087,0.29883578228087,
0.90630808804576),(-0.707106781186547,-0.707106781186548,0.),(-0.707106781186547,
-0.707106781186548,0.),(-0.241844184816229,0.241844184816229,0.939692918213789),
(-0.212631787192484,0.212631787192484,0.953716648775023),(-0.707106781186547,
-0.707106781186548,0.),(-0.707106781186547,-0.707106781186548,0.),(-0.690345725866589,
0.690345725866589,0.216438345852728),(-0.696364320496326,0.696364320496326,
0.173647534619358),(-0.707106781186547,-0.707106781186548,0.),(-0.707106781186547,
-0.707106781186548,0.),(-0.683012389888826,0.683012389888826,0.25882069182488),
(-0.674379426677215,0.674379426677215,0.300707129528088),(-0.707106781186547,
-0.707106781186548,0.),(-0.707106781186547,-0.707106781186548,0.),(0.499999807431066,
-0.499999807431066,0.707107053520041),(0.47771516746674,-0.47771516746674,
0.73727636442819),(-0.707106781186547,-0.707106781186548,0.),(-0.707106781186547,
-0.707106781186548,0.),(0.326505485075492,-0.326505485075492,0.887010899837897),
(0.353554354073777,-0.353554354073777,0.866024617104473),(-0.707106781186547,
-0.707106781186548,0.),(-0.707106781186547,-0.707106781186548,0.),(0.29883578228087,
-0.29883578228087,0.90630808804576),(0.270597891846736,-0.270597891846736,
0.923879625198112),(-0.707106781186547,-0.707106781186548,0.),(-0.707106781186547,
-0.707106781186548,0.),(0.241844184816229,-0.241844184816229,0.939692918213789),
(0.212631787192484,-0.212631787192484,0.953716648775023),(-0.707106781186547,
-0.707106781186548,0.),(-0.707106781186547,-0.707106781186548,0.),(-0.430458649788725,
0.430458649788725,-0.793354083397908),(-0.405578636926454,0.405578636926454,
-0.819153183804934),(-0.707106781186547,-0.707106781186548,0.),(-0.707106781186547,
-0.707106781186548,0.),(-0.640857017707482,0.640857017707482,-0.422616333936757),
(-0.653282106270324,0.653282106270324,-0.382681302462006),(-0.707106781186547,
-0.707106781186548,0.),(-0.707106781186547,-0.707106781186548,0.),(-0.627210561543932,
0.627210561543932,-0.461750823470291),(-0.612372198664537,0.612372198664537,
-0.500000580605184),(-0.707106781186547,-0.707106781186548,0.),(-0.707106781186547,
-0.707106781186548,0.),(-0.596368815400658,0.596368815400658,-0.537297377655271),
(-0.579228352746953,0.579228352746953,-0.573575653901124),(-0.707106781186547,
-0.707106781186548,0.),(-0.707106781186547,-0.707106781186548,0.),(-0.326505485075492,
0.326505485075492,0.887010899837897),(-0.353554354073777,0.353554354073777,
0.866024617104473),(-0.707106781186547,-0.707106781186548,0.),(-0.707106781186547,
-0.707106781186548,0.),(-0.379928776181089,0.379928776181089,0.843390923628587),
(-0.405579175317498,0.405579175317498,0.819152650668699),(-0.707106781186547,
-0.707106781186548,0.),(-0.707106781186547,-0.707106781186548,0.),(-0.430458759582121,
0.430458759582121,0.793353964254319),(-0.454519617442091,0.454519617442091,
0.76604427725856),(-0.707106781186547,-0.707106781186548,0.),(-0.707106781186547,
-0.707106781186548,0.),(-0.47771516746674,0.47771516746674,0.73727636442819),
(-0.499999807431066,0.499999807431066,0.707107053520041),(-0.707106781186547,
-0.707106781186548,0.),(-0.707106781186547,-0.707106781186548,0.),(-0.521333648797677,
0.521333648797677,0.675590447876968),(-0.541675106720396,0.541675106720396,
0.642787801314628),(-0.707106781186547,-0.707106781186548,0.),(-0.707106781186547,
-0.707106781186548,0.),(-0.560984351567742,0.560984351567742,0.608763594995824),
(-0.579228346145703,0.579228346145703,0.573575667233738),(-0.707106781186547,
-0.707106781186548,0.),(-0.707106781186547,-0.707106781186548,0.),(-0.596368732012985,
0.596368732012985,0.537297562766154),(-0.664462540272381,0.664462540272381,
0.342022024363268),(-0.707106781186547,-0.707106781186548,0.),(-0.707106781186547,
-0.707106781186548,0.),(0.701057118270028,-0.701057118270028,0.130529053646493),
(0.704416052045072,-0.704416052045072,0.0871553282506037),(-0.707106781186547,
-0.707106781186548,0.),(-0.707106781186547,-0.707106781186548,0.),(0.696364320496326,
-0.696364320496326,0.173647534619358),(0.379928776181089,-0.379928776181089,
0.843390923628587),(-0.707106781186547,-0.707106781186548,0.),(0.707106781186548,
0.707106781186547,0.),(0.0922958557657407,-0.0922958557657407,0.991444879969098),
(0.707106781186548,0.707106781186547,0.),(0.0616284206004834,-0.0616284206004834,
0.996194697611155),(0.0922958557657407,-0.0922958557657407,0.991444879969098),
(-0.707106781186547,-0.707106781186548,0.),(0.707106781186548,0.707106781186547,
0.),(0.12278791858439,-0.12278791858439,0.984807724431234),(0.12278791858439,
-0.12278791858439,0.984807724431234),(-0.707106781186547,-0.707106781186548,
0.),(0.707106781186548,0.707106781186547,0.),(0.0308436403760848,-0.0308436403760848,
0.999048216902819),(0.0616284206004834,-0.0616284206004834,0.996194697611155),
(-0.707106781186547,-0.707106781186548,0.),(0.707106781186548,0.707106781186547,
0.),(0.0154254784957586,-0.0154254784957586,0.999762026297435),(0.707106781186547,
-0.707106781186548,0.),(0.707106781186547,-0.707106781186548,0.),(0.,0.,
-1.),(0.0308436403760848,-0.0308436403760848,0.999048216902819),(-0.707106781186547,
-0.707106781186548,0.),(-0.707106781186547,-0.707106781186548,0.),(0.0154254784957586,
-0.0154254784957586,0.999762026297435),(0.707106781186547,-0.707106781186548,
0.),(0.707106781186547,-0.707106781186548,0.),(0.,0.,-1.),(0.707106781186547,
-0.707106781186548,0.),(0.,0.,-1.),(0.707106781186547,-0.707106781186548,
0.),(0.,0.,-1.),(-0.701057121906358,0.701057121906358,-0.130529014585832),
(-0.707106781186547,-0.707106781186548,0.),(-0.707106781186547,-0.707106781186548,
0.),(-0.696364315692247,0.696364315692247,-0.173647573150149),(-0.704416049605214,
0.704416049605214,-0.0871553676899442),(-0.707106781186547,-0.707106781186548,
0.),(-0.707106781186547,-0.707106781186548,0.),(-0.706433823129812,0.706433823129812,
-0.0436177380935321),(-0.0154254784957586,0.0154254784957586,0.999762026297435),
(-0.707106781186548,0.707106781186547,0.),(-0.707106781186547,-0.707106781186548,
0.),(-0.707106781186547,-0.707106781186548,0.),(-0.0308436403760848,0.0308436403760848,
0.999048216902819),(-0.0616284206004834,0.0616284206004834,0.996194697611155),
(-0.707106781186547,-0.707106781186548,0.),(-0.707106781186547,-0.707106781186548,
0.),(-0.0922958557657407,0.0922958557657407,0.991444879969098),(-0.12278791858439,
0.12278791858439,0.984807724431234),(-0.707106781186547,-0.707106781186548,
0.),(-0.707106781186547,-0.707106781186548,0.),(-0.153045566349606,0.153045566349606,
0.976296117600319),(-0.183013119754581,0.183013119754581,0.965925667945205),
(-0.707106781186547,-0.707106781186548,0.),(-0.707106781186547,-0.707106781186548,
0.),(-0.61237203161754,0.61237203161754,0.500000989784233),(0.707106781186548,
0.707106781186547,0.),(-0.707106781186547,0.707106781186547,0.),(-0.707106781186547,
0.707106781186547,0.),(-0.707106781186547,-0.707106781186548,0.),(0.707106781186548,
0.707106781186547,0.),(0.707106781186547,-0.707106781186547,0.),(0.706433823129812,
-0.706433823129812,-0.0436177380935321),(-0.707106781186547,-0.707106781186548,
0.),(-0.707106781186547,-0.707106781186548,0.),(-0.706433822518265,0.706433822518265,
0.0436177579027777),(0.707106781186547,-0.707106781186547,0.),(-0.707106781186547,
-0.707106781186548,0.),(-0.707106781186547,-0.707106781186548,0.),(0.706433822518265,
-0.706433822518265,0.0436177579027777),(0.183013119754581,-0.183013119754581,
0.965925667945205),(-0.707106781186547,-0.707106781186548,0.),(-0.707106781186547,
-0.707106781186548,0.),(0.153045566349606,-0.153045566349606,0.976296117600319),
(-0.690345764935645,0.690345764935645,-0.216438096625427),(-0.707106781186547,
-0.707106781186548,0.),(-0.707106781186547,-0.707106781186548,0.),(-0.683012469125585,
0.683012469125585,-0.258820273622342),(-0.674379364427615,0.674379364427615,
-0.300707408735486),(-0.707106781186547,-0.707106781186548,0.),(-0.707106781186547,
-0.707106781186548,0.),(0.690345725866589,-0.690345725866589,0.216438345852728),
(0.683012389888826,-0.683012389888826,0.25882069182488),(-0.707106781186547,
-0.707106781186548,0.),(-0.707106781186547,-0.707106781186548,0.),(0.674379426677215,
-0.674379426677215,0.300707129528088),(-0.664462589218971,0.664462589218971,
-0.342021834181447),(-0.707106781186547,-0.707106781186548,0.),(-0.707106781186547,
-0.707106781186548,0.),(0.664462540272381,-0.664462540272381,0.342022024363268),
(0.707106781186547,-0.707106781186548,0.),(0.,0.,-1.),(0.,0.,-1.),(0.73727716836089,
-0.675590391445695,0.),(0.766045435784323,-0.642786426672193,0.),(0.,0.,
-1.),(0.,0.,-1.),(0.793359080684413,-0.608753947909649,0.),(0.819153231317583,
-0.573574741094797,0.),(0.,0.,-1.),(0.,0.,-1.),(0.843393233629426,-0.537296802026682,
0.),(0.866029017314031,-0.499993741130919,0.),(0.,0.,-1.),(0.,0.,-1.),(0.887013448156919,
-0.461743589872965,0.),(0.906305297001909,-0.422623601596363,0.),(0.,0.,
-1.),(0.,0.,-1.),(0.923859315137729,-0.382732237776289,0.),(0.939691097293576,
-0.342024329057444,0.),(0.,0.,-1.),(0.,0.,-1.),(0.953726779421509,-0.300674625158618,
0.),(0.965923169106822,-0.258828961638054,0.),(0.,0.,-1.),(0.,0.,-1.),(0.976300326230448,
-0.216420130769574,0.),(0.984815711954355,-0.173603034212643,0.),(0.,0.,
-1.),(0.,0.,-1.),(0.991442205283954,-0.13054636563953,0.),(0.996191803324885,
-0.087188823758053,0.),(0.,0.,-1.),(0.,0.,-1.),(0.999047102710775,-0.0436450061886271,
0.),(0.999999998367252,5.71445149635614E-5,0.),(0.,0.,-1.),(0.,0.,-1.),
(0.999046913454541,0.0436493381044293,0.),(0.996199673219627,0.0870988580700552,
0.),(0.,0.,-1.),(0.,0.,-1.),(0.99144694697108,0.130510349557893,0.),(0.984796558056857,
0.173711655450539,0.),(0.,0.,-1.),(0.,0.,-1.),(0.976299955238633,0.21642180435678,
0.),(0.965933721446284,0.258789578176811,0.),(0.,0.,-1.),(0.,0.,-1.),(0.953692986261781,
0.300781794587184,0.),(0.939711595280715,0.341968006829549,0.),(0.,0.,-1.),
(0.,0.,-1.),(0.923884780093776,0.382670763334586,0.),(0.90630837721874,
0.422616996088815,0.),(0.,0.,-1.),(0.,0.,-1.),(0.887026723082849,0.461718087729844,
0.),(0.86604751364346,0.499961702645293,0.),(0.,0.,-1.),(0.,0.,-1.),(0.843363156118783,
0.537344011692105,0.),(0.819130344961009,0.573607424955482,0.),(0.,0.,-1.),
(0.,0.,-1.),(0.793416798098316,0.608678720258411,0.),(0.766043478054322,
0.642788759804056,0.),(0.,0.,-1.),(0.,0.,-1.),(0.737248856997115,0.675621286562559,
0.),(0.707106781186548,0.707106781186547,0.),(0.,0.,-1.),(0.,0.,-1.),(0.67562128656256,
0.737248856997114,0.),(0.642788759804056,0.766043478054322,0.),(0.,0.,-1.),
(0.,0.,-1.),(0.608678720258411,0.793416798098316,0.),(0.573607424955482,
0.819130344961009,0.),(0.,0.,-1.),(0.,0.,-1.),(0.537344011692105,0.843363156118783,
0.),(0.499961702645293,0.86604751364346,0.),(0.,0.,-1.),(0.,0.,-1.),(0.461718087729843,
0.887026723082849,0.),(0.422616996089318,0.906308377218506,0.),(0.,0.,-1.),
(0.,0.,-1.),(0.382670763334586,0.923884780093776,0.),(0.341968006829549,
0.939711595280715,0.),(0.,0.,-1.),(0.,0.,-1.),(0.300781794587184,0.953692986261781,
0.),(0.258789578176811,0.965933721446284,0.),(0.,0.,-1.),(0.,0.,-1.),(0.21642180435678,
0.976299955238633,0.),(0.173711655450539,0.984796558056857,0.),(0.,0.,-1.),
(0.,0.,-1.),(0.130510349557893,0.99144694697108,0.),(0.0870988580700552,
0.996199673219627,0.),(0.,0.,-1.),(0.,0.,-1.),(0.0436493381044293,0.999046913454541,
0.),(5.71445149635614E-5,0.999999998367252,0.),(0.,0.,-1.),(0.,0.,-1.),
(-0.0436450061886271,0.999047102710775,0.),(-0.087188823758053,0.996191803324885,
0.),(0.,0.,-1.),(0.,0.,-1.),(-0.13054636563953,0.991442205283954,0.),(-0.173603034212643,
0.984815711954355,0.),(0.,0.,-1.),(0.,0.,-1.),(-0.216420130769574,0.976300326230448,
0.),(-0.258828961638054,0.965923169106822,0.),(0.,0.,-1.),(0.,0.,-1.),(-0.300674625158618,
0.953726779421509,0.),(-0.342024329057444,0.939691097293576,0.),(0.,0.,
-1.),(0.,0.,-1.),(-0.382732237776289,0.923859315137729,0.),(-0.422623601596363,
0.906305297001909,0.),(0.,0.,-1.),(0.,0.,-1.),(-0.461743589872965,0.887013448156919,
0.),(-0.499993741130919,0.866029017314031,0.),(0.,0.,-1.),(0.,0.,-1.),(-0.537296802026682,
0.843393233629426,0.),(-0.573574741094797,0.819153231317583,0.),(0.,0.,
-1.),(0.,0.,-1.),(-0.608753947909649,0.793359080684413,0.),(-0.707106781186547,
-0.707106781186548,0.),(0.707106781186547,-0.707106781186548,0.),(0.,0.,
1.),(0.707106781186547,-0.707106781186548,0.),(0.,0.,1.),(0.707106781186547,
-0.707106781186548,0.),(0.,0.,1.),(0.707106781186547,-0.707106781186548,
0.),(0.,0.,1.),(0.707106781186547,-0.707106781186548,0.),(0.,0.,1.),(0.,
0.,1.),(-0.707106781186547,-0.707106781186548,0.),(0.,0.,1.),(-0.707106781186547,
-0.707106781186548,0.),(-0.707106781186548,0.707106781186547,0.),(-0.707106781186547,
-0.707106781186548,0.),(0.,0.,-1.),(-0.707106781186547,-0.707106781186548,
0.),(-0.707106781186548,0.707106781186547,0.),(0.,0.,-1.),(0.,0.,-1.),(0.,
0.,-1.),(-0.707106781186547,-0.707106781186548,0.),(0.707106781186547,-0.707106781186548,
0.),(0.707106781186547,-0.707106781186548,0.),(0.,0.,-1.),(0.,0.,-1.),(-0.707106781186548,
0.707106781186547,0.),(0.707106781186547,-0.707106781186548,0.),(0.,0.,
-1.),(0.707106781186547,-0.707106781186548,0.),(0.,0.,-1.),(0.707106781186547,
-0.707106781186548,0.),(0.,0.,-1.),(0.,0.,-1.),(-0.707106781186548,0.707106781186547,
0.),(0.,0.,-1.)),$,(4735,4735,4736,4736,4739,4739,4732,4732,4640,4640,4731,
4731,4630,4630,4740,4740,4230,4745,4745,4642,4642,4746,4746,4886,4886,4747,
4747,4652,4652,4748,4748,4753,4753,4656,4656,4754,4754,4757,4757,4658,4658,
4758,4758,4761,4761,4668,4668,4762,4762,4765,4765,4670,4670,4766,4766,4769,
4769,4674,4674,4770,4770,4771,4771,4682,4682,4772,4772,4775,4775,4686,4686,
4776,4776,4779,4779,4690,4690,4780,4780,4783,4783,4696,4696,4784,4784,4789,
4789,4700,4700,4790,4790,4793,4793,4708,4708,4794,4794,4797,4797,4712,4712,
4798,4798,4799,4799,4716,4716,4800,4800,4805,4805,4718,4718,4806,4806,4807,
4807,4722,4722,4808,4808,4803,4803,4720,4720,4804,4804,4801,4801,4714,4714,
4802,4802,4795,4795,4710,4710,4796,4796,4791,4791,4706,4706,4792,4792,4787,
4787,4698,4698,4788,4788,4785,4785,4694,4694,4786,4786,4781,4781,4692,4692,
4782,4782,4777,4777,4688,4688,4778,4778,4773,4773,4684,4684,4774,4774,4767,
4767,4676,4676,4768,4768,4763,4763,4672,4672,4764,4764,4759,4759,4666,4666,
4760,4760,4755,4755,4660,4660,4756,4756,4751,4751,4654,4654,4752,4752,4749,
4749,4650,4650,4750,4750,4743,4743,4644,4644,4744,4744,4741,4741,4638,4638,
4742,4742,4737,4737,4632,4632,4738,4738,4733,4733,4628,4628,4734,4734,4729,
4729,4618,4618,4730,4730,4812,4812,4812,4725,4725,4616,4616,4726,4726,4701,
4701,4606,4606,4702,4702,4677,4677,4604,4604,4678,4678,4661,4661,4594,4594,
4662,4662,4645,4645,4590,4590,4646,4646,4635,4635,4582,4582,4636,4636,4623,
4623,4578,4578,4624,4624,4611,4611,4572,4572,4612,4612,4599,4599,4568,4568,
4600,4600,4587,4587,4558,4558,4588,4588,4575,4575,4552,4552,4576,4576,4561,
4561,4546,4546,4562,4562,4555,4555,4538,4538,4556,4556,4543,4543,4534,4534,
4544,4544,4529,4529,4528,4528,4530,4530,4521,4521,4524,4524,4522,4522,4509,
4509,4514,4514,4510,4510,4497,4497,4506,4506,4498,4498,4487,4487,4504,4504,
4488,4488,4479,4479,4494,4494,4480,4480,4467,4467,4490,4490,4468,4468,4453,
4453,4484,4484,4454,4454,4441,4441,4474,4474,4442,4442,4429,4429,4470,4470,
4430,4430,4417,4417,4462,4462,4418,4418,4407,4407,4458,4458,4408,4408,4395,
4395,4450,4450,4396,4396,4379,4379,4448,4448,4380,4380,4363,4363,4440,4440,
4364,4364,4339,4339,4434,4434,4340,4340,4315,4315,4428,4428,4316,4316,4313,
4313,4422,4422,4314,4314,4309,4309,4416,4416,4310,4310,4305,4305,4412,4412,
4306,4306,4301,4301,4402,4402,4302,4302,4228,4228,4295,4295,4400,4400,4296,
4296,4291,4291,4390,4390,4292,4292,4289,4289,4386,4386,4290,4290,4285,4285,
4384,4384,4286,4286,4281,4281,4376,4376,4282,4282,4277,4277,4372,4372,4278,
4278,4271,4271,4368,4368,4272,4272,4267,4267,4360,4360,4268,4268,4263,4263,
4354,4354,4264,4264,4261,4261,4350,4350,4262,4262,4255,4255,4348,4348,4256,
4256,4251,4251,4342,4342,4252,4252,4249,4249,4336,4336,4250,4250,4243,4243,
4332,4332,4244,4244,4239,4239,4326,4326,4240,4240,4237,4237,4322,4322,4238,
4238,4233,4233,4320,4320,4234,4234,4235,4235,4324,4324,4236,4236,4241,4241,
4328,4328,4242,4242,4245,4245,4330,4330,4246,4246,4247,4247,4334,4334,4248,
4248,4253,4253,4344,4344,4254,4254,4257,4257,4346,4346,4258,4258,4259,4259,
4352,4352,4260,4260,4265,4265,4356,4356,4266,4266,4269,4269,4358,4358,4270,
4270,4273,4273,4366,4366,4274,4274,4275,4275,4370,4370,4276,4276,4279,4279,
4374,4374,4280,4280,4283,4283,4382,4382,4284,4284,4287,4287,4388,4388,4288,
4288,4293,4293,4392,4392,4294,4294,4297,4297,4398,4398,4298,4298,4299,4299,
4404,4404,4300,4300,4303,4303,4410,4410,4304,4304,4307,4307,4414,4414,4308,
4308,4311,4311,4424,4424,4312,4312,4317,4317,4426,4426,4318,4318,4337,4337,
4436,4436,4338,4338,4361,4361,4438,4438,4362,4362,4377,4377,4446,4446,4378,
4378,4393,4393,4452,4452,4394,4394,4405,4405,4460,4460,4406,4406,4419,4419,
4464,4464,4420,4420,4431,4431,4472,4472,4432,4432,4443,4443,4476,4476,4444,
4444,4455,4455,4482,4482,4456,4456,4465,4465,4492,4492,4466,4466,4477,4477,
4496,4496,4478,4478,4485,4485,4502,4502,4486,4486,4499,4499,4508,4508,4500,
4500,4511,4511,4516,4516,4512,4512,4519,4519,4518,4518,4520,4520,4531,4531,
4526,4526,4532,4532,4541,4541,4536,4536,4542,4542,4553,4553,4540,4540,4554,
4554,4563,4563,4548,4548,4564,4564,4573,4573,4550,4550,4574,4574,4585,4585,
4560,4560,4586,4586,4597,4597,4566,4566,4598,4598,4609,4609,4570,4570,4610,
4610,4621,4621,4580,4580,4622,4622,4633,4633,4584,4584,4634,4634,4647,4647,
4592,4592,4648,4648,4663,4663,4596,4596,4664,4664,4679,4679,4602,4602,4680,
4680,4703,4703,4608,4608,4704,4704,4723,4723,4614,4614,4724,4724,4727,4727,
4620,4620,4728,4728,4626,4626,3890,3890,3849,3849,3880,3880,3861,3861,3879,
3879,3894,3894,3889,3889,3837,3837,3850,3850,3862,3862,3876,3876,3875,3875,
3825,3825,3838,3838,3868,3868,3867,3867,3811,3811,3826,3826,3866,3866,3865,
3865,3795,3795,3812,3812,3856,3856,3855,3855,3779,3779,3796,3796,3854,3854,
3853,3853,3755,3755,3780,3780,3844,3844,3843,3843,3735,3735,3756,3756,3840,
3840,3839,3839,3731,3731,3736,3736,3832,3832,3831,3831,3727,3727,3732,3732,
3830,3830,3829,3829,3723,3723,3728,3728,3820,3820,3819,3819,3719,3719,3724,
3724,3818,3818,3817,3817,3713,3713,3720,3720,3808,3808,3807,3807,3711,3711,
3714,3714,3806,3806,3805,3805,3705,3705,3712,3712,3800,3800,3799,3799,3703,
3703,3706,3706,3794,3794,3793,3793,3697,3697,3704,3704,3788,3788,3787,3787,
3693,3693,3698,3698,3786,3786,3785,3785,3689,3689,3694,3694,3778,3778,3777,
3777,3685,3685,3690,3690,3774,3774,3773,3773,3683,3683,3686,3686,3770,3770,
3769,3769,3679,3679,3684,3684,3764,3764,3763,3763,3675,3675,3680,3680,3760,
3760,3759,3759,3671,3671,3676,3676,3754,3754,3753,3753,3665,3665,3672,3672,
3750,3750,3749,3749,3661,3661,3666,3666,3744,3744,3743,3743,3659,3659,3662,
3662,3742,3742,3741,3741,3653,3653,3660,3660,3738,3738,3737,3737,3651,3651,
3654,3654,3740,3740,3739,3739,3655,3655,3652,3652,3746,3746,3745,3745,3657,
3657,3656,3656,3748,3748,3747,3747,3663,3663,3658,3658,3752,3752,3751,3751,
3667,3667,3664,3664,3762,3762,3761,3761,3669,3669,3668,3668,3766,3766,3765,
3765,3673,3673,3670,3670,3768,3768,3767,3767,3677,3677,3674,3674,3772,3772,
3771,3771,3681,3681,3678,3678,3776,3776,3775,3775,3687,3687,3682,3682,3784,
3784,3783,3783,3691,3691,3688,3688,3790,3790,3789,3789,3695,3695,3692,3692,
3792,3792,3791,3791,3699,3699,3696,3696,3802,3802,3801,3801,3701,3701,3700,
3700,3804,3804,3803,3803,3707,3707,3702,3702,3810,3810,3809,3809,3709,3709,
3708,3708,3816,3816,3815,3815,3715,3715,3710,3710,3822,3822,3821,3821,3717,
3717,3716,3716,3828,3828,3827,3827,3721,3721,3718,3718,3834,3834,3833,3833,
3725,3725,3722,3722,3842,3842,3841,3841,3729,3729,3726,3726,3846,3846,3845,
3845,3733,3733,3730,3730,3852,3852,3851,3851,3757,3757,3734,3734,3858,3858,
3857,3857,3781,3781,3758,3758,3864,3864,3863,3863,3797,3797,3782,3782,3870,
3870,3869,3869,3813,3813,3798,3798,3878,3878,3877,3877,3823,3823,3814,3814,
3882,3882,3881,3881,3835,3835,3824,3824,3888,3888,3887,3887,3847,3847,3836,
3836,3892,3892,3891,3891,3859,3859,3848,3848,3902,3902,3901,3901,3871,3871,
3860,3860,3908,3908,3907,3907,3883,3883,3872,3872,3914,3914,3913,3913,3897,
3897,3884,3884,3920,3920,3919,3919,3903,3903,3898,3898,3926,3926,3925,3925,
3915,3915,3904,3904,3932,3932,3931,3931,3929,3929,3916,3916,3938,3938,3937,
3937,3939,3939,3930,3930,3946,3946,3945,3945,3949,3949,3940,3940,3954,3954,
3953,3953,3961,3961,3950,3950,3956,3956,3955,3955,3971,3971,3962,3962,3966,
3966,3965,3965,3979,3979,3972,3972,3968,3968,3967,3967,3993,3993,3980,3980,
3976,3976,3975,3975,4005,4005,3994,3994,3986,3986,3985,3985,4017,4017,4006,
4006,3990,3990,3989,3989,4029,4029,4018,4018,3998,3998,3997,3997,4039,4039,
4030,4030,4002,4002,4001,4001,4051,4051,4040,4040,4008,4008,4007,4007,4063,
4063,4052,4052,4012,4012,4011,4011,4079,4079,4064,4064,4022,4022,4021,4021,
4095,4095,4080,4080,4024,4024,4023,4023,4119,4119,4096,4096,4032,4032,4031,
4031,4143,4143,4120,4120,4038,4038,4037,4037,4145,4145,4144,4144,4046,4046,
4045,4045,4149,4149,4146,4146,4048,4048,4047,4047,4153,4153,4150,4150,4058,
4058,4057,4057,4157,4157,4154,4154,4060,4060,4059,4059,4163,4163,4158,4158,
4068,4068,4067,4067,4167,4167,4164,4164,4074,4074,4073,4073,4169,4169,4168,
4168,4078,4078,4077,4077,4173,4173,4170,4170,4084,4084,4083,4083,4177,4177,
4174,4174,4088,4088,4087,4087,4181,4181,4178,4178,4092,4092,4091,4091,4187,
4187,4182,4182,4100,4100,4099,4099,4191,4191,4188,4188,4106,4106,4105,4105,
4195,4195,4192,4192,4110,4110,4109,4109,4199,4199,4196,4196,4112,4112,4111,
4111,4203,4203,4200,4200,4118,4118,4117,4117,4207,4207,4204,4204,4124,4124,
4123,4123,4209,4209,4208,4208,4128,4128,4127,4127,4215,4215,4210,4210,4134,
4134,4133,4133,4219,4219,4216,4216,4138,4138,4137,4137,4223,4223,4220,4220,
4140,4140,4139,4139,4225,4225,4224,4224,4136,4136,4135,4135,4221,4221,4226,
4226,4132,4132,4131,4131,4217,4217,4222,4222,4130,4130,4129,4129,4213,4213,
4218,4218,4126,4126,4125,4125,4211,4211,4214,4214,4116,4116,4115,4115,4205,
4205,4212,4212,4114,4114,4113,4113,4201,4201,4206,4206,4108,4108,4107,4107,
4197,4197,4202,4202,4104,4104,4103,4103,4193,4193,4198,4198,4102,4102,4101,
4101,4189,4189,4194,4194,4094,4094,4093,4093,4185,4185,4190,4190,4090,4090,
4089,4089,4183,4183,4186,4186,4086,4086,4085,4085,4179,4179,4184,4184,4076,
4076,4075,4075,4175,4175,4180,4180,4072,4072,4071,4071,4171,4171,4176,4176,
4070,4070,4069,4069,4165,4165,4172,4172,4062,4062,4061,4061,4161,4161,4166,
4166,4056,4056,4055,4055,4159,4159,4162,4162,4050,4050,4049,4049,4155,4155,
4160,4160,4044,4044,4043,4043,4151,4151,4156,4156,4036,4036,4035,4035,4147,
4147,4152,4152,4034,4034,4033,4033,4141,4141,4148,4148,4026,4026,4025,4025,
4121,4121,4142,4142,4020,4020,4019,4019,4097,4097,4122,4122,4014,4014,4013,
4013,4081,4081,4098,4098,4010,4010,4009,4009,4065,4065,4082,4082,4000,4000,
3999,3999,4053,4053,4066,4066,3996,3996,3995,3995,4041,4041,4054,4054,3988,
3988,3987,3987,4027,4027,4042,4042,3984,3984,3983,3983,4015,4015,4028,4028,
3978,3978,3977,3977,4003,4003,4016,4016,3970,3970,3969,3969,3991,3991,4004,
4004,3964,3964,3963,3963,3981,3981,3992,3992,3958,3958,3957,3957,3973,3973,
3982,3982,3952,3952,3951,3951,3959,3959,3974,3974,3944,3944,3943,3943,3947,
3947,3960,3960,3936,3936,3935,3935,3941,3941,3948,3948,3934,3934,3933,3933,
3927,3927,3942,3942,3924,3924,3923,3923,3917,3917,3928,3928,3922,3922,3921,
3921,3905,3905,3918,3918,3912,3912,3911,3911,3895,3895,3906,3906,3910,3910,
3909,3909,3885,3885,3896,3896,3900,3900,3899,3899,3873,3873,3886,3886,3893,
3893,3874,3874,3648,3646,3646,3308,3308,3265,3265,3298,3298,3279,3279,3297,
3297,3310,3310,3307,3307,3255,3255,3266,3266,3280,3280,3294,3294,3293,3293,
3243,3243,3256,3256,3288,3288,3287,3287,3229,3229,3244,3244,3282,3282,3281,
3281,3215,3215,3230,3230,3274,3274,3273,3273,3199,3199,3216,3216,3272,3272,
3271,3271,3175,3175,3200,3200,3264,3264,3263,3263,3151,3151,3176,3176,3258,
3258,3257,3257,3147,3147,3152,3152,3250,3250,3249,3249,3145,3145,3148,3148,
3248,3248,3247,3247,3141,3141,3146,3146,3238,3238,3237,3237,3137,3137,3142,
3142,3236,3236,3235,3235,3133,3133,3138,3138,3228,3228,3227,3227,3127,3127,
3134,3134,3222,3222,3221,3221,3125,3125,3128,3128,3218,3218,3217,3217,3121,
3121,3126,3126,3212,3212,3211,3211,3117,3117,3122,3122,3208,3208,3207,3207,
3111,3111,3118,3118,3204,3204,3203,3203,3107,3107,3112,3112,3196,3196,3195,
3195,3103,3103,3108,3108,3192,3192,3191,3191,3099,3099,3104,3104,3186,3186,
3185,3185,3095,3095,3100,3100,3184,3184,3183,3183,3091,3091,3096,3096,3178,
3178,3177,3177,3087,3087,3092,3092,3172,3172,3171,3171,3083,3083,3088,3088,
3166,3166,3165,3165,3079,3079,3084,3084,3162,3162,3161,3161,3075,3075,3080,
3080,3160,3160,3159,3159,3071,3071,3076,3076,3156,3156,3155,3155,3069,3069,
3072,3072,3158,3158,3157,3157,3073,3073,3070,3070,3164,3164,3163,3163,3077,
3077,3074,3074,3168,3168,3167,3167,3081,3081,3078,3078,3170,3170,3169,3169,
3085,3085,3082,3082,3180,3180,3179,3179,3089,3089,3086,3086,3182,3182,3181,
3181,3093,3093,3090,3090,3188,3188,3187,3187,3097,3097,3094,3094,3190,3190,
3189,3189,3101,3101,3098,3098,3194,3194,3193,3193,3105,3105,3102,3102,3202,
3202,3201,3201,3109,3109,3106,3106,3206,3206,3205,3205,3113,3113,3110,3110,
3210,3210,3209,3209,3115,3115,3114,3114,3220,3220,3219,3219,3119,3119,3116,
3116,3224,3224,3223,3223,3123,3123,3120,3120,3226,3226,3225,3225,3129,3129,
3124,3124,3234,3234,3233,3233,3131,3131,3130,3130,3240,3240,3239,3239,3135,
3135,3132,3132,3246,3246,3245,3245,3139,3139,3136,3136,3252,3252,3251,3251,
3143,3143,3140,3140,3260,3260,3259,3259,3149,3149,3144,3144,3262,3262,3261,
3261,3153,3153,3150,3150,3270,3270,3269,3269,3173,3173,3154,3154,3276,3276,
3275,3275,3197,3197,3174,3174,3284,3284,3283,3283,3213,3213,3198,3198,3286,
3286,3285,3285,3231,3231,3214,3214,3296,3296,3295,3295,3241,3241,3232,3232,
3300,3300,3299,3299,3253,3253,3242,3242,3306,3306,3305,3305,3267,3267,3254,
3254,3312,3312,3311,3311,3277,3277,3268,3268,3318,3318,3317,3317,3291,3291,
3278,3278,3328,3328,3327,3327,3303,3303,3292,3292,3330,3330,3329,3329,3315,
3315,3304,3304,3338,3338,3337,3337,3321,3321,3316,3316,3344,3344,3343,3343,
3335,3335,3322,3322,3350,3350,3349,3349,3345,3345,3336,3336,3360,3360,3359,
3359,3353,3353,3346,3346,3362,3362,3361,3361,3367,3367,3354,3354,3372,3372,
3371,3371,3377,3377,3368,3368,3374,3374,3373,3373,3389,3389,3378,3378,3384,
3384,3383,3383,3397,3397,3390,3390,3386,3386,3385,3385,3409,3409,3398,3398,
3394,3394,3393,3393,3421,3421,3410,3410,3402,3402,3401,3401,3433,3433,3422,
3422,3406,3406,3405,3405,3447,3447,3434,3434,3416,3416,3415,3415,3457,3457,
3448,3448,3420,3420,3419,3419,3469,3469,3458,3458,3428,3428,3427,3427,3483,
3483,3470,3470,3432,3432,3431,3431,3497,3497,3484,3484,3440,3440,3439,3439,
3515,3515,3498,3498,3442,3442,3441,3441,3539,3539,3516,3516,3452,3452,3451,
3451,3559,3559,3540,3540,3456,3456,3455,3455,3565,3565,3560,3560,3464,3464,
3463,3463,3567,3567,3566,3566,3466,3466,3465,3465,3571,3571,3568,3568,3476,
3476,3475,3475,3575,3575,3572,3572,3478,3478,3477,3477,3579,3579,3576,3576,
3488,3488,3487,3487,3583,3583,3580,3580,3490,3490,3489,3489,3589,3589,3584,
3584,3496,3496,3495,3495,3591,3591,3590,3590,3502,3502,3501,3501,3595,3595,
3592,3592,3508,3508,3507,3507,3601,3601,3596,3596,3510,3510,3509,3509,3605,
3605,3602,3602,3518,3518,3517,3517,3609,3609,3606,3606,3522,3522,3521,3521,
3613,3613,3610,3610,3526,3526,3525,3525,3615,3615,3614,3614,3530,3530,3529,
3529,3619,3619,3616,3616,3534,3534,3533,3533,3623,3623,3620,3620,3544,3544,
3543,3543,3629,3629,3624,3624,3548,3548,3547,3547,3633,3633,3630,3630,3552,
3552,3551,3551,3635,3635,3634,3634,3554,3554,3553,3553,3641,3641,3636,3636,
3558,3558,3557,3557,3643,3643,3642,3642,3556,3556,3555,3555,3639,3639,3644,
3644,3550,3550,3549,3549,3637,3637,3640,3640,3546,3546,3545,3545,3631,3631,
3638,3638,3542,3542,3541,3541,3627,3627,3632,3632,3536,3536,3535,3535,3625,
3625,3628,3628,3532,3532,3531,3531,3621,3621,3626,3626,3528,3528,3527,3527,
3617,3617,3622,3622,3524,3524,3523,3523,3611,3611,3618,3618,3520,3520,3519,
3519,3607,3607,3612,3612,3512,3512,3511,3511,3603,3603,3608,3608,3506,3506,
3505,3505,3599,3599,3604,3604,3504,3504,3503,3503,3597,3597,3600,3600,3494,
3494,3493,3493,3593,3593,3598,3598,3492,3492,3491,3491,3587,3587,3594,3594,
3486,3486,3485,3485,3585,3585,3588,3588,3480,3480,3479,3479,3581,3581,3586,
3586,3474,3474,3473,3473,3577,3577,3582,3582,3468,3468,3467,3467,3573,3573,
3578,3578,3462,3462,3461,3461,3569,3569,3574,3574,3454,3454,3453,3453,3563,
3563,3570,3570,3450,3450,3449,3449,3561,3561,3564,3564,3444,3444,3443,3443,
3537,3537,3562,3562,3438,3438,3437,3437,3513,3513,3538,3538,3430,3430,3429,
3429,3499,3499,3514,3514,3426,3426,3425,3425,3481,3481,3500,3500,3418,3418,
3417,3417,3471,3471,3482,3482,3414,3414,3413,3413,3459,3459,3472,3472,3408,
3408,3407,3407,3445,3445,3460,3460,3404,3404,3403,3403,3435,3435,3446,3446,
3396,3396,3395,3395,3423,3423,3436,3436,3388,3388,3387,3387,3411,3411,3424,
3424,3382,3382,3381,3381,3399,3399,3412,3412,3376,3376,3375,3375,3391,3391,
3400,3400,3370,3370,3369,3369,3379,3379,3392,3392,3364,3364,3363,3363,3365,
3365,3380,3380,3358,3358,3357,3357,3355,3355,3366,3366,3352,3352,3351,3351,
3347,3347,3356,3356,3342,3342,3341,3341,3333,3333,3348,3348,3340,3340,3339,
3339,3323,3323,3334,3334,3332,3332,3331,3331,3313,3313,3324,3324,3326,3326,
3325,3325,3301,3301,3314,3314,3320,3320,3319,3319,3289,3289,3302,3302,3309,
3309,3290,3290,3066,3064,3064,2904,2904,3003,3003,2908,2908,2997,2997,2907,
2907,2896,2896,2903,2903,3005,3005,3004,3004,2998,2998,2914,2914,2913,2913,
3009,3009,3006,3006,2922,2922,2921,2921,3013,3013,3010,3010,2926,2926,2925,
2925,3017,3017,3014,3014,2928,2928,2927,2927,3023,3023,3018,3018,2936,2936,
2935,2935,3025,3025,3024,3024,2940,2940,2939,2939,3031,3031,3026,3026,2944,
2944,2943,2943,3033,3033,3032,3032,2950,2950,2949,2949,3039,3039,3034,3034,
2954,2954,2953,2953,3041,3041,3040,3040,2962,2962,2961,2961,3047,3047,3042,
3042,2966,2966,2965,2965,3051,3051,3048,3048,2970,2970,2969,2969,3055,3055,
3052,3052,2972,2972,2971,2971,3059,3059,3056,3056,2976,2976,2975,2975,3061,
3061,3060,3060,2974,2974,2973,2973,3057,3057,3062,3062,2968,2968,2967,2967,
3053,3053,3058,3058,2964,2964,2963,2963,3049,3049,3054,3054,2960,2960,2959,
2959,3045,3045,3050,3050,2952,2952,2951,2951,3043,3043,3046,3046,2948,2948,
2947,2947,3037,3037,3044,3044,2946,2946,2945,2945,3035,3035,3038,3038,2942,
2942,2941,2941,3029,3029,3036,3036,2938,2938,2937,2937,3027,3027,3030,3030,
2930,2930,2929,2929,3021,3021,3028,3028,2924,2924,2923,2923,3019,3019,3022,
3022,2920,2920,2919,2919,3015,3015,3020,3020,2912,2912,2911,2911,3011,3011,
3016,3016,2910,2910,2909,2909,3007,3007,3012,3012,2906,2906,2905,2905,3001,
3001,3008,3008,2898,2898,2897,2897,2999,2999,3002,3002,2894,2894,2893,2893,
2995,2995,3000,3000,2886,2886,2885,2885,2991,2991,2996,2996,2882,2882,2881,
2881,2985,2985,2992,2992,2872,2872,2871,2871,2983,2983,2986,2986,2870,2870,
2869,2869,2979,2979,2984,2984,2862,2862,2861,2861,2955,2955,2980,2980,2856,
2856,2855,2855,2933,2933,2956,2956,2848,2848,2847,2847,2915,2915,2934,2934,
2846,2846,2845,2845,2899,2899,2916,2916,2836,2836,2835,2835,2887,2887,2900,
2900,2832,2832,2831,2831,2877,2877,2888,2888,2826,2826,2825,2825,2865,2865,
2878,2878,2820,2820,2819,2819,2851,2851,2866,2866,2812,2812,2811,2811,2839,
2839,2852,2852,2804,2804,2803,2803,2827,2827,2840,2840,2800,2800,2799,2799,
2815,2815,2828,2828,2792,2792,2791,2791,2809,2809,2816,2816,2790,2790,2789,
2789,2795,2795,2810,2810,2782,2782,2781,2781,2783,2783,2796,2796,2772,2772,
2771,2771,2775,2775,2784,2784,2768,2768,2767,2767,2763,2763,2776,2776,2760,
2760,2759,2759,2753,2753,2764,2764,2758,2758,2757,2757,2741,2741,2754,2754,
2748,2748,2747,2747,2731,2731,2742,2742,2746,2746,2745,2745,2719,2719,2732,
2732,2738,2738,2737,2737,2707,2707,2720,2720,2728,2728,2727,2727,2697,2697,
2708,2708,2724,2724,2723,2723,2685,2685,2698,2698,2716,2716,2715,2715,2671,
2671,2686,2686,2712,2712,2711,2711,2661,2661,2672,2672,2706,2706,2705,2705,
2647,2647,2662,2662,2702,2702,2701,2701,2631,2631,2648,2648,2694,2694,2693,
2693,2617,2617,2632,2632,2690,2690,2689,2689,2591,2591,2618,2618,2680,2680,
2679,2679,2571,2571,2592,2592,2676,2676,2675,2675,2567,2567,2572,2572,2668,
2668,2667,2667,2563,2563,2568,2568,2666,2666,2665,2665,2559,2559,2564,2564,
2656,2656,2655,2655,2555,2555,2560,2560,2654,2654,2653,2653,2551,2551,2556,
2556,2644,2644,2643,2643,2545,2545,2552,2552,2642,2642,2641,2641,2543,2543,
2546,2546,2638,2638,2637,2637,2539,2539,2544,2544,2630,2630,2629,2629,2533,
2533,2540,2540,2624,2624,2623,2623,2531,2531,2534,2534,2622,2622,2621,2621,
2527,2527,2532,2532,2614,2614,2613,2613,2521,2521,2528,2528,2608,2608,2607,
2607,2517,2517,2522,2522,2606,2606,2605,2605,2515,2515,2518,2518,2602,2602,
2601,2601,2509,2509,2516,2516,2598,2598,2597,2597,2507,2507,2510,2510,2588,
2588,2587,2587,2503,2503,2508,2508,2586,2586,2585,2585,2497,2497,2504,2504,
2580,2580,2579,2579,2495,2495,2498,2498,2576,2576,2575,2575,2491,2491,2496,
2496,2574,2574,2573,2573,2487,2487,2492,2492,2578,2578,2577,2577,2489,2489,
2488,2488,2582,2582,2581,2581,2493,2493,2490,2490,2584,2584,2583,2583,2499,
2499,2494,2494,2590,2590,2589,2589,2501,2501,2500,2500,2596,2596,2595,2595,
2505,2505,2502,2502,2600,2600,2599,2599,2511,2511,2506,2506,2604,2604,2603,
2603,2513,2513,2512,2512,2610,2610,2609,2609,2519,2519,2514,2514,2612,2612,
2611,2611,2523,2523,2520,2520,2620,2620,2619,2619,2525,2525,2524,2524,2626,
2626,2625,2625,2529,2529,2526,2526,2628,2628,2627,2627,2535,2535,2530,2530,
2636,2636,2635,2635,2537,2537,2536,2536,2640,2640,2639,2639,2541,2541,2538,
2538,2646,2646,2645,2645,2547,2547,2542,2542,2652,2652,2651,2651,2549,2549,
2548,2548,2658,2658,2657,2657,2553,2553,2550,2550,2664,2664,2663,2663,2557,
2557,2554,2554,2670,2670,2669,2669,2561,2561,2558,2558,2678,2678,2677,2677,
2565,2565,2562,2562,2682,2682,2681,2681,2569,2569,2566,2566,2688,2688,2687,
2687,2593,2593,2570,2570,2692,2692,2691,2691,2615,2615,2594,2594,2700,2700,
2699,2699,2633,2633,2616,2616,2704,2704,2703,2703,2649,2649,2634,2634,2714,
2714,2713,2713,2659,2659,2650,2650,2718,2718,2717,2717,2673,2673,2660,2660,
2726,2726,2725,2725,2683,2683,2674,2674,2730,2730,2729,2729,2695,2695,2684,
2684,2736,2736,2735,2735,2709,2709,2696,2696,2744,2744,2743,2743,2721,2721,
2710,2710,2750,2750,2749,2749,2733,2733,2722,2722,2756,2756,2755,2755,2739,
2739,2734,2734,2762,2762,2761,2761,2751,2751,2740,2740,2770,2770,2769,2769,
2765,2765,2752,2752,2778,2778,2777,2777,2773,2773,2766,2766,2780,2780,2779,
2779,2785,2785,2774,2774,2788,2788,2787,2787,2797,2797,2786,2786,2794,2794,
2793,2793,2807,2807,2798,2798,2802,2802,2801,2801,2817,2817,2808,2808,2806,
2806,2805,2805,2829,2829,2818,2818,2814,2814,2813,2813,2841,2841,2830,2830,
2822,2822,2821,2821,2853,2853,2842,2842,2824,2824,2823,2823,2863,2863,2854,
2854,2834,2834,2833,2833,2875,2875,2864,2864,2838,2838,2837,2837,2889,2889,
2876,2876,2844,2844,2843,2843,2901,2901,2890,2890,2850,2850,2849,2849,2917,
2917,2902,2902,2858,2858,2857,2857,2931,2931,2918,2918,2860,2860,2859,2859,
2957,2957,2932,2932,2868,2868,2867,2867,2977,2977,2958,2958,2874,2874,2873,
2873,2981,2981,2978,2978,2880,2880,2879,2879,2987,2987,2982,2982,2884,2884,
2883,2883,2989,2989,2988,2988,2892,2892,2891,2891,2993,2993,2990,2990,2895,
2895,2994,2994,2484,2482,2482,2324,2324,2421,2421,2326,2326,2415,2415,2325,
2325,2314,2314,2323,2323,2423,2423,2422,2422,2416,2416,2330,2330,2329,2329,
2427,2427,2424,2424,2338,2338,2337,2337,2431,2431,2428,2428,2344,2344,2343,
2343,2435,2435,2432,2432,2346,2346,2345,2345,2439,2439,2436,2436,2354,2354,
2353,2353,2445,2445,2440,2440,2360,2360,2359,2359,2447,2447,2446,2446,2362,
2362,2361,2361,2451,2451,2448,2448,2366,2366,2365,2365,2457,2457,2452,2452,
2370,2370,2369,2369,2461,2461,2458,2458,2380,2380,2379,2379,2463,2463,2462,
2462,2382,2382,2381,2381,2469,2469,2464,2464,2388,2388,2387,2387,2471,2471,
2470,2470,2392,2392,2391,2391,2475,2475,2472,2472,2394,2394,2393,2393,2479,
2479,2476,2476,2390,2390,2389,2389,2477,2477,2480,2480,2386,2386,2385,2385,
2473,2473,2478,2478,2384,2384,2383,2383,2467,2467,2474,2474,2378,2378,2377,
2377,2465,2465,2468,2468,2372,2372,2371,2371,2459,2459,2466,2466,2368,2368,
2367,2367,2455,2455,2460,2460,2364,2364,2363,2363,2453,2453,2456,2456,2358,
2358,2357,2357,2449,2449,2454,2454,2356,2356,2355,2355,2443,2443,2450,2450,
2348,2348,2347,2347,2441,2441,2444,2444,2342,2342,2341,2341,2437,2437,2442,
2442,2340,2340,2339,2339,2433,2433,2438,2438,2332,2332,2331,2331,2429,2429,
2434,2434,2328,2328,2327,2327,2425,2425,2430,2430,2322,2322,2321,2321,2419,
2419,2426,2426,2316,2316,2315,2315,2417,2417,2420,2420,2310,2310,2309,2309,
2413,2413,2418,2418,2304,2304,2303,2303,2409,2409,2414,2414,2298,2298,2297,
2297,2405,2405,2410,2410,2290,2290,2289,2289,2401,2401,2406,2406,2286,2286,
2285,2285,2397,2397,2402,2402,2280,2280,2279,2279,2373,2373,2398,2398,2276,
2276,2275,2275,2351,2351,2374,2374,2268,2268,2267,2267,2333,2333,2352,2352,
2262,2262,2261,2261,2317,2317,2334,2334,2254,2254,2253,2253,2307,2307,2318,
2318,2250,2250,2249,2249,2293,2293,2308,2308,2242,2242,2241,2241,2283,2283,
2294,2294,2238,2238,2237,2237,2271,2271,2284,2284,2232,2232,2231,2231,2257,
2257,2272,2272,2224,2224,2223,2223,2247,2247,2258,2258,2218,2218,2217,2217,
2233,2233,2248,2248,2212,2212,2211,2211,2227,2227,2234,2234,2206,2206,2205,
2205,2215,2215,2228,2228,2198,2198,2197,2197,2201,2201,2216,2216,2190,2190,
2189,2189,2193,2193,2202,2202,2188,2188,2187,2187,2181,2181,2194,2194,2178,
2178,2177,2177,2169,2169,2182,2182,2174,2174,2173,2173,2159,2159,2170,2170,
2166,2166,2165,2165,2149,2149,2160,2160,2162,2162,2161,2161,2139,2139,2150,
2150,2154,2154,2153,2153,2125,2125,2140,2140,2146,2146,2145,2145,2115,2115,
2126,2126,2144,2144,2143,2143,2103,2103,2116,2116,2134,2134,2133,2133,2091,
2091,2104,2104,2130,2130,2129,2129,2077,2077,2092,2092,2124,2124,2123,2123,
2065,2065,2078,2078,2118,2118,2117,2117,2049,2049,2066,2066,2112,2112,2111,
2111,2035,2035,2050,2050,2108,2108,2107,2107,2009,2009,2036,2036,2100,2100,
2099,2099,1989,1989,2010,2010,2094,2094,2093,2093,1985,1985,1990,1990,2088,
2088,2087,2087,1979,1979,1986,1986,2084,2084,2083,2083,1977,1977,1980,1980,
2076,2076,2075,2075,1973,1973,1978,1978,2072,2072,2071,2071,1969,1969,1974,
1974,2064,2064,2063,2063,1963,1963,1970,1970,2058,2058,2057,2057,1961,1961,
1964,1964,2056,2056,2055,2055,1957,1957,1962,1962,2046,2046,2045,2045,1953,
1953,1958,1958,2044,2044,2043,2043,1947,1947,1954,1954,2040,2040,2039,2039,
1943,1943,1948,1948,2032,2032,2031,2031,1941,1941,1944,1944,2028,2028,2027,
2027,1935,1935,1942,1942,2024,2024,2023,2023,1933,1933,1936,1936,2018,2018,
2017,2017,1927,1927,1934,1934,2014,2014,2013,2013,1923,1923,1928,1928,2006,
2006,2005,2005,1919,1919,1924,1924,2002,2002,2001,2001,1915,1915,1920,1920,
1998,1998,1997,1997,1911,1911,1916,1916,1996,1996,1995,1995,1907,1907,1912,
1912,1992,1992,1991,1991,1905,1905,1908,1908,1994,1994,1993,1993,1909,1909,
1906,1906,2000,2000,1999,1999,1913,1913,1910,1910,2004,2004,2003,2003,1917,
1917,1914,1914,2008,2008,2007,2007,1921,1921,1918,1918,2016,2016,2015,2015,
1925,1925,1922,1922,2020,2020,2019,2019,1929,1929,1926,1926,2022,2022,2021,
2021,1931,1931,1930,1930,2026,2026,2025,2025,1937,1937,1932,1932,2030,2030,
2029,2029,1939,1939,1938,1938,2038,2038,2037,2037,1945,1945,1940,1940,2042,
2042,2041,2041,1949,1949,1946,1946,2048,2048,2047,2047,1951,1951,1950,1950,
2054,2054,2053,2053,1955,1955,1952,1952,2060,2060,2059,2059,1959,1959,1956,
1956,2062,2062,2061,2061,1965,1965,1960,1960,2070,2070,2069,2069,1967,1967,
1966,1966,2074,2074,2073,2073,1971,1971,1968,1968,2082,2082,2081,2081,1975,
1975,1972,1972,2086,2086,2085,2085,1981,1981,1976,1976,2096,2096,2095,2095,
1983,1983,1982,1982,2098,2098,2097,2097,1987,1987,1984,1984,2106,2106,2105,
2105,2011,2011,1988,1988,2110,2110,2109,2109,2033,2033,2012,2012,2120,2120,
2119,2119,2051,2051,2034,2034,2122,2122,2121,2121,2067,2067,2052,2052,2132,
2132,2131,2131,2079,2079,2068,2068,2136,2136,2135,2135,2089,2089,2080,2080,
2142,2142,2141,2141,2101,2101,2090,2090,2148,2148,2147,2147,2113,2113,2102,
2102,2156,2156,2155,2155,2127,2127,2114,2114,2164,2164,2163,2163,2137,2137,
2128,2128,2168,2168,2167,2167,2151,2151,2138,2138,2176,2176,2175,2175,2157,
2157,2152,2152,2180,2180,2179,2179,2171,2171,2158,2158,2186,2186,2185,2185,
2183,2183,2172,2172,2196,2196,2195,2195,2191,2191,2184,2184,2200,2200,2199,
2199,2203,2203,2192,2192,2208,2208,2207,2207,2213,2213,2204,2204,2210,2210,
2209,2209,2225,2225,2214,2214,2220,2220,2219,2219,2235,2235,2226,2226,2222,
2222,2221,2221,2245,2245,2236,2236,2230,2230,2229,2229,2259,2259,2246,2246,
2240,2240,2239,2239,2269,2269,2260,2260,2244,2244,2243,2243,2281,2281,2270,
2270,2252,2252,2251,2251,2295,2295,2282,2282,2256,2256,2255,2255,2305,2305,
2296,2296,2264,2264,2263,2263,2319,2319,2306,2306,2266,2266,2265,2265,2335,
2335,2320,2320,2274,2274,2273,2273,2349,2349,2336,2336,2278,2278,2277,2277,
2375,2375,2350,2350,2288,2288,2287,2287,2395,2395,2376,2376,2292,2292,2291,
2291,2399,2399,2396,2396,2300,2300,2299,2299,2403,2403,2400,2400,2302,2302,
2301,2301,2407,2407,2404,2404,2312,2312,2311,2311,2411,2411,2408,2408,2313,
2313,2412,2412,1902,1900,1900,1788,1788,1877,1877,1798,1798,1873,1873,1797,
1797,1784,1784,1787,1787,1881,1881,1878,1878,1874,1874,1800,1800,1799,1799,
1885,1885,1882,1882,1806,1806,1805,1805,1889,1889,1886,1886,1810,1810,1809,
1809,1893,1893,1890,1890,1812,1812,1811,1811,1897,1897,1894,1894,1808,1808,
1807,1807,1895,1895,1898,1898,1804,1804,1803,1803,1891,1891,1896,1896,1802,
1802,1801,1801,1887,1887,1892,1892,1796,1796,1795,1795,1883,1883,1888,1888,
1790,1790,1789,1789,1879,1879,1884,1884,1786,1786,1785,1785,1875,1875,1880,
1880,1782,1782,1781,1781,1871,1871,1876,1876,1776,1776,1775,1775,1865,1865,
1872,1872,1774,1774,1773,1773,1863,1863,1866,1866,1766,1766,1765,1765,1859,
1859,1864,1864,1760,1760,1759,1759,1855,1855,1860,1860,1758,1758,1757,1757,
1849,1849,1856,1856,1750,1750,1749,1749,1845,1845,1850,1850,1744,1744,1743,
1743,1843,1843,1846,1846,1740,1740,1739,1739,1837,1837,1844,1844,1732,1732,
1731,1731,1835,1835,1838,1838,1730,1730,1729,1729,1831,1831,1836,1836,1722,
1722,1721,1721,1827,1827,1832,1832,1716,1716,1715,1715,1823,1823,1828,1828,
1708,1708,1707,1707,1819,1819,1824,1824,1706,1706,1705,1705,1815,1815,1820,
1820,1698,1698,1697,1697,1793,1793,1816,1816,1694,1694,1693,1693,1767,1767,
1794,1794,1686,1686,1685,1685,1751,1751,1768,1768,1682,1682,1681,1681,1737,
1737,1752,1752,1674,1674,1673,1673,1725,1725,1738,1738,1670,1670,1669,1669,
1713,1713,1726,1726,1660,1660,1659,1659,1701,1701,1714,1714,1656,1656,1655,
1655,1687,1687,1702,1702,1650,1650,1649,1649,1677,1677,1688,1688,1642,1642,
1641,1641,1663,1663,1678,1678,1638,1638,1637,1637,1651,1651,1664,1664,1630,
1630,1629,1629,1645,1645,1652,1652,1624,1624,1623,1623,1633,1633,1646,1646,
1616,1616,1615,1615,1619,1619,1634,1634,1608,1608,1607,1607,1609,1609,1620,
1620,1606,1606,1605,1605,1599,1599,1610,1610,1598,1598,1597,1597,1587,1587,
1600,1600,1592,1592,1591,1591,1577,1577,1588,1588,1586,1586,1585,1585,1567,
1567,1578,1578,1582,1582,1581,1581,1555,1555,1568,1568,1574,1574,1573,1573,
1543,1543,1556,1556,1564,1564,1563,1563,1531,1531,1544,1544,1562,1562,1561,
1561,1521,1521,1532,1532,1552,1552,1551,1551,1509,1509,1522,1522,1548,1548,
1547,1547,1495,1495,1510,1510,1542,1542,1541,1541,1485,1485,1496,1496,1536,
1536,1535,1535,1469,1469,1486,1486,1528,1528,1527,1527,1451,1451,1470,1470,
1526,1526,1525,1525,1429,1429,1452,1452,1518,1518,1517,1517,1407,1407,1430,
1430,1512,1512,1511,1511,1403,1403,1408,1408,1506,1506,1505,1505,1397,1397,
1404,1404,1502,1502,1501,1501,1395,1395,1398,1398,1494,1494,1493,1493,1391,
1391,1396,1396,1488,1488,1487,1487,1387,1387,1392,1392,1482,1482,1481,1481,
1381,1381,1388,1388,1478,1478,1477,1477,1379,1379,1382,1382,1472,1472,1471,
1471,1373,1373,1380,1380,1464,1464,1463,1463,1371,1371,1374,1374,1460,1460,
1459,1459,1367,1367,1372,1372,1456,1456,1455,1455,1361,1361,1368,1368,1448,
1448,1447,1447,1359,1359,1362,1362,1446,1446,1445,1445,1353,1353,1360,1360,
1442,1442,1441,1441,1351,1351,1354,1354,1438,1438,1437,1437,1345,1345,1352,
1352,1432,1432,1431,1431,1343,1343,1346,1346,1424,1424,1423,1423,1339,1339,
1344,1344,1420,1420,1419,1419,1335,1335,1340,1340,1416,1416,1415,1415,1329,
1329,1336,1336,1414,1414,1413,1413,1327,1327,1330,1330,1410,1410,1409,1409,
1323,1323,1328,1328,1412,1412,1411,1411,1325,1325,1324,1324,1418,1418,1417,
1417,1331,1331,1326,1326,1422,1422,1421,1421,1333,1333,1332,1332,1426,1426,
1425,1425,1337,1337,1334,1334,1434,1434,1433,1433,1341,1341,1338,1338,1436,
1436,1435,1435,1347,1347,1342,1342,1440,1440,1439,1439,1349,1349,1348,1348,
1444,1444,1443,1443,1355,1355,1350,1350,1450,1450,1449,1449,1357,1357,1356,
1356,1458,1458,1457,1457,1363,1363,1358,1358,1462,1462,1461,1461,1365,1365,
1364,1364,1466,1466,1465,1465,1369,1369,1366,1366,1474,1474,1473,1473,1375,
1375,1370,1370,1476,1476,1475,1475,1377,1377,1376,1376,1480,1480,1479,1479,
1383,1383,1378,1378,1490,1490,1489,1489,1385,1385,1384,1384,1492,1492,1491,
1491,1389,1389,1386,1386,1500,1500,1499,1499,1393,1393,1390,1390,1504,1504,
1503,1503,1399,1399,1394,1394,1514,1514,1513,1513,1401,1401,1400,1400,1516,
1516,1515,1515,1405,1405,1402,1402,1524,1524,1523,1523,1427,1427,1406,1406,
1530,1530,1529,1529,1453,1453,1428,1428,1538,1538,1537,1537,1467,1467,1454,
1454,1540,1540,1539,1539,1483,1483,1468,1468,1550,1550,1549,1549,1497,1497,
1484,1484,1554,1554,1553,1553,1507,1507,1498,1498,1560,1560,1559,1559,1519,
1519,1508,1508,1566,1566,1565,1565,1533,1533,1520,1520,1572,1572,1571,1571,
1545,1545,1534,1534,1580,1580,1579,1579,1557,1557,1546,1546,1584,1584,1583,
1583,1569,1569,1558,1558,1594,1594,1593,1593,1575,1575,1570,1570,1596,1596,
1595,1595,1589,1589,1576,1576,1604,1604,1603,1603,1601,1601,1590,1590,1612,
1612,1611,1611,1613,1613,1602,1602,1618,1618,1617,1617,1621,1621,1614,1614,
1626,1626,1625,1625,1631,1631,1622,1622,1628,1628,1627,1627,1643,1643,1632,
1632,1636,1636,1635,1635,1653,1653,1644,1644,1640,1640,1639,1639,1665,1665,
1654,1654,1648,1648,1647,1647,1675,1675,1666,1666,1658,1658,1657,1657,1689,
1689,1676,1676,1662,1662,1661,1661,1699,1699,1690,1690,1668,1668,1667,1667,
1711,1711,1700,1700,1672,1672,1671,1671,1723,1723,1712,1712,1680,1680,1679,
1679,1735,1735,1724,1724,1684,1684,1683,1683,1753,1753,1736,1736,1692,1692,
1691,1691,1769,1769,1754,1754,1696,1696,1695,1695,1791,1791,1770,1770,1704,
1704,1703,1703,1813,1813,1792,1792,1710,1710,1709,1709,1817,1817,1814,1814,
1718,1718,1717,1717,1821,1821,1818,1818,1720,1720,1719,1719,1825,1825,1822,
1822,1728,1728,1727,1727,1829,1829,1826,1826,1734,1734,1733,1733,1833,1833,
1830,1830,1742,1742,1741,1741,1839,1839,1834,1834,1746,1746,1745,1745,1841,
1841,1840,1840,1748,1748,1747,1747,1847,1847,1842,1842,1756,1756,1755,1755,
1851,1851,1848,1848,1762,1762,1761,1761,1853,1853,1852,1852,1764,1764,1763,
1763,1857,1857,1854,1854,1772,1772,1771,1771,1861,1861,1858,1858,1778,1778,
1777,1777,1867,1867,1862,1862,1780,1780,1779,1779,1869,1869,1868,1868,1783,
1783,1870,1870,1320,1318,1318,948,948,871,871,942,942,887,887,941,941,954,
954,947,947,847,847,872,872,888,888,936,936,935,935,825,825,848,848,932,
932,931,931,821,821,826,826,924,924,923,923,817,817,822,822,920,920,919,
919,813,813,818,818,910,910,909,909,809,809,814,814,908,908,907,907,805,
805,810,810,898,898,897,897,799,799,806,806,896,896,895,895,797,797,800,
800,892,892,891,891,791,791,798,798,884,884,883,883,789,789,792,792,880,
880,879,879,783,783,790,790,876,876,875,875,779,779,784,784,868,868,867,
867,777,777,780,780,864,864,863,863,771,771,778,778,860,860,859,859,769,
769,772,772,856,856,855,855,763,763,770,770,850,850,849,849,759,759,764,
764,844,844,843,843,755,755,760,760,840,840,839,839,753,753,756,756,834,
834,833,833,749,749,754,754,832,832,831,831,743,743,750,750,828,828,827,
827,741,741,744,744,830,830,829,829,745,745,742,742,836,836,835,835,747,
747,746,746,838,838,837,837,751,751,748,748,842,842,841,841,757,757,752,
752,852,852,851,851,761,761,758,758,854,854,853,853,765,765,762,762,858,
858,857,857,767,767,766,766,862,862,861,861,773,773,768,768,866,866,865,
865,775,775,774,774,874,874,873,873,781,781,776,776,878,878,877,877,785,
785,782,782,882,882,881,881,787,787,786,786,890,890,889,889,793,793,788,
788,894,894,893,893,795,795,794,794,900,900,899,899,801,801,796,796,906,
906,905,905,803,803,802,802,912,912,911,911,807,807,804,804,918,918,917,
917,811,811,808,808,922,922,921,921,815,815,812,812,930,930,929,929,819,
819,816,816,934,934,933,933,823,823,820,820,944,944,943,943,845,845,824,
824,946,946,945,945,869,869,846,846,956,956,955,955,885,885,870,870,960,
960,959,959,903,903,886,886,968,968,967,967,913,913,904,904,972,972,971,
971,927,927,914,914,980,980,979,979,939,939,928,928,984,984,983,983,949,
949,940,940,990,990,989,989,963,963,950,950,998,998,997,997,973,973,964,
964,1002,1002,1001,1001,985,985,974,974,1010,1010,1009,1009,993,993,986,
986,1016,1016,1015,1015,1005,1005,994,994,1022,1022,1021,1021,1019,1019,
1006,1006,1026,1026,1025,1025,1027,1027,1020,1020,1034,1034,1033,1033,1039,
1039,1028,1028,1042,1042,1041,1041,1051,1051,1040,1040,1048,1048,1047,1047,
1063,1063,1052,1052,1056,1056,1055,1055,1069,1069,1064,1064,1058,1058,1057,
1057,1081,1081,1070,1070,1066,1066,1065,1065,1095,1095,1082,1082,1076,1076,
1075,1075,1107,1107,1096,1096,1080,1080,1079,1079,1119,1119,1108,1108,1088,
1088,1087,1087,1131,1131,1120,1120,1092,1092,1091,1091,1141,1141,1132,1132,
1100,1100,1099,1099,1155,1155,1142,1142,1104,1104,1103,1103,1169,1169,1156,
1156,1110,1110,1109,1109,1185,1185,1170,1170,1116,1116,1115,1115,1211,1211,
1186,1186,1122,1122,1121,1121,1231,1231,1212,1212,1126,1126,1125,1125,1237,
1237,1232,1232,1134,1134,1133,1133,1239,1239,1238,1238,1138,1138,1137,1137,
1243,1243,1240,1240,1148,1148,1147,1147,1247,1247,1244,1244,1150,1150,1149,
1149,1253,1253,1248,1248,1160,1160,1159,1159,1257,1257,1254,1254,1162,1162,
1161,1161,1261,1261,1258,1258,1166,1166,1165,1165,1265,1265,1262,1262,1174,
1174,1173,1173,1269,1269,1266,1266,1178,1178,1177,1177,1271,1271,1270,1270,
1182,1182,1181,1181,1277,1277,1272,1272,1190,1190,1189,1189,1279,1279,1278,
1278,1194,1194,1193,1193,1283,1283,1280,1280,1198,1198,1197,1197,1289,1289,
1284,1284,1202,1202,1201,1201,1293,1293,1290,1290,1208,1208,1207,1207,1297,
1297,1294,1294,1214,1214,1213,1213,1301,1301,1298,1298,1220,1220,1219,1219,
1303,1303,1302,1302,1222,1222,1221,1221,1309,1309,1304,1304,1228,1228,1227,
1227,1313,1313,1310,1310,1230,1230,1229,1229,1315,1315,1314,1314,1226,1226,
1225,1225,1311,1311,1316,1316,1224,1224,1223,1223,1307,1307,1312,1312,1218,
1218,1217,1217,1305,1305,1308,1308,1216,1216,1215,1215,1299,1299,1306,1306,
1206,1206,1205,1205,1295,1295,1300,1300,1204,1204,1203,1203,1291,1291,1296,
1296,1200,1200,1199,1199,1287,1287,1292,1292,1196,1196,1195,1195,1285,1285,
1288,1288,1192,1192,1191,1191,1281,1281,1286,1286,1184,1184,1183,1183,1275,
1275,1282,1282,1180,1180,1179,1179,1273,1273,1276,1276,1176,1176,1175,1175,
1267,1267,1274,1274,1168,1168,1167,1167,1263,1263,1268,1268,1164,1164,1163,
1163,1259,1259,1264,1264,1158,1158,1157,1157,1255,1255,1260,1260,1152,1152,
1151,1151,1251,1251,1256,1256,1146,1146,1145,1145,1249,1249,1252,1252,1140,
1140,1139,1139,1245,1245,1250,1250,1136,1136,1135,1135,1241,1241,1246,1246,
1128,1128,1127,1127,1235,1235,1242,1242,1124,1124,1123,1123,1233,1233,1236,
1236,1114,1114,1113,1113,1209,1209,1234,1234,1112,1112,1111,1111,1187,1187,
1210,1210,1102,1102,1101,1101,1171,1171,1188,1188,1098,1098,1097,1097,1153,
1153,1172,1172,1090,1090,1089,1089,1143,1143,1154,1154,1086,1086,1085,1085,
1129,1129,1144,1144,1078,1078,1077,1077,1117,1117,1130,1130,1074,1074,1073,
1073,1105,1105,1118,1118,1068,1068,1067,1067,1093,1093,1106,1106,1060,1060,
1059,1059,1083,1083,1094,1094,1054,1054,1053,1053,1071,1071,1084,1084,1046,
1046,1045,1045,1061,1061,1072,1072,1044,1044,1043,1043,1049,1049,1062,1062,
1036,1036,1035,1035,1037,1037,1050,1050,1030,1030,1029,1029,1031,1031,1038,
1038,1024,1024,1023,1023,1017,1017,1032,1032,1014,1014,1013,1013,1007,1007,
1018,1018,1012,1012,1011,1011,995,995,1008,1008,1004,1004,1003,1003,987,
987,996,996,1000,1000,999,999,975,975,988,988,992,992,991,991,961,961,976,
976,982,982,981,981,951,951,962,962,978,978,977,977,937,937,952,952,970,
970,969,969,925,925,938,938,966,966,965,965,915,915,926,926,958,958,957,
957,901,901,916,916,953,953,902,902,738,736,736,364,364,285,285,360,360,
301,301,359,359,370,370,363,363,259,259,286,286,302,302,352,352,351,351,
239,239,260,260,346,346,345,345,235,235,240,240,340,340,339,339,231,231,
236,236,336,336,335,335,227,227,232,232,328,328,327,327,223,223,228,228,
322,322,321,321,219,219,224,224,314,314,313,313,213,213,220,220,308,308,
307,307,211,211,214,214,306,306,305,305,205,205,212,212,296,296,295,295,
203,203,206,206,292,292,291,291,199,199,204,204,290,290,289,289,193,193,
200,200,282,282,281,281,191,191,194,194,278,278,277,277,187,187,192,192,
274,274,273,273,179,179,188,188,268,268,267,267,171,171,180,180,264,264,
263,263,165,165,172,172,256,256,255,255,161,161,166,166,254,254,253,253,
155,155,162,162,248,248,247,247,153,153,156,156,246,246,245,245,147,147,
154,154,242,242,241,241,145,145,148,148,244,244,243,243,149,149,146,146,
250,250,249,249,151,151,150,150,252,252,251,251,157,157,152,152,258,258,
257,257,163,163,158,158,266,266,265,265,167,167,164,164,270,270,269,269,
173,173,168,168,272,272,271,271,177,177,174,174,276,276,275,275,185,185,
178,178,280,280,279,279,189,189,186,186,288,288,287,287,195,195,190,190,
294,294,293,293,197,197,196,196,298,298,297,297,201,201,198,198,304,304,
303,303,207,207,202,202,310,310,309,309,209,209,208,208,316,316,315,315,
215,215,210,210,324,324,323,323,217,217,216,216,326,326,325,325,221,221,
218,218,334,334,333,333,225,225,222,222,338,338,337,337,229,229,226,226,
348,348,347,347,233,233,230,230,350,350,349,349,237,237,234,234,358,358,
357,357,261,261,238,238,362,362,361,361,283,283,262,262,372,372,371,371,
299,299,284,284,374,374,373,373,319,319,300,300,384,384,383,383,329,329,
320,320,388,388,387,387,343,343,330,330,396,396,395,395,353,353,344,344,
400,400,399,399,365,365,354,354,408,408,407,407,379,379,366,366,414,414,
413,413,389,389,380,380,419,419,418,418,403,403,390,390,429,429,428,428,
409,409,404,404,433,433,432,432,424,424,410,410,439,439,438,438,436,436,
425,425,449,449,448,448,444,444,437,437,451,451,450,450,457,457,445,445,
462,462,461,461,469,469,458,458,466,466,465,465,479,479,470,470,472,472,
471,471,487,487,480,480,476,476,475,475,499,499,488,488,484,484,483,483,
513,513,500,500,494,494,493,493,523,523,514,514,498,498,497,497,535,535,
524,524,506,506,505,505,549,549,536,536,510,510,509,509,559,559,550,550,
516,516,515,515,573,573,560,560,522,522,521,521,587,587,574,574,528,528,
527,527,603,603,588,588,532,532,531,531,629,629,604,604,540,540,539,539,
649,649,630,630,544,544,543,543,653,653,650,650,552,552,551,551,657,657,
654,654,558,558,557,557,661,661,658,658,564,564,563,563,665,665,662,662,
568,568,567,567,669,669,666,666,578,578,577,577,675,675,670,670,582,582,
581,581,677,677,676,676,584,584,583,583,683,683,678,678,594,594,593,593,
685,685,684,684,598,598,597,597,689,689,686,686,600,600,599,599,695,695,
690,690,608,608,607,607,697,697,696,696,612,612,611,611,701,701,698,698,
616,616,615,615,705,705,702,702,620,620,619,619,711,711,706,706,626,626,
625,625,715,715,712,712,634,634,633,633,717,717,716,716,636,636,635,635,
723,723,718,718,642,642,641,641,725,725,724,724,644,644,643,643,731,731,
726,726,648,648,647,647,733,733,732,732,646,646,645,645,729,729,734,734,
640,640,639,639,727,727,730,730,638,638,637,637,721,721,728,728,632,632,
631,631,719,719,722,722,624,624,623,623,713,713,720,720,622,622,621,621,
709,709,714,714,618,618,617,617,707,707,710,710,614,614,613,613,703,703,
708,708,610,610,609,609,699,699,704,704,602,602,601,601,693,693,700,700,
596,596,595,595,691,691,694,694,592,592,591,591,687,687,692,692,586,586,
585,585,681,681,688,688,580,580,579,579,679,679,682,682,576,576,575,575,
673,673,680,680,570,570,569,569,671,671,674,674,566,566,565,565,667,667,
672,672,556,556,555,555,663,663,668,668,554,554,553,553,659,659,664,664,
546,546,545,545,655,655,660,660,542,542,541,541,651,651,656,656,534,534,
533,533,627,627,652,652,530,530,529,529,605,605,628,628,520,520,519,519,
589,589,606,606,518,518,517,517,571,571,590,590,508,508,507,507,561,561,
572,572,504,504,503,503,547,547,562,562,496,496,495,495,537,537,548,548,
492,492,491,491,525,525,538,538,486,486,485,485,511,511,526,526,478,478,
477,477,501,501,512,512,474,474,473,473,489,489,502,502,464,464,463,463,
481,481,490,490,460,460,459,459,467,467,482,482,453,453,452,452,455,455,
468,468,443,443,442,442,446,446,456,456,441,441,440,440,434,434,447,447,
431,431,430,430,422,422,435,435,427,427,426,426,411,411,423,423,421,421,
420,420,401,401,412,412,416,416,415,415,391,391,402,402,406,406,405,405,
377,377,392,392,398,398,397,397,367,367,378,378,394,394,393,393,355,355,
368,368,386,386,385,385,341,341,356,356,382,382,381,381,331,331,342,342,
376,376,375,375,317,317,332,332,369,369,318,318,311,76,76,1901,1899,1899,
1317,1317,1319,2483,2481,2481,3065,3063,3063,3647,3645,3645,4912,4912,4914,
4914,4910,4910,108,108,106,106,4916,4916,4918,4918,4902,4902,4904,4904,
4840,4840,4906,4906,4908,4908,4836,4836,4834,4834,4838,4838,4832,4832,4920,
4920,4830,4830,4828,4828,4826,4826,4811,4811,4811,4814,4814,4816,4816,4818,
4818,4824,4824,4822,4822,4820,4820,110,110,112,112,98,98,4844,4844,4846,
4846,4842,4842,4848,4848,4900,4900,96,96,100,100,102,102,38,38,36,36,40,
40,4898,4898,4896,4896,4894,4894,4892,4892,4850,4850,42,42,28,28,30,30,
26,26,4938,4938,4936,4936,132,132,4940,4940,134,134,4934,4934,130,130,4932,
4932,4930,4930,4960,4960,4960,4948,4948,4944,4944,4942,4942,4946,4946,4928,
4928,4926,4926,4924,4924,4922,4922,128,128,126,126,104,104,24,24,22,22,
20,20,6,6,3,3,3,8,8,10,10,4959,4959,4959,4956,4956,183,183,183,4232,4232,
2486,2486,3650,3650,3068,3068,4954,4954,176,176,4952,4952,4950,4950,170,
170,160,160,138,138,140,140,136,136,124,124,122,122,120,120,114,114,116,
116,94,94,92,92,90,90,4809,4809,4809,4911,4911,4913,4913,4841,4841,4915,
4915,4923,4923,4884,4884,4627,4627,4917,4917,4919,4919,4921,4921,4831,4831,
4829,4829,4833,4833,4827,4827,4825,4825,4835,4835,4837,4837,4839,4839,4810,
4810,4810,4813,4813,4227,4227,4815,4815,4817,4817,4819,4819,4821,4821,4823,
4823,4617,4617,4615,4615,4605,4605,4603,4603,4593,4593,4589,4589,4581,4581,
4577,4577,4571,4571,4567,4567,4557,4557,4551,4551,4545,4545,4537,4537,4533,
4533,4527,4527,4523,4523,4513,4513,4505,4505,4503,4503,4493,4493,4489,4489,
4483,4483,4473,4473,4469,4469,4461,4461,4457,4457,4449,4449,4447,4447,4439,
4439,4433,4433,4427,4427,4421,4421,4415,4415,105,105,4863,4863,4865,4865,
4861,4861,4867,4867,4877,4877,4879,4879,4909,4909,4875,4875,4873,4873,4871,
4871,4869,4869,103,103,4843,4843,4845,4845,4847,4847,4849,4849,4851,4851,
4853,4853,4855,4855,4857,4857,4859,4859,107,107,4927,4927,4929,4929,121,
121,4925,4925,119,119,4931,4931,123,123,4935,4935,4937,4937,4933,4933,4939,
4939,4941,4941,4943,4943,4945,4945,4947,4947,4957,4957,4957,4229,4629,4629,
4639,4639,4625,4625,4641,4641,4651,4651,4655,4655,4657,4657,4667,4667,4669,
4669,4673,4673,4681,4681,4685,4685,4689,4689,4695,4695,4699,4699,4707,4707,
4711,4711,4715,4715,4717,4717,4721,4721,4719,4719,4713,4713,4709,4709,4705,
4705,4697,4697,4693,4693,4691,4691,4687,4687,4683,4683,4675,4675,4671,4671,
4665,4665,4659,4659,4653,4653,4649,4649,4643,4643,4637,4637,4631,4631,4619,
4619,18,18,16,16,14,14,12,12,118,118,4890,4890,4852,4852,86,86,88,88,4854,
4854,4864,4864,4862,4862,4866,4866,4860,4860,4858,4858,4856,4856,4876,4876,
4878,4878,4874,4874,4880,4880,4882,4882,4888,4888,84,84,4872,4872,4870,
4870,4868,4868,44,44,46,46,55,55,53,53,57,57,4905,4905,4907,4907,99,99,
4903,4903,97,97,101,101,69,69,4891,4891,4893,4893,4889,4889,4895,4895,4881,
4881,4887,4887,71,71,4897,4897,4899,4899,4901,4901,109,109,111,111,113,
113,144,144,142,142,21,21,23,23,19,19,17,17,65,65,67,67,63,63,61,61,115,
115,117,117,129,129,127,127,131,131,133,133,135,135,137,137,34,34,32,32,
56,56,58,58,54,54,52,52,50,50,48,48,25,25,27,27,29,29,31,31,33,33,35,35,
37,37,39,39,41,41,43,43,45,45,47,47,49,49,59,59,85,85,83,83,87,87,125,125,
4951,4951,4953,4953,159,159,4949,4949,143,143,4955,4955,169,169,4958,4958,
4958,4231,4231,175,175,182,182,182,2485,2485,3649,3649,3067,3067,70,70,
68,68,72,72,74,74,2,2,2,5,5,7,7,9,9,11,11,13,13,15,15,51,51,4883,4883,75,
75,4885,4885,82,82,73,73,79,79,81,81,139,139,141,141,66,66,64,64,62,62,
89,89,91,91,93,93,60,60,95,95,4411,4411,4401,4401,4399,4399,4389,4389,4385,
4385,4383,4383,4375,4375,4371,4371,4367,4367,4359,4359,4353,4353,4349,4349,
4347,4347,4341,4341,4335,4335,4331,4331,4325,4325,4321,4321,4319,4319,4323,
4323,4327,4327,4329,4329,4333,4333,4343,4343,4345,4345,4351,4351,4355,4355,
4357,4357,4365,4365,4369,4369,4373,4373,4381,4381,4387,4387,4391,4391,4397,
4397,4403,4403,4409,4409,4413,4413,4423,4423,4425,4425,4435,4435,4437,4437,
4445,4445,4451,4451,4459,4459,4463,4463,4471,4471,4475,4475,4481,4481,4491,
4491,4495,4495,4501,4501,4507,4507,4515,4515,4517,4517,4525,4525,4535,4535,
4539,4539,4547,4547,4549,4549,4559,4559,4565,4565,4569,4569,4579,4579,4583,
4583,4591,4591,4595,4595,4601,4601,4607,4607,4613,4613,184,184,184,417,
417,1904,1904,1322,1322,740,740,80,80,4,4,4,78,78,1,1,1,312,181,181,181,
454,454,77,77,1903,1903,1321,1321,739,739,735,735,737),((1,3,6),(7,3,1),
(2,5,9),(11,7,1),(12,2,13),(13,2,9),(3,15,6),(16,4,17),(17,4,8),(6,15,19),
(5,18,20),(9,5,20),(15,22,19),(23,16,24),(24,16,17),(19,22,26),(18,27,28),
(20,18,28),(22,30,26),(31,23,24),(26,30,33),(27,32,34),(28,27,34),(30,36,
33),(24,37,31),(33,36,39),(32,38,40),(34,32,40),(36,42,39),(43,37,24),(39,
42,45),(38,44,46),(40,38,46),(42,48,45),(49,43,24),(45,48,51),(44,50,52),
(46,44,52),(48,54,51),(24,55,49),(51,54,57),(50,56,58),(52,50,58),(54,60,
57),(61,55,24),(57,60,63),(56,62,64),(58,56,64),(60,66,63),(67,61,24),(63,
66,69),(62,68,70),(64,62,70),(66,72,69),(24,73,67),(69,72,75),(68,74,76),
(70,68,76),(72,78,75),(79,73,24),(75,78,81),(74,80,82),(76,74,82),(78,84,
81),(85,79,24),(81,84,87),(80,86,88),(82,80,88),(84,90,87),(91,85,24),(87,
90,93),(86,92,94),(88,86,94),(90,96,93),(97,91,24),(93,96,99),(92,98,100),
(94,92,100),(96,102,99),(24,103,97),(99,102,105),(98,104,106),(100,98,106),
(102,108,105),(109,103,24),(105,108,111),(104,110,112),(106,104,112),(108,
114,111),(115,109,24),(111,114,117),(110,116,118),(112,110,118),(114,120,
117),(24,121,115),(117,120,123),(116,122,124),(118,116,124),(120,126,123),
(127,121,24),(123,126,129),(122,128,130),(124,122,130),(126,132,129),(133,
127,24),(129,132,135),(128,134,136),(130,128,136),(132,138,135),(24,139,
133),(135,138,141),(134,140,142),(136,134,142),(138,144,141),(145,139,24),
(141,144,147),(140,146,148),(142,140,148),(144,150,147),(151,145,24),(147,
150,153),(146,152,154),(148,146,154),(150,156,153),(24,157,151),(153,156,
159),(152,158,160),(154,152,160),(156,162,159),(163,157,24),(159,162,165),
(158,164,166),(160,158,166),(162,168,165),(169,163,24),(165,168,171),(164,
170,172),(166,164,172),(168,174,171),(24,175,169),(171,174,177),(170,176,
178),(172,170,178),(174,180,177),(181,175,24),(177,180,183),(176,182,184),
(178,176,184),(180,186,183),(187,181,24),(183,186,189),(182,188,190),(184,
182,190),(186,192,189),(193,187,24),(189,192,195),(188,194,196),(190,188,
196),(192,198,195),(199,193,24),(195,198,201),(194,200,202),(196,194,202),
(198,204,201),(24,205,199),(201,204,207),(200,206,208),(202,200,208),(204,
210,207),(211,205,24),(207,210,213),(206,212,214),(208,206,214),(210,216,
213),(217,211,24),(213,216,219),(212,218,220),(214,212,220),(216,222,219),
(223,217,24),(219,222,225),(218,224,226),(220,218,226),(222,229,225),(24,
228,223),(225,229,230),(224,231,232),(226,224,232),(229,234,230),(235,228,
24),(230,234,237),(231,236,238),(232,231,238),(234,240,237),(241,235,242),
(242,235,24),(237,240,245),(236,246,247),(238,236,247),(240,249,245),(250,
241,242),(245,249,252),(246,251,253),(247,246,253),(249,255,252),(242,256,
250),(252,255,258),(251,257,259),(253,251,259),(255,261,258),(262,256,242),
(258,261,264),(257,263,265),(259,257,265),(261,267,264),(268,262,242),(264,
267,270),(263,269,271),(265,263,271),(267,273,270),(242,274,268),(270,273,
276),(269,275,277),(271,269,277),(273,279,276),(280,274,242),(276,279,282),
(275,281,283),(277,275,283),(279,285,282),(286,280,242),(282,285,288),(281,
287,289),(283,281,289),(285,291,288),(242,292,286),(288,291,294),(287,293,
295),(289,287,295),(291,297,294),(298,292,242),(294,297,300),(293,299,301),
(295,293,301),(297,303,300),(304,298,242),(300,303,306),(299,305,307),(301,
299,307),(303,309,306),(310,304,242),(306,309,312),(305,311,313),(307,305,
313),(309,315,312),(242,316,310),(312,315,318),(311,317,319),(313,311,319),
(315,321,318),(322,316,242),(318,321,324),(317,323,325),(319,317,325),(321,
327,324),(328,322,242),(324,327,330),(323,329,331),(325,323,331),(327,333,
330),(334,328,242),(330,333,336),(329,335,337),(331,329,337),(333,339,336),
(340,334,242),(336,339,342),(335,341,343),(337,335,343),(339,345,342),(242,
346,340),(342,345,348),(341,347,349),(343,341,349),(345,351,348),(352,346,
242),(348,351,354),(347,353,355),(349,347,355),(351,357,354),(358,352,242),
(354,357,360),(353,359,361),(355,353,361),(357,363,360),(242,364,358),(360,
363,366),(359,365,367),(361,359,367),(363,369,366),(370,364,242),(366,369,
372),(365,371,373),(367,365,373),(369,375,372),(376,370,242),(372,375,378),
(371,377,379),(373,371,379),(375,381,378),(242,382,376),(378,381,384),(377,
383,385),(379,377,385),(381,387,384),(388,382,242),(384,387,390),(383,389,
391),(385,383,391),(387,393,390),(394,388,242),(390,393,396),(389,395,397),
(391,389,397),(393,399,396),(242,400,394),(396,399,402),(395,401,403),(397,
395,403),(399,405,402),(242,406,400),(402,405,408),(401,407,409),(403,401,
409),(405,411,408),(412,406,242),(408,411,414),(407,413,415),(409,407,415),
(411,417,414),(418,412,242),(414,417,420),(413,419,421),(415,413,421),(417,
423,420),(242,424,418),(420,423,426),(419,425,427),(421,419,427),(423,429,
426),(430,424,242),(426,429,432),(425,431,433),(427,425,433),(429,435,432),
(436,430,242),(432,435,438),(431,437,439),(433,431,439),(435,441,438),(242,
442,436),(438,441,444),(437,443,445),(439,437,445),(441,448,444),(447,442,
242),(444,448,449),(443,450,451),(445,443,451),(448,453,449),(454,447,455),
(455,447,242),(449,453,457),(450,458,459),(451,450,459),(453,461,457),(462,
454,455),(457,461,464),(458,463,465),(459,458,465),(461,467,464),(455,468,
462),(464,467,470),(463,469,471),(465,463,471),(467,473,470),(474,468,455),
(470,473,476),(469,475,477),(471,469,477),(473,479,476),(480,474,455),(476,
479,482),(475,481,483),(477,475,483),(479,485,482),(455,486,480),(482,485,
488),(481,487,489),(483,481,489),(485,491,488),(492,486,455),(488,491,494),
(487,493,495),(489,487,495),(491,497,494),(498,492,455),(494,497,500),(493,
499,501),(495,493,501),(497,503,500),(455,504,498),(500,503,506),(499,505,
507),(501,499,507),(503,509,506),(510,504,455),(506,509,512),(505,511,513),
(507,505,513),(509,515,512),(516,510,455),(512,515,518),(511,517,519),(513,
511,519),(515,521,518),(455,522,516),(518,521,524),(517,523,525),(519,517,
525),(521,527,524),(528,522,455),(524,527,530),(523,529,531),(525,523,531),
(527,533,530),(534,528,455),(530,533,536),(529,535,537),(531,529,537),(533,
539,536),(455,540,534),(536,539,542),(535,541,543),(537,535,543),(539,545,
542),(546,540,455),(542,545,548),(541,547,549),(543,541,549),(545,551,548),
(552,546,455),(548,551,554),(547,553,555),(549,547,555),(551,557,554),(455,
558,552),(554,557,560),(553,559,561),(555,553,561),(557,563,560),(564,558,
455),(560,563,566),(559,565,567),(561,559,567),(563,569,566),(570,564,455),
(566,569,572),(565,571,573),(567,565,573),(569,575,572),(455,576,570),(572,
575,578),(571,577,579),(573,571,579),(575,581,578),(582,576,455),(578,581,
584),(577,583,585),(579,577,585),(581,587,584),(588,582,455),(584,587,590),
(583,589,591),(585,583,591),(587,593,590),(455,594,588),(590,593,596),(589,
595,597),(591,589,597),(593,599,596),(600,594,455),(596,599,602),(595,601,
603),(597,595,603),(599,605,602),(606,600,455),(602,605,608),(601,607,609),
(603,601,609),(605,611,608),(455,612,606),(608,611,614),(607,613,615),(609,
607,615),(611,617,614),(618,612,455),(614,617,620),(613,619,621),(615,613,
621),(617,623,620),(624,618,455),(620,623,626),(619,625,627),(621,619,627),
(623,629,626),(455,630,624),(626,629,632),(625,631,633),(627,625,633),(629,
635,632),(636,630,455),(632,635,638),(631,637,639),(633,631,639),(635,641,
638),(642,636,455),(638,641,644),(637,643,645),(639,637,645),(641,647,644),
(648,642,455),(644,647,650),(643,649,651),(645,643,651),(647,653,650),(455,
654,648),(650,653,656),(649,655,657),(651,649,657),(653,659,656),(660,654,
455),(656,659,662),(655,661,663),(657,655,663),(659,666,662),(665,660,17),
(17,660,455),(662,666,667),(661,668,669),(663,661,669),(666,671,667),(672,
665,17),(667,671,674),(668,673,675),(669,668,675),(671,677,674),(17,678,
672),(674,677,680),(673,679,681),(675,673,681),(677,683,680),(684,678,17),
(680,683,686),(679,685,687),(681,679,687),(683,689,686),(690,684,17),(686,
689,692),(685,691,693),(687,685,693),(689,695,692),(17,696,690),(692,695,
698),(691,697,699),(693,691,699),(695,701,698),(702,696,17),(698,701,704),
(697,703,705),(699,697,705),(701,707,704),(708,702,17),(704,707,710),(703,
709,711),(705,703,711),(707,713,710),(714,708,17),(710,713,716),(709,715,
717),(711,709,717),(713,719,716),(720,714,17),(716,719,722),(715,721,723),
(717,715,723),(719,725,722),(17,726,720),(722,725,728),(721,727,729),(723,
721,729),(725,731,728),(732,726,17),(728,731,734),(727,733,735),(729,727,
735),(731,737,734),(738,732,17),(734,737,740),(733,739,741),(735,733,741),
(737,743,740),(744,738,17),(740,743,746),(739,745,747),(741,739,747),(743,
749,746),(17,750,744),(746,749,752),(745,751,753),(747,745,753),(749,755,
752),(756,750,17),(752,755,758),(751,757,759),(753,751,759),(755,761,758),
(762,756,17),(758,761,764),(757,763,765),(759,757,765),(761,767,764),(768,
762,17),(764,767,770),(763,769,771),(765,763,771),(767,773,770),(774,768,
17),(770,773,776),(769,775,777),(771,769,777),(773,779,776),(17,780,774),
(776,779,782),(775,781,783),(777,775,783),(779,785,782),(786,780,17),(782,
785,788),(781,787,789),(783,781,789),(785,791,788),(792,786,17),(788,791,
794),(787,793,795),(789,787,795),(791,797,794),(17,798,792),(794,797,800),
(793,799,801),(795,793,801),(797,803,800),(804,798,17),(800,803,806),(799,
805,807),(801,799,807),(803,809,806),(810,804,17),(806,809,812),(805,811,
813),(807,805,813),(809,815,812),(17,816,810),(812,815,818),(811,817,819),
(813,811,819),(815,821,818),(822,816,17),(818,821,824),(817,823,825),(819,
817,825),(821,827,824),(828,822,17),(824,827,830),(823,829,831),(825,823,
831),(827,833,830),(17,834,828),(830,833,836),(829,835,837),(831,829,837),
(833,839,836),(840,834,17),(836,839,842),(835,841,843),(837,835,843),(839,
845,842),(846,840,17),(842,845,848),(841,847,849),(843,841,849),(845,851,
848),(17,852,846),(848,851,854),(847,853,855),(849,847,855),(851,857,854),
(858,852,17),(854,857,860),(853,859,861),(855,853,861),(857,863,860),(864,
858,17),(860,863,866),(859,865,867),(861,859,867),(863,869,866),(864,17,
870),(866,869,11),(865,12,871),(867,865,871),(869,7,11),(17,8,870),(871,
12,13),(873,875,877),(879,875,873),(874,878,881),(883,879,873),(884,874,
885),(885,874,881),(875,887,877),(876,889,888),(880,892,876),(892,889,876),
(877,887,893),(878,894,895),(881,878,895),(887,897,893),(888,899,898),(889,
899,888),(893,897,901),(894,902,903),(895,894,903),(897,905,901),(898,907,
906),(899,907,898),(901,905,909),(902,910,911),(903,902,911),(905,913,909),
(906,915,914),(907,915,906),(909,913,917),(910,918,919),(911,910,919),(913,
921,917),(914,923,922),(915,923,914),(917,921,925),(918,926,927),(919,918,
927),(921,929,925),(922,931,930),(923,931,922),(925,929,933),(926,934,935),
(927,926,935),(929,937,933),(930,939,938),(931,939,930),(933,937,941),(934,
942,943),(935,934,943),(937,945,941),(938,947,946),(939,947,938),(941,945,
949),(942,950,951),(943,942,951),(945,953,949),(946,955,954),(947,955,946),
(949,953,957),(950,958,959),(951,950,959),(953,961,957),(954,963,962),(955,
963,954),(957,961,965),(958,966,967),(959,958,967),(961,969,965),(962,971,
970),(963,971,962),(965,969,973),(966,974,975),(967,966,975),(969,977,973),
(970,979,978),(971,979,970),(973,977,981),(974,982,983),(975,974,983),(977,
985,981),(978,987,986),(979,987,978),(981,985,989),(982,990,991),(983,982,
991),(985,993,989),(986,995,994),(987,995,986),(989,993,997),(990,998,999),
(991,990,999),(993,1001,997),(994,1003,1002),(995,1003,994),(997,1001,1005),
(998,1006,1007),(999,998,1007),(1001,1009,1005),(1002,1011,1010),(1003,
1011,1002),(1005,1009,1013),(1006,1014,1015),(1007,1006,1015),(1009,1017,
1013),(1010,1019,1018),(1011,1019,1010),(1013,1017,1021),(1014,1022,1023),
(1015,1014,1023),(1017,1025,1021),(1018,1027,1026),(1019,1027,1018),(1021,
1025,1029),(1022,1030,1031),(1023,1022,1031),(1025,1033,1029),(1026,1035,
1034),(1027,1035,1026),(1029,1033,1037),(1030,1038,1039),(1031,1030,1039),
(1033,1041,1037),(1034,1043,1042),(1035,1043,1034),(1037,1041,1045),(1038,
1046,1047),(1039,1038,1047),(1041,1049,1045),(1042,1051,1050),(1043,1051,
1042),(1045,1049,1053),(1046,1054,1055),(1047,1046,1055),(1049,1057,1053),
(1050,1059,1058),(1051,1059,1050),(1053,1057,1061),(1054,1062,1063),(1055,
1054,1063),(1057,1065,1061),(1058,1067,1066),(1059,1067,1058),(1061,1065,
1069),(1062,1070,1071),(1063,1062,1071),(1065,1073,1069),(1066,1075,1074),
(1067,1075,1066),(1069,1073,1077),(1070,1078,1079),(1071,1070,1079),(1073,
1081,1077),(1074,1083,1082),(1075,1083,1074),(1077,1081,1085),(1078,1086,
1087),(1079,1078,1087),(1081,1089,1085),(1082,1091,1090),(1083,1091,1082),
(1085,1089,1093),(1086,1094,1095),(1087,1086,1095),(1089,1097,1093),(1090,
1099,1098),(1091,1099,1090),(1093,1097,1101),(1094,1102,1103),(1095,1094,
1103),(1097,1105,1101),(1098,1107,1106),(1099,1107,1098),(1101,1105,1109),
(1102,1110,1111),(1103,1102,1111),(1105,1113,1109),(1106,1115,1114),(1107,
1115,1106),(1109,1113,1117),(1110,1118,1119),(1111,1110,1119),(1113,1121,
1117),(1114,1123,1122),(1115,1123,1114),(1117,1121,1125),(1118,1126,1127),
(1119,1118,1127),(1121,1129,1125),(1122,1131,1130),(1123,1131,1122),(1125,
1129,1133),(1126,1134,1135),(1127,1126,1135),(1129,1137,1133),(1130,1139,
1138),(1131,1139,1130),(1133,1137,1141),(1134,1142,1143),(1135,1134,1143),
(1137,1145,1141),(1138,1147,1146),(1139,1147,1138),(1141,1145,1149),(1142,
1150,1151),(1143,1142,1151),(1145,1153,1149),(1146,1155,1154),(1147,1155,
1146),(1149,1153,1157),(1150,1158,1159),(1151,1150,1159),(1153,1161,1157),
(1154,1163,1162),(1155,1163,1154),(1157,1161,1165),(1158,1166,1167),(1159,
1158,1167),(1161,1169,1165),(1162,1171,1170),(1163,1171,1162),(1165,1169,
1173),(1166,1174,1175),(1167,1166,1175),(1169,1177,1173),(1170,1179,1178),
(1171,1179,1170),(1173,1177,1181),(1174,1182,1183),(1175,1174,1183),(1177,
1185,1181),(1178,1187,1186),(1179,1187,1178),(1181,1185,1189),(1182,1190,
1191),(1183,1182,1191),(1185,1193,1189),(1186,1195,1194),(1187,1195,1186),
(1189,1193,1197),(1190,1198,1199),(1191,1190,1199),(1193,1201,1197),(1194,
1203,1202),(1195,1203,1194),(1197,1201,1205),(1198,1206,1207),(1199,1198,
1207),(1201,1209,1205),(1202,1211,1210),(1203,1211,1202),(1205,1209,1213),
(1206,1214,1215),(1207,1206,1215),(1209,1217,1213),(1210,1219,1218),(1211,
1219,1210),(1213,1217,1221),(1214,1222,1223),(1215,1214,1223),(1217,1225,
1221),(1218,1227,1226),(1219,1227,1218),(1221,1225,1229),(1222,1230,1231),
(1223,1222,1231),(1225,1233,1229),(1226,1235,1234),(1227,1235,1226),(1229,
1233,1237),(1230,1238,1239),(1231,1230,1239),(1233,1241,1237),(1234,1243,
1242),(1235,1243,1234),(1237,1241,1245),(1238,1246,1247),(1239,1238,1247),
(1241,1249,1245),(1242,1251,1250),(1243,1251,1242),(1245,1249,1253),(1246,
1254,1255),(1247,1246,1255),(1249,1257,1253),(1250,1259,1258),(1251,1259,
1250),(1253,1257,1261),(1254,1262,1263),(1255,1254,1263),(1257,1265,1261),
(1258,1267,1266),(1259,1267,1258),(1261,1265,1269),(1262,1270,1271),(1263,
1262,1271),(1265,1273,1269),(1266,1275,1274),(1267,1275,1266),(1269,1273,
1277),(1270,1278,1279),(1271,1270,1279),(1273,1281,1277),(1274,1283,1282),
(1275,1283,1274),(1277,1281,1285),(1278,1286,1287),(1279,1278,1287),(1281,
1289,1285),(1282,1291,1290),(1283,1291,1282),(1285,1289,1293),(1286,1294,
1295),(1287,1286,1295),(1289,1297,1293),(1290,1299,1298),(1291,1299,1290),
(1293,1297,1301),(1294,1302,1303),(1295,1294,1303),(1297,1305,1301),(1298,
1307,1306),(1299,1307,1298),(1301,1305,1309),(1302,1310,1311),(1303,1302,
1311),(1305,1313,1309),(1306,1315,1314),(1307,1315,1306),(1309,1313,1317),
(1310,1318,1319),(1311,1310,1319),(1313,1321,1317),(1314,1323,1322),(1315,
1323,1314),(1317,1321,1325),(1318,1326,1327),(1319,1318,1327),(1321,1329,
1325),(1322,1331,1330),(1323,1331,1322),(1325,1329,1333),(1326,1334,1335),
(1327,1326,1335),(1329,1337,1333),(1330,1339,1338),(1331,1339,1330),(1333,
1337,1341),(1334,1342,1343),(1335,1334,1343),(1337,1345,1341),(1338,1347,
1346),(1339,1347,1338),(1341,1345,1349),(1342,1350,1351),(1343,1342,1351),
(1345,1353,1349),(1346,1355,1354),(1347,1355,1346),(1349,1353,1357),(1350,
1358,1359),(1351,1350,1359),(1353,1361,1357),(1354,1363,1362),(1355,1363,
1354),(1357,1361,1365),(1358,1366,1367),(1359,1358,1367),(1361,1369,1365),
(1362,1371,1370),(1363,1371,1362),(1365,1369,1373),(1366,1374,1375),(1367,
1366,1375),(1369,1377,1373),(1370,1379,1378),(1371,1379,1370),(1373,1377,
1381),(1374,1382,1383),(1375,1374,1383),(1377,1385,1381),(1378,1387,1386),
(1379,1387,1378),(1381,1385,1389),(1382,1390,1391),(1383,1382,1391),(1385,
1393,1389),(1386,1395,1394),(1387,1395,1386),(1389,1393,1397),(1390,1398,
1399),(1391,1390,1399),(1393,1401,1397),(1394,1403,1402),(1395,1403,1394),
(1397,1401,1405),(1398,1406,1407),(1399,1398,1407),(1401,1409,1405),(1402,
1411,1410),(1403,1411,1402),(1405,1409,1413),(1406,1414,1415),(1407,1406,
1415),(1409,1417,1413),(1410,1419,1418),(1411,1419,1410),(1413,1417,1421),
(1414,1422,1423),(1415,1414,1423),(1417,1425,1421),(1418,1427,1426),(1419,
1427,1418),(1421,1425,1429),(1422,1430,1431),(1423,1422,1431),(1425,1433,
1429),(1426,1435,1434),(1427,1435,1426),(1429,1433,1437),(1430,1438,1439),
(1431,1430,1439),(1433,1441,1437),(1434,1443,1442),(1435,1443,1434),(1437,
1441,1445),(1438,1446,1447),(1439,1438,1447),(1441,1449,1445),(1442,1451,
1450),(1443,1451,1442),(1445,1449,1453),(1446,1454,1455),(1447,1446,1455),
(1449,1457,1453),(1450,1459,1458),(1451,1459,1450),(1453,1457,1461),(1454,
1462,1463),(1455,1454,1463),(1457,1465,1461),(1458,1467,1466),(1459,1467,
1458),(1461,1465,1469),(1462,1470,1471),(1463,1462,1471),(1465,1473,1469),
(1466,1475,1474),(1467,1475,1466),(1469,1473,1477),(1470,1478,1479),(1471,
1470,1479),(1473,1481,1477),(1474,1483,1482),(1475,1483,1474),(1477,1481,
1485),(1478,1486,1487),(1479,1478,1487),(1481,1489,1485),(1482,1491,1490),
(1483,1491,1482),(1485,1489,1493),(1486,1494,1495),(1487,1486,1495),(1489,
1497,1493),(1490,1499,1498),(1491,1499,1490),(1493,1497,1501),(1494,1502,
1503),(1495,1494,1503),(1497,1505,1501),(1498,1507,1506),(1499,1507,1498),
(1501,1505,1509),(1502,1510,1511),(1503,1502,1511),(1505,1513,1509),(1506,
1515,1514),(1507,1515,1506),(1509,1513,1517),(1510,1518,1519),(1511,1510,
1519),(1513,1521,1517),(1514,1523,1522),(1515,1523,1514),(1517,1521,1525),
(1518,1526,1527),(1519,1518,1527),(1521,1529,1525),(1522,1531,1530),(1523,
1531,1522),(1525,1529,1533),(1526,1534,1535),(1527,1526,1535),(1529,1537,
1533),(1530,1539,1538),(1531,1539,1530),(1533,1537,1541),(1534,1542,1543),
(1535,1534,1543),(1537,1545,1541),(1538,1547,1546),(1539,1547,1538),(1541,
1545,1549),(1542,1550,1551),(1543,1542,1551),(1545,1553,1549),(1546,1555,
1554),(1547,1555,1546),(1549,1553,1557),(1550,1558,1559),(1551,1550,1559),
(1553,1561,1557),(1554,1563,1562),(1555,1563,1554),(1557,1561,1565),(1558,
1566,1567),(1559,1558,1567),(1561,1569,1565),(1562,1571,1570),(1563,1571,
1562),(1565,1569,1573),(1566,1574,1575),(1567,1566,1575),(1569,1577,1573),
(1570,1579,1578),(1571,1579,1570),(1573,1577,1581),(1574,1582,1583),(1575,
1574,1583),(1577,1585,1581),(1578,1587,1586),(1579,1587,1578),(1581,1585,
1589),(1582,1590,1591),(1583,1582,1591),(1585,1593,1589),(1586,1595,1594),
(1587,1595,1586),(1589,1593,1597),(1590,1598,1599),(1591,1590,1599),(1593,
1601,1597),(1594,1603,1602),(1595,1603,1594),(1597,1601,1605),(1598,1606,
1607),(1599,1598,1607),(1601,1609,1605),(1602,1611,1610),(1603,1611,1602),
(1605,1609,1613),(1606,1614,1615),(1607,1606,1615),(1609,1617,1613),(1610,
1619,1618),(1611,1619,1610),(1613,1617,1621),(1614,1622,1623),(1615,1614,
1623),(1617,1625,1621),(1618,1627,1626),(1619,1627,1618),(1621,1625,1629),
(1622,1630,1631),(1623,1622,1631),(1625,1633,1629),(1626,1635,1634),(1627,
1635,1626),(1629,1633,1637),(1630,1638,1639),(1631,1630,1639),(1633,1641,
1637),(1634,1643,1642),(1635,1643,1634),(1637,1641,1645),(1638,1646,1647),
(1639,1638,1647),(1641,1649,1645),(1642,1651,1650),(1643,1651,1642),(1645,
1649,1653),(1646,1654,1655),(1647,1646,1655),(1649,1657,1653),(1650,1659,
1658),(1651,1659,1650),(1653,1657,1661),(1654,1662,1663),(1655,1654,1663),
(1657,1665,1661),(1658,1667,1666),(1659,1667,1658),(1661,1665,1669),(1662,
1670,1671),(1663,1662,1671),(1665,1673,1669),(1666,1675,1674),(1667,1675,
1666),(1669,1673,1677),(1670,1678,1679),(1671,1670,1679),(1673,1681,1677),
(1674,1683,1682),(1675,1683,1674),(1677,1681,1685),(1678,1686,1687),(1679,
1678,1687),(1681,1689,1685),(1682,1691,1690),(1683,1691,1682),(1685,1689,
1693),(1686,1694,1695),(1687,1686,1695),(1689,1697,1693),(1690,1699,1698),
(1691,1699,1690),(1693,1697,1701),(1694,1702,1703),(1695,1694,1703),(1697,
1705,1701),(1698,1707,1706),(1699,1707,1698),(1701,1705,1709),(1702,1710,
1711),(1703,1702,1711),(1705,1713,1709),(1706,1715,1714),(1707,1715,1706),
(1709,1713,1717),(1710,1718,1719),(1711,1710,1719),(1713,1721,1717),(1714,
1723,1722),(1715,1723,1714),(1717,1721,1725),(1718,1726,1727),(1719,1718,
1727),(1721,1729,1725),(1722,1731,1730),(1723,1731,1722),(1725,1729,1733),
(1726,1734,1735),(1727,1726,1735),(1729,1737,1733),(1730,1739,1738),(1731,
1739,1730),(1733,1737,1741),(1734,1742,1743),(1735,1734,1743),(1737,1745,
1741),(1738,1747,1746),(1739,1747,1738),(1741,1745,1749),(1742,1750,1751),
(1743,1742,1751),(1745,1753,1749),(1746,1755,1754),(1747,1755,1746),(1749,
1753,1757),(1750,1758,1759),(1751,1750,1759),(1753,1761,1757),(1754,1763,
1762),(1755,1763,1754),(1757,1761,1765),(1758,1766,1767),(1759,1758,1767),
(1761,1769,1765),(1762,1771,1770),(1763,1771,1762),(1765,1769,1773),(1766,
1774,1775),(1767,1766,1775),(1769,1777,1773),(1770,1779,1778),(1771,1779,
1770),(1773,1777,1781),(1774,1782,1783),(1775,1774,1783),(1777,1785,1781),
(1778,1787,1786),(1779,1787,1778),(1781,1785,1789),(1782,1790,1791),(1783,
1782,1791),(1785,1793,1789),(1786,1795,1794),(1787,1795,1786),(1789,1793,
1797),(1790,1798,1799),(1791,1790,1799),(1793,1801,1797),(1794,1803,1802),
(1795,1803,1794),(1797,1801,1805),(1798,1806,1807),(1799,1798,1807),(1801,
1809,1805),(1802,1811,1810),(1803,1811,1802),(1805,1809,1813),(1806,1814,
1815),(1807,1806,1815),(1809,1817,1813),(1810,1819,1818),(1811,1819,1810),
(1813,1817,1821),(1814,1822,1823),(1815,1814,1823),(1817,1825,1821),(1818,
1827,1826),(1819,1827,1818),(1821,1825,1829),(1822,1830,1831),(1823,1822,
1831),(1825,1833,1829),(1826,1835,1834),(1827,1835,1826),(1829,1833,1837),
(1830,1838,1839),(1831,1830,1839),(1833,1841,1837),(1834,1843,1842),(1835,
1843,1834),(1837,1841,1845),(1838,1846,1847),(1839,1838,1847),(1841,1849,
1845),(1842,1851,1850),(1843,1851,1842),(1845,1849,1853),(1846,1854,1855),
(1847,1846,1855),(1849,1857,1853),(1850,1859,1858),(1851,1859,1850),(1853,
1857,1861),(1854,1862,1863),(1855,1854,1863),(1857,1865,1861),(1858,1867,
1866),(1859,1867,1858),(1861,1865,1869),(1862,1870,1871),(1863,1862,1871),
(1865,1873,1869),(1866,1875,1874),(1867,1875,1866),(1869,1873,1877),(1870,
1878,1879),(1871,1870,1879),(1873,1881,1877),(1874,1883,1882),(1875,1883,
1874),(1877,1881,1885),(1878,1886,1887),(1879,1878,1887),(1881,1889,1885),
(1882,1891,1890),(1883,1891,1882),(1885,1889,1893),(1886,1894,1895),(1887,
1886,1895),(1889,1897,1893),(1890,1899,1898),(1891,1899,1890),(1893,1897,
1901),(1894,1902,1903),(1895,1894,1903),(1897,1905,1901),(1898,1907,1906),
(1899,1907,1898),(1901,1905,1909),(1902,1910,1911),(1903,1902,1911),(1905,
1913,1909),(1906,1915,1914),(1907,1915,1906),(1909,1913,1917),(1910,1918,
1919),(1911,1910,1919),(1913,1921,1917),(1914,1923,1922),(1915,1923,1914),
(1917,1921,1925),(1918,1926,1927),(1919,1918,1927),(1921,1929,1925),(1922,
1931,1930),(1923,1931,1922),(1925,1929,1933),(1926,1934,1935),(1927,1926,
1935),(1929,1937,1933),(1930,1939,1938),(1931,1939,1930),(1933,1937,1941),
(1934,1942,1943),(1935,1934,1943),(1937,1945,1941),(1938,1947,1946),(1939,
1947,1938),(1941,1945,1949),(1942,1950,1951),(1943,1942,1951),(1945,1953,
1949),(1946,1955,1954),(1947,1955,1946),(1949,1953,1957),(1950,1958,1959),
(1951,1950,1959),(1953,1961,1957),(1954,1963,1962),(1955,1963,1954),(1957,
1961,1965),(1958,1966,1967),(1959,1958,1967),(1961,1969,1965),(1962,1971,
1970),(1963,1971,1962),(1965,1969,1973),(1966,1974,1975),(1967,1966,1975),
(1969,1977,1973),(1970,1979,1978),(1971,1979,1970),(1973,1977,1981),(1974,
1982,1983),(1975,1974,1983),(1977,1985,1981),(1978,1987,1986),(1979,1987,
1978),(1981,1985,1989),(1982,1990,1991),(1983,1982,1991),(1985,1993,1989),
(1986,1995,1994),(1987,1995,1986),(1989,1993,1997),(1990,1998,1999),(1991,
1990,1999),(1993,2001,1997),(1994,2003,2002),(1995,2003,1994),(1997,2001,
2005),(1998,2006,2007),(1999,1998,2007),(2001,2009,2005),(2002,2011,2010),
(2003,2011,2002),(2005,2009,2013),(2006,2014,2015),(2007,2006,2015),(2009,
2017,2013),(2010,2019,2018),(2011,2019,2010),(2013,2017,883),(2014,884,
2021),(2015,2014,2021),(2017,879,883),(2018,2023,880),(2019,2023,2018),
(2021,884,885),(2023,892,880),(1556,1548,17),(1548,1540,2025),(17,1548,
2025),(1564,1556,17),(17,1572,1564),(1580,1572,17),(1588,1580,17),(17,1596,
1588),(1604,1596,17),(1612,1604,17),(17,1620,1612),(17,1628,1620),(1636,
1628,17),(1644,1636,17),(1652,1644,17),(1660,1652,17),(17,1668,1660),(1676,
1668,17),(1684,1676,17),(17,1692,1684),(1700,1692,17),(1708,1700,17),(17,
1716,1708),(1724,1716,17),(1732,1724,17),(17,1740,1732),(1748,1740,17),
(1756,1748,17),(17,1764,1756),(1772,1764,17),(1780,1772,17),(1788,1780,
17),(1796,1788,17),(17,1804,1796),(1812,1804,17),(1820,1812,17),(1820,17,
1828),(17,1836,1828),(17,1844,1836),(1852,1844,17),(1860,1852,455),(455,
1852,17),(1868,1860,455),(1876,1868,455),(455,1884,1876),(1892,1884,455),
(1900,1892,455),(1908,1900,455),(455,1916,1908),(1924,1916,455),(1932,1924,
455),(1940,1932,455),(455,1948,1940),(1956,1948,455),(1964,1956,455),(1972,
1964,455),(1980,1972,455),(455,1988,1980),(1996,1988,455),(2004,1996,455),
(455,2012,2004),(2020,2012,455),(2024,2020,455),(455,891,2024),(890,891,
455),(900,890,455),(455,908,900),(916,908,455),(924,916,455),(455,932,924),
(940,932,455),(948,940,455),(956,948,455),(455,964,956),(972,964,455),(980,
972,2026),(2026,972,455),(988,980,2026),(2026,996,988),(1004,996,2026),
(1012,1004,2026),(2026,1020,1012),(1028,1020,2026),(1036,1028,2026),(2026,
1044,1036),(1052,1044,2026),(1060,1052,2026),(2026,1068,1060),(1076,1068,
2026),(1084,1076,2026),(2026,1092,1084),(1100,1092,2026),(1108,1100,2026),
(2026,1116,1108),(1124,1116,2026),(1132,1124,2026),(2026,1140,1132),(1148,
1140,2026),(1156,1148,2026),(2026,1164,1156),(1172,1164,2026),(1180,1172,
2026),(2026,1188,1180),(1196,1188,2026),(1204,1196,2026),(2026,1212,1204),
(1220,1212,2026),(1228,1220,2026),(1236,1228,2026),(2026,1244,1236),(1252,
1244,2026),(1260,1252,2025),(2025,1252,2026),(1268,1260,2025),(2025,1276,
1268),(1284,1276,2025),(1292,1284,2025),(2025,1300,1292),(1308,1300,2025),
(1316,1308,2025),(1324,1316,2025),(1332,1324,2025),(2025,1340,1332),(1348,
1340,2025),(1356,1348,2025),(1364,1356,2025),(2025,1372,1364),(1380,1372,
2025),(1388,1380,2025),(1396,1388,2025),(2025,1404,1396),(1412,1404,2025),
(1420,1412,2025),(2025,1428,1420),(1436,1428,2025),(1444,1436,2025),(1452,
1444,2025),(2025,1460,1452),(1468,1460,2025),(1476,1468,2025),(2025,1484,
1476),(1492,1484,2025),(1500,1492,2025),(2025,1508,1500),(1516,1508,2025),
(1524,1516,2025),(1532,1524,2025),(2025,1540,1532),(2028,2030,2032),(2034,
2030,2028),(2029,2033,2036),(2038,2034,2028),(2039,2029,2040),(2040,2029,
2036),(2030,2042,2032),(2031,2044,2043),(2035,2047,2031),(2047,2044,2031),
(2032,2042,2048),(2033,2049,2050),(2036,2033,2050),(2042,2052,2048),(2043,
2054,2053),(2044,2054,2043),(2048,2052,2056),(2049,2057,2058),(2050,2049,
2058),(2052,2060,2056),(2053,2062,2061),(2054,2062,2053),(2056,2060,2064),
(2057,2065,2066),(2058,2057,2066),(2060,2068,2064),(2061,2070,2069),(2062,
2070,2061),(2064,2068,2072),(2065,2073,2074),(2066,2065,2074),(2068,2076,
2072),(2069,2078,2077),(2070,2078,2069),(2072,2076,2080),(2073,2081,2082),
(2074,2073,2082),(2076,2084,2080),(2077,2086,2085),(2078,2086,2077),(2080,
2084,2088),(2081,2089,2090),(2082,2081,2090),(2084,2092,2088),(2085,2094,
2093),(2086,2094,2085),(2088,2092,2096),(2089,2097,2098),(2090,2089,2098),
(2092,2100,2096),(2093,2102,2101),(2094,2102,2093),(2096,2100,2104),(2097,
2105,2106),(2098,2097,2106),(2100,2108,2104),(2101,2110,2109),(2102,2110,
2101),(2104,2108,2112),(2105,2113,2114),(2106,2105,2114),(2108,2116,2112),
(2109,2118,2117),(2110,2118,2109),(2112,2116,2120),(2113,2121,2122),(2114,
2113,2122),(2116,2124,2120),(2117,2126,2125),(2118,2126,2117),(2120,2124,
2128),(2121,2129,2130),(2122,2121,2130),(2124,2132,2128),(2125,2134,2133),
(2126,2134,2125),(2128,2132,2136),(2129,2137,2138),(2130,2129,2138),(2132,
2140,2136),(2133,2142,2141),(2134,2142,2133),(2136,2140,2144),(2137,2145,
2146),(2138,2137,2146),(2140,2148,2144),(2141,2150,2149),(2142,2150,2141),
(2144,2148,2152),(2145,2153,2154),(2146,2145,2154),(2148,2156,2152),(2149,
2158,2157),(2150,2158,2149),(2152,2156,2160),(2153,2161,2162),(2154,2153,
2162),(2156,2164,2160),(2157,2166,2165),(2158,2166,2157),(2160,2164,2168),
(2161,2169,2170),(2162,2161,2170),(2164,2172,2168),(2165,2174,2173),(2166,
2174,2165),(2168,2172,2176),(2169,2177,2178),(2170,2169,2178),(2172,2180,
2176),(2173,2182,2181),(2174,2182,2173),(2176,2180,2184),(2177,2185,2186),
(2178,2177,2186),(2180,2188,2184),(2181,2190,2189),(2182,2190,2181),(2184,
2188,2192),(2185,2193,2194),(2186,2185,2194),(2188,2196,2192),(2189,2198,
2197),(2190,2198,2189),(2192,2196,2200),(2193,2201,2202),(2194,2193,2202),
(2196,2204,2200),(2197,2206,2205),(2198,2206,2197),(2200,2204,2208),(2201,
2209,2210),(2202,2201,2210),(2204,2212,2208),(2205,2214,2213),(2206,2214,
2205),(2208,2212,2216),(2209,2217,2218),(2210,2209,2218),(2212,2220,2216),
(2213,2222,2221),(2214,2222,2213),(2216,2220,2224),(2217,2225,2226),(2218,
2217,2226),(2220,2228,2224),(2221,2230,2229),(2222,2230,2221),(2224,2228,
2232),(2225,2233,2234),(2226,2225,2234),(2228,2236,2232),(2229,2238,2237),
(2230,2238,2229),(2232,2236,2240),(2233,2241,2242),(2234,2233,2242),(2236,
2244,2240),(2237,2246,2245),(2238,2246,2237),(2240,2244,2248),(2241,2249,
2250),(2242,2241,2250),(2244,2252,2248),(2245,2254,2253),(2246,2254,2245),
(2248,2252,2256),(2249,2257,2258),(2250,2249,2258),(2252,2260,2256),(2253,
2262,2261),(2254,2262,2253),(2256,2260,2264),(2257,2265,2266),(2258,2257,
2266),(2260,2268,2264),(2261,2270,2269),(2262,2270,2261),(2264,2268,2272),
(2265,2273,2274),(2266,2265,2274),(2268,2276,2272),(2269,2278,2277),(2270,
2278,2269),(2272,2276,2280),(2273,2281,2282),(2274,2273,2282),(2276,2284,
2280),(2277,2286,2285),(2278,2286,2277),(2280,2284,2288),(2281,2289,2290),
(2282,2281,2290),(2284,2292,2288),(2285,2294,2293),(2286,2294,2285),(2288,
2292,2296),(2289,2297,2298),(2290,2289,2298),(2292,2300,2296),(2293,2302,
2301),(2294,2302,2293),(2296,2300,2304),(2297,2305,2306),(2298,2297,2306),
(2300,2308,2304),(2301,2310,2309),(2302,2310,2301),(2304,2308,2312),(2305,
2313,2314),(2306,2305,2314),(2308,2316,2312),(2309,2318,2317),(2310,2318,
2309),(2312,2316,2320),(2313,2321,2322),(2314,2313,2322),(2316,2324,2320),
(2317,2326,2325),(2318,2326,2317),(2320,2324,2328),(2321,2329,2330),(2322,
2321,2330),(2324,2332,2328),(2325,2334,2333),(2326,2334,2325),(2328,2332,
2336),(2329,2337,2338),(2330,2329,2338),(2332,2340,2336),(2333,2342,2341),
(2334,2342,2333),(2336,2340,2344),(2337,2345,2346),(2338,2337,2346),(2340,
2348,2344),(2341,2350,2349),(2342,2350,2341),(2344,2348,2352),(2345,2353,
2354),(2346,2345,2354),(2348,2356,2352),(2349,2358,2357),(2350,2358,2349),
(2352,2356,2360),(2353,2361,2362),(2354,2353,2362),(2356,2364,2360),(2357,
2366,2365),(2358,2366,2357),(2360,2364,2368),(2361,2369,2370),(2362,2361,
2370),(2364,2372,2368),(2365,2374,2373),(2366,2374,2365),(2368,2372,2376),
(2369,2377,2378),(2370,2369,2378),(2372,2380,2376),(2373,2382,2381),(2374,
2382,2373),(2376,2380,2384),(2377,2385,2386),(2378,2377,2386),(2380,2388,
2384),(2381,2390,2389),(2382,2390,2381),(2384,2388,2392),(2385,2393,2394),
(2386,2385,2394),(2388,2396,2392),(2389,2398,2397),(2390,2398,2389),(2392,
2396,2400),(2393,2401,2402),(2394,2393,2402),(2396,2404,2400),(2397,2406,
2405),(2398,2406,2397),(2400,2404,2408),(2401,2409,2410),(2402,2401,2410),
(2404,2412,2408),(2405,2414,2413),(2406,2414,2405),(2408,2412,2416),(2409,
2417,2418),(2410,2409,2418),(2412,2420,2416),(2413,2422,2421),(2414,2422,
2413),(2416,2420,2424),(2417,2425,2426),(2418,2417,2426),(2420,2428,2424),
(2421,2430,2429),(2422,2430,2421),(2424,2428,2432),(2425,2433,2434),(2426,
2425,2434),(2428,2436,2432),(2429,2438,2437),(2430,2438,2429),(2432,2436,
2440),(2433,2441,2442),(2434,2433,2442),(2436,2444,2440),(2437,2446,2445),
(2438,2446,2437),(2440,2444,2448),(2441,2449,2450),(2442,2441,2450),(2444,
2452,2448),(2445,2454,2453),(2446,2454,2445),(2448,2452,2456),(2449,2457,
2458),(2450,2449,2458),(2452,2460,2456),(2453,2462,2461),(2454,2462,2453),
(2456,2460,2464),(2457,2465,2466),(2458,2457,2466),(2460,2468,2464),(2461,
2470,2469),(2462,2470,2461),(2464,2468,2472),(2465,2473,2474),(2466,2465,
2474),(2468,2476,2472),(2469,2478,2477),(2470,2478,2469),(2472,2476,2480),
(2473,2481,2482),(2474,2473,2482),(2476,2484,2480),(2477,2486,2485),(2478,
2486,2477),(2480,2484,2488),(2481,2489,2490),(2482,2481,2490),(2484,2492,
2488),(2485,2494,2493),(2486,2494,2485),(2488,2492,2496),(2489,2497,2498),
(2490,2489,2498),(2492,2500,2496),(2493,2502,2501),(2494,2502,2493),(2496,
2500,2504),(2497,2505,2506),(2498,2497,2506),(2500,2508,2504),(2501,2510,
2509),(2502,2510,2501),(2504,2508,2512),(2505,2513,2514),(2506,2505,2514),
(2508,2516,2512),(2509,2518,2517),(2510,2518,2509),(2512,2516,2520),(2513,
2521,2522),(2514,2513,2522),(2516,2524,2520),(2517,2526,2525),(2518,2526,
2517),(2520,2524,2528),(2521,2529,2530),(2522,2521,2530),(2524,2532,2528),
(2525,2534,2533),(2526,2534,2525),(2528,2532,2536),(2529,2537,2538),(2530,
2529,2538),(2532,2540,2536),(2533,2542,2541),(2534,2542,2533),(2536,2540,
2544),(2537,2545,2546),(2538,2537,2546),(2540,2548,2544),(2541,2550,2549),
(2542,2550,2541),(2544,2548,2552),(2545,2553,2554),(2546,2545,2554),(2548,
2556,2552),(2549,2558,2557),(2550,2558,2549),(2552,2556,2560),(2553,2561,
2562),(2554,2553,2562),(2556,2564,2560),(2557,2566,2565),(2558,2566,2557),
(2560,2564,2568),(2561,2569,2570),(2562,2561,2570),(2564,2572,2568),(2565,
2574,2573),(2566,2574,2565),(2568,2572,2576),(2569,2577,2578),(2570,2569,
2578),(2572,2580,2576),(2573,2582,2581),(2574,2582,2573),(2576,2580,2584),
(2577,2585,2586),(2578,2577,2586),(2580,2588,2584),(2581,2590,2589),(2582,
2590,2581),(2584,2588,2592),(2585,2593,2594),(2586,2585,2594),(2588,2596,
2592),(2589,2598,2597),(2590,2598,2589),(2592,2596,2600),(2593,2601,2602),
(2594,2593,2602),(2596,2604,2600),(2597,2606,2605),(2598,2606,2597),(2600,
2604,2608),(2601,2609,2610),(2602,2601,2610),(2604,2612,2608),(2605,2614,
2613),(2606,2614,2605),(2608,2612,2616),(2609,2617,2618),(2610,2609,2618),
(2612,2620,2616),(2613,2622,2621),(2614,2622,2613),(2616,2620,2624),(2617,
2625,2626),(2618,2617,2626),(2620,2628,2624),(2621,2630,2629),(2622,2630,
2621),(2624,2628,2632),(2625,2633,2634),(2626,2625,2634),(2628,2636,2632),
(2629,2638,2637),(2630,2638,2629),(2632,2636,2640),(2633,2641,2642),(2634,
2633,2642),(2636,2644,2640),(2637,2646,2645),(2638,2646,2637),(2640,2644,
2648),(2641,2649,2650),(2642,2641,2650),(2644,2652,2648),(2645,2654,2653),
(2646,2654,2645),(2648,2652,2656),(2649,2657,2658),(2650,2649,2658),(2652,
2660,2656),(2653,2662,2661),(2654,2662,2653),(2656,2660,2664),(2657,2665,
2666),(2658,2657,2666),(2660,2668,2664),(2661,2670,2669),(2662,2670,2661),
(2664,2668,2672),(2665,2673,2674),(2666,2665,2674),(2668,2676,2672),(2669,
2678,2677),(2670,2678,2669),(2672,2676,2680),(2673,2681,2682),(2674,2673,
2682),(2676,2684,2680),(2677,2686,2685),(2678,2686,2677),(2680,2684,2688),
(2681,2689,2690),(2682,2681,2690),(2684,2692,2688),(2685,2694,2693),(2686,
2694,2685),(2688,2692,2696),(2689,2697,2698),(2690,2689,2698),(2692,2700,
2696),(2693,2702,2701),(2694,2702,2693),(2696,2700,2704),(2697,2705,2706),
(2698,2697,2706),(2700,2708,2704),(2701,2710,2709),(2702,2710,2701),(2704,
2708,2712),(2705,2713,2714),(2706,2705,2714),(2708,2716,2712),(2709,2718,
2717),(2710,2718,2709),(2712,2716,2720),(2713,2721,2722),(2714,2713,2722),
(2716,2724,2720),(2717,2726,2725),(2718,2726,2717),(2720,2724,2728),(2721,
2729,2730),(2722,2721,2730),(2724,2732,2728),(2725,2734,2733),(2726,2734,
2725),(2728,2732,2736),(2729,2737,2738),(2730,2729,2738),(2732,2740,2736),
(2733,2742,2741),(2734,2742,2733),(2736,2740,2744),(2737,2745,2746),(2738,
2737,2746),(2740,2748,2744),(2741,2750,2749),(2742,2750,2741),(2744,2748,
2752),(2745,2753,2754),(2746,2745,2754),(2748,2756,2752),(2749,2758,2757),
(2750,2758,2749),(2752,2756,2760),(2753,2761,2762),(2754,2753,2762),(2756,
2764,2760),(2757,2766,2765),(2758,2766,2757),(2760,2764,2768),(2761,2769,
2770),(2762,2761,2770),(2764,2772,2768),(2765,2774,2773),(2766,2774,2765),
(2768,2772,2776),(2769,2777,2778),(2770,2769,2778),(2772,2780,2776),(2773,
2782,2781),(2774,2782,2773),(2776,2780,2784),(2777,2785,2786),(2778,2777,
2786),(2780,2788,2784),(2781,2790,2789),(2782,2790,2781),(2784,2788,2792),
(2785,2793,2794),(2786,2785,2794),(2788,2796,2792),(2789,2798,2797),(2790,
2798,2789),(2792,2796,2800),(2793,2801,2802),(2794,2793,2802),(2796,2804,
2800),(2797,2806,2805),(2798,2806,2797),(2800,2804,2808),(2801,2809,2810),
(2802,2801,2810),(2804,2812,2808),(2805,2814,2813),(2806,2814,2805),(2808,
2812,2816),(2809,2817,2818),(2810,2809,2818),(2812,2820,2816),(2813,2822,
2821),(2814,2822,2813),(2816,2820,2824),(2817,2825,2826),(2818,2817,2826),
(2820,2828,2824),(2821,2830,2829),(2822,2830,2821),(2824,2828,2832),(2825,
2833,2834),(2826,2825,2834),(2828,2836,2832),(2829,2838,2837),(2830,2838,
2829),(2832,2836,2840),(2833,2841,2842),(2834,2833,2842),(2836,2844,2840),
(2837,2846,2845),(2838,2846,2837),(2840,2844,2848),(2841,2849,2850),(2842,
2841,2850),(2844,2852,2848),(2845,2854,2853),(2846,2854,2845),(2848,2852,
2856),(2849,2857,2858),(2850,2849,2858),(2852,2860,2856),(2853,2862,2861),
(2854,2862,2853),(2856,2860,2864),(2857,2865,2866),(2858,2857,2866),(2860,
2868,2864),(2861,2870,2869),(2862,2870,2861),(2864,2868,2872),(2865,2873,
2874),(2866,2865,2874),(2868,2876,2872),(2869,2878,2877),(2870,2878,2869),
(2872,2876,2880),(2873,2881,2882),(2874,2873,2882),(2876,2884,2880),(2877,
2886,2885),(2878,2886,2877),(2880,2884,2888),(2881,2889,2890),(2882,2881,
2890),(2884,2892,2888),(2885,2894,2893),(2886,2894,2885),(2888,2892,2896),
(2889,2897,2898),(2890,2889,2898),(2892,2900,2896),(2893,2902,2901),(2894,
2902,2893),(2896,2900,2904),(2897,2905,2906),(2898,2897,2906),(2900,2908,
2904),(2901,2910,2909),(2902,2910,2901),(2904,2908,2912),(2905,2913,2914),
(2906,2905,2914),(2908,2916,2912),(2909,2918,2917),(2910,2918,2909),(2912,
2916,2920),(2913,2921,2922),(2914,2913,2922),(2916,2924,2920),(2917,2926,
2925),(2918,2926,2917),(2920,2924,2928),(2921,2929,2930),(2922,2921,2930),
(2924,2932,2928),(2925,2934,2933),(2926,2934,2925),(2928,2932,2936),(2929,
2937,2938),(2930,2929,2938),(2932,2940,2936),(2933,2942,2941),(2934,2942,
2933),(2936,2940,2944),(2937,2945,2946),(2938,2937,2946),(2940,2948,2944),
(2941,2950,2949),(2942,2950,2941),(2944,2948,2952),(2945,2953,2954),(2946,
2945,2954),(2948,2956,2952),(2949,2958,2957),(2950,2958,2949),(2952,2956,
2960),(2953,2961,2962),(2954,2953,2962),(2956,2964,2960),(2957,2966,2965),
(2958,2966,2957),(2960,2964,2968),(2961,2969,2970),(2962,2961,2970),(2964,
2972,2968),(2965,2974,2973),(2966,2974,2965),(2968,2972,2976),(2969,2977,
2978),(2970,2969,2978),(2972,2980,2976),(2973,2982,2981),(2974,2982,2973),
(2976,2980,2984),(2977,2985,2986),(2978,2977,2986),(2980,2988,2984),(2981,
2990,2989),(2982,2990,2981),(2984,2988,2992),(2985,2993,2994),(2986,2985,
2994),(2988,2996,2992),(2989,2998,2997),(2990,2998,2989),(2992,2996,3000),
(2993,3001,3002),(2994,2993,3002),(2996,3004,3000),(2997,3006,3005),(2998,
3006,2997),(3000,3004,3008),(3001,3009,3010),(3002,3001,3010),(3004,3012,
3008),(3005,3014,3013),(3006,3014,3005),(3008,3012,3016),(3009,3017,3018),
(3010,3009,3018),(3012,3020,3016),(3013,3022,3021),(3014,3022,3013),(3016,
3020,3024),(3017,3025,3026),(3018,3017,3026),(3020,3028,3024),(3021,3030,
3029),(3022,3030,3021),(3024,3028,3032),(3025,3033,3034),(3026,3025,3034),
(3028,3036,3032),(3029,3038,3037),(3030,3038,3029),(3032,3036,3040),(3033,
3041,3042),(3034,3033,3042),(3036,3044,3040),(3037,3046,3045),(3038,3046,
3037),(3040,3044,3048),(3041,3049,3050),(3042,3041,3050),(3044,3052,3048),
(3045,3054,3053),(3046,3054,3045),(3048,3052,3056),(3049,3057,3058),(3050,
3049,3058),(3052,3060,3056),(3053,3062,3061),(3054,3062,3053),(3056,3060,
3064),(3057,3065,3066),(3058,3057,3066),(3060,3068,3064),(3061,3070,3069),
(3062,3070,3061),(3064,3068,3072),(3065,3073,3074),(3066,3065,3074),(3068,
3076,3072),(3069,3078,3077),(3070,3078,3069),(3072,3076,3080),(3073,3081,
3082),(3074,3073,3082),(3076,3084,3080),(3077,3086,3085),(3078,3086,3077),
(3080,3084,3088),(3081,3089,3090),(3082,3081,3090),(3084,3092,3088),(3085,
3094,3093),(3086,3094,3085),(3088,3092,3096),(3089,3097,3098),(3090,3089,
3098),(3092,3100,3096),(3093,3102,3101),(3094,3102,3093),(3096,3100,3104),
(3097,3105,3106),(3098,3097,3106),(3100,3108,3104),(3101,3110,3109),(3102,
3110,3101),(3104,3108,3112),(3105,3113,3114),(3106,3105,3114),(3108,3116,
3112),(3109,3118,3117),(3110,3118,3109),(3112,3116,3120),(3113,3121,3122),
(3114,3113,3122),(3116,3124,3120),(3117,3126,3125),(3118,3126,3117),(3120,
3124,3128),(3121,3129,3130),(3122,3121,3130),(3124,3132,3128),(3125,3134,
3133),(3126,3134,3125),(3128,3132,3136),(3129,3137,3138),(3130,3129,3138),
(3132,3140,3136),(3133,3142,3141),(3134,3142,3133),(3136,3140,3144),(3137,
3145,3146),(3138,3137,3146),(3140,3148,3144),(3141,3150,3149),(3142,3150,
3141),(3144,3148,3152),(3145,3153,3154),(3146,3145,3154),(3148,3156,3152),
(3149,3158,3157),(3150,3158,3149),(3152,3156,3160),(3153,3161,3162),(3154,
3153,3162),(3156,3164,3160),(3157,3166,3165),(3158,3166,3157),(3160,3164,
3168),(3161,3169,3170),(3162,3161,3170),(3164,3172,3168),(3165,3174,3173),
(3166,3174,3165),(3168,3172,2038),(3169,2039,3176),(3170,3169,3176),(3172,
2034,2038),(3173,3178,2035),(3174,3178,3173),(3176,2039,2040),(3178,2047,
2035),(2711,2703,2025),(2703,2695,3180),(2025,2703,3180),(2719,2711,2025),
(2025,2727,2719),(2735,2727,2025),(2743,2735,2025),(2025,2751,2743),(2759,
2751,2025),(2767,2759,2025),(2025,2775,2767),(2025,2783,2775),(2791,2783,
2025),(2799,2791,2025),(2807,2799,2025),(2815,2807,2025),(2025,2823,2815),
(2831,2823,2025),(2839,2831,2025),(2025,2847,2839),(2855,2847,2025),(2863,
2855,2025),(2025,2871,2863),(2879,2871,2025),(2887,2879,2025),(2025,2895,
2887),(2903,2895,2025),(2911,2903,2025),(2025,2919,2911),(2927,2919,2025),
(2935,2927,2025),(2943,2935,2025),(2951,2943,2025),(2025,2959,2951),(2967,
2959,2025),(2975,2967,2025),(2975,2025,2983),(2025,2991,2983),(2025,2999,
2991),(3007,2999,2025),(3015,3007,2026),(2026,3007,2025),(3023,3015,2026),
(3031,3023,2026),(2026,3039,3031),(3047,3039,2026),(3055,3047,2026),(3063,
3055,2026),(2026,3071,3063),(3079,3071,2026),(3087,3079,2026),(3095,3087,
2026),(2026,3103,3095),(3111,3103,2026),(3119,3111,2026),(3127,3119,2026),
(3135,3127,2026),(2026,3143,3135),(3151,3143,2026),(3159,3151,2026),(2026,
3167,3159),(3175,3167,2026),(3179,3175,2026),(2026,2046,3179),(2045,2046,
2026),(2055,2045,2026),(2026,2063,2055),(2071,2063,2026),(2079,2071,2026),
(2026,2087,2079),(2095,2087,2026),(2103,2095,2026),(2111,2103,2026),(2026,
2119,2111),(2127,2119,2026),(2135,2127,3181),(3181,2127,2026),(2143,2135,
3181),(3181,2151,2143),(2159,2151,3181),(2167,2159,3181),(3181,2175,2167),
(2183,2175,3181),(2191,2183,3181),(3181,2199,2191),(2207,2199,3181),(2215,
2207,3181),(3181,2223,2215),(2231,2223,3181),(2239,2231,3181),(3181,2247,
2239),(2255,2247,3181),(2263,2255,3181),(3181,2271,2263),(2279,2271,3181),
(2287,2279,3181),(3181,2295,2287),(2303,2295,3181),(2311,2303,3181),(3181,
2319,2311),(2327,2319,3181),(2335,2327,3181),(3181,2343,2335),(2351,2343,
3181),(2359,2351,3181),(3181,2367,2359),(2375,2367,3181),(2383,2375,3181),
(2391,2383,3181),(3181,2399,2391),(2407,2399,3181),(2415,2407,3180),(3180,
2407,3181),(2423,2415,3180),(3180,2431,2423),(2439,2431,3180),(2447,2439,
3180),(3180,2455,2447),(2463,2455,3180),(2471,2463,3180),(2479,2471,3180),
(2487,2479,3180),(3180,2495,2487),(2503,2495,3180),(2511,2503,3180),(2519,
2511,3180),(3180,2527,2519),(2535,2527,3180),(2543,2535,3180),(2551,2543,
3180),(3180,2559,2551),(2567,2559,3180),(2575,2567,3180),(3180,2583,2575),
(2591,2583,3180),(2599,2591,3180),(2607,2599,3180),(3180,2615,2607),(2623,
2615,3180),(2631,2623,3180),(3180,2639,2631),(2647,2639,3180),(2655,2647,
3180),(3180,2663,2655),(2671,2663,3180),(2679,2671,3180),(2687,2679,3180),
(3180,2695,2687),(3183,3185,3187),(3189,3185,3183),(3184,3188,3191),(3193,
3189,3183),(3194,3184,3195),(3195,3184,3191),(3185,3197,3187),(3186,3199,
3198),(3190,3202,3186),(3202,3199,3186),(3187,3197,3203),(3188,3204,3205),
(3191,3188,3205),(3197,3207,3203),(3198,3209,3208),(3199,3209,3198),(3203,
3207,3211),(3204,3212,3213),(3205,3204,3213),(3207,3215,3211),(3208,3217,
3216),(3209,3217,3208),(3211,3215,3219),(3212,3220,3221),(3213,3212,3221),
(3215,3223,3219),(3216,3225,3224),(3217,3225,3216),(3219,3223,3227),(3220,
3228,3229),(3221,3220,3229),(3223,3231,3227),(3224,3233,3232),(3225,3233,
3224),(3227,3231,3235),(3228,3236,3237),(3229,3228,3237),(3231,3239,3235),
(3232,3241,3240),(3233,3241,3232),(3235,3239,3243),(3236,3244,3245),(3237,
3236,3245),(3239,3247,3243),(3240,3249,3248),(3241,3249,3240),(3243,3247,
3251),(3244,3252,3253),(3245,3244,3253),(3247,3255,3251),(3248,3257,3256),
(3249,3257,3248),(3251,3255,3259),(3252,3260,3261),(3253,3252,3261),(3255,
3263,3259),(3256,3265,3264),(3257,3265,3256),(3259,3263,3267),(3260,3268,
3269),(3261,3260,3269),(3263,3271,3267),(3264,3273,3272),(3265,3273,3264),
(3267,3271,3275),(3268,3276,3277),(3269,3268,3277),(3271,3279,3275),(3272,
3281,3280),(3273,3281,3272),(3275,3279,3283),(3276,3284,3285),(3277,3276,
3285),(3279,3287,3283),(3280,3289,3288),(3281,3289,3280),(3283,3287,3291),
(3284,3292,3293),(3285,3284,3293),(3287,3295,3291),(3288,3297,3296),(3289,
3297,3288),(3291,3295,3299),(3292,3300,3301),(3293,3292,3301),(3295,3303,
3299),(3296,3305,3304),(3297,3305,3296),(3299,3303,3307),(3300,3308,3309),
(3301,3300,3309),(3303,3311,3307),(3304,3313,3312),(3305,3313,3304),(3307,
3311,3315),(3308,3316,3317),(3309,3308,3317),(3311,3319,3315),(3312,3321,
3320),(3313,3321,3312),(3315,3319,3323),(3316,3324,3325),(3317,3316,3325),
(3319,3327,3323),(3320,3329,3328),(3321,3329,3320),(3323,3327,3331),(3324,
3332,3333),(3325,3324,3333),(3327,3335,3331),(3328,3337,3336),(3329,3337,
3328),(3331,3335,3339),(3332,3340,3341),(3333,3332,3341),(3335,3343,3339),
(3336,3345,3344),(3337,3345,3336),(3339,3343,3347),(3340,3348,3349),(3341,
3340,3349),(3343,3351,3347),(3344,3353,3352),(3345,3353,3344),(3347,3351,
3355),(3348,3356,3357),(3349,3348,3357),(3351,3359,3355),(3352,3361,3360),
(3353,3361,3352),(3355,3359,3363),(3356,3364,3365),(3357,3356,3365),(3359,
3367,3363),(3360,3369,3368),(3361,3369,3360),(3363,3367,3371),(3364,3372,
3373),(3365,3364,3373),(3367,3375,3371),(3368,3377,3376),(3369,3377,3368),
(3371,3375,3379),(3372,3380,3381),(3373,3372,3381),(3375,3383,3379),(3376,
3385,3384),(3377,3385,3376),(3379,3383,3387),(3380,3388,3389),(3381,3380,
3389),(3383,3391,3387),(3384,3393,3392),(3385,3393,3384),(3387,3391,3395),
(3388,3396,3397),(3389,3388,3397),(3391,3399,3395),(3392,3401,3400),(3393,
3401,3392),(3395,3399,3403),(3396,3404,3405),(3397,3396,3405),(3399,3407,
3403),(3400,3409,3408),(3401,3409,3400),(3403,3407,3411),(3404,3412,3413),
(3405,3404,3413),(3407,3415,3411),(3408,3417,3416),(3409,3417,3408),(3411,
3415,3419),(3412,3420,3421),(3413,3412,3421),(3415,3423,3419),(3416,3425,
3424),(3417,3425,3416),(3419,3423,3427),(3420,3428,3429),(3421,3420,3429),
(3423,3431,3427),(3424,3433,3432),(3425,3433,3424),(3427,3431,3435),(3428,
3436,3437),(3429,3428,3437),(3431,3439,3435),(3432,3441,3440),(3433,3441,
3432),(3435,3439,3443),(3436,3444,3445),(3437,3436,3445),(3439,3447,3443),
(3440,3449,3448),(3441,3449,3440),(3443,3447,3451),(3444,3452,3453),(3445,
3444,3453),(3447,3455,3451),(3448,3457,3456),(3449,3457,3448),(3451,3455,
3459),(3452,3460,3461),(3453,3452,3461),(3455,3463,3459),(3456,3465,3464),
(3457,3465,3456),(3459,3463,3467),(3460,3468,3469),(3461,3460,3469),(3463,
3471,3467),(3464,3473,3472),(3465,3473,3464),(3467,3471,3475),(3468,3476,
3477),(3469,3468,3477),(3471,3479,3475),(3472,3481,3480),(3473,3481,3472),
(3475,3479,3483),(3476,3484,3485),(3477,3476,3485),(3479,3487,3483),(3480,
3489,3488),(3481,3489,3480),(3483,3487,3491),(3484,3492,3493),(3485,3484,
3493),(3487,3495,3491),(3488,3497,3496),(3489,3497,3488),(3491,3495,3499),
(3492,3500,3501),(3493,3492,3501),(3495,3503,3499),(3496,3505,3504),(3497,
3505,3496),(3499,3503,3507),(3500,3508,3509),(3501,3500,3509),(3503,3511,
3507),(3504,3513,3512),(3505,3513,3504),(3507,3511,3515),(3508,3516,3517),
(3509,3508,3517),(3511,3519,3515),(3512,3521,3520),(3513,3521,3512),(3515,
3519,3523),(3516,3524,3525),(3517,3516,3525),(3519,3527,3523),(3520,3529,
3528),(3521,3529,3520),(3523,3527,3531),(3524,3532,3533),(3525,3524,3533),
(3527,3535,3531),(3528,3537,3536),(3529,3537,3528),(3531,3535,3539),(3532,
3540,3541),(3533,3532,3541),(3535,3543,3539),(3536,3545,3544),(3537,3545,
3536),(3539,3543,3547),(3540,3548,3549),(3541,3540,3549),(3543,3551,3547),
(3544,3553,3552),(3545,3553,3544),(3547,3551,3555),(3548,3556,3557),(3549,
3548,3557),(3551,3559,3555),(3552,3561,3560),(3553,3561,3552),(3555,3559,
3563),(3556,3564,3565),(3557,3556,3565),(3559,3567,3563),(3560,3569,3568),
(3561,3569,3560),(3563,3567,3571),(3564,3572,3573),(3565,3564,3573),(3567,
3575,3571),(3568,3577,3576),(3569,3577,3568),(3571,3575,3579),(3572,3580,
3581),(3573,3572,3581),(3575,3583,3579),(3576,3585,3584),(3577,3585,3576),
(3579,3583,3587),(3580,3588,3589),(3581,3580,3589),(3583,3591,3587),(3584,
3593,3592),(3585,3593,3584),(3587,3591,3595),(3588,3596,3597),(3589,3588,
3597),(3591,3599,3595),(3592,3601,3600),(3593,3601,3592),(3595,3599,3603),
(3596,3604,3605),(3597,3596,3605),(3599,3607,3603),(3600,3609,3608),(3601,
3609,3600),(3603,3607,3611),(3604,3612,3613),(3605,3604,3613),(3607,3615,
3611),(3608,3617,3616),(3609,3617,3608),(3611,3615,3619),(3612,3620,3621),
(3613,3612,3621),(3615,3623,3619),(3616,3625,3624),(3617,3625,3616),(3619,
3623,3627),(3620,3628,3629),(3621,3620,3629),(3623,3631,3627),(3624,3633,
3632),(3625,3633,3624),(3627,3631,3635),(3628,3636,3637),(3629,3628,3637),
(3631,3639,3635),(3632,3641,3640),(3633,3641,3632),(3635,3639,3643),(3636,
3644,3645),(3637,3636,3645),(3639,3647,3643),(3640,3649,3648),(3641,3649,
3640),(3643,3647,3651),(3644,3652,3653),(3645,3644,3653),(3647,3655,3651),
(3648,3657,3656),(3649,3657,3648),(3651,3655,3659),(3652,3660,3661),(3653,
3652,3661),(3655,3663,3659),(3656,3665,3664),(3657,3665,3656),(3659,3663,
3667),(3660,3668,3669),(3661,3660,3669),(3663,3671,3667),(3664,3673,3672),
(3665,3673,3664),(3667,3671,3675),(3668,3676,3677),(3669,3668,3677),(3671,
3679,3675),(3672,3681,3680),(3673,3681,3672),(3675,3679,3683),(3676,3684,
3685),(3677,3676,3685),(3679,3687,3683),(3680,3689,3688),(3681,3689,3680),
(3683,3687,3691),(3684,3692,3693),(3685,3684,3693),(3687,3695,3691),(3688,
3697,3696),(3689,3697,3688),(3691,3695,3699),(3692,3700,3701),(3693,3692,
3701),(3695,3703,3699),(3696,3705,3704),(3697,3705,3696),(3699,3703,3707),
(3700,3708,3709),(3701,3700,3709),(3703,3711,3707),(3704,3713,3712),(3705,
3713,3704),(3707,3711,3715),(3708,3716,3717),(3709,3708,3717),(3711,3719,
3715),(3712,3721,3720),(3713,3721,3712),(3715,3719,3723),(3716,3724,3725),
(3717,3716,3725),(3719,3727,3723),(3720,3729,3728),(3721,3729,3720),(3723,
3727,3731),(3724,3732,3733),(3725,3724,3733),(3727,3735,3731),(3728,3737,
3736),(3729,3737,3728),(3731,3735,3739),(3732,3740,3741),(3733,3732,3741),
(3735,3743,3739),(3736,3745,3744),(3737,3745,3736),(3739,3743,3747),(3740,
3748,3749),(3741,3740,3749),(3743,3751,3747),(3744,3753,3752),(3745,3753,
3744),(3747,3751,3755),(3748,3756,3757),(3749,3748,3757),(3751,3759,3755),
(3752,3761,3760),(3753,3761,3752),(3755,3759,3763),(3756,3764,3765),(3757,
3756,3765),(3759,3767,3763),(3760,3769,3768),(3761,3769,3760),(3763,3767,
3771),(3764,3772,3773),(3765,3764,3773),(3767,3775,3771),(3768,3777,3776),
(3769,3777,3768),(3771,3775,3779),(3772,3780,3781),(3773,3772,3781),(3775,
3783,3779),(3776,3785,3784),(3777,3785,3776),(3779,3783,3787),(3780,3788,
3789),(3781,3780,3789),(3783,3791,3787),(3784,3793,3792),(3785,3793,3784),
(3787,3791,3795),(3788,3796,3797),(3789,3788,3797),(3791,3799,3795),(3792,
3801,3800),(3793,3801,3792),(3795,3799,3803),(3796,3804,3805),(3797,3796,
3805),(3799,3807,3803),(3800,3809,3808),(3801,3809,3800),(3803,3807,3811),
(3804,3812,3813),(3805,3804,3813),(3807,3815,3811),(3808,3817,3816),(3809,
3817,3808),(3811,3815,3819),(3812,3820,3821),(3813,3812,3821),(3815,3823,
3819),(3816,3825,3824),(3817,3825,3816),(3819,3823,3827),(3820,3828,3829),
(3821,3820,3829),(3823,3831,3827),(3824,3833,3832),(3825,3833,3824),(3827,
3831,3835),(3828,3836,3837),(3829,3828,3837),(3831,3839,3835),(3832,3841,
3840),(3833,3841,3832),(3835,3839,3843),(3836,3844,3845),(3837,3836,3845),
(3839,3847,3843),(3840,3849,3848),(3841,3849,3840),(3843,3847,3851),(3844,
3852,3853),(3845,3844,3853),(3847,3855,3851),(3848,3857,3856),(3849,3857,
3848),(3851,3855,3859),(3852,3860,3861),(3853,3852,3861),(3855,3863,3859),
(3856,3865,3864),(3857,3865,3856),(3859,3863,3867),(3860,3868,3869),(3861,
3860,3869),(3863,3871,3867),(3864,3873,3872),(3865,3873,3864),(3867,3871,
3875),(3868,3876,3877),(3869,3868,3877),(3871,3879,3875),(3872,3881,3880),
(3873,3881,3872),(3875,3879,3883),(3876,3884,3885),(3877,3876,3885),(3879,
3887,3883),(3880,3889,3888),(3881,3889,3880),(3883,3887,3891),(3884,3892,
3893),(3885,3884,3893),(3887,3895,3891),(3888,3897,3896),(3889,3897,3888),
(3891,3895,3899),(3892,3900,3901),(3893,3892,3901),(3895,3903,3899),(3896,
3905,3904),(3897,3905,3896),(3899,3903,3907),(3900,3908,3909),(3901,3900,
3909),(3903,3911,3907),(3904,3913,3912),(3905,3913,3904),(3907,3911,3915),
(3908,3916,3917),(3909,3908,3917),(3911,3919,3915),(3912,3921,3920),(3913,
3921,3912),(3915,3919,3923),(3916,3924,3925),(3917,3916,3925),(3919,3927,
3923),(3920,3929,3928),(3921,3929,3920),(3923,3927,3931),(3924,3932,3933),
(3925,3924,3933),(3927,3935,3931),(3928,3937,3936),(3929,3937,3928),(3931,
3935,3939),(3932,3940,3941),(3933,3932,3941),(3935,3943,3939),(3936,3945,
3944),(3937,3945,3936),(3939,3943,3947),(3940,3948,3949),(3941,3940,3949),
(3943,3951,3947),(3944,3953,3952),(3945,3953,3944),(3947,3951,3955),(3948,
3956,3957),(3949,3948,3957),(3951,3959,3955),(3952,3961,3960),(3953,3961,
3952),(3955,3959,3963),(3956,3964,3965),(3957,3956,3965),(3959,3967,3963),
(3960,3969,3968),(3961,3969,3960),(3963,3967,3971),(3964,3972,3973),(3965,
3964,3973),(3967,3975,3971),(3968,3977,3976),(3969,3977,3968),(3971,3975,
3979),(3972,3980,3981),(3973,3972,3981),(3975,3983,3979),(3976,3985,3984),
(3977,3985,3976),(3979,3983,3987),(3980,3988,3989),(3981,3980,3989),(3983,
3991,3987),(3984,3993,3992),(3985,3993,3984),(3987,3991,3995),(3988,3996,
3997),(3989,3988,3997),(3991,3999,3995),(3992,4001,4000),(3993,4001,3992),
(3995,3999,4003),(3996,4004,4005),(3997,3996,4005),(3999,4007,4003),(4000,
4009,4008),(4001,4009,4000),(4003,4007,4011),(4004,4012,4013),(4005,4004,
4013),(4007,4015,4011),(4008,4017,4016),(4009,4017,4008),(4011,4015,4019),
(4012,4020,4021),(4013,4012,4021),(4015,4023,4019),(4016,4025,4024),(4017,
4025,4016),(4019,4023,4027),(4020,4028,4029),(4021,4020,4029),(4023,4031,
4027),(4024,4033,4032),(4025,4033,4024),(4027,4031,4035),(4028,4036,4037),
(4029,4028,4037),(4031,4039,4035),(4032,4041,4040),(4033,4041,4032),(4035,
4039,4043),(4036,4044,4045),(4037,4036,4045),(4039,4047,4043),(4040,4049,
4048),(4041,4049,4040),(4043,4047,4051),(4044,4052,4053),(4045,4044,4053),
(4047,4055,4051),(4048,4057,4056),(4049,4057,4048),(4051,4055,4059),(4052,
4060,4061),(4053,4052,4061),(4055,4063,4059),(4056,4065,4064),(4057,4065,
4056),(4059,4063,4067),(4060,4068,4069),(4061,4060,4069),(4063,4071,4067),
(4064,4073,4072),(4065,4073,4064),(4067,4071,4075),(4068,4076,4077),(4069,
4068,4077),(4071,4079,4075),(4072,4081,4080),(4073,4081,4072),(4075,4079,
4083),(4076,4084,4085),(4077,4076,4085),(4079,4087,4083),(4080,4089,4088),
(4081,4089,4080),(4083,4087,4091),(4084,4092,4093),(4085,4084,4093),(4087,
4095,4091),(4088,4097,4096),(4089,4097,4088),(4091,4095,4099),(4092,4100,
4101),(4093,4092,4101),(4095,4103,4099),(4096,4105,4104),(4097,4105,4096),
(4099,4103,4107),(4100,4108,4109),(4101,4100,4109),(4103,4111,4107),(4104,
4113,4112),(4105,4113,4104),(4107,4111,4115),(4108,4116,4117),(4109,4108,
4117),(4111,4119,4115),(4112,4121,4120),(4113,4121,4112),(4115,4119,4123),
(4116,4124,4125),(4117,4116,4125),(4119,4127,4123),(4120,4129,4128),(4121,
4129,4120),(4123,4127,4131),(4124,4132,4133),(4125,4124,4133),(4127,4135,
4131),(4128,4137,4136),(4129,4137,4128),(4131,4135,4139),(4132,4140,4141),
(4133,4132,4141),(4135,4143,4139),(4136,4145,4144),(4137,4145,4136),(4139,
4143,4147),(4140,4148,4149),(4141,4140,4149),(4143,4151,4147),(4144,4153,
4152),(4145,4153,4144),(4147,4151,4155),(4148,4156,4157),(4149,4148,4157),
(4151,4159,4155),(4152,4161,4160),(4153,4161,4152),(4155,4159,4163),(4156,
4164,4165),(4157,4156,4165),(4159,4167,4163),(4160,4169,4168),(4161,4169,
4160),(4163,4167,4171),(4164,4172,4173),(4165,4164,4173),(4167,4175,4171),
(4168,4177,4176),(4169,4177,4168),(4171,4175,4179),(4172,4180,4181),(4173,
4172,4181),(4175,4183,4179),(4176,4185,4184),(4177,4185,4176),(4179,4183,
4187),(4180,4188,4189),(4181,4180,4189),(4183,4191,4187),(4184,4193,4192),
(4185,4193,4184),(4187,4191,4195),(4188,4196,4197),(4189,4188,4197),(4191,
4199,4195),(4192,4201,4200),(4193,4201,4192),(4195,4199,4203),(4196,4204,
4205),(4197,4196,4205),(4199,4207,4203),(4200,4209,4208),(4201,4209,4200),
(4203,4207,4211),(4204,4212,4213),(4205,4204,4213),(4207,4215,4211),(4208,
4217,4216),(4209,4217,4208),(4211,4215,4219),(4212,4220,4221),(4213,4212,
4221),(4215,4223,4219),(4216,4225,4224),(4217,4225,4216),(4219,4223,4227),
(4220,4228,4229),(4221,4220,4229),(4223,4231,4227),(4224,4233,4232),(4225,
4233,4224),(4227,4231,4235),(4228,4236,4237),(4229,4228,4237),(4231,4239,
4235),(4232,4241,4240),(4233,4241,4232),(4235,4239,4243),(4236,4244,4245),
(4237,4236,4245),(4239,4247,4243),(4240,4249,4248),(4241,4249,4240),(4243,
4247,4251),(4244,4252,4253),(4245,4244,4253),(4247,4255,4251),(4248,4257,
4256),(4249,4257,4248),(4251,4255,4259),(4252,4260,4261),(4253,4252,4261),
(4255,4263,4259),(4256,4265,4264),(4257,4265,4256),(4259,4263,4267),(4260,
4268,4269),(4261,4260,4269),(4263,4271,4267),(4264,4273,4272),(4265,4273,
4264),(4267,4271,4275),(4268,4276,4277),(4269,4268,4277),(4271,4279,4275),
(4272,4281,4280),(4273,4281,4272),(4275,4279,4283),(4276,4284,4285),(4277,
4276,4285),(4279,4287,4283),(4280,4289,4288),(4281,4289,4280),(4283,4287,
4291),(4284,4292,4293),(4285,4284,4293),(4287,4295,4291),(4288,4297,4296),
(4289,4297,4288),(4291,4295,4299),(4292,4300,4301),(4293,4292,4301),(4295,
4303,4299),(4296,4305,4304),(4297,4305,4296),(4299,4303,4307),(4300,4308,
4309),(4301,4300,4309),(4303,4311,4307),(4304,4313,4312),(4305,4313,4304),
(4307,4311,4315),(4308,4316,4317),(4309,4308,4317),(4311,4319,4315),(4312,
4321,4320),(4313,4321,4312),(4315,4319,4323),(4316,4324,4325),(4317,4316,
4325),(4319,4327,4323),(4320,4329,4328),(4321,4329,4320),(4323,4327,3193),
(4324,3194,4331),(4325,4324,4331),(4327,3189,3193),(4328,4333,3190),(4329,
4333,4328),(4331,3194,3195),(4333,3202,3190),(3180,4334,4330),(4322,4335,
4330),(4335,3180,4330),(3201,4334,3180),(3200,3201,3180),(3200,3180,3210),
(3180,3218,3210),(3180,3226,3218),(3234,3226,3180),(3242,3234,3180),(3180,
3250,3242),(3258,3250,3180),(3266,3258,3180),(3274,3266,3180),(3180,3282,
3274),(3290,3282,3180),(3298,3290,3180),(3180,3306,3298),(3314,3306,3180),
(3322,3314,3180),(3180,3330,3322),(3338,3330,3180),(3346,3338,3180),(3180,
3354,3346),(3362,3354,3180),(3370,3362,3180),(3180,3378,3370),(3386,3378,
3180),(3394,3386,3180),(3180,3402,3394),(3410,3402,3180),(3418,3410,3180),
(3180,3426,3418),(3434,3426,3180),(3442,3434,3180),(3180,3450,3442),(3458,
3450,3180),(3466,3458,3180),(3180,3474,3466),(3482,3474,3180),(3490,3482,
3181),(3181,3482,3180),(3498,3490,3181),(3506,3498,3181),(3514,3506,3181),
(3181,3522,3514),(3530,3522,3181),(3538,3530,3181),(3546,3538,3181),(3181,
3554,3546),(3562,3554,3181),(3570,3562,3181),(3181,3578,3570),(3586,3578,
3181),(3594,3586,3181),(3181,3602,3594),(3610,3602,3181),(3618,3610,3181),
(3181,3626,3618),(3634,3626,3181),(3642,3634,3181),(3181,3650,3642),(3658,
3650,3181),(3666,3658,3181),(3181,3674,3666),(3181,3682,3674),(3690,3682,
3181),(3698,3690,3181),(3706,3698,3181),(3181,3714,3706),(3722,3714,3181),
(3730,3722,3181),(3738,3730,3181),(3181,3746,3738),(3754,3746,3181),(3762,
3754,4336),(4336,3754,3181),(3770,3762,4336),(4336,3778,3770),(3786,3778,
4336),(3794,3786,4336),(4336,3802,3794),(3810,3802,4336),(3818,3810,4336),
(4336,3826,3818),(3834,3826,4336),(3842,3834,4336),(4336,3850,3842),(3858,
3850,4336),(3866,3858,4336),(4336,3874,3866),(3882,3874,4336),(3890,3882,
4336),(3890,4336,3898),(4336,3906,3898),(4336,3914,3906),(3922,3914,4336),
(3930,3922,4336),(4336,3938,3930),(3946,3938,4336),(3954,3946,4336),(4336,
3962,3954),(3970,3962,4336),(3978,3970,4336),(3986,3978,4336),(4336,3994,
3986),(4002,3994,4336),(4010,4002,4336),(4018,4010,4336),(4336,4026,4018),
(4034,4026,4336),(4042,4034,4335),(4335,4034,4336),(4050,4042,4335),(4335,
4058,4050),(4066,4058,4335),(4074,4066,4335),(4335,4082,4074),(4090,4082,
4335),(4098,4090,4335),(4335,4106,4098),(4114,4106,4335),(4122,4114,4335),
(4335,4130,4122),(4138,4130,4335),(4146,4138,4335),(4335,4154,4146),(4162,
4154,4335),(4170,4162,4335),(4335,4178,4170),(4186,4178,4335),(4194,4186,
4335),(4335,4202,4194),(4210,4202,4335),(4218,4210,4335),(4335,4226,4218),
(4234,4226,4335),(4242,4234,4335),(4250,4242,4335),(4335,4258,4250),(4266,
4258,4335),(4274,4266,4335),(4335,4282,4274),(4290,4282,4335),(4298,4290,
4335),(4335,4306,4298),(4314,4306,4335),(4322,4314,4335),(4338,4340,4342),
(4344,4340,4338),(4339,4343,4346),(4348,4344,4338),(4349,4339,4350),(4350,
4339,4346),(4340,4352,4342),(4341,4354,4353),(4345,4357,4341),(4357,4354,
4341),(4342,4352,4358),(4343,4359,4360),(4346,4343,4360),(4352,4362,4358),
(4353,4364,4363),(4354,4364,4353),(4358,4362,4366),(4359,4367,4368),(4360,
4359,4368),(4362,4370,4366),(4363,4372,4371),(4364,4372,4363),(4366,4370,
4374),(4367,4375,4376),(4368,4367,4376),(4370,4378,4374),(4371,4380,4379),
(4372,4380,4371),(4374,4378,4382),(4375,4383,4384),(4376,4375,4384),(4378,
4386,4382),(4379,4388,4387),(4380,4388,4379),(4382,4386,4390),(4383,4391,
4392),(4384,4383,4392),(4386,4394,4390),(4387,4396,4395),(4388,4396,4387),
(4390,4394,4398),(4391,4399,4400),(4392,4391,4400),(4394,4402,4398),(4395,
4404,4403),(4396,4404,4395),(4398,4402,4406),(4399,4407,4408),(4400,4399,
4408),(4402,4410,4406),(4403,4412,4411),(4404,4412,4403),(4406,4410,4414),
(4407,4415,4416),(4408,4407,4416),(4410,4418,4414),(4411,4420,4419),(4412,
4420,4411),(4414,4418,4422),(4415,4423,4424),(4416,4415,4424),(4418,4426,
4422),(4419,4428,4427),(4420,4428,4419),(4422,4426,4430),(4423,4431,4432),
(4424,4423,4432),(4426,4434,4430),(4427,4436,4435),(4428,4436,4427),(4430,
4434,4438),(4431,4439,4440),(4432,4431,4440),(4434,4442,4438),(4435,4444,
4443),(4436,4444,4435),(4438,4442,4446),(4439,4447,4448),(4440,4439,4448),
(4442,4450,4446),(4443,4452,4451),(4444,4452,4443),(4446,4450,4454),(4447,
4455,4456),(4448,4447,4456),(4450,4458,4454),(4451,4460,4459),(4452,4460,
4451),(4454,4458,4462),(4455,4463,4464),(4456,4455,4464),(4458,4466,4462),
(4459,4468,4467),(4460,4468,4459),(4462,4466,4470),(4463,4471,4472),(4464,
4463,4472),(4466,4474,4470),(4467,4476,4475),(4468,4476,4467),(4470,4474,
4478),(4471,4479,4480),(4472,4471,4480),(4474,4482,4478),(4475,4484,4483),
(4476,4484,4475),(4478,4482,4486),(4479,4487,4488),(4480,4479,4488),(4482,
4490,4486),(4483,4492,4491),(4484,4492,4483),(4486,4490,4494),(4487,4495,
4496),(4488,4487,4496),(4490,4498,4494),(4491,4500,4499),(4492,4500,4491),
(4494,4498,4502),(4495,4503,4504),(4496,4495,4504),(4498,4506,4502),(4499,
4508,4507),(4500,4508,4499),(4502,4506,4510),(4503,4511,4512),(4504,4503,
4512),(4506,4514,4510),(4507,4516,4515),(4508,4516,4507),(4510,4514,4518),
(4511,4519,4520),(4512,4511,4520),(4514,4522,4518),(4515,4524,4523),(4516,
4524,4515),(4518,4522,4526),(4519,4527,4528),(4520,4519,4528),(4522,4530,
4526),(4523,4532,4531),(4524,4532,4523),(4526,4530,4534),(4527,4535,4536),
(4528,4527,4536),(4530,4538,4534),(4531,4540,4539),(4532,4540,4531),(4534,
4538,4542),(4535,4543,4544),(4536,4535,4544),(4538,4546,4542),(4539,4548,
4547),(4540,4548,4539),(4542,4546,4550),(4543,4551,4552),(4544,4543,4552),
(4546,4554,4550),(4547,4556,4555),(4548,4556,4547),(4550,4554,4558),(4551,
4559,4560),(4552,4551,4560),(4554,4562,4558),(4555,4564,4563),(4556,4564,
4555),(4558,4562,4566),(4559,4567,4568),(4560,4559,4568),(4562,4570,4566),
(4563,4572,4571),(4564,4572,4563),(4566,4570,4574),(4567,4575,4576),(4568,
4567,4576),(4570,4578,4574),(4571,4580,4579),(4572,4580,4571),(4574,4578,
4582),(4575,4583,4584),(4576,4575,4584),(4578,4586,4582),(4579,4588,4587),
(4580,4588,4579),(4582,4586,4590),(4583,4591,4592),(4584,4583,4592),(4586,
4594,4590),(4587,4596,4595),(4588,4596,4587),(4590,4594,4598),(4591,4599,
4600),(4592,4591,4600),(4594,4602,4598),(4595,4604,4603),(4596,4604,4595),
(4598,4602,4606),(4599,4607,4608),(4600,4599,4608),(4602,4610,4606),(4603,
4612,4611),(4604,4612,4603),(4606,4610,4614),(4607,4615,4616),(4608,4607,
4616),(4610,4618,4614),(4611,4620,4619),(4612,4620,4611),(4614,4618,4622),
(4615,4623,4624),(4616,4615,4624),(4618,4626,4622),(4619,4628,4627),(4620,
4628,4619),(4622,4626,4630),(4623,4631,4632),(4624,4623,4632),(4626,4634,
4630),(4627,4636,4635),(4628,4636,4627),(4630,4634,4638),(4631,4639,4640),
(4632,4631,4640),(4634,4642,4638),(4635,4644,4643),(4636,4644,4635),(4638,
4642,4646),(4639,4647,4648),(4640,4639,4648),(4642,4650,4646),(4643,4652,
4651),(4644,4652,4643),(4646,4650,4654),(4647,4655,4656),(4648,4647,4656),
(4650,4658,4654),(4651,4660,4659),(4652,4660,4651),(4654,4658,4662),(4655,
4663,4664),(4656,4655,4664),(4658,4666,4662),(4659,4668,4667),(4660,4668,
4659),(4662,4666,4670),(4663,4671,4672),(4664,4663,4672),(4666,4674,4670),
(4667,4676,4675),(4668,4676,4667),(4670,4674,4678),(4671,4679,4680),(4672,
4671,4680),(4674,4682,4678),(4675,4684,4683),(4676,4684,4675),(4678,4682,
4686),(4679,4687,4688),(4680,4679,4688),(4682,4690,4686),(4683,4692,4691),
(4684,4692,4683),(4686,4690,4694),(4687,4695,4696),(4688,4687,4696),(4690,
4698,4694),(4691,4700,4699),(4692,4700,4691),(4694,4698,4702),(4695,4703,
4704),(4696,4695,4704),(4698,4706,4702),(4699,4708,4707),(4700,4708,4699),
(4702,4706,4710),(4703,4711,4712),(4704,4703,4712),(4706,4714,4710),(4707,
4716,4715),(4708,4716,4707),(4710,4714,4718),(4711,4719,4720),(4712,4711,
4720),(4714,4722,4718),(4715,4724,4723),(4716,4724,4715),(4718,4722,4726),
(4719,4727,4728),(4720,4719,4728),(4722,4730,4726),(4723,4732,4731),(4724,
4732,4723),(4726,4730,4734),(4727,4735,4736),(4728,4727,4736),(4730,4738,
4734),(4731,4740,4739),(4732,4740,4731),(4734,4738,4742),(4735,4743,4744),
(4736,4735,4744),(4738,4746,4742),(4739,4748,4747),(4740,4748,4739),(4742,
4746,4750),(4743,4751,4752),(4744,4743,4752),(4746,4754,4750),(4747,4756,
4755),(4748,4756,4747),(4750,4754,4758),(4751,4759,4760),(4752,4751,4760),
(4754,4762,4758),(4755,4764,4763),(4756,4764,4755),(4758,4762,4766),(4759,
4767,4768),(4760,4759,4768),(4762,4770,4766),(4763,4772,4771),(4764,4772,
4763),(4766,4770,4774),(4767,4775,4776),(4768,4767,4776),(4770,4778,4774),
(4771,4780,4779),(4772,4780,4771),(4774,4778,4782),(4775,4783,4784),(4776,
4775,4784),(4778,4786,4782),(4779,4788,4787),(4780,4788,4779),(4782,4786,
4790),(4783,4791,4792),(4784,4783,4792),(4786,4794,4790),(4787,4796,4795),
(4788,4796,4787),(4790,4794,4798),(4791,4799,4800),(4792,4791,4800),(4794,
4802,4798),(4795,4804,4803),(4796,4804,4795),(4798,4802,4806),(4799,4807,
4808),(4800,4799,4808),(4802,4810,4806),(4803,4812,4811),(4804,4812,4803),
(4806,4810,4814),(4807,4815,4816),(4808,4807,4816),(4810,4818,4814),(4811,
4820,4819),(4812,4820,4811),(4814,4818,4822),(4815,4823,4824),(4816,4815,
4824),(4818,4826,4822),(4819,4828,4827),(4820,4828,4819),(4822,4826,4830),
(4823,4831,4832),(4824,4823,4832),(4826,4834,4830),(4827,4836,4835),(4828,
4836,4827),(4830,4834,4838),(4831,4839,4840),(4832,4831,4840),(4834,4842,
4838),(4835,4844,4843),(4836,4844,4835),(4838,4842,4846),(4839,4847,4848),
(4840,4839,4848),(4842,4850,4846),(4843,4852,4851),(4844,4852,4843),(4846,
4850,4854),(4847,4855,4856),(4848,4847,4856),(4850,4858,4854),(4851,4860,
4859),(4852,4860,4851),(4854,4858,4862),(4855,4863,4864),(4856,4855,4864),
(4858,4866,4862),(4859,4868,4867),(4860,4868,4859),(4862,4866,4870),(4863,
4871,4872),(4864,4863,4872),(4866,4874,4870),(4867,4876,4875),(4868,4876,
4867),(4870,4874,4878),(4871,4879,4880),(4872,4871,4880),(4874,4882,4878),
(4875,4884,4883),(4876,4884,4875),(4878,4882,4886),(4879,4887,4888),(4880,
4879,4888),(4882,4890,4886),(4883,4892,4891),(4884,4892,4883),(4886,4890,
4894),(4887,4895,4896),(4888,4887,4896),(4890,4898,4894),(4891,4900,4899),
(4892,4900,4891),(4894,4898,4902),(4895,4903,4904),(4896,4895,4904),(4898,
4906,4902),(4899,4908,4907),(4900,4908,4899),(4902,4906,4910),(4903,4911,
4912),(4904,4903,4912),(4906,4914,4910),(4907,4916,4915),(4908,4916,4907),
(4910,4914,4918),(4911,4919,4920),(4912,4911,4920),(4914,4922,4918),(4915,
4924,4923),(4916,4924,4915),(4918,4922,4926),(4919,4927,4928),(4920,4919,
4928),(4922,4930,4926),(4923,4932,4931),(4924,4932,4923),(4926,4930,4934),
(4927,4935,4936),(4928,4927,4936),(4930,4938,4934),(4931,4940,4939),(4932,
4940,4931),(4934,4938,4942),(4935,4943,4944),(4936,4935,4944),(4938,4946,
4942),(4939,4948,4947),(4940,4948,4939),(4942,4946,4950),(4943,4951,4952),
(4944,4943,4952),(4946,4954,4950),(4947,4956,4955),(4948,4956,4947),(4950,
4954,4958),(4951,4959,4960),(4952,4951,4960),(4954,4962,4958),(4955,4964,
4963),(4956,4964,4955),(4958,4962,4966),(4959,4967,4968),(4960,4959,4968),
(4962,4970,4966),(4963,4972,4971),(4964,4972,4963),(4966,4970,4974),(4967,
4975,4976),(4968,4967,4976),(4970,4978,4974),(4971,4980,4979),(4972,4980,
4971),(4974,4978,4982),(4975,4983,4984),(4976,4975,4984),(4978,4986,4982),
(4979,4988,4987),(4980,4988,4979),(4982,4986,4990),(4983,4991,4992),(4984,
4983,4992),(4986,4994,4990),(4987,4996,4995),(4988,4996,4987),(4990,4994,
4998),(4991,4999,5000),(4992,4991,5000),(4994,5002,4998),(4995,5004,5003),
(4996,5004,4995),(4998,5002,5006),(4999,5007,5008),(5000,4999,5008),(5002,
5010,5006),(5003,5012,5011),(5004,5012,5003),(5006,5010,5014),(5007,5015,
5016),(5008,5007,5016),(5010,5018,5014),(5011,5020,5019),(5012,5020,5011),
(5014,5018,5022),(5015,5023,5024),(5016,5015,5024),(5018,5026,5022),(5019,
5028,5027),(5020,5028,5019),(5022,5026,5030),(5023,5031,5032),(5024,5023,
5032),(5026,5034,5030),(5027,5036,5035),(5028,5036,5027),(5030,5034,5038),
(5031,5039,5040),(5032,5031,5040),(5034,5042,5038),(5035,5044,5043),(5036,
5044,5035),(5038,5042,5046),(5039,5047,5048),(5040,5039,5048),(5042,5050,
5046),(5043,5052,5051),(5044,5052,5043),(5046,5050,5054),(5047,5055,5056),
(5048,5047,5056),(5050,5058,5054),(5051,5060,5059),(5052,5060,5051),(5054,
5058,5062),(5055,5063,5064),(5056,5055,5064),(5058,5066,5062),(5059,5068,
5067),(5060,5068,5059),(5062,5066,5070),(5063,5071,5072),(5064,5063,5072),
(5066,5074,5070),(5067,5076,5075),(5068,5076,5067),(5070,5074,5078),(5071,
5079,5080),(5072,5071,5080),(5074,5082,5078),(5075,5084,5083),(5076,5084,
5075),(5078,5082,5086),(5079,5087,5088),(5080,5079,5088),(5082,5090,5086),
(5083,5092,5091),(5084,5092,5083),(5086,5090,5094),(5087,5095,5096),(5088,
5087,5096),(5090,5098,5094),(5091,5100,5099),(5092,5100,5091),(5094,5098,
5102),(5095,5103,5104),(5096,5095,5104),(5098,5106,5102),(5099,5108,5107),
(5100,5108,5099),(5102,5106,5110),(5103,5111,5112),(5104,5103,5112),(5106,
5114,5110),(5107,5116,5115),(5108,5116,5107),(5110,5114,5118),(5111,5119,
5120),(5112,5111,5120),(5114,5122,5118),(5115,5124,5123),(5116,5124,5115),
(5118,5122,5126),(5119,5127,5128),(5120,5119,5128),(5122,5130,5126),(5123,
5132,5131),(5124,5132,5123),(5126,5130,5134),(5127,5135,5136),(5128,5127,
5136),(5130,5138,5134),(5131,5140,5139),(5132,5140,5131),(5134,5138,5142),
(5135,5143,5144),(5136,5135,5144),(5138,5146,5142),(5139,5148,5147),(5140,
5148,5139),(5142,5146,5150),(5143,5151,5152),(5144,5143,5152),(5146,5154,
5150),(5147,5156,5155),(5148,5156,5147),(5150,5154,5158),(5151,5159,5160),
(5152,5151,5160),(5154,5162,5158),(5155,5164,5163),(5156,5164,5155),(5158,
5162,5166),(5159,5167,5168),(5160,5159,5168),(5162,5170,5166),(5163,5172,
5171),(5164,5172,5163),(5166,5170,5174),(5167,5175,5176),(5168,5167,5176),
(5170,5178,5174),(5171,5180,5179),(5172,5180,5171),(5174,5178,5182),(5175,
5183,5184),(5176,5175,5184),(5178,5186,5182),(5179,5188,5187),(5180,5188,
5179),(5182,5186,5190),(5183,5191,5192),(5184,5183,5192),(5186,5194,5190),
(5187,5196,5195),(5188,5196,5187),(5190,5194,5198),(5191,5199,5200),(5192,
5191,5200),(5194,5202,5198),(5195,5204,5203),(5196,5204,5195),(5198,5202,
5206),(5199,5207,5208),(5200,5199,5208),(5202,5210,5206),(5203,5212,5211),
(5204,5212,5203),(5206,5210,5214),(5207,5215,5216),(5208,5207,5216),(5210,
5218,5214),(5211,5220,5219),(5212,5220,5211),(5214,5218,5222),(5215,5223,
5224),(5216,5215,5224),(5218,5226,5222),(5219,5228,5227),(5220,5228,5219),
(5222,5226,5230),(5223,5231,5232),(5224,5223,5232),(5226,5234,5230),(5227,
5236,5235),(5228,5236,5227),(5230,5234,5238),(5231,5239,5240),(5232,5231,
5240),(5234,5242,5238),(5235,5244,5243),(5236,5244,5235),(5238,5242,5246),
(5239,5247,5248),(5240,5239,5248),(5242,5250,5246),(5243,5252,5251),(5244,
5252,5243),(5246,5250,5254),(5247,5255,5256),(5248,5247,5256),(5250,5258,
5254),(5251,5260,5259),(5252,5260,5251),(5254,5258,5262),(5255,5263,5264),
(5256,5255,5264),(5258,5266,5262),(5259,5268,5267),(5260,5268,5259),(5262,
5266,5270),(5263,5271,5272),(5264,5263,5272),(5266,5274,5270),(5267,5276,
5275),(5268,5276,5267),(5270,5274,5278),(5271,5279,5280),(5272,5271,5280),
(5274,5282,5278),(5275,5284,5283),(5276,5284,5275),(5278,5282,5286),(5279,
5287,5288),(5280,5279,5288),(5282,5290,5286),(5283,5292,5291),(5284,5292,
5283),(5286,5290,5294),(5287,5295,5296),(5288,5287,5296),(5290,5298,5294),
(5291,5300,5299),(5292,5300,5291),(5294,5298,5302),(5295,5303,5304),(5296,
5295,5304),(5298,5306,5302),(5299,5308,5307),(5300,5308,5299),(5302,5306,
5310),(5303,5311,5312),(5304,5303,5312),(5306,5314,5310),(5307,5316,5315),
(5308,5316,5307),(5310,5314,5318),(5311,5319,5320),(5312,5311,5320),(5314,
5322,5318),(5315,5324,5323),(5316,5324,5315),(5318,5322,5326),(5319,5327,
5328),(5320,5319,5328),(5322,5330,5326),(5323,5332,5331),(5324,5332,5323),
(5326,5330,5334),(5327,5335,5336),(5328,5327,5336),(5330,5338,5334),(5331,
5340,5339),(5332,5340,5331),(5334,5338,5342),(5335,5343,5344),(5336,5335,
5344),(5338,5346,5342),(5339,5348,5347),(5340,5348,5339),(5342,5346,5350),
(5343,5351,5352),(5344,5343,5352),(5346,5354,5350),(5347,5356,5355),(5348,
5356,5347),(5350,5354,5358),(5351,5359,5360),(5352,5351,5360),(5354,5362,
5358),(5355,5364,5363),(5356,5364,5355),(5358,5362,5366),(5359,5367,5368),
(5360,5359,5368),(5362,5370,5366),(5363,5372,5371),(5364,5372,5363),(5366,
5370,5374),(5367,5375,5376),(5368,5367,5376),(5370,5378,5374),(5371,5380,
5379),(5372,5380,5371),(5374,5378,5382),(5375,5383,5384),(5376,5375,5384),
(5378,5386,5382),(5379,5388,5387),(5380,5388,5379),(5382,5386,5390),(5383,
5391,5392),(5384,5383,5392),(5386,5394,5390),(5387,5396,5395),(5388,5396,
5387),(5390,5394,5398),(5391,5399,5400),(5392,5391,5400),(5394,5402,5398),
(5395,5404,5403),(5396,5404,5395),(5398,5402,5406),(5399,5407,5408),(5400,
5399,5408),(5402,5410,5406),(5403,5412,5411),(5404,5412,5403),(5406,5410,
5414),(5407,5415,5416),(5408,5407,5416),(5410,5418,5414),(5411,5420,5419),
(5412,5420,5411),(5414,5418,5422),(5415,5423,5424),(5416,5415,5424),(5418,
5426,5422),(5419,5428,5427),(5420,5428,5419),(5422,5426,5430),(5423,5431,
5432),(5424,5423,5432),(5426,5434,5430),(5427,5436,5435),(5428,5436,5427),
(5430,5434,5438),(5431,5439,5440),(5432,5431,5440),(5434,5442,5438),(5435,
5444,5443),(5436,5444,5435),(5438,5442,5446),(5439,5447,5448),(5440,5439,
5448),(5442,5450,5446),(5443,5452,5451),(5444,5452,5443),(5446,5450,5454),
(5447,5455,5456),(5448,5447,5456),(5450,5458,5454),(5451,5460,5459),(5452,
5460,5451),(5454,5458,5462),(5455,5463,5464),(5456,5455,5464),(5458,5466,
5462),(5459,5468,5467),(5460,5468,5459),(5462,5466,5470),(5463,5471,5472),
(5464,5463,5472),(5466,5474,5470),(5467,5476,5475),(5468,5476,5467),(5470,
5474,5478),(5471,5479,5480),(5472,5471,5480),(5474,5482,5478),(5475,5484,
5483),(5476,5484,5475),(5478,5482,4348),(5479,4349,5486),(5480,5479,5486),
(5482,4344,4348),(5483,5488,4345),(5484,5488,5483),(5486,4349,4350),(5488,
4357,4345),(4335,5489,5485),(5477,5490,5485),(5490,4335,5485),(4356,5489,
4335),(4355,4356,4335),(4355,4335,4365),(4335,4373,4365),(4335,4381,4373),
(4389,4381,4335),(4397,4389,4335),(4335,4405,4397),(4413,4405,4335),(4421,
4413,4335),(4429,4421,4335),(4335,4437,4429),(4445,4437,4335),(4453,4445,
4335),(4335,4461,4453),(4469,4461,4335),(4477,4469,4335),(4335,4485,4477),
(4493,4485,4335),(4501,4493,4335),(4335,4509,4501),(4517,4509,4335),(4525,
4517,4335),(4335,4533,4525),(4541,4533,4335),(4549,4541,4335),(4335,4557,
4549),(4565,4557,4335),(4573,4565,4335),(4335,4581,4573),(4589,4581,4335),
(4597,4589,4335),(4335,4605,4597),(4613,4605,4335),(4621,4613,4335),(4335,
4629,4621),(4637,4629,4335),(4645,4637,4336),(4336,4637,4335),(4653,4645,
4336),(4661,4653,4336),(4669,4661,4336),(4336,4677,4669),(4685,4677,4336),
(4693,4685,4336),(4701,4693,4336),(4336,4709,4701),(4717,4709,4336),(4725,
4717,4336),(4336,4733,4725),(4741,4733,4336),(4749,4741,4336),(4336,4757,
4749),(4765,4757,4336),(4773,4765,4336),(4336,4781,4773),(4789,4781,4336),
(4797,4789,4336),(4336,4805,4797),(4813,4805,4336),(4821,4813,4336),(4336,
4829,4821),(4336,4837,4829),(4845,4837,4336),(4853,4845,4336),(4861,4853,
4336),(4336,4869,4861),(4877,4869,4336),(4885,4877,4336),(4893,4885,4336),
(4336,4901,4893),(4909,4901,4336),(4917,4909,5491),(5491,4909,4336),(4925,
4917,5491),(5491,4933,4925),(4941,4933,5491),(4949,4941,5491),(5491,4957,
4949),(4965,4957,5491),(4973,4965,5491),(5491,4981,4973),(4989,4981,5491),
(4997,4989,5491),(5491,5005,4997),(5013,5005,5491),(5021,5013,5491),(5491,
5029,5021),(5037,5029,5491),(5045,5037,5491),(5045,5491,5053),(5491,5061,
5053),(5491,5069,5061),(5077,5069,5491),(5085,5077,5491),(5491,5093,5085),
(5101,5093,5491),(5109,5101,5491),(5491,5117,5109),(5125,5117,5491),(5133,
5125,5491),(5141,5133,5491),(5491,5149,5141),(5157,5149,5491),(5165,5157,
5491),(5173,5165,5491),(5491,5181,5173),(5189,5181,5491),(5197,5189,5490),
(5490,5189,5491),(5205,5197,5490),(5490,5213,5205),(5221,5213,5490),(5229,
5221,5490),(5490,5237,5229),(5245,5237,5490),(5253,5245,5490),(5490,5261,
5253),(5269,5261,5490),(5277,5269,5490),(5490,5285,5277),(5293,5285,5490),
(5301,5293,5490),(5490,5309,5301),(5317,5309,5490),(5325,5317,5490),(5490,
5333,5325),(5341,5333,5490),(5349,5341,5490),(5490,5357,5349),(5365,5357,
5490),(5373,5365,5490),(5490,5381,5373),(5389,5381,5490),(5397,5389,5490),
(5405,5397,5490),(5490,5413,5405),(5421,5413,5490),(5429,5421,5490),(5490,
5437,5429),(5445,5437,5490),(5453,5445,5490),(5490,5461,5453),(5469,5461,
5490),(5477,5469,5490),(5493,5495,5497),(5499,5495,5493),(5494,5498,5501),
(5503,5499,5493),(5504,5494,5505),(5505,5494,5501),(5495,5507,5497),(5496,
5509,5508),(5500,5512,5496),(5512,5509,5496),(5497,5507,5513),(5498,5514,
5515),(5501,5498,5515),(5507,5517,5513),(5508,5519,5518),(5509,5519,5508),
(5513,5517,5521),(5514,5522,5523),(5515,5514,5523),(5517,5525,5521),(5518,
5527,5526),(5519,5527,5518),(5521,5525,5529),(5522,5530,5531),(5523,5522,
5531),(5525,5533,5529),(5526,5535,5534),(5527,5535,5526),(5529,5533,5537),
(5530,5538,5539),(5531,5530,5539),(5533,5541,5537),(5534,5543,5542),(5535,
5543,5534),(5537,5541,5545),(5538,5546,5547),(5539,5538,5547),(5541,5549,
5545),(5542,5551,5550),(5543,5551,5542),(5545,5549,5553),(5546,5554,5555),
(5547,5546,5555),(5549,5557,5553),(5550,5559,5558),(5551,5559,5550),(5553,
5557,5561),(5554,5562,5563),(5555,5554,5563),(5557,5565,5561),(5558,5567,
5566),(5559,5567,5558),(5561,5565,5569),(5562,5570,5571),(5563,5562,5571),
(5565,5573,5569),(5566,5575,5574),(5567,5575,5566),(5569,5573,5577),(5570,
5578,5579),(5571,5570,5579),(5573,5581,5577),(5574,5583,5582),(5575,5583,
5574),(5577,5581,5585),(5578,5586,5587),(5579,5578,5587),(5581,5589,5585),
(5582,5591,5590),(5583,5591,5582),(5585,5589,5593),(5586,5594,5595),(5587,
5586,5595),(5589,5597,5593),(5590,5599,5598),(5591,5599,5590),(5593,5597,
5601),(5594,5602,5603),(5595,5594,5603),(5597,5605,5601),(5598,5607,5606),
(5599,5607,5598),(5601,5605,5609),(5602,5610,5611),(5603,5602,5611),(5605,
5613,5609),(5606,5615,5614),(5607,5615,5606),(5609,5613,5617),(5610,5618,
5619),(5611,5610,5619),(5613,5621,5617),(5614,5623,5622),(5615,5623,5614),
(5617,5621,5625),(5618,5626,5627),(5619,5618,5627),(5621,5629,5625),(5622,
5631,5630),(5623,5631,5622),(5625,5629,5633),(5626,5634,5635),(5627,5626,
5635),(5629,5637,5633),(5630,5639,5638),(5631,5639,5630),(5633,5637,5641),
(5634,5642,5643),(5635,5634,5643),(5637,5645,5641),(5638,5647,5646),(5639,
5647,5638),(5641,5645,5649),(5642,5650,5651),(5643,5642,5651),(5645,5653,
5649),(5646,5655,5654),(5647,5655,5646),(5649,5653,5657),(5650,5658,5659),
(5651,5650,5659),(5653,5661,5657),(5654,5663,5662),(5655,5663,5654),(5657,
5661,5665),(5658,5666,5667),(5659,5658,5667),(5661,5669,5665),(5662,5671,
5670),(5663,5671,5662),(5665,5669,5673),(5666,5674,5675),(5667,5666,5675),
(5669,5677,5673),(5670,5679,5678),(5671,5679,5670),(5673,5677,5681),(5674,
5682,5683),(5675,5674,5683),(5677,5685,5681),(5678,5687,5686),(5679,5687,
5678),(5681,5685,5689),(5682,5690,5691),(5683,5682,5691),(5685,5693,5689),
(5686,5695,5694),(5687,5695,5686),(5689,5693,5697),(5690,5698,5699),(5691,
5690,5699),(5693,5701,5697),(5694,5703,5702),(5695,5703,5694),(5697,5701,
5705),(5698,5706,5707),(5699,5698,5707),(5701,5709,5705),(5702,5711,5710),
(5703,5711,5702),(5705,5709,5713),(5706,5714,5715),(5707,5706,5715),(5709,
5717,5713),(5710,5719,5718),(5711,5719,5710),(5713,5717,5721),(5714,5722,
5723),(5715,5714,5723),(5717,5725,5721),(5718,5727,5726),(5719,5727,5718),
(5721,5725,5729),(5722,5730,5731),(5723,5722,5731),(5725,5733,5729),(5726,
5735,5734),(5727,5735,5726),(5729,5733,5737),(5730,5738,5739),(5731,5730,
5739),(5733,5741,5737),(5734,5743,5742),(5735,5743,5734),(5737,5741,5745),
(5738,5746,5747),(5739,5738,5747),(5741,5749,5745),(5742,5751,5750),(5743,
5751,5742),(5745,5749,5753),(5746,5754,5755),(5747,5746,5755),(5749,5757,
5753),(5750,5759,5758),(5751,5759,5750),(5753,5757,5761),(5754,5762,5763),
(5755,5754,5763),(5757,5765,5761),(5758,5767,5766),(5759,5767,5758),(5761,
5765,5769),(5762,5770,5771),(5763,5762,5771),(5765,5773,5769),(5766,5775,
5774),(5767,5775,5766),(5769,5773,5777),(5770,5778,5779),(5771,5770,5779),
(5773,5781,5777),(5774,5783,5782),(5775,5783,5774),(5777,5781,5785),(5778,
5786,5787),(5779,5778,5787),(5781,5789,5785),(5782,5791,5790),(5783,5791,
5782),(5785,5789,5793),(5786,5794,5795),(5787,5786,5795),(5789,5797,5793),
(5790,5799,5798),(5791,5799,5790),(5793,5797,5801),(5794,5802,5803),(5795,
5794,5803),(5797,5805,5801),(5798,5807,5806),(5799,5807,5798),(5801,5805,
5809),(5802,5810,5811),(5803,5802,5811),(5805,5813,5809),(5806,5815,5814),
(5807,5815,5806),(5809,5813,5817),(5810,5818,5819),(5811,5810,5819),(5813,
5821,5817),(5814,5823,5822),(5815,5823,5814),(5817,5821,5825),(5818,5826,
5827),(5819,5818,5827),(5821,5829,5825),(5822,5831,5830),(5823,5831,5822),
(5825,5829,5833),(5826,5834,5835),(5827,5826,5835),(5829,5837,5833),(5830,
5839,5838),(5831,5839,5830),(5833,5837,5841),(5834,5842,5843),(5835,5834,
5843),(5837,5845,5841),(5838,5847,5846),(5839,5847,5838),(5841,5845,5849),
(5842,5850,5851),(5843,5842,5851),(5845,5853,5849),(5846,5855,5854),(5847,
5855,5846),(5849,5853,5857),(5850,5858,5859),(5851,5850,5859),(5853,5861,
5857),(5854,5863,5862),(5855,5863,5854),(5857,5861,5865),(5858,5866,5867),
(5859,5858,5867),(5861,5869,5865),(5862,5871,5870),(5863,5871,5862),(5865,
5869,5873),(5866,5874,5875),(5867,5866,5875),(5869,5877,5873),(5870,5879,
5878),(5871,5879,5870),(5873,5877,5881),(5874,5882,5883),(5875,5874,5883),
(5877,5885,5881),(5878,5887,5886),(5879,5887,5878),(5881,5885,5889),(5882,
5890,5891),(5883,5882,5891),(5885,5893,5889),(5886,5895,5894),(5887,5895,
5886),(5889,5893,5897),(5890,5898,5899),(5891,5890,5899),(5893,5901,5897),
(5894,5903,5902),(5895,5903,5894),(5897,5901,5905),(5898,5906,5907),(5899,
5898,5907),(5901,5909,5905),(5902,5911,5910),(5903,5911,5902),(5905,5909,
5913),(5906,5914,5915),(5907,5906,5915),(5909,5917,5913),(5910,5919,5918),
(5911,5919,5910),(5913,5917,5921),(5914,5922,5923),(5915,5914,5923),(5917,
5925,5921),(5918,5927,5926),(5919,5927,5918),(5921,5925,5929),(5922,5930,
5931),(5923,5922,5931),(5925,5933,5929),(5926,5935,5934),(5927,5935,5926),
(5929,5933,5937),(5930,5938,5939),(5931,5930,5939),(5933,5941,5937),(5934,
5943,5942),(5935,5943,5934),(5937,5941,5945),(5938,5946,5947),(5939,5938,
5947),(5941,5949,5945),(5942,5951,5950),(5943,5951,5942),(5945,5949,5953),
(5946,5954,5955),(5947,5946,5955),(5949,5957,5953),(5950,5959,5958),(5951,
5959,5950),(5953,5957,5961),(5954,5962,5963),(5955,5954,5963),(5957,5965,
5961),(5958,5967,5966),(5959,5967,5958),(5961,5965,5969),(5962,5970,5971),
(5963,5962,5971),(5965,5973,5969),(5966,5975,5974),(5967,5975,5966),(5969,
5973,5977),(5970,5978,5979),(5971,5970,5979),(5973,5981,5977),(5974,5983,
5982),(5975,5983,5974),(5977,5981,5985),(5978,5986,5987),(5979,5978,5987),
(5981,5989,5985),(5982,5991,5990),(5983,5991,5982),(5985,5989,5993),(5986,
5994,5995),(5987,5986,5995),(5989,5997,5993),(5990,5999,5998),(5991,5999,
5990),(5993,5997,6001),(5994,6002,6003),(5995,5994,6003),(5997,6005,6001),
(5998,6007,6006),(5999,6007,5998),(6001,6005,6009),(6002,6010,6011),(6003,
6002,6011),(6005,6013,6009),(6006,6015,6014),(6007,6015,6006),(6009,6013,
6017),(6010,6018,6019),(6011,6010,6019),(6013,6021,6017),(6014,6023,6022),
(6015,6023,6014),(6017,6021,6025),(6018,6026,6027),(6019,6018,6027),(6021,
6029,6025),(6022,6031,6030),(6023,6031,6022),(6025,6029,6033),(6026,6034,
6035),(6027,6026,6035),(6029,6037,6033),(6030,6039,6038),(6031,6039,6030),
(6033,6037,6041),(6034,6042,6043),(6035,6034,6043),(6037,6045,6041),(6038,
6047,6046),(6039,6047,6038),(6041,6045,6049),(6042,6050,6051),(6043,6042,
6051),(6045,6053,6049),(6046,6055,6054),(6047,6055,6046),(6049,6053,6057),
(6050,6058,6059),(6051,6050,6059),(6053,6061,6057),(6054,6063,6062),(6055,
6063,6054),(6057,6061,6065),(6058,6066,6067),(6059,6058,6067),(6061,6069,
6065),(6062,6071,6070),(6063,6071,6062),(6065,6069,6073),(6066,6074,6075),
(6067,6066,6075),(6069,6077,6073),(6070,6079,6078),(6071,6079,6070),(6073,
6077,6081),(6074,6082,6083),(6075,6074,6083),(6077,6085,6081),(6078,6087,
6086),(6079,6087,6078),(6081,6085,6089),(6082,6090,6091),(6083,6082,6091),
(6085,6093,6089),(6086,6095,6094),(6087,6095,6086),(6089,6093,6097),(6090,
6098,6099),(6091,6090,6099),(6093,6101,6097),(6094,6103,6102),(6095,6103,
6094),(6097,6101,6105),(6098,6106,6107),(6099,6098,6107),(6101,6109,6105),
(6102,6111,6110),(6103,6111,6102),(6105,6109,6113),(6106,6114,6115),(6107,
6106,6115),(6109,6117,6113),(6110,6119,6118),(6111,6119,6110),(6113,6117,
6121),(6114,6122,6123),(6115,6114,6123),(6117,6125,6121),(6118,6127,6126),
(6119,6127,6118),(6121,6125,6129),(6122,6130,6131),(6123,6122,6131),(6125,
6133,6129),(6126,6135,6134),(6127,6135,6126),(6129,6133,6137),(6130,6138,
6139),(6131,6130,6139),(6133,6141,6137),(6134,6143,6142),(6135,6143,6134),
(6137,6141,6145),(6138,6146,6147),(6139,6138,6147),(6141,6149,6145),(6142,
6151,6150),(6143,6151,6142),(6145,6149,6153),(6146,6154,6155),(6147,6146,
6155),(6149,6157,6153),(6150,6159,6158),(6151,6159,6150),(6153,6157,6161),
(6154,6162,6163),(6155,6154,6163),(6157,6165,6161),(6158,6167,6166),(6159,
6167,6158),(6161,6165,6169),(6162,6170,6171),(6163,6162,6171),(6165,6173,
6169),(6166,6175,6174),(6167,6175,6166),(6169,6173,6177),(6170,6178,6179),
(6171,6170,6179),(6173,6181,6177),(6174,6183,6182),(6175,6183,6174),(6177,
6181,6185),(6178,6186,6187),(6179,6178,6187),(6181,6189,6185),(6182,6191,
6190),(6183,6191,6182),(6185,6189,6193),(6186,6194,6195),(6187,6186,6195),
(6189,6197,6193),(6190,6199,6198),(6191,6199,6190),(6193,6197,6201),(6194,
6202,6203),(6195,6194,6203),(6197,6205,6201),(6198,6207,6206),(6199,6207,
6198),(6201,6205,6209),(6202,6210,6211),(6203,6202,6211),(6205,6213,6209),
(6206,6215,6214),(6207,6215,6206),(6209,6213,6217),(6210,6218,6219),(6211,
6210,6219),(6213,6221,6217),(6214,6223,6222),(6215,6223,6214),(6217,6221,
6225),(6218,6226,6227),(6219,6218,6227),(6221,6229,6225),(6222,6231,6230),
(6223,6231,6222),(6225,6229,6233),(6226,6234,6235),(6227,6226,6235),(6229,
6237,6233),(6230,6239,6238),(6231,6239,6230),(6233,6237,6241),(6234,6242,
6243),(6235,6234,6243),(6237,6245,6241),(6238,6247,6246),(6239,6247,6238),
(6241,6245,6249),(6242,6250,6251),(6243,6242,6251),(6245,6253,6249),(6246,
6255,6254),(6247,6255,6246),(6249,6253,6257),(6250,6258,6259),(6251,6250,
6259),(6253,6261,6257),(6254,6263,6262),(6255,6263,6254),(6257,6261,6265),
(6258,6266,6267),(6259,6258,6267),(6261,6269,6265),(6262,6271,6270),(6263,
6271,6262),(6265,6269,6273),(6266,6274,6275),(6267,6266,6275),(6269,6277,
6273),(6270,6279,6278),(6271,6279,6270),(6273,6277,6281),(6274,6282,6283),
(6275,6274,6283),(6277,6285,6281),(6278,6287,6286),(6279,6287,6278),(6281,
6285,6289),(6282,6290,6291),(6283,6282,6291),(6285,6293,6289),(6286,6295,
6294),(6287,6295,6286),(6289,6293,6297),(6290,6298,6299),(6291,6290,6299),
(6293,6301,6297),(6294,6303,6302),(6295,6303,6294),(6297,6301,6305),(6298,
6306,6307),(6299,6298,6307),(6301,6309,6305),(6302,6311,6310),(6303,6311,
6302),(6305,6309,6313),(6306,6314,6315),(6307,6306,6315),(6309,6317,6313),
(6310,6319,6318),(6311,6319,6310),(6313,6317,6321),(6314,6322,6323),(6315,
6314,6323),(6317,6325,6321),(6318,6327,6326),(6319,6327,6318),(6321,6325,
6329),(6322,6330,6331),(6323,6322,6331),(6325,6333,6329),(6326,6335,6334),
(6327,6335,6326),(6329,6333,6337),(6330,6338,6339),(6331,6330,6339),(6333,
6341,6337),(6334,6343,6342),(6335,6343,6334),(6337,6341,6345),(6338,6346,
6347),(6339,6338,6347),(6341,6349,6345),(6342,6351,6350),(6343,6351,6342),
(6345,6349,6353),(6346,6354,6355),(6347,6346,6355),(6349,6357,6353),(6350,
6359,6358),(6351,6359,6350),(6353,6357,6361),(6354,6362,6363),(6355,6354,
6363),(6357,6365,6361),(6358,6367,6366),(6359,6367,6358),(6361,6365,6369),
(6362,6370,6371),(6363,6362,6371),(6365,6373,6369),(6366,6375,6374),(6367,
6375,6366),(6369,6373,6377),(6370,6378,6379),(6371,6370,6379),(6373,6381,
6377),(6374,6383,6382),(6375,6383,6374),(6377,6381,6385),(6378,6386,6387),
(6379,6378,6387),(6381,6389,6385),(6382,6391,6390),(6383,6391,6382),(6385,
6389,6393),(6386,6394,6395),(6387,6386,6395),(6389,6397,6393),(6390,6399,
6398),(6391,6399,6390),(6393,6397,6401),(6394,6402,6403),(6395,6394,6403),
(6397,6405,6401),(6398,6407,6406),(6399,6407,6398),(6401,6405,6409),(6402,
6410,6411),(6403,6402,6411),(6405,6413,6409),(6406,6415,6414),(6407,6415,
6406),(6409,6413,6417),(6410,6418,6419),(6411,6410,6419),(6413,6421,6417),
(6414,6423,6422),(6415,6423,6414),(6417,6421,6425),(6418,6426,6427),(6419,
6418,6427),(6421,6429,6425),(6422,6431,6430),(6423,6431,6422),(6425,6429,
6433),(6426,6434,6435),(6427,6426,6435),(6429,6437,6433),(6430,6439,6438),
(6431,6439,6430),(6433,6437,6441),(6434,6442,6443),(6435,6434,6443),(6437,
6445,6441),(6438,6447,6446),(6439,6447,6438),(6441,6445,6449),(6442,6450,
6451),(6443,6442,6451),(6445,6453,6449),(6446,6455,6454),(6447,6455,6446),
(6449,6453,6457),(6450,6458,6459),(6451,6450,6459),(6453,6461,6457),(6454,
6463,6462),(6455,6463,6454),(6457,6461,6465),(6458,6466,6467),(6459,6458,
6467),(6461,6469,6465),(6462,6471,6470),(6463,6471,6462),(6465,6469,6473),
(6466,6474,6475),(6467,6466,6475),(6469,6477,6473),(6470,6479,6478),(6471,
6479,6470),(6473,6477,6481),(6474,6482,6483),(6475,6474,6483),(6477,6485,
6481),(6478,6487,6486),(6479,6487,6478),(6481,6485,6489),(6482,6490,6491),
(6483,6482,6491),(6485,6493,6489),(6486,6495,6494),(6487,6495,6486),(6489,
6493,6497),(6490,6498,6499),(6491,6490,6499),(6493,6501,6497),(6494,6503,
6502),(6495,6503,6494),(6497,6501,6505),(6498,6506,6507),(6499,6498,6507),
(6501,6509,6505),(6502,6511,6510),(6503,6511,6502),(6505,6509,6513),(6506,
6514,6515),(6507,6506,6515),(6509,6517,6513),(6510,6519,6518),(6511,6519,
6510),(6513,6517,6521),(6514,6522,6523),(6515,6514,6523),(6517,6525,6521),
(6518,6527,6526),(6519,6527,6518),(6521,6525,6529),(6522,6530,6531),(6523,
6522,6531),(6525,6533,6529),(6526,6535,6534),(6527,6535,6526),(6529,6533,
6537),(6530,6538,6539),(6531,6530,6539),(6533,6541,6537),(6534,6543,6542),
(6535,6543,6534),(6537,6541,6545),(6538,6546,6547),(6539,6538,6547),(6541,
6549,6545),(6542,6551,6550),(6543,6551,6542),(6545,6549,6553),(6546,6554,
6555),(6547,6546,6555),(6549,6557,6553),(6550,6559,6558),(6551,6559,6550),
(6553,6557,6561),(6554,6562,6563),(6555,6554,6563),(6557,6565,6561),(6558,
6567,6566),(6559,6567,6558),(6561,6565,6569),(6562,6570,6571),(6563,6562,
6571),(6565,6573,6569),(6566,6575,6574),(6567,6575,6566),(6569,6573,6577),
(6570,6578,6579),(6571,6570,6579),(6573,6581,6577),(6574,6583,6582),(6575,
6583,6574),(6577,6581,6585),(6578,6586,6587),(6579,6578,6587),(6581,6589,
6585),(6582,6591,6590),(6583,6591,6582),(6585,6589,6593),(6586,6594,6595),
(6587,6586,6595),(6589,6597,6593),(6590,6599,6598),(6591,6599,6590),(6593,
6597,6601),(6594,6602,6603),(6595,6594,6603),(6597,6605,6601),(6598,6607,
6606),(6599,6607,6598),(6601,6605,6609),(6602,6610,6611),(6603,6602,6611),
(6605,6613,6609),(6606,6615,6614),(6607,6615,6606),(6609,6613,6617),(6610,
6618,6619),(6611,6610,6619),(6613,6621,6617),(6614,6623,6622),(6615,6623,
6614),(6617,6621,6625),(6618,6626,6627),(6619,6618,6627),(6621,6629,6625),
(6622,6631,6630),(6623,6631,6622),(6625,6629,6633),(6626,6634,6635),(6627,
6626,6635),(6629,6637,6633),(6630,6639,6638),(6631,6639,6630),(6633,6637,
5503),(6634,5504,6641),(6635,6634,6641),(6637,5499,5503),(6638,6643,5500),
(6639,6643,6638),(6641,5504,5505),(6643,5512,5500),(6568,6560,5490),(6560,
6552,6645),(5490,6560,6645),(5490,6576,6568),(6584,6576,5490),(6592,6584,
5490),(5490,6600,6592),(6608,6600,5490),(6616,6608,5490),(5490,6624,6616),
(6632,6624,5490),(6640,6632,5490),(5490,6644,6640),(5511,6644,5490),(5510,
5511,5490),(5520,5510,5490),(5528,5520,5490),(5490,5536,5528),(5544,5536,
5490),(5552,5544,5490),(5490,5560,5552),(5568,5560,5490),(5576,5568,5490),
(5490,5584,5576),(5490,5592,5584),(5600,5592,5490),(5608,5600,5490),(5490,
5616,5608),(5624,5616,5490),(5632,5624,5490),(5490,5640,5632),(5648,5640,
5490),(5656,5648,5490),(5490,5664,5656),(5672,5664,5490),(5680,5672,5490),
(5490,5688,5680),(5696,5688,5490),(5704,5696,5490),(5704,5490,5712),(5712,
5491,5720),(5490,5491,5712),(5491,5728,5720),(5491,5736,5728),(5744,5736,
5491),(5752,5744,5491),(5491,5760,5752),(5768,5760,5491),(5776,5768,5491),
(5491,5784,5776),(5792,5784,5491),(5800,5792,5491),(5491,5808,5800),(5816,
5808,5491),(5824,5816,5491),(5832,5824,5491),(5491,5840,5832),(5848,5840,
5491),(5856,5848,5491),(5864,5856,5491),(5872,5864,5491),(5491,5880,5872),
(5888,5880,5491),(5896,5888,5491),(5904,5896,5491),(5912,5904,5491),(5491,
5920,5912),(5928,5920,5491),(5936,5928,5491),(5944,5936,5491),(5491,5952,
5944),(5960,5952,5491),(5968,5960,5491),(5491,5976,5968),(5984,5976,5491),
(6646,5992,5984),(6646,5984,5491),(6646,6000,5992),(6008,6000,6646),(6016,
6008,6646),(6646,6024,6016),(6032,6024,6646),(6040,6032,6646),(6646,6048,
6040),(6056,6048,6646),(6064,6056,6646),(6646,6072,6064),(6080,6072,6646),
(6088,6080,6646),(6646,6096,6088),(6104,6096,6646),(6112,6104,6646),(6646,
6120,6112),(6128,6120,6646),(6136,6128,6646),(6646,6144,6136),(6152,6144,
6646),(6160,6152,6646),(6646,6168,6160),(6646,6176,6168),(6184,6176,6646),
(6192,6184,6646),(6646,6200,6192),(6208,6200,6646),(6216,6208,6646),(6646,
6224,6216),(6232,6224,6646),(6240,6232,6646),(6646,6248,6240),(6256,6248,
6646),(6264,6256,6646),(6272,6264,6645),(6645,6264,6646),(6280,6272,6645),
(6288,6280,6645),(6645,6296,6288),(6304,6296,6645),(6312,6304,6645),(6645,
6320,6312),(6328,6320,6645),(6336,6328,6645),(6645,6344,6336),(6352,6344,
6645),(6360,6352,6645),(6645,6368,6360),(6376,6368,6645),(6384,6376,6645),
(6645,6392,6384),(6400,6392,6645),(6408,6400,6645),(6416,6408,6645),(6645,
6424,6416),(6432,6424,6645),(6440,6432,6645),(6645,6448,6440),(6456,6448,
6645),(6464,6456,6645),(6645,6472,6464),(6480,6472,6645),(6488,6480,6645),
(6645,6496,6488),(6504,6496,6645),(6512,6504,6645),(6645,6520,6512),(6528,
6520,6645),(6536,6528,6645),(6544,6536,6645),(6645,6552,6544),(6648,6650,
6652),(6654,6650,6648),(6649,6653,6656),(6658,6654,6648),(6659,6649,6660),
(6660,6649,6656),(6650,6662,6652),(6651,6664,6663),(6655,6667,6651),(6667,
6664,6651),(6652,6662,6668),(6653,6669,6670),(6656,6653,6670),(6662,6672,
6668),(6663,6674,6673),(6664,6674,6663),(6668,6672,6676),(6669,6677,6678),
(6670,6669,6678),(6672,6680,6676),(6673,6682,6681),(6674,6682,6673),(6676,
6680,6684),(6677,6685,6686),(6678,6677,6686),(6680,6688,6684),(6681,6690,
6689),(6682,6690,6681),(6684,6688,6692),(6685,6693,6694),(6686,6685,6694),
(6688,6696,6692),(6689,6698,6697),(6690,6698,6689),(6692,6696,6700),(6693,
6701,6702),(6694,6693,6702),(6696,6704,6700),(6697,6706,6705),(6698,6706,
6697),(6700,6704,6708),(6701,6709,6710),(6702,6701,6710),(6704,6712,6708),
(6705,6714,6713),(6706,6714,6705),(6708,6712,6716),(6709,6717,6718),(6710,
6709,6718),(6712,6720,6716),(6713,6722,6721),(6714,6722,6713),(6716,6720,
6724),(6717,6725,6726),(6718,6717,6726),(6720,6728,6724),(6721,6730,6729),
(6722,6730,6721),(6724,6728,6732),(6725,6733,6734),(6726,6725,6734),(6728,
6736,6732),(6729,6738,6737),(6730,6738,6729),(6732,6736,6740),(6733,6741,
6742),(6734,6733,6742),(6736,6744,6740),(6737,6746,6745),(6738,6746,6737),
(6740,6744,6748),(6741,6749,6750),(6742,6741,6750),(6744,6752,6748),(6745,
6754,6753),(6746,6754,6745),(6748,6752,6756),(6749,6757,6758),(6750,6749,
6758),(6752,6760,6756),(6753,6762,6761),(6754,6762,6753),(6756,6760,6764),
(6757,6765,6766),(6758,6757,6766),(6760,6768,6764),(6761,6770,6769),(6762,
6770,6761),(6764,6768,6772),(6765,6773,6774),(6766,6765,6774),(6768,6776,
6772),(6769,6778,6777),(6770,6778,6769),(6772,6776,6780),(6773,6781,6782),
(6774,6773,6782),(6776,6784,6780),(6777,6786,6785),(6778,6786,6777),(6780,
6784,6788),(6781,6789,6790),(6782,6781,6790),(6784,6792,6788),(6785,6794,
6793),(6786,6794,6785),(6788,6792,6796),(6789,6797,6798),(6790,6789,6798),
(6792,6800,6796),(6793,6802,6801),(6794,6802,6793),(6796,6800,6804),(6797,
6805,6806),(6798,6797,6806),(6800,6808,6804),(6801,6810,6809),(6802,6810,
6801),(6804,6808,6812),(6805,6813,6814),(6806,6805,6814),(6808,6816,6812),
(6809,6818,6817),(6810,6818,6809),(6812,6816,6820),(6813,6821,6822),(6814,
6813,6822),(6816,6824,6820),(6817,6826,6825),(6818,6826,6817),(6820,6824,
6828),(6821,6829,6830),(6822,6821,6830),(6824,6832,6828),(6825,6834,6833),
(6826,6834,6825),(6828,6832,6836),(6829,6837,6838),(6830,6829,6838),(6832,
6840,6836),(6833,6842,6841),(6834,6842,6833),(6836,6840,6844),(6837,6845,
6846),(6838,6837,6846),(6840,6848,6844),(6841,6850,6849),(6842,6850,6841),
(6844,6848,6852),(6845,6853,6854),(6846,6845,6854),(6848,6856,6852),(6849,
6858,6857),(6850,6858,6849),(6852,6856,6860),(6853,6861,6862),(6854,6853,
6862),(6856,6864,6860),(6857,6866,6865),(6858,6866,6857),(6860,6864,6868),
(6861,6869,6870),(6862,6861,6870),(6864,6872,6868),(6865,6874,6873),(6866,
6874,6865),(6868,6872,6876),(6869,6877,6878),(6870,6869,6878),(6872,6880,
6876),(6873,6882,6881),(6874,6882,6873),(6876,6880,6884),(6877,6885,6886),
(6878,6877,6886),(6880,6888,6884),(6881,6890,6889),(6882,6890,6881),(6884,
6888,6892),(6885,6893,6894),(6886,6885,6894),(6888,6896,6892),(6889,6898,
6897),(6890,6898,6889),(6892,6896,6900),(6893,6901,6902),(6894,6893,6902),
(6896,6904,6900),(6897,6906,6905),(6898,6906,6897),(6900,6904,6908),(6901,
6909,6910),(6902,6901,6910),(6904,6912,6908),(6905,6914,6913),(6906,6914,
6905),(6908,6912,6916),(6909,6917,6918),(6910,6909,6918),(6912,6920,6916),
(6913,6922,6921),(6914,6922,6913),(6916,6920,6924),(6917,6925,6926),(6918,
6917,6926),(6920,6928,6924),(6921,6930,6929),(6922,6930,6921),(6924,6928,
6932),(6925,6933,6934),(6926,6925,6934),(6928,6936,6932),(6929,6938,6937),
(6930,6938,6929),(6932,6936,6940),(6933,6941,6942),(6934,6933,6942),(6936,
6944,6940),(6937,6946,6945),(6938,6946,6937),(6940,6944,6948),(6941,6949,
6950),(6942,6941,6950),(6944,6952,6948),(6945,6954,6953),(6946,6954,6945),
(6948,6952,6956),(6949,6957,6958),(6950,6949,6958),(6952,6960,6956),(6953,
6962,6961),(6954,6962,6953),(6956,6960,6964),(6957,6965,6966),(6958,6957,
6966),(6960,6968,6964),(6961,6970,6969),(6962,6970,6961),(6964,6968,6972),
(6965,6973,6974),(6966,6965,6974),(6968,6976,6972),(6969,6978,6977),(6970,
6978,6969),(6972,6976,6980),(6973,6981,6982),(6974,6973,6982),(6976,6984,
6980),(6977,6986,6985),(6978,6986,6977),(6980,6984,6988),(6981,6989,6990),
(6982,6981,6990),(6984,6992,6988),(6985,6994,6993),(6986,6994,6985),(6988,
6992,6996),(6989,6997,6998),(6990,6989,6998),(6992,7000,6996),(6993,7002,
7001),(6994,7002,6993),(6996,7000,7004),(6997,7005,7006),(6998,6997,7006),
(7000,7008,7004),(7001,7010,7009),(7002,7010,7001),(7004,7008,7012),(7005,
7013,7014),(7006,7005,7014),(7008,7016,7012),(7009,7018,7017),(7010,7018,
7009),(7012,7016,7020),(7013,7021,7022),(7014,7013,7022),(7016,7024,7020),
(7017,7026,7025),(7018,7026,7017),(7020,7024,7028),(7021,7029,7030),(7022,
7021,7030),(7024,7032,7028),(7025,7034,7033),(7026,7034,7025),(7028,7032,
7036),(7029,7037,7038),(7030,7029,7038),(7032,7040,7036),(7033,7042,7041),
(7034,7042,7033),(7036,7040,7044),(7037,7045,7046),(7038,7037,7046),(7040,
7048,7044),(7041,7050,7049),(7042,7050,7041),(7044,7048,7052),(7045,7053,
7054),(7046,7045,7054),(7048,7056,7052),(7049,7058,7057),(7050,7058,7049),
(7052,7056,7060),(7053,7061,7062),(7054,7053,7062),(7056,7064,7060),(7057,
7066,7065),(7058,7066,7057),(7060,7064,7068),(7061,7069,7070),(7062,7061,
7070),(7064,7072,7068),(7065,7074,7073),(7066,7074,7065),(7068,7072,7076),
(7069,7077,7078),(7070,7069,7078),(7072,7080,7076),(7073,7082,7081),(7074,
7082,7073),(7076,7080,7084),(7077,7085,7086),(7078,7077,7086),(7080,7088,
7084),(7081,7090,7089),(7082,7090,7081),(7084,7088,7092),(7085,7093,7094),
(7086,7085,7094),(7088,7096,7092),(7089,7098,7097),(7090,7098,7089),(7092,
7096,7100),(7093,7101,7102),(7094,7093,7102),(7096,7104,7100),(7097,7106,
7105),(7098,7106,7097),(7100,7104,7108),(7101,7109,7110),(7102,7101,7110),
(7104,7112,7108),(7105,7114,7113),(7106,7114,7105),(7108,7112,7116),(7109,
7117,7118),(7110,7109,7118),(7112,7120,7116),(7113,7122,7121),(7114,7122,
7113),(7116,7120,7124),(7117,7125,7126),(7118,7117,7126),(7120,7128,7124),
(7121,7130,7129),(7122,7130,7121),(7124,7128,7132),(7125,7133,7134),(7126,
7125,7134),(7128,7136,7132),(7129,7138,7137),(7130,7138,7129),(7132,7136,
7140),(7133,7141,7142),(7134,7133,7142),(7136,7144,7140),(7137,7146,7145),
(7138,7146,7137),(7140,7144,7148),(7141,7149,7150),(7142,7141,7150),(7144,
7152,7148),(7145,7154,7153),(7146,7154,7145),(7148,7152,7156),(7149,7157,
7158),(7150,7149,7158),(7152,7160,7156),(7153,7162,7161),(7154,7162,7153),
(7156,7160,7164),(7157,7165,7166),(7158,7157,7166),(7160,7168,7164),(7161,
7170,7169),(7162,7170,7161),(7164,7168,7172),(7165,7173,7174),(7166,7165,
7174),(7168,7176,7172),(7169,7178,7177),(7170,7178,7169),(7172,7176,7180),
(7173,7181,7182),(7174,7173,7182),(7176,7184,7180),(7177,7186,7185),(7178,
7186,7177),(7180,7184,7188),(7181,7189,7190),(7182,7181,7190),(7184,7192,
7188),(7185,7194,7193),(7186,7194,7185),(7188,7192,7196),(7189,7197,7198),
(7190,7189,7198),(7192,7200,7196),(7193,7202,7201),(7194,7202,7193),(7196,
7200,7204),(7197,7205,7206),(7198,7197,7206),(7200,7208,7204),(7201,7210,
7209),(7202,7210,7201),(7204,7208,7212),(7205,7213,7214),(7206,7205,7214),
(7208,7216,7212),(7209,7218,7217),(7210,7218,7209),(7212,7216,7220),(7213,
7221,7222),(7214,7213,7222),(7216,7224,7220),(7217,7226,7225),(7218,7226,
7217),(7220,7224,7228),(7221,7229,7230),(7222,7221,7230),(7224,7232,7228),
(7225,7234,7233),(7226,7234,7225),(7228,7232,7236),(7229,7237,7238),(7230,
7229,7238),(7232,7240,7236),(7233,7242,7241),(7234,7242,7233),(7236,7240,
7244),(7237,7245,7246),(7238,7237,7246),(7240,7248,7244),(7241,7250,7249),
(7242,7250,7241),(7244,7248,7252),(7245,7253,7254),(7246,7245,7254),(7248,
7256,7252),(7249,7258,7257),(7250,7258,7249),(7252,7256,7260),(7253,7261,
7262),(7254,7253,7262),(7256,7264,7260),(7257,7266,7265),(7258,7266,7257),
(7260,7264,7268),(7261,7269,7270),(7262,7261,7270),(7264,7272,7268),(7265,
7274,7273),(7266,7274,7265),(7268,7272,7276),(7269,7277,7278),(7270,7269,
7278),(7272,7280,7276),(7273,7282,7281),(7274,7282,7273),(7276,7280,7284),
(7277,7285,7286),(7278,7277,7286),(7280,7288,7284),(7281,7290,7289),(7282,
7290,7281),(7284,7288,7292),(7285,7293,7294),(7286,7285,7294),(7288,7296,
7292),(7289,7298,7297),(7290,7298,7289),(7292,7296,7300),(7293,7301,7302),
(7294,7293,7302),(7296,7304,7300),(7297,7306,7305),(7298,7306,7297),(7300,
7304,7308),(7301,7309,7310),(7302,7301,7310),(7304,7312,7308),(7305,7314,
7313),(7306,7314,7305),(7308,7312,7316),(7309,7317,7318),(7310,7309,7318),
(7312,7320,7316),(7313,7322,7321),(7314,7322,7313),(7316,7320,7324),(7317,
7325,7326),(7318,7317,7326),(7320,7328,7324),(7321,7330,7329),(7322,7330,
7321),(7324,7328,7332),(7325,7333,7334),(7326,7325,7334),(7328,7336,7332),
(7329,7338,7337),(7330,7338,7329),(7332,7336,7340),(7333,7341,7342),(7334,
7333,7342),(7336,7344,7340),(7337,7346,7345),(7338,7346,7337),(7340,7344,
7348),(7341,7349,7350),(7342,7341,7350),(7344,7352,7348),(7345,7354,7353),
(7346,7354,7345),(7348,7352,7356),(7349,7357,7358),(7350,7349,7358),(7352,
7360,7356),(7353,7362,7361),(7354,7362,7353),(7356,7360,7364),(7357,7365,
7366),(7358,7357,7366),(7360,7368,7364),(7361,7370,7369),(7362,7370,7361),
(7364,7368,7372),(7365,7373,7374),(7366,7365,7374),(7368,7376,7372),(7369,
7378,7377),(7370,7378,7369),(7372,7376,7380),(7373,7381,7382),(7374,7373,
7382),(7376,7384,7380),(7377,7386,7385),(7378,7386,7377),(7380,7384,7388),
(7381,7389,7390),(7382,7381,7390),(7384,7392,7388),(7385,7394,7393),(7386,
7394,7385),(7388,7392,7396),(7389,7397,7398),(7390,7389,7398),(7392,7400,
7396),(7393,7402,7401),(7394,7402,7393),(7396,7400,7404),(7397,7405,7406),
(7398,7397,7406),(7400,7408,7404),(7401,7410,7409),(7402,7410,7401),(7404,
7408,7412),(7405,7413,7414),(7406,7405,7414),(7408,7416,7412),(7409,7418,
7417),(7410,7418,7409),(7412,7416,7420),(7413,7421,7422),(7414,7413,7422),
(7416,7424,7420),(7417,7426,7425),(7418,7426,7417),(7420,7424,7428),(7421,
7429,7430),(7422,7421,7430),(7424,7432,7428),(7425,7434,7433),(7426,7434,
7425),(7428,7432,7436),(7429,7437,7438),(7430,7429,7438),(7432,7440,7436),
(7433,7442,7441),(7434,7442,7433),(7436,7440,7444),(7437,7445,7446),(7438,
7437,7446),(7440,7448,7444),(7441,7450,7449),(7442,7450,7441),(7444,7448,
7452),(7445,7453,7454),(7446,7445,7454),(7448,7456,7452),(7449,7458,7457),
(7450,7458,7449),(7452,7456,7460),(7453,7461,7462),(7454,7453,7462),(7456,
7464,7460),(7457,7466,7465),(7458,7466,7457),(7460,7464,7468),(7461,7469,
7470),(7462,7461,7470),(7464,7472,7468),(7465,7474,7473),(7466,7474,7465),
(7468,7472,7476),(7469,7477,7478),(7470,7469,7478),(7472,7480,7476),(7473,
7482,7481),(7474,7482,7473),(7476,7480,7484),(7477,7485,7486),(7478,7477,
7486),(7480,7488,7484),(7481,7490,7489),(7482,7490,7481),(7484,7488,7492),
(7485,7493,7494),(7486,7485,7494),(7488,7496,7492),(7489,7498,7497),(7490,
7498,7489),(7492,7496,7500),(7493,7501,7502),(7494,7493,7502),(7496,7504,
7500),(7497,7506,7505),(7498,7506,7497),(7500,7504,7508),(7501,7509,7510),
(7502,7501,7510),(7504,7512,7508),(7505,7514,7513),(7506,7514,7505),(7508,
7512,7516),(7509,7517,7518),(7510,7509,7518),(7512,7520,7516),(7513,7522,
7521),(7514,7522,7513),(7516,7520,7524),(7517,7525,7526),(7518,7517,7526),
(7520,7528,7524),(7521,7530,7529),(7522,7530,7521),(7524,7528,7532),(7525,
7533,7534),(7526,7525,7534),(7528,7536,7532),(7529,7538,7537),(7530,7538,
7529),(7532,7536,7540),(7533,7541,7542),(7534,7533,7542),(7536,7544,7540),
(7537,7546,7545),(7538,7546,7537),(7540,7544,7548),(7541,7549,7550),(7542,
7541,7550),(7544,7552,7548),(7545,7554,7553),(7546,7554,7545),(7548,7552,
7556),(7549,7557,7558),(7550,7549,7558),(7552,7560,7556),(7553,7562,7561),
(7554,7562,7553),(7556,7560,7564),(7557,7565,7566),(7558,7557,7566),(7560,
7568,7564),(7561,7570,7569),(7562,7570,7561),(7564,7568,7572),(7565,7573,
7574),(7566,7565,7574),(7568,7576,7572),(7569,7578,7577),(7570,7578,7569),
(7572,7576,7580),(7573,7581,7582),(7574,7573,7582),(7576,7584,7580),(7577,
7586,7585),(7578,7586,7577),(7580,7584,7588),(7581,7589,7590),(7582,7581,
7590),(7584,7592,7588),(7585,7594,7593),(7586,7594,7585),(7588,7592,7596),
(7589,7597,7598),(7590,7589,7598),(7592,7600,7596),(7593,7602,7601),(7594,
7602,7593),(7596,7600,7604),(7597,7605,7606),(7598,7597,7606),(7600,7608,
7604),(7601,7610,7609),(7602,7610,7601),(7604,7608,7612),(7605,7613,7614),
(7606,7605,7614),(7608,7616,7612),(7609,7618,7617),(7610,7618,7609),(7612,
7616,7620),(7613,7621,7622),(7614,7613,7622),(7616,7624,7620),(7617,7626,
7625),(7618,7626,7617),(7620,7624,7628),(7621,7629,7630),(7622,7621,7630),
(7624,7632,7628),(7625,7634,7633),(7626,7634,7625),(7628,7632,7636),(7629,
7637,7638),(7630,7629,7638),(7632,7640,7636),(7633,7642,7641),(7634,7642,
7633),(7636,7640,7644),(7637,7645,7646),(7638,7637,7646),(7640,7648,7644),
(7641,7650,7649),(7642,7650,7641),(7644,7648,7652),(7645,7653,7654),(7646,
7645,7654),(7648,7656,7652),(7649,7658,7657),(7650,7658,7649),(7652,7656,
7660),(7653,7661,7662),(7654,7653,7662),(7656,7664,7660),(7657,7666,7665),
(7658,7666,7657),(7660,7664,7668),(7661,7669,7670),(7662,7661,7670),(7664,
7672,7668),(7665,7674,7673),(7666,7674,7665),(7668,7672,7676),(7669,7677,
7678),(7670,7669,7678),(7672,7680,7676),(7673,7682,7681),(7674,7682,7673),
(7676,7680,7684),(7677,7685,7686),(7678,7677,7686),(7680,7688,7684),(7681,
7690,7689),(7682,7690,7681),(7684,7688,7692),(7685,7693,7694),(7686,7685,
7694),(7688,7696,7692),(7689,7698,7697),(7690,7698,7689),(7692,7696,7700),
(7693,7701,7702),(7694,7693,7702),(7696,7704,7700),(7697,7706,7705),(7698,
7706,7697),(7700,7704,7708),(7701,7709,7710),(7702,7701,7710),(7704,7712,
7708),(7705,7714,7713),(7706,7714,7705),(7708,7712,7716),(7709,7717,7718),
(7710,7709,7718),(7712,7720,7716),(7713,7722,7721),(7714,7722,7713),(7716,
7720,7724),(7717,7725,7726),(7718,7717,7726),(7720,7728,7724),(7721,7730,
7729),(7722,7730,7721),(7724,7728,7732),(7725,7733,7734),(7726,7725,7734),
(7728,7736,7732),(7729,7738,7737),(7730,7738,7729),(7732,7736,7740),(7733,
7741,7742),(7734,7733,7742),(7736,7744,7740),(7737,7746,7745),(7738,7746,
7737),(7740,7744,7748),(7741,7749,7750),(7742,7741,7750),(7744,7752,7748),
(7745,7754,7753),(7746,7754,7745),(7748,7752,7756),(7749,7757,7758),(7750,
7749,7758),(7752,7760,7756),(7753,7762,7761),(7754,7762,7753),(7756,7760,
7764),(7757,7765,7766),(7758,7757,7766),(7760,7768,7764),(7761,7770,7769),
(7762,7770,7761),(7764,7768,7772),(7765,7773,7774),(7766,7765,7774),(7768,
7776,7772),(7769,7778,7777),(7770,7778,7769),(7772,7776,7780),(7773,7781,
7782),(7774,7773,7782),(7776,7784,7780),(7777,7786,7785),(7778,7786,7777),
(7780,7784,7788),(7781,7789,7790),(7782,7781,7790),(7784,7792,7788),(7785,
7794,7793),(7786,7794,7785),(7788,7792,6658),(7789,6659,7796),(7790,7789,
7796),(7792,6654,6658),(7793,7798,6655),(7794,7798,7793),(7796,6659,6660),
(7798,6667,6655),(7291,7283,6645),(7283,7275,7800),(6645,7283,7800),(7299,
7291,6645),(6645,7307,7299),(7315,7307,6645),(7323,7315,6645),(6645,7331,
7323),(7339,7331,6645),(7347,7339,6645),(7355,7347,6645),(6645,7363,7355),
(7371,7363,6645),(7379,7371,6645),(6645,7387,7379),(7395,7387,6645),(7403,
7395,6645),(6645,7411,7403),(7419,7411,6645),(7427,7419,6645),(6645,7435,
7427),(6645,7443,7435),(7451,7443,6645),(7459,7451,6645),(6645,7467,7459),
(7475,7467,6645),(7483,7475,6645),(6645,7491,7483),(7499,7491,6645),(7507,
7499,6645),(6645,7515,7507),(7523,7515,6645),(7531,7523,6645),(6645,7539,
7531),(7547,7539,6645),(7555,7547,6645),(7555,6645,7563),(6645,7571,7563),
(6645,7579,7571),(7587,7579,6645),(7595,7587,6646),(6646,7587,6645),(7603,
7595,6646),(7611,7603,6646),(6646,7619,7611),(7627,7619,6646),(7635,7627,
6646),(7635,6646,7643),(6646,7651,7643),(6646,7659,7651),(7667,7659,6646),
(7675,7667,6646),(6646,7683,7675),(7691,7683,6646),(7699,7691,6646),(6646,
7707,7699),(7715,7707,6646),(7723,7715,6646),(6646,7731,7723),(7739,7731,
6646),(7747,7739,6646),(6646,7755,7747),(6646,7763,7755),(7771,7763,6646),
(7779,7771,6646),(6646,7787,7779),(7795,7787,6646),(7799,7795,6646),(6666,
7799,6646),(6665,6666,6646),(6646,6675,6665),(6683,6675,6646),(6691,6683,
6646),(6646,6699,6691),(6707,6699,6646),(6715,6707,7801),(7801,6707,6646),
(6723,6715,7801),(7801,6731,6723),(6739,6731,7801),(6747,6739,7801),(7801,
6755,6747),(6763,6755,7801),(6771,6763,7801),(7801,6779,6771),(6787,6779,
7801),(6795,6787,7801),(7801,6803,6795),(6811,6803,7801),(6819,6811,7801),
(7801,6827,6819),(6835,6827,7801),(6843,6835,7801),(7801,6851,6843),(6859,
6851,7801),(6867,6859,7801),(7801,6875,6867),(6883,6875,7801),(6891,6883,
7801),(7801,6899,6891),(6907,6899,7801),(6915,6907,7801),(7801,6923,6915),
(6931,6923,7801),(6939,6931,7801),(7801,6947,6939),(6955,6947,7801),(6963,
6955,7801),(6971,6963,7801),(7801,6979,6971),(6987,6979,7801),(6995,6987,
7800),(7800,6987,7801),(7003,6995,7800),(7800,7011,7003),(7019,7011,7800),
(7027,7019,7800),(7035,7027,7800),(7800,7043,7035),(7051,7043,7800),(7059,
7051,7800),(7059,7800,7067),(7800,7075,7067),(7800,7083,7075),(7091,7083,
7800),(7099,7091,7800),(7800,7107,7099),(7115,7107,7800),(7123,7115,7800),
(7131,7123,7800),(7139,7131,7800),(7800,7147,7139),(7155,7147,7800),(7163,
7155,7800),(7171,7163,7800),(7179,7171,7800),(7800,7187,7179),(7195,7187,
7800),(7203,7195,7800),(7800,7211,7203),(7219,7211,7800),(7227,7219,7800),
(7235,7227,7800),(7243,7235,7800),(7800,7251,7243),(7259,7251,7800),(7267,
7259,7800),(7800,7275,7267),(7803,7805,7807),(7809,7805,7803),(7804,7808,
7811),(7813,7809,7803),(7814,7804,7815),(7815,7804,7811),(7805,7817,7807),
(7806,7819,7818),(7810,7822,7806),(7822,7819,7806),(7807,7817,7823),(7808,
7824,7825),(7811,7808,7825),(7817,7827,7823),(7818,7829,7828),(7819,7829,
7818),(7823,7827,7831),(7824,7832,7833),(7825,7824,7833),(7827,7835,7831),
(7828,7837,7836),(7829,7837,7828),(7831,7835,7839),(7832,7840,7841),(7833,
7832,7841),(7835,7843,7839),(7836,7845,7844),(7837,7845,7836),(7839,7843,
7847),(7840,7848,7849),(7841,7840,7849),(7843,7851,7847),(7844,7853,7852),
(7845,7853,7844),(7847,7851,7855),(7848,7856,7857),(7849,7848,7857),(7851,
7859,7855),(7852,7861,7860),(7853,7861,7852),(7855,7859,7863),(7856,7864,
7865),(7857,7856,7865),(7859,7867,7863),(7860,7869,7868),(7861,7869,7860),
(7863,7867,7871),(7864,7872,7873),(7865,7864,7873),(7867,7875,7871),(7868,
7877,7876),(7869,7877,7868),(7871,7875,7879),(7872,7880,7881),(7873,7872,
7881),(7875,7883,7879),(7876,7885,7884),(7877,7885,7876),(7879,7883,7887),
(7880,7888,7889),(7881,7880,7889),(7883,7891,7887),(7884,7893,7892),(7885,
7893,7884),(7887,7891,7895),(7888,7896,7897),(7889,7888,7897),(7891,7899,
7895),(7892,7901,7900),(7893,7901,7892),(7895,7899,7903),(7896,7904,7905),
(7897,7896,7905),(7899,7907,7903),(7900,7909,7908),(7901,7909,7900),(7903,
7907,7911),(7904,7912,7913),(7905,7904,7913),(7907,7915,7911),(7908,7917,
7916),(7909,7917,7908),(7911,7915,7919),(7912,7920,7921),(7913,7912,7921),
(7915,7923,7919),(7916,7925,7924),(7917,7925,7916),(7919,7923,7927),(7920,
7928,7929),(7921,7920,7929),(7923,7931,7927),(7924,7933,7932),(7925,7933,
7924),(7927,7931,7935),(7928,7936,7937),(7929,7928,7937),(7931,7939,7935),
(7932,7941,7940),(7933,7941,7932),(7935,7939,7943),(7936,7944,7945),(7937,
7936,7945),(7939,7947,7943),(7940,7949,7948),(7941,7949,7940),(7943,7947,
7951),(7944,7952,7953),(7945,7944,7953),(7947,7955,7951),(7948,7957,7956),
(7949,7957,7948),(7951,7955,7959),(7952,7960,7961),(7953,7952,7961),(7955,
7963,7959),(7956,7965,7964),(7957,7965,7956),(7959,7963,7967),(7960,7968,
7969),(7961,7960,7969),(7963,7971,7967),(7964,7973,7972),(7965,7973,7964),
(7967,7971,7975),(7968,7976,7977),(7969,7968,7977),(7971,7979,7975),(7972,
7981,7980),(7973,7981,7972),(7975,7979,7983),(7976,7984,7985),(7977,7976,
7985),(7979,7987,7983),(7980,7989,7988),(7981,7989,7980),(7983,7987,7991),
(7984,7992,7993),(7985,7984,7993),(7987,7995,7991),(7988,7997,7996),(7989,
7997,7988),(7991,7995,7999),(7992,8000,8001),(7993,7992,8001),(7995,8003,
7999),(7996,8005,8004),(7997,8005,7996),(7999,8003,8007),(8000,8008,8009),
(8001,8000,8009),(8003,8011,8007),(8004,8013,8012),(8005,8013,8004),(8007,
8011,8015),(8008,8016,8017),(8009,8008,8017),(8011,8019,8015),(8012,8021,
8020),(8013,8021,8012),(8015,8019,8023),(8016,8024,8025),(8017,8016,8025),
(8019,8027,8023),(8020,8029,8028),(8021,8029,8020),(8023,8027,8031),(8024,
8032,8033),(8025,8024,8033),(8027,8035,8031),(8028,8037,8036),(8029,8037,
8028),(8031,8035,8039),(8032,8040,8041),(8033,8032,8041),(8035,8043,8039),
(8036,8045,8044),(8037,8045,8036),(8039,8043,8047),(8040,8048,8049),(8041,
8040,8049),(8043,8051,8047),(8044,8053,8052),(8045,8053,8044),(8047,8051,
8055),(8048,8056,8057),(8049,8048,8057),(8051,8059,8055),(8052,8061,8060),
(8053,8061,8052),(8055,8059,8063),(8056,8064,8065),(8057,8056,8065),(8059,
8067,8063),(8060,8069,8068),(8061,8069,8060),(8063,8067,8071),(8064,8072,
8073),(8065,8064,8073),(8067,8075,8071),(8068,8077,8076),(8069,8077,8068),
(8071,8075,8079),(8072,8080,8081),(8073,8072,8081),(8075,8083,8079),(8076,
8085,8084),(8077,8085,8076),(8079,8083,8087),(8080,8088,8089),(8081,8080,
8089),(8083,8091,8087),(8084,8093,8092),(8085,8093,8084),(8087,8091,8095),
(8088,8096,8097),(8089,8088,8097),(8091,8099,8095),(8092,8101,8100),(8093,
8101,8092),(8095,8099,8103),(8096,8104,8105),(8097,8096,8105),(8099,8107,
8103),(8100,8109,8108),(8101,8109,8100),(8103,8107,8111),(8104,8112,8113),
(8105,8104,8113),(8107,8115,8111),(8108,8117,8116),(8109,8117,8108),(8111,
8115,8119),(8112,8120,8121),(8113,8112,8121),(8115,8123,8119),(8116,8125,
8124),(8117,8125,8116),(8119,8123,8127),(8120,8128,8129),(8121,8120,8129),
(8123,8131,8127),(8124,8133,8132),(8125,8133,8124),(8127,8131,8135),(8128,
8136,8137),(8129,8128,8137),(8131,8139,8135),(8132,8141,8140),(8133,8141,
8132),(8135,8139,8143),(8136,8144,8145),(8137,8136,8145),(8139,8147,8143),
(8140,8149,8148),(8141,8149,8140),(8143,8147,8151),(8144,8152,8153),(8145,
8144,8153),(8147,8155,8151),(8148,8157,8156),(8149,8157,8148),(8151,8155,
8159),(8152,8160,8161),(8153,8152,8161),(8155,8163,8159),(8156,8165,8164),
(8157,8165,8156),(8159,8163,8167),(8160,8168,8169),(8161,8160,8169),(8163,
8171,8167),(8164,8173,8172),(8165,8173,8164),(8167,8171,8175),(8168,8176,
8177),(8169,8168,8177),(8171,8179,8175),(8172,8181,8180),(8173,8181,8172),
(8175,8179,8183),(8176,8184,8185),(8177,8176,8185),(8179,8187,8183),(8180,
8189,8188),(8181,8189,8180),(8183,8187,8191),(8184,8192,8193),(8185,8184,
8193),(8187,8195,8191),(8188,8197,8196),(8189,8197,8188),(8191,8195,8199),
(8192,8200,8201),(8193,8192,8201),(8195,8203,8199),(8196,8205,8204),(8197,
8205,8196),(8199,8203,8207),(8200,8208,8209),(8201,8200,8209),(8203,8211,
8207),(8204,8213,8212),(8205,8213,8204),(8207,8211,8215),(8208,8216,8217),
(8209,8208,8217),(8211,8219,8215),(8212,8221,8220),(8213,8221,8212),(8215,
8219,8223),(8216,8224,8225),(8217,8216,8225),(8219,8227,8223),(8220,8229,
8228),(8221,8229,8220),(8223,8227,8231),(8224,8232,8233),(8225,8224,8233),
(8227,8235,8231),(8228,8237,8236),(8229,8237,8228),(8231,8235,8239),(8232,
8240,8241),(8233,8232,8241),(8235,8243,8239),(8236,8245,8244),(8237,8245,
8236),(8239,8243,8247),(8240,8248,8249),(8241,8240,8249),(8243,8251,8247),
(8244,8253,8252),(8245,8253,8244),(8247,8251,8255),(8248,8256,8257),(8249,
8248,8257),(8251,8259,8255),(8252,8261,8260),(8253,8261,8252),(8255,8259,
8263),(8256,8264,8265),(8257,8256,8265),(8259,8267,8263),(8260,8269,8268),
(8261,8269,8260),(8263,8267,8271),(8264,8272,8273),(8265,8264,8273),(8267,
8275,8271),(8268,8277,8276),(8269,8277,8268),(8271,8275,8279),(8272,8280,
8281),(8273,8272,8281),(8275,8283,8279),(8276,8285,8284),(8277,8285,8276),
(8279,8283,8287),(8280,8288,8289),(8281,8280,8289),(8283,8291,8287),(8284,
8293,8292),(8285,8293,8284),(8287,8291,8295),(8288,8296,8297),(8289,8288,
8297),(8291,8299,8295),(8292,8301,8300),(8293,8301,8292),(8295,8299,8303),
(8296,8304,8305),(8297,8296,8305),(8299,8307,8303),(8300,8309,8308),(8301,
8309,8300),(8303,8307,8311),(8304,8312,8313),(8305,8304,8313),(8307,8315,
8311),(8308,8317,8316),(8309,8317,8308),(8311,8315,8319),(8312,8320,8321),
(8313,8312,8321),(8315,8323,8319),(8316,8325,8324),(8317,8325,8316),(8319,
8323,8327),(8320,8328,8329),(8321,8320,8329),(8323,8331,8327),(8324,8333,
8332),(8325,8333,8324),(8327,8331,8335),(8328,8336,8337),(8329,8328,8337),
(8331,8339,8335),(8332,8341,8340),(8333,8341,8332),(8335,8339,8343),(8336,
8344,8345),(8337,8336,8345),(8339,8347,8343),(8340,8349,8348),(8341,8349,
8340),(8343,8347,8351),(8344,8352,8353),(8345,8344,8353),(8347,8355,8351),
(8348,8357,8356),(8349,8357,8348),(8351,8355,8359),(8352,8360,8361),(8353,
8352,8361),(8355,8363,8359),(8356,8365,8364),(8357,8365,8356),(8359,8363,
8367),(8360,8368,8369),(8361,8360,8369),(8363,8371,8367),(8364,8373,8372),
(8365,8373,8364),(8367,8371,8375),(8368,8376,8377),(8369,8368,8377),(8371,
8379,8375),(8372,8381,8380),(8373,8381,8372),(8375,8379,8383),(8376,8384,
8385),(8377,8376,8385),(8379,8387,8383),(8380,8389,8388),(8381,8389,8380),
(8383,8387,8391),(8384,8392,8393),(8385,8384,8393),(8387,8395,8391),(8388,
8397,8396),(8389,8397,8388),(8391,8395,8399),(8392,8400,8401),(8393,8392,
8401),(8395,8403,8399),(8396,8405,8404),(8397,8405,8396),(8399,8403,8407),
(8400,8408,8409),(8401,8400,8409),(8403,8411,8407),(8404,8413,8412),(8405,
8413,8404),(8407,8411,8415),(8408,8416,8417),(8409,8408,8417),(8411,8419,
8415),(8412,8421,8420),(8413,8421,8412),(8415,8419,8423),(8416,8424,8425),
(8417,8416,8425),(8419,8427,8423),(8420,8429,8428),(8421,8429,8420),(8423,
8427,8431),(8424,8432,8433),(8425,8424,8433),(8427,8435,8431),(8428,8437,
8436),(8429,8437,8428),(8431,8435,8439),(8432,8440,8441),(8433,8432,8441),
(8435,8443,8439),(8436,8445,8444),(8437,8445,8436),(8439,8443,8447),(8440,
8448,8449),(8441,8440,8449),(8443,8451,8447),(8444,8453,8452),(8445,8453,
8444),(8447,8451,8455),(8448,8456,8457),(8449,8448,8457),(8451,8459,8455),
(8452,8461,8460),(8453,8461,8452),(8455,8459,8463),(8456,8464,8465),(8457,
8456,8465),(8459,8467,8463),(8460,8469,8468),(8461,8469,8460),(8463,8467,
8471),(8464,8472,8473),(8465,8464,8473),(8467,8475,8471),(8468,8477,8476),
(8469,8477,8468),(8471,8475,8479),(8472,8480,8481),(8473,8472,8481),(8475,
8483,8479),(8476,8485,8484),(8477,8485,8476),(8479,8483,8487),(8480,8488,
8489),(8481,8480,8489),(8483,8491,8487),(8484,8493,8492),(8485,8493,8484),
(8487,8491,8495),(8488,8496,8497),(8489,8488,8497),(8491,8499,8495),(8492,
8501,8500),(8493,8501,8492),(8495,8499,8503),(8496,8504,8505),(8497,8496,
8505),(8499,8507,8503),(8500,8509,8508),(8501,8509,8500),(8503,8507,8511),
(8504,8512,8513),(8505,8504,8513),(8507,8515,8511),(8508,8517,8516),(8509,
8517,8508),(8511,8515,8519),(8512,8520,8521),(8513,8512,8521),(8515,8523,
8519),(8516,8525,8524),(8517,8525,8516),(8519,8523,8527),(8520,8528,8529),
(8521,8520,8529),(8523,8531,8527),(8524,8533,8532),(8525,8533,8524),(8527,
8531,8535),(8528,8536,8537),(8529,8528,8537),(8531,8539,8535),(8532,8541,
8540),(8533,8541,8532),(8535,8539,8543),(8536,8544,8545),(8537,8536,8545),
(8539,8547,8543),(8540,8549,8548),(8541,8549,8540),(8543,8547,8551),(8544,
8552,8553),(8545,8544,8553),(8547,8555,8551),(8548,8557,8556),(8549,8557,
8548),(8551,8555,8559),(8552,8560,8561),(8553,8552,8561),(8555,8563,8559),
(8556,8565,8564),(8557,8565,8556),(8559,8563,8567),(8560,8568,8569),(8561,
8560,8569),(8563,8571,8567),(8564,8573,8572),(8565,8573,8564),(8567,8571,
8575),(8568,8576,8577),(8569,8568,8577),(8571,8579,8575),(8572,8581,8580),
(8573,8581,8572),(8575,8579,8583),(8576,8584,8585),(8577,8576,8585),(8579,
8587,8583),(8580,8589,8588),(8581,8589,8580),(8583,8587,8591),(8584,8592,
8593),(8585,8584,8593),(8587,8595,8591),(8588,8597,8596),(8589,8597,8588),
(8591,8595,8599),(8592,8600,8601),(8593,8592,8601),(8595,8603,8599),(8596,
8605,8604),(8597,8605,8596),(8599,8603,8607),(8600,8608,8609),(8601,8600,
8609),(8603,8611,8607),(8604,8613,8612),(8605,8613,8604),(8607,8611,8615),
(8608,8616,8617),(8609,8608,8617),(8611,8619,8615),(8612,8621,8620),(8613,
8621,8612),(8615,8619,8623),(8616,8624,8625),(8617,8616,8625),(8619,8627,
8623),(8620,8629,8628),(8621,8629,8620),(8623,8627,8631),(8624,8632,8633),
(8625,8624,8633),(8627,8635,8631),(8628,8637,8636),(8629,8637,8628),(8631,
8635,8639),(8632,8640,8641),(8633,8632,8641),(8635,8643,8639),(8636,8645,
8644),(8637,8645,8636),(8639,8643,8647),(8640,8648,8649),(8641,8640,8649),
(8643,8651,8647),(8644,8653,8652),(8645,8653,8644),(8647,8651,8655),(8648,
8656,8657),(8649,8648,8657),(8651,8659,8655),(8652,8661,8660),(8653,8661,
8652),(8655,8659,8663),(8656,8664,8665),(8657,8656,8665),(8659,8667,8663),
(8660,8669,8668),(8661,8669,8660),(8663,8667,8671),(8664,8672,8673),(8665,
8664,8673),(8667,8675,8671),(8668,8677,8676),(8669,8677,8668),(8671,8675,
8679),(8672,8680,8681),(8673,8672,8681),(8675,8683,8679),(8676,8685,8684),
(8677,8685,8676),(8679,8683,8687),(8680,8688,8689),(8681,8680,8689),(8683,
8691,8687),(8684,8693,8692),(8685,8693,8684),(8687,8691,8695),(8688,8696,
8697),(8689,8688,8697),(8691,8699,8695),(8692,8701,8700),(8693,8701,8692),
(8695,8699,8703),(8696,8704,8705),(8697,8696,8705),(8699,8707,8703),(8700,
8709,8708),(8701,8709,8700),(8703,8707,8711),(8704,8712,8713),(8705,8704,
8713),(8707,8715,8711),(8708,8717,8716),(8709,8717,8708),(8711,8715,8719),
(8712,8720,8721),(8713,8712,8721),(8715,8723,8719),(8716,8725,8724),(8717,
8725,8716),(8719,8723,8727),(8720,8728,8729),(8721,8720,8729),(8723,8731,
8727),(8724,8733,8732),(8725,8733,8724),(8727,8731,8735),(8728,8736,8737),
(8729,8728,8737),(8731,8739,8735),(8732,8741,8740),(8733,8741,8732),(8735,
8739,8743),(8736,8744,8745),(8737,8736,8745),(8739,8747,8743),(8740,8749,
8748),(8741,8749,8740),(8743,8747,8751),(8744,8752,8753),(8745,8744,8753),
(8747,8755,8751),(8748,8757,8756),(8749,8757,8748),(8751,8755,8759),(8752,
8760,8761),(8753,8752,8761),(8755,8763,8759),(8756,8765,8764),(8757,8765,
8756),(8759,8763,8767),(8760,8768,8769),(8761,8760,8769),(8763,8771,8767),
(8764,8773,8772),(8765,8773,8764),(8767,8771,8775),(8768,8776,8777),(8769,
8768,8777),(8771,8779,8775),(8772,8781,8780),(8773,8781,8772),(8775,8779,
8783),(8776,8784,8785),(8777,8776,8785),(8779,8787,8783),(8780,8789,8788),
(8781,8789,8780),(8783,8787,8791),(8784,8792,8793),(8785,8784,8793),(8787,
8795,8791),(8788,8797,8796),(8789,8797,8788),(8791,8795,8799),(8792,8800,
8801),(8793,8792,8801),(8795,8803,8799),(8796,8805,8804),(8797,8805,8796),
(8799,8803,8807),(8800,8808,8809),(8801,8800,8809),(8803,8811,8807),(8804,
8813,8812),(8805,8813,8804),(8807,8811,8815),(8808,8816,8817),(8809,8808,
8817),(8811,8819,8815),(8812,8821,8820),(8813,8821,8812),(8815,8819,8823),
(8816,8824,8825),(8817,8816,8825),(8819,8827,8823),(8820,8829,8828),(8821,
8829,8820),(8823,8827,8831),(8824,8832,8833),(8825,8824,8833),(8827,8835,
8831),(8828,8837,8836),(8829,8837,8828),(8831,8835,8839),(8832,8840,8841),
(8833,8832,8841),(8835,8843,8839),(8836,8845,8844),(8837,8845,8836),(8839,
8843,8847),(8840,8848,8849),(8841,8840,8849),(8843,8851,8847),(8844,8853,
8852),(8845,8853,8844),(8847,8851,8855),(8848,8856,8857),(8849,8848,8857),
(8851,8859,8855),(8852,8861,8860),(8853,8861,8852),(8855,8859,8863),(8856,
8864,8865),(8857,8856,8865),(8859,8867,8863),(8860,8869,8868),(8861,8869,
8860),(8863,8867,8871),(8864,8872,8873),(8865,8864,8873),(8867,8875,8871),
(8868,8877,8876),(8869,8877,8868),(8871,8875,8879),(8872,8880,8881),(8873,
8872,8881),(8875,8883,8879),(8876,8885,8884),(8877,8885,8876),(8879,8883,
8887),(8880,8888,8889),(8881,8880,8889),(8883,8891,8887),(8884,8893,8892),
(8885,8893,8884),(8887,8891,8895),(8888,8896,8897),(8889,8888,8897),(8891,
8899,8895),(8892,8901,8900),(8893,8901,8892),(8895,8899,8903),(8896,8904,
8905),(8897,8896,8905),(8899,8907,8903),(8900,8909,8908),(8901,8909,8900),
(8903,8907,8911),(8904,8912,8913),(8905,8904,8913),(8907,8915,8911),(8908,
8917,8916),(8909,8917,8908),(8911,8915,8919),(8912,8920,8921),(8913,8912,
8921),(8915,8923,8919),(8916,8925,8924),(8917,8925,8916),(8919,8923,8927),
(8920,8928,8929),(8921,8920,8929),(8923,8931,8927),(8924,8933,8932),(8925,
8933,8924),(8927,8931,8935),(8928,8936,8937),(8929,8928,8937),(8931,8939,
8935),(8932,8941,8940),(8933,8941,8932),(8935,8939,8943),(8936,8944,8945),
(8937,8936,8945),(8939,8947,8943),(8940,8949,8948),(8941,8949,8940),(8943,
8947,7813),(8944,7814,8951),(8945,8944,8951),(8947,7809,7813),(8948,8953,
7810),(8949,8953,8948),(8951,7814,7815),(8953,7822,7810),(8438,8955,8446),
(8955,8438,8430),(8446,7800,8454),(8955,7800,8446),(7800,8462,8454),(8470,
8462,7800),(8478,8470,7800),(7800,8486,8478),(8494,8486,7800),(8502,8494,
7800),(7800,8510,8502),(8518,8510,7800),(8526,8518,7800),(7800,8534,8526),
(8542,8534,7800),(8550,8542,7800),(7800,8558,8550),(8566,8558,7800),(8574,
8566,7800),(7800,8582,8574),(8590,8582,7800),(8598,8590,7800),(7800,8606,
8598),(8614,8606,7800),(8622,8614,7800),(7800,8630,8622),(8638,8630,7800),
(8646,8638,7800),(7800,8654,8646),(8662,8654,7800),(8670,8662,7800),(8678,
8670,7800),(7800,8686,8678),(8694,8686,7800),(8702,8694,7800),(7800,8710,
8702),(8718,8710,7800),(8726,8718,7800),(7800,8734,8726),(8742,8734,7800),
(8750,8742,7801),(7801,8742,7800),(8758,8750,7801),(7801,8766,8758),(8774,
8766,7801),(8782,8774,7801),(8782,7801,8790),(7801,8798,8790),(7801,8806,
8798),(8814,8806,7801),(8822,8814,7801),(7801,8830,8822),(8838,8830,7801),
(8846,8838,7801),(8854,8846,7801),(7801,8862,8854),(8870,8862,7801),(8878,
8870,7801),(7801,8886,8878),(8894,8886,7801),(8902,8894,7801),(7801,8910,
8902),(8918,8910,7801),(8926,8918,7801),(7801,8934,8926),(8942,8934,7801),
(8950,8942,7801),(7801,8954,8950),(7821,8954,7801),(7820,7821,7801),(7830,
7820,7801),(7801,7838,7830),(7846,7838,7801),(7854,7846,8956),(8956,7846,
7801),(7862,7854,8956),(8956,7870,7862),(7878,7870,8956),(7886,7878,8956),
(8956,7894,7886),(7902,7894,8956),(7910,7902,8956),(8956,7918,7910),(7926,
7918,8956),(7934,7926,8956),(8956,7942,7934),(7950,7942,8956),(7958,7950,
8956),(8956,7966,7958),(7974,7966,8956),(7982,7974,8956),(8956,7990,7982),
(7998,7990,8956),(8006,7998,8956),(8956,8014,8006),(8022,8014,8956),(8030,
8022,8956),(8038,8030,8956),(8046,8038,8956),(8956,8054,8046),(8062,8054,
8956),(8070,8062,8956),(8956,8078,8070),(8086,8078,8956),(8094,8086,8956),
(8102,8094,8956),(8956,8110,8102),(8118,8110,8956),(8126,8118,8956),(8956,
8134,8126),(8142,8134,8956),(8150,8142,8955),(8955,8142,8956),(8158,8150,
8955),(8955,8166,8158),(8955,8174,8166),(8182,8174,8955),(8190,8182,8955),
(8955,8198,8190),(8206,8198,8955),(8214,8206,8955),(8222,8214,8955),(8955,
8230,8222),(8238,8230,8955),(8246,8238,8955),(8955,8254,8246),(8262,8254,
8955),(8270,8262,8955),(8278,8270,8955),(8286,8278,8955),(8955,8294,8286),
(8302,8294,8955),(8310,8302,8955),(8955,8318,8310),(8326,8318,8955),(8334,
8326,8955),(8955,8342,8334),(8350,8342,8955),(8358,8350,8955),(8955,8366,
8358),(8374,8366,8955),(8382,8374,8955),(8955,8390,8382),(8398,8390,8955),
(8406,8398,8955),(8955,8414,8406),(8422,8414,8955),(8430,8422,8955),(8958,
6548,6556),(6540,6548,8958),(6556,6564,8958),(6564,6572,8958),(8958,6572,
6580),(6580,6588,8958),(6588,6596,8958),(8958,6596,6604),(6604,6612,8958),
(6612,6620,8958),(6620,6628,8958),(8958,6628,6636),(6636,6642,8958),(6642,
5506,8958),(8958,5506,5502),(5502,5516,8958),(5516,5524,8958),(8958,5524,
5532),(5532,5540,8958),(5540,5548,8958),(5548,5556,8958),(5556,5564,8958),
(8958,5564,5572),(5572,5580,8958),(5580,5588,8958),(5588,5596,8958),(5596,
5604,8958),(8958,5604,5612),(5612,5620,8958),(5620,5628,8958),(8958,5628,
5636),(5636,5644,8958),(5644,5652,8958),(5652,5660,8958),(5660,5668,8958),
(8958,5668,5676),(5676,5684,8958),(5684,5692,8958),(5692,5700,8960),(8958,
5692,8960),(8960,5700,5708),(5708,5716,8960),(5716,5724,8960),(8960,5724,
5732),(8960,5732,5740),(5740,5748,8960),(5748,5756,8960),(8960,5756,5764),
(8960,5764,5772),(5772,5780,8960),(5780,5788,8960),(8960,5788,5796),(5796,
5804,8960),(5804,5812,8960),(5812,5820,8960),(5820,5828,8960),(8960,5828,
5836),(5836,5844,8960),(5844,5852,8960),(8960,5852,5860),(5860,5868,8960),
(5868,5876,8960),(8960,5876,5884),(5884,5892,8960),(5892,5900,8960),(5900,
5908,8960),(8960,5908,5916),(5916,5924,8960),(5924,5932,8960),(8960,5932,
5940),(5940,5948,8960),(5948,5956,8960),(5956,5964,8962),(8960,5956,8962),
(8962,5964,5972),(8962,5972,5980),(5988,8962,5980),(5988,5996,8962),(5996,
6004,8962),(8962,6004,6012),(6012,6020,8962),(6020,6028,8962),(8962,6028,
6036),(6036,6044,8962),(6044,6052,8962),(8962,6052,6060),(6060,6068,8962),
(6068,6076,8962),(8962,6076,6084),(8962,6084,6092),(6092,6100,8962),(6100,
6108,8962),(8962,6108,6116),(6116,6124,8962),(6124,6132,8962),(8962,6132,
6140),(6140,6148,8962),(6148,6156,8962),(8962,6156,6164),(6164,6172,8962),
(6172,6180,8962),(8962,6180,6188),(6188,6196,8962),(6196,6204,8962),(8962,
6204,6212),(6212,6220,8962),(6220,6228,8962),(8962,6228,6236),(6244,8962,
6236),(6252,8963,6244),(8963,8962,6244),(6252,6260,8963),(6260,6268,8963),
(8963,6268,6276),(6276,6284,8963),(6284,6292,8963),(8963,6292,6300),(6300,
6308,8963),(6308,6316,8963),(6316,6324,8963),(8963,6324,6332),(6332,6340,
8963),(6340,6348,8963),(6348,6356,8963),(8963,6356,6364),(6364,6372,8963),
(6372,6380,8963),(8963,6380,6388),(6388,6396,8963),(6396,6404,8963),(6404,
6412,8963),(8963,6412,6420),(8963,6420,6428),(6428,6436,8963),(6436,6444,
8963),(8963,6444,6452),(6452,6460,8963),(6460,6468,8963),(8963,6468,6476),
(6476,6484,8963),(6484,6492,8963),(8963,6492,6500),(6500,6508,8963),(6508,
6516,8963),(8963,6516,6524),(6524,6532,8963),(6532,6540,8963),(8963,6540,
8958),(8964,5473,5481),(5465,5473,8964),(5481,5487,8964),(5487,4351,8964),
(4351,4347,8964),(4347,4361,8964),(8964,4361,4369),(4369,4377,8964),(4377,
4385,8964),(4385,4393,8964),(8964,4393,4401),(8964,4401,4409),(4417,8964,
4409),(4417,4425,8964),(4425,4433,8964),(8964,4433,4441),(4441,4449,8964),
(4449,4457,8964),(8964,4457,4465),(4465,4473,8964),(4473,4481,8964),(8964,
4481,4489),(4489,4497,8964),(4497,4505,8964),(8964,4505,4513),(4513,4521,
8964),(4521,4529,8964),(8964,4529,4537),(8964,4537,4545),(4553,8964,4545),
(4553,4561,8964),(4561,4569,8964),(8964,4569,4577),(4577,4585,8964),(4585,
4593,8964),(8964,4593,4601),(4601,4609,8964),(4609,4617,8964),(4617,4625,
8966),(8964,4617,8966),(8966,4625,4633),(4633,4641,8966),(4641,4649,8966),
(8966,4649,4657),(8966,4657,4665),(4665,4673,8966),(4673,4681,8966),(8966,
4681,4689),(4689,4697,8966),(4697,4705,8966),(8966,4705,4713),(4713,4721,
8966),(4721,4729,8966),(8966,4729,4737),(8966,4737,4745),(4753,8966,4745),
(4753,4761,8966),(4761,4769,8966),(8966,4769,4777),(4777,4785,8966),(4785,
4793,8966),(8966,4793,4801),(4801,4809,8966),(4809,4817,8966),(8966,4817,
4825),(8966,4825,4833),(4833,4841,8966),(4841,4849,8966),(8966,4849,4857),
(4857,4865,8966),(4865,4873,8966),(8966,4873,4881),(4881,4889,8966),(4889,
4897,8966),(4897,4905,8960),(8966,4897,8960),(8960,4905,4913),(4913,4921,
8960),(4921,4929,8960),(8960,4929,4937),(4937,4945,8960),(4945,4953,8960),
(8960,4953,4961),(4969,8960,4961),(4969,4977,8960),(4977,4985,8960),(4985,
4993,8960),(8960,4993,5001),(5001,5009,8960),(5009,5017,8960),(8960,5017,
5025),(5025,5033,8960),(5033,5041,8960),(8960,5041,5049),(5049,5057,8960),
(5057,5065,8960),(8960,5065,5073),(5073,5081,8960),(5081,5089,8960),(5089,
5097,8960),(8960,5097,5105),(5105,5113,8960),(5113,5121,8960),(8960,5121,
5129),(5129,5137,8960),(5137,5145,8960),(8960,5145,5153),(5153,5161,8960),
(5161,5169,8960),(5169,5177,8958),(8960,5169,8958),(8958,5177,5185),(5185,
5193,8958),(5193,5201,8958),(8958,5201,5209),(5209,5217,8958),(5217,5225,
8958),(8958,5225,5233),(8958,5233,5241),(5241,5249,8958),(5249,5257,8958),
(8958,5257,5265),(5265,5273,8958),(5273,5281,8958),(8958,5281,5289),(8958,
5289,5297),(5305,8958,5297),(5305,5313,8958),(5313,5321,8958),(8958,5321,
5329),(5329,5337,8958),(5337,5345,8958),(8958,5345,5353),(5353,5361,8958),
(5361,5369,8958),(8958,5369,5377),(5377,5385,8958),(5385,5393,8958),(8958,
5393,5401),(5401,5409,8958),(5409,5417,8958),(8958,5417,5425),(5425,5433,
8958),(5433,5441,8958),(8958,5441,5449),(5449,5457,8958),(5457,5465,8958),
(8958,5465,8964),(8967,4318,4326),(4310,4318,8967),(4326,4332,8967),(4332,
3196,8967),(3196,3192,8967),(3192,3206,8967),(8967,3206,3214),(3214,3222,
8967),(3222,3230,8967),(3230,3238,8967),(8967,3238,3246),(8967,3246,3254),
(3262,8967,3254),(3262,3270,8967),(3270,3278,8967),(8967,3278,3286),(3286,
3294,8967),(3294,3302,8967),(8967,3302,3310),(3310,3318,8967),(3318,3326,
8967),(8967,3326,3334),(3334,3342,8967),(3342,3350,8967),(8967,3350,3358),
(3358,3366,8967),(3366,3374,8967),(8967,3374,3382),(8967,3382,3390),(3398,
8967,3390),(3398,3406,8967),(3406,3414,8967),(8967,3414,3422),(3422,3430,
8967),(3430,3438,8967),(8967,3438,3446),(3446,3454,8967),(3454,3462,8967),
(3462,3470,8969),(8967,3462,8969),(8969,3470,3478),(3478,3486,8969),(3486,
3494,8969),(8969,3494,3502),(8969,3502,3510),(3510,3518,8969),(3518,3526,
8969),(8969,3526,3534),(3534,3542,8969),(3542,3550,8969),(8969,3550,3558),
(3558,3566,8969),(3566,3574,8969),(8969,3574,3582),(8969,3582,3590),(3598,
8969,3590),(3598,3606,8969),(3606,3614,8969),(8969,3614,3622),(3622,3630,
8969),(3630,3638,8969),(8969,3638,3646),(3646,3654,8969),(3654,3662,8969),
(8969,3662,3670),(8969,3670,3678),(3678,3686,8969),(3686,3694,8969),(8969,
3694,3702),(3702,3710,8969),(3710,3718,8969),(8969,3718,3726),(3726,3734,
8969),(3734,3742,8969),(3742,3750,8966),(8969,3742,8966),(8966,3750,3758),
(3758,3766,8966),(3766,3774,8966),(8966,3774,3782),(3782,3790,8966),(3790,
3798,8966),(8966,3798,3806),(3814,8966,3806),(3814,3822,8966),(3822,3830,
8966),(3830,3838,8966),(8966,3838,3846),(3846,3854,8966),(3854,3862,8966),
(8966,3862,3870),(3870,3878,8966),(3878,3886,8966),(8966,3886,3894),(3894,
3902,8966),(3902,3910,8966),(8966,3910,3918),(3918,3926,8966),(3926,3934,
8966),(3934,3942,8966),(8966,3942,3950),(3950,3958,8966),(3958,3966,8966),
(8966,3966,3974),(3974,3982,8966),(3982,3990,8966),(8966,3990,3998),(3998,
4006,8966),(4006,4014,8966),(4014,4022,8964),(8966,4014,8964),(8964,4022,
4030),(4030,4038,8964),(4038,4046,8964),(8964,4046,4054),(4054,4062,8964),
(4062,4070,8964),(8964,4070,4078),(8964,4078,4086),(4086,4094,8964),(4094,
4102,8964),(8964,4102,4110),(4110,4118,8964),(4118,4126,8964),(8964,4126,
4134),(8964,4134,4142),(4150,8964,4142),(4150,4158,8964),(4158,4166,8964),
(8964,4166,4174),(4174,4182,8964),(4182,4190,8964),(8964,4190,4198),(4198,
4206,8964),(4206,4214,8964),(8964,4214,4222),(4222,4230,8964),(4230,4238,
8964),(8964,4238,4246),(4246,4254,8964),(4254,4262,8964),(8964,4262,4270),
(4270,4278,8964),(4278,4286,8964),(8964,4286,4294),(4294,4302,8964),(4302,
4310,8964),(8964,4310,8967),(8970,2691,2699),(2683,2691,8970),(2699,2707,
8970),(2707,2715,8970),(8970,2715,2723),(8970,2723,2731),(2731,2739,8970),
(2739,2747,8970),(8970,2747,2755),(2755,2763,8970),(2763,2771,8970),(8970,
2771,2779),(8970,2779,2787),(2795,8970,2787),(2795,2803,8970),(2803,2811,
8970),(8970,2811,2819),(2819,2827,8970),(2827,2835,8970),(2835,2843,8970),
(8970,2843,2851),(2851,2859,8970),(2859,2867,8970),(8970,2867,2875),(2875,
2883,8970),(2883,2891,8970),(2891,2899,8970),(8970,2899,2907),(2907,2915,
8970),(2915,2923,8970),(8970,2923,2931),(8970,2931,2939),(2939,2947,8970),
(2947,2955,8970),(8970,2955,2963),(2963,2971,8970),(2971,2979,8970),(2979,
2987,8970),(2987,2995,8972),(8970,2987,8972),(8972,2995,3003),(3003,3011,
8972),(3011,3019,8972),(8972,3019,3027),(8972,3027,3035),(3035,3043,8972),
(3043,3051,8972),(8972,3051,3059),(3059,3067,8972),(3067,3075,8972),(3075,
3083,8972),(8972,3083,3091),(3091,3099,8972),(3099,3107,8972),(8972,3107,
3115),(3115,3123,8972),(3123,3131,8972),(8972,3131,3139),(3139,3147,8972),
(3147,3155,8972),(8972,3155,3163),(3163,3171,8972),(3171,3177,8972),(8972,
3177,2041),(2041,2037,8972),(2037,2051,8972),(8972,2051,2059),(2059,2067,
8972),(2067,2075,8972),(8972,2075,2083),(2083,2091,8972),(2091,2099,8972),
(8972,2099,2107),(2107,2115,8972),(2115,2123,8969),(8972,2115,8969),(8969,
2123,2131),(2131,2139,8969),(2139,2147,8969),(8969,2147,2155),(2155,2163,
8969),(2163,2171,8969),(8969,2171,2179),(8969,2179,2187),(2195,8969,2187),
(2195,2203,8969),(2203,2211,8969),(8969,2211,2219),(2219,2227,8969),(2227,
2235,8969),(2235,2243,8969),(8969,2243,2251),(2251,2259,8969),(2259,2267,
8969),(8969,2267,2275),(2275,2283,8969),(2283,2291,8969),(8969,2291,2299),
(2299,2307,8969),(2307,2315,8969),(8969,2315,2323),(2323,2331,8969),(2331,
2339,8969),(8969,2339,2347),(2347,2355,8969),(2355,2363,8969),(8969,2363,
2371),(2371,2379,8969),(2379,2387,8969),(2387,2395,8967),(8969,2387,8967),
(8967,2395,2403),(2403,2411,8967),(2411,2419,8967),(8967,2419,2427),(2427,
2435,8967),(2435,2443,8967),(8967,2443,2451),(8967,2451,2459),(2459,2467,
8967),(2467,2475,8967),(8967,2475,2483),(2483,2491,8967),(2491,2499,8967),
(2499,2507,8967),(2507,2515,8967),(8967,2515,2523),(2523,2531,8967),(2531,
2539,8967),(8967,2539,2547),(2547,2555,8967),(2555,2563,8967),(8967,2563,
2571),(2571,2579,8967),(2579,2587,8967),(8967,2587,2595),(2595,2603,8967),
(2603,2611,8967),(8967,2611,2619),(2619,2627,8967),(2627,2635,8967),(8967,
2635,2643),(2643,2651,8967),(2651,2659,8967),(2659,2667,8970),(8967,2659,
8970),(8970,2667,2675),(2675,2683,8970),(8973,243,8975),(8973,8977,243),
(8976,8979,8974),(8974,8982,8978),(8979,8982,8974),(243,8983,8975),(243,
8985,8983),(8987,243,8989),(8987,8991,243),(243,8993,8989),(243,8995,8993),
(8997,8999,243),(243,9001,8997),(8999,9003,243),(25,9005,243),(8977,8995,
243),(9003,9007,243),(243,9007,9009),(9009,9011,243),(9013,243,9016),(9015,
456,244),(243,9018,9016),(243,9020,9018),(9005,8985,243),(9011,9022,243),
(243,9022,9024),(9024,9026,243),(9026,9020,243),(8991,9001,243),(8984,9028,
8976),(9028,8979,8976),(8986,9031,8984),(9031,9028,8984),(8990,9032,8988),
(9034,8987,9036),(9034,9038,8987),(8987,9040,9036),(8987,9042,9040),(8988,
9044,9043),(9038,8991,8987),(9032,9044,8988),(8994,9047,8990),(9047,9032,
8990),(8996,9048,8994),(9048,9047,8994),(9037,9051,9035),(9035,9052,9039),
(9051,9052,9035),(9041,9055,9037),(9055,9051,9037),(9042,9056,9040),(9040,
9056,9058),(9058,9060,9040),(9060,9062,9040),(9040,9062,9064),(9065,9066,
9041),(9066,9055,9041),(8998,9069,9000),(9002,9070,8998),(9070,9069,8998),
(9000,9073,9004),(9069,9073,9000),(9074,9076,25),(9075,9078,9077),(25,9080,
9074),(9081,9082,9075),(9082,9078,9075),(9076,9084,25),(9077,9086,9085),
(9078,9086,9077),(25,9084,9088),(9088,9090,25),(9092,9095,25),(17,9093,
24),(9097,9099,25),(25,9101,9097),(9099,9080,25),(9090,9103,25),(25,9103,
9105),(9105,9107,25),(25,9109,9005),(9107,9109,25),(9095,9101,25),(9085,
9111,9089),(9086,9111,9085),(9089,9114,9091),(9111,9114,9089),(8978,9115,
8996),(8982,9115,8978),(9115,9048,8996),(9004,9118,9008),(9073,9118,9004),
(9008,9119,9010),(9118,9119,9008),(9010,9122,9012),(9119,9122,9010),(9017,
9123,9014),(9123,9126,9014),(9127,4337,9015),(4337,3182,9015),(3182,2027,
9015),(2027,456,9015),(9019,9128,9017),(9128,9123,9017),(9021,9131,9019),
(9131,9128,9019),(9132,9135,9092),(9134,9137,9136),(9094,9140,9133),(9133,
9143,9138),(9140,9145,9133),(9145,9147,9133),(9147,9143,9133),(9135,9148,
9092),(9136,9150,9149),(9137,9150,9136),(9092,9148,9152),(9152,9154,9092),
(9154,9095,9092),(9141,9093,17),(9149,9156,9153),(9150,9156,9149),(9153,
9159,9155),(9156,9159,9153),(9098,9160,9100),(9102,9163,9098),(9163,9160,
9098),(9100,9164,9081),(9160,9164,9100),(9164,9082,9081),(9091,9167,9104),
(9114,9167,9091),(9104,9168,9106),(9167,9168,9104),(9106,9171,9108),(9168,
9171,9106),(9006,9172,8986),(9110,9175,9006),(9175,9172,9006),(9172,9031,
8986),(9043,9176,9057),(9044,9176,9043),(9057,9179,9059),(9176,9179,9057),
(9059,9180,9061),(9179,9180,9059),(9182,9185,9187),(9182,9189,9185),(9187,
9191,9182),(9182,9193,9195),(9196,9197,9183),(9191,9199,9182),(9182,9199,
9201),(9201,9203,9182),(9205,9182,9207),(9205,9209,9182),(9182,9211,9207),
(9182,9213,9211),(9203,9193,9182),(9209,9215,9182),(9182,9215,9217),(9217,
9219,9182),(9219,9189,9182),(9221,9224,9182),(9184,9226,9222),(9224,9228,
9182),(9228,9230,9182),(9230,9232,9182),(9182,9232,9234),(9234,9236,9182),
(9236,9213,9182),(9197,9238,9183),(9183,9238,9240),(9240,9242,9183),(9242,
9244,9183),(9183,9244,9246),(9183,9246,9248),(9248,9250,9183),(9250,9252,
9183),(9183,9252,9254),(9254,9256,9183),(9256,9258,9183),(9258,9260,9183),
(9183,9260,9262),(9262,9264,9183),(9264,9266,9183),(9183,9266,9268),(9268,
9270,9183),(9270,9272,9183),(9183,9272,9274),(9274,9276,9183),(9276,9278,
9183),(9183,9278,9280),(9280,9282,9183),(9282,9284,9183),(9183,9284,9286),
(9286,9288,9183),(9288,9290,9183),(9183,9290,9292),(9292,9294,9183),(9294,
9296,9183),(9183,9296,9298),(9298,9300,9183),(9300,9302,9183),(9183,9302,
9304),(9183,9304,9227),(9186,9306,9188),(9308,9310,9185),(9185,9312,9308),
(9310,9314,9185),(9316,9318,9185),(9185,9318,9320),(9322,9185,9324),(9322,
9316,9185),(9185,9326,9324),(9185,9328,9326),(9321,9330,9186),(9189,9332,
9185),(9185,9332,9334),(9334,9336,9185),(9336,9338,9185),(9185,9338,9340),
(9340,9342,9185),(9342,9344,9185),(9185,9344,9346),(9346,9348,9185),(9314,
9328,9185),(9348,9312,9185),(9330,9306,9186),(9188,9350,9192),(9306,9350,
9188),(9352,9354,9195),(9353,9356,9355),(9195,9358,9352),(9359,9360,9353),
(9360,9356,9353),(9354,9362,9195),(9355,9364,9363),(9356,9364,9355),(9193,
9358,9195),(9195,9366,9368),(9195,9370,9366),(9368,9372,9195),(9372,9374,
9195),(9195,9374,9376),(9376,9378,9195),(9362,9370,9195),(9195,9380,9382),
(9196,9384,9385),(9378,9380,9195),(9386,9388,9196),(9390,9386,9196),(9196,
9388,9392),(9392,9394,9196),(9394,9396,9196),(9196,9396,9398),(9398,9400,
9196),(9400,9402,9196),(9196,9402,9404),(9404,9406,9196),(9406,9408,9196),
(9196,9408,9410),(9196,9410,9412),(9414,9196,9412),(9414,9416,9196),(9416,
9418,9196),(9196,9418,9420),(9420,9422,9196),(9422,9424,9196),(9196,9424,
9426),(9426,9428,9196),(9428,9430,9196),(9196,9430,9432),(9196,9432,9434),
(9436,9196,9434),(9436,9438,9196),(9438,9440,9196),(9196,9440,9442),(9442,
9444,9196),(9444,9446,9196),(9196,9446,9448),(9196,9448,9450),(9450,9452,
9196),(9452,9454,9196),(9196,9454,9456),(9456,9458,9196),(9458,9460,9196),
(9460,9197,9196),(9462,9390,9196),(9385,9462,9196),(9012,9464,9023),(9122,
9464,9012),(9023,9467,9025),(9464,9467,9023),(9025,9468,9027),(9467,9468,
9025),(9027,9471,9021),(9468,9471,9027),(9471,9131,9021),(9108,9472,9110),
(9171,9472,9108),(9472,9175,9110),(9062,9474,9476),(9063,9478,9475),(9062,
9476,9064),(9061,9481,9063),(9481,9478,9063),(9474,9482,9476),(9484,9486,
9474),(9474,9488,9484),(9486,9490,9474),(9474,9490,9492),(9492,9494,9474),
(9494,9482,9474),(9496,9474,9498),(9496,9500,9474),(9474,9502,9498),(9502,
9474,9504),(9474,9506,9504),(9475,9508,9507),(9500,9510,9474),(9474,9510,
9512),(9512,9514,9474),(9514,9488,9474),(9478,9508,9475),(9477,9516,9065),
(9483,9519,9477),(9519,9516,9477),(9309,9520,9311),(9313,9523,9309),(9523,
9520,9309),(9311,9524,9315),(9520,9524,9311),(9526,9528,9318),(9527,9530,
9529),(9318,9532,9526),(9533,9534,9527),(9534,9530,9527),(9318,9528,9320),
(9529,9537,9321),(9530,9537,9529),(9317,9538,9319),(9540,9542,9318),(9318,
9544,9540),(9542,9546,9318),(9548,9550,9318),(9319,9552,9549),(9550,9544,
9318),(9546,9554,9318),(9318,9554,9556),(9556,9558,9318),(9558,9532,9318),
(9538,9552,9319),(9192,9560,9200),(9350,9560,9192),(9200,9563,9202),(9560,
9563,9200),(9202,9564,9204),(9563,9564,9202),(9155,9567,9096),(9159,9567,
9155),(9096,9568,9102),(9567,9568,9096),(9568,9163,9102),(9180,9481,9061),
(9516,9066,9065),(9208,9571,9206),(9206,9572,9210),(9571,9572,9206),(9212,
9575,9208),(9575,9571,9208),(9214,9576,9212),(9576,9575,9212),(9325,9579,
9323),(9323,9580,9317),(9579,9580,9323),(9327,9583,9325),(9583,9579,9325),
(9329,9584,9327),(9584,9583,9327),(9580,9538,9317),(9537,9330,9321),(9204,
9587,9194),(9564,9587,9204),(9194,9588,9359),(9587,9588,9194),(9588,9360,
9359),(9367,9591,9369),(9371,9592,9367),(9592,9591,9367),(9369,9595,9373),
(9591,9595,9369),(9373,9596,9375),(9595,9596,9373),(9375,9599,9377),(9596,
9599,9375),(9377,9600,9379),(9599,9600,9377),(9039,9603,8992),(9052,9603,
9039),(8992,9604,9002),(9603,9604,8992),(9604,9070,9002),(9485,9607,9487),
(9489,9608,9485),(9608,9607,9485),(9487,9611,9491),(9607,9611,9487),(9491,
9612,9493),(9611,9612,9491),(9493,9615,9495),(9612,9615,9493),(9495,9616,
9483),(9615,9616,9495),(9616,9519,9483),(9210,9619,9216),(9572,9619,9210),
(9216,9620,9218),(9619,9620,9216),(9218,9623,9220),(9620,9623,9218),(9220,
9624,9190),(9623,9624,9220),(9190,9627,9333),(9624,9627,9190),(9333,9628,
9335),(9627,9628,9333),(9335,9631,9337),(9628,9631,9335),(9337,9632,9339),
(9631,9632,9337),(9339,9635,9341),(9632,9635,9339),(9341,9636,9343),(9635,
9636,9341),(9343,9639,9345),(9636,9639,9343),(9345,9640,9347),(9639,9640,
9345),(9347,9643,9349),(9640,9643,9347),(9315,9644,9329),(9524,9644,9315),
(9644,9584,9329),(9541,9647,9543),(9545,9648,9541),(9648,9647,9541),(9543,
9651,9547),(9647,9651,9543),(9363,9652,9371),(9364,9652,9363),(9652,9592,
9371),(9654,9656,9382),(9655,9658,9657),(9382,9660,9654),(9661,9662,9655),
(9662,9658,9655),(9656,9664,9382),(9657,9666,9665),(9658,9666,9657),(9382,
9664,9668),(9670,9671,9383),(9380,9660,9382),(9384,9672,9385),(9665,9673,
9669),(9666,9673,9665),(9673,9676,9669),(9670,9677,9678),(9680,9671,9670),
(9682,9680,9670),(9682,9670,9678),(9499,9684,9497),(9497,9687,9501),(9684,
9687,9497),(9503,9688,9499),(9688,9684,9499),(9505,9691,9503),(9691,9688,
9503),(9223,9692,9225),(9222,8965,9693),(9226,8971,9222),(8971,8968,9222),
(8968,8965,9222),(9225,9696,9229),(9692,9696,9225),(9229,9697,9231),(9696,
9697,9229),(9231,9700,9233),(9697,9700,9231),(9233,9701,9235),(9700,9701,
9233),(9235,9704,9237),(9701,9704,9235),(9237,9705,9214),(9704,9705,9237),
(9705,9576,9214),(9349,9708,9313),(9643,9708,9349),(9708,9523,9313),(9504,
9506,9709),(9710,9711,9505),(9711,9691,9505),(9506,9713,9709),(9507,9715,
9714),(9508,9715,9507),(9709,9713,9548),(9549,9718,9710),(9718,9711,9710),
(9713,9550,9548),(9714,9719,9551),(9715,9719,9714),(9552,9718,9549),(9551,
9722,9545),(9719,9722,9551),(9722,9648,9545),(9379,9723,9381),(9600,9723,
9379),(9381,9726,9661),(9723,9726,9381),(9726,9662,9661),(9501,9727,9511),
(9687,9727,9501),(9511,9730,9513),(9727,9730,9511),(9513,9731,9515),(9730,
9731,9513),(9547,9734,9555),(9651,9734,9547),(9555,9735,9557),(9734,9735,
9555),(9557,9738,9559),(9735,9738,9557),(9515,9739,9489),(9731,9739,9515),
(9739,9608,9489),(9559,9742,9533),(9738,9742,9559),(9742,9534,9533),(9387,
14,9389),(872,14,9387),(9391,872,9387),(14,10,9389),(9389,10,9393),(10,
21,9393),(9393,21,9395),(21,29,9395),(9395,29,9397),(29,35,9397),(9397,
35,9399),(35,41,9399),(9399,41,9401),(41,47,9401),(9401,47,9403),(47,53,
9403),(9403,53,9405),(53,59,9405),(9405,59,9407),(59,65,9407),(9407,65,
9409),(65,71,9409),(9409,71,9411),(71,77,9411),(9411,77,9413),(77,83,9413),
(9413,83,9415),(83,89,9415),(9415,89,9417),(89,95,9417),(9417,95,9419),
(95,101,9419),(9419,101,9421),(101,107,9421),(9421,107,9423),(107,113,9423),
(9423,113,9425),(113,119,9425),(9425,119,9427),(119,125,9427),(9427,125,
9429),(125,131,9429),(9429,131,9431),(131,137,9431),(9431,137,9433),(137,
143,9433),(9433,143,9435),(143,149,9435),(9435,149,9437),(149,155,9437),
(9437,155,9439),(155,161,9439),(9439,161,9441),(161,167,9441),(9441,167,
9443),(167,173,9443),(9443,173,9445),(173,179,9445),(9445,179,9447),(179,
185,9447),(9447,185,9449),(185,191,9449),(9449,191,9451),(191,197,9451),
(9451,197,9453),(197,203,9453),(9453,203,9455),(203,209,9455),(9455,209,
9457),(209,215,9457),(9457,215,9459),(215,221,9459),(9459,221,9461),(221,
227,9461),(9461,227,9198),(227,233,9198),(9198,233,9239),(233,239,9239),
(9239,239,9241),(239,248,9241),(9241,248,9243),(248,254,9243),(9243,254,
9245),(254,260,9245),(9245,260,9247),(260,266,9247),(9247,266,9249),(266,
272,9249),(9249,272,9251),(272,278,9251),(9251,278,9253),(278,284,9253),
(9253,284,9255),(284,290,9255),(9255,290,9257),(290,296,9257),(9257,296,
9259),(296,302,9259),(9259,302,9261),(302,308,9261),(9261,308,9263),(308,
314,9263),(9263,314,9265),(314,320,9265),(9265,320,9267),(320,326,9267),
(9267,326,9269),(326,332,9269),(9269,332,9271),(332,338,9271),(9271,338,
9273),(338,344,9273),(9273,344,9275),(344,350,9275),(9275,350,9277),(350,
356,9277),(9277,356,9279),(356,362,9279),(9279,362,9281),(362,368,9281),
(9281,368,9283),(368,374,9283),(9283,374,9285),(374,380,9285),(9285,380,
9287),(380,386,9287),(9287,386,9289),(386,392,9289),(9289,392,9291),(392,
398,9291),(9291,398,9293),(398,404,9293),(9293,404,9295),(404,410,9295),
(9295,410,9297),(410,416,9297),(9297,416,9299),(416,422,9299),(9299,422,
9301),(422,428,9301),(9301,428,9303),(428,434,9303),(9303,434,9305),(434,
440,9305),(9305,440,9743),(9304,9744,9227),(440,446,9743),(9743,446,9746),
(9227,9744,9745),(446,452,9746),(9746,452,9747),(9745,9748,9227),(452,460,
9747),(9747,460,9750),(9748,9749,9227),(460,466,9750),(9750,466,9751),(9227,
9749,9752),(466,472,9751),(9751,472,9754),(9752,9753,9227),(472,478,9754),
(9754,478,9755),(9753,9756,9227),(478,484,9755),(9755,484,9758),(9756,9757,
9227),(484,490,9758),(9758,490,9759),(9227,9757,9760),(490,496,9759),(9759,
496,9762),(9227,9760,9761),(496,502,9762),(9762,502,9763),(9764,9227,9761),
(502,508,9763),(9763,508,9766),(9764,9765,9227),(508,514,9766),(9766,514,
9767),(9765,9768,9227),(514,520,9767),(9767,520,9770),(9227,9768,9769),
(520,526,9770),(9770,526,9771),(9769,9772,9227),(526,532,9771),(9771,532,
9774),(9772,9773,9227),(532,538,9774),(9774,538,9775),(9773,9776,9227),
(538,544,9775),(9775,544,9778),(9227,9776,9777),(544,550,9778),(9778,550,
9779),(9777,9780,9227),(550,556,9779),(9779,556,9782),(9780,9781,9227),
(556,562,9782),(9782,562,9783),(9227,9781,9784),(562,568,9783),(9783,568,
9786),(9784,9785,9227),(568,574,9786),(9786,574,9787),(9785,9788,9227),
(574,580,9787),(9787,580,9790),(9227,9788,9789),(580,586,9790),(9790,586,
9791),(9789,9792,9227),(586,592,9791),(9791,592,9794),(9792,9793,9227),
(592,598,9794),(9794,598,9795),(9227,9793,9796),(598,604,9795),(9795,604,
9798),(9796,9797,9227),(604,610,9798),(9798,610,9799),(9797,9800,9227),
(610,616,9799),(9799,616,9802),(9227,9800,9801),(616,622,9802),(9802,622,
9803),(9801,9804,9227),(622,628,9803),(9803,628,9806),(9804,9805,9227),
(628,634,9806),(9806,634,9807),(9227,9805,9808),(634,640,9807),(9807,640,
9810),(9808,9809,9227),(640,646,9810),(9810,646,9811),(9809,9812,9227),
(646,652,9811),(9811,652,9814),(9812,9813,9385),(9227,9812,9385),(652,658,
9814),(9814,658,9815),(9385,9813,9816),(658,664,9815),(9815,664,9818),(9816,
9817,9385),(664,670,9818),(9818,670,9819),(9817,9820,9385),(670,676,9819),
(9819,676,9822),(9385,9820,9821),(676,682,9822),(9822,682,9823),(9821,9824,
9385),(682,688,9823),(9823,688,9826),(9824,9825,9385),(688,694,9826),(9826,
694,9827),(9385,9825,9828),(694,700,9827),(9827,700,9830),(9385,9828,9829),
(700,706,9830),(9830,706,9831),(9829,9832,9385),(706,712,9831),(9831,712,
9834),(9832,9833,9385),(712,718,9834),(9834,718,9835),(9385,9833,9836),
(718,724,9835),(9835,724,9838),(9836,9837,9385),(724,730,9838),(9838,730,
9839),(9837,9840,9385),(730,736,9839),(9839,736,9842),(9840,9841,9385),
(736,742,9842),(9842,742,9843),(9385,9841,9844),(742,748,9843),(9843,748,
9846),(9844,9845,9385),(748,754,9846),(9846,754,9847),(9845,9848,9385),
(754,760,9847),(9847,760,9850),(9385,9848,9849),(760,766,9850),(9850,766,
9851),(9849,9852,9385),(766,772,9851),(9851,772,9854),(9852,9853,9385),
(772,778,9854),(9854,778,9855),(9385,9853,9856),(778,784,9855),(9855,784,
9858),(9856,9857,9385),(784,790,9858),(9858,790,9859),(9857,9860,9385),
(790,796,9859),(9859,796,9862),(9385,9860,9861),(796,802,9862),(9862,802,
9863),(9861,9864,9385),(802,808,9863),(9863,808,9866),(9864,9865,9385),
(808,814,9866),(9866,814,9867),(9385,9865,9868),(814,820,9867),(9867,820,
9870),(9868,9869,9385),(820,826,9870),(9870,826,9871),(9869,9872,9385),
(826,832,9871),(9871,832,9874),(9385,9872,9873),(832,838,9874),(9874,838,
9875),(9873,9876,9385),(838,844,9875),(9875,844,9878),(9876,9877,9385),
(844,850,9878),(9878,850,9879),(9385,9877,9880),(850,856,9879),(9879,856,
9882),(9880,9881,9385),(856,862,9882),(9882,862,9463),(9881,9462,9385),
(862,868,9463),(9463,868,9391),(868,872,9391),(9151,9139,9883),(9883,9157,
9151),(9138,9886,9884),(9143,9888,9138),(9138,9888,9890),(9890,9892,9138),
(9892,9886,9138),(9895,9162,9883),(9894,9885,9887),(9566,9158,9883),(9883,
9569,9566),(9158,9157,9883),(9162,9569,9883),(9177,9045,9054),(9177,9054,
9178),(9045,9033,9054),(9029,9895,9054),(9054,9895,9050),(9054,9067,9178),
(9033,9046,9054),(9054,9046,9049),(9049,9116,9054),(9116,8981,9054),(9054,
8981,8980),(8980,9029,9054),(9169,9166,9895),(9895,9170,9169),(9166,9113,
9895),(9897,9117,9895),(9894,8955,9896),(9068,9071,9895),(9895,9072,9068),
(9071,9605,9895),(9605,9602,9895),(9895,9602,9053),(9895,9053,9050),(9117,
9072,9895),(9029,9030,9895),(9113,9112,9895),(9895,9112,9087),(9087,9079,
9895),(9079,9083,9895),(9895,9083,9165),(9165,9161,9895),(9030,9173,9895),
(9895,9173,9174),(9174,9473,9895),(9473,9170,9895),(9161,9162,9895),(9894,
9887,8955),(9129,9897,9124),(9129,9130,9897),(9897,9125,9124),(9898,8957,
9127),(9130,9470,9897),(9897,9470,9469),(9469,9466,9897),(9466,9465,9897),
(9897,9465,9121),(9121,9120,9897),(9120,9117,9897),(8955,8956,9896),(8957,
7802,9127),(9127,7802,6647),(6647,5492,9127),(5492,4337,9127),(9357,9361,
9899),(9899,9365,9357),(9899,9361,9901),(9361,9589,9901),(9904,9900,9903),
(9724,9601,9899),(9899,9725,9724),(9601,9598,9899),(9899,9598,9597),(9597,
9594,9899),(9594,9590,9899),(9899,9590,9593),(9593,9653,9899),(9906,9663,
9899),(9909,9905,9900),(9653,9365,9899),(9663,9725,9899),(9904,9909,9900),
(9517,9518,9178),(9178,9067,9517),(9518,9617,9178),(9181,9178,9689),(9689,
9178,9685),(9617,9614,9178),(9178,9614,9613),(9613,9610,9178),(9610,9606,
9178),(9178,9606,9609),(9609,9740,9178),(9686,9178,9728),(9178,9686,9685),
(9178,9729,9728),(9178,9732,9729),(9740,9732,9178),(9716,9509,9690),(9716,
9690,9720),(9690,9509,9689),(9509,9479,9689),(9690,9712,9720),(9689,9479,
9480),(9480,9181,9689),(9562,9901,9565),(9562,9561,9901),(9901,9586,9565),
(9901,9589,9586),(9561,9351,9901),(9901,9351,9307),(9307,9630,9901),(9626,
9625,9901),(9901,9629,9626),(9625,9622,9901),(9901,9622,9621),(9621,9618,
9901),(9618,9573,9901),(9901,9573,9570),(9570,9574,9901),(9630,9629,9901),
(9574,9577,9901),(9901,9577,9706),(9706,9703,9901),(9703,9702,9901),(9901,
9702,9699),(9699,9698,9901),(9698,9695,9901),(9901,9695,9694),(9693,9911,
9902),(9910,9904,9903),(9331,9642,9307),(9642,9641,9307),(9638,9637,9307),
(9307,9641,9638),(9637,9634,9307),(9634,9633,9307),(9633,9630,9307),(9553,
9649,9721),(9553,9539,9649),(9721,9717,9553),(9646,9649,9642),(9642,9649,
9707),(9539,9581,9649),(9649,9581,9578),(9578,9582,9649),(9582,9585,9649),
(9649,9585,9645),(9645,9525,9649),(9525,9521,9649),(9649,9521,9522),(9649,
9522,9707),(9720,9712,9721),(9712,9717,9721),(9331,9536,9642),(9536,9531,
9642),(9531,9535,9642),(9535,9741,9642),(9642,9741,9737),(9737,9736,9642),
(9736,9733,9642),(9642,9733,9650),(9650,9646,9642),(9667,9906,9674),(9667,
9659,9906),(9906,9675,9674),(9907,9908,9677),(9659,9663,9906),(9678,9677,
9912),(9677,9914,9912),(9677,9916,9914),(9908,9916,9677),(8965,8959,9693),
(9693,8959,8961),(8961,9919,9693),(9919,9911,9693),(9385,1536,1544),(1528,
1536,9385),(1544,1552,9385),(1552,1560,9385),(9385,1560,1568),(9385,1568,
1576),(1576,1584,9385),(1584,1592,9385),(9385,1592,1600),(1600,1608,9385),
(1608,1616,9385),(9385,1616,1624),(9385,1624,1632),(1640,9385,1632),(1640,
1648,9385),(1648,1656,9385),(9385,1656,1664),(1664,1672,9385),(1672,1680,
9385),(1680,1688,9385),(9385,1688,1696),(1696,1704,9385),(1704,1712,9385),
(9385,1712,1720),(1720,1728,9385),(1728,1736,9385),(1736,1744,9385),(9385,
1744,1752),(1752,1760,9385),(1760,1768,9385),(9385,1768,1776),(9385,1776,
1784),(1784,1792,9385),(1792,1800,9385),(9385,1800,1808),(1808,1816,9385),
(1816,1824,9385),(1824,1832,9385),(1832,1840,9227),(9385,1832,9227),(9227,
1840,1848),(1848,1856,9227),(1856,1864,9227),(9227,1864,1872),(9227,1872,
1880),(1880,1888,9227),(1888,1896,9227),(9227,1896,1904),(1904,1912,9227),
(1912,1920,9227),(1920,1928,9227),(9227,1928,1936),(1936,1944,9227),(1944,
1952,9227),(9227,1952,1960),(1960,1968,9227),(1968,1976,9227),(9227,1976,
1984),(1984,1992,9227),(1992,2000,9227),(9227,2000,2008),(2008,2016,9227),
(2016,2022,9227),(9227,2022,886),(886,882,9227),(882,896,9227),(9227,896,
904),(904,912,9227),(912,920,9227),(9227,920,928),(928,936,9227),(936,944,
9227),(9227,944,952),(952,960,9227),(960,968,8972),(9227,960,8972),(8972,
968,976),(976,984,8972),(984,992,8972),(8972,992,1000),(1000,1008,8972),
(1008,1016,8972),(8972,1016,1024),(8972,1024,1032),(1040,8972,1032),(1040,
1048,8972),(1048,1056,8972),(8972,1056,1064),(1064,1072,8972),(1072,1080,
8972),(1080,1088,8972),(8972,1088,1096),(1096,1104,8972),(1104,1112,8972),
(8972,1112,1120),(1120,1128,8972),(1128,1136,8972),(8972,1136,1144),(1144,
1152,8972),(1152,1160,8972),(8972,1160,1168),(1168,1176,8972),(1176,1184,
8972),(8972,1184,1192),(1192,1200,8972),(1200,1208,8972),(8972,1208,1216),
(1216,1224,8972),(1224,1232,8972),(1232,1240,8970),(8972,1232,8970),(8970,
1240,1248),(1248,1256,8970),(1256,1264,8970),(8970,1264,1272),(1272,1280,
8970),(1280,1288,8970),(8970,1288,1296),(8970,1296,1304),(1304,1312,8970),
(1312,1320,8970),(8970,1320,1328),(1328,1336,8970),(1336,1344,8970),(1344,
1352,8970),(1352,1360,8970),(8970,1360,1368),(1368,1376,8970),(1376,1384,
8970),(8970,1384,1392),(1392,1400,8970),(1400,1408,8970),(8970,1408,1416),
(1416,1424,8970),(1424,1432,8970),(8970,1432,1440),(1440,1448,8970),(1448,
1456,8970),(8970,1456,1464),(1464,1472,8970),(1472,1480,8970),(8970,1480,
1488),(1488,1496,8970),(1496,1504,8970),(1504,1512,9385),(8970,1504,9385),
(9385,1512,1520),(1520,1528,9385),(8963,7271,7279),(7263,7271,8963),(7287,
8963,7279),(7287,7295,8963),(7295,7303,8963),(7303,7311,8963),(8963,7311,
7319),(7319,7327,8963),(7327,7335,8963),(8963,7335,7343),(7343,7351,8963),
(7351,7359,8963),(8963,7359,7367),(7367,7375,8963),(7375,7383,8963),(8963,
7383,7391),(7391,7399,8963),(7399,7407,8963),(8963,7407,7415),(7415,7423,
8963),(7423,7431,8963),(7431,7439,8963),(7439,7447,8963),(8963,7447,7455),
(7455,7463,8963),(7463,7471,8963),(8963,7471,7479),(7479,7487,8963),(7487,
7495,8963),(8963,7495,7503),(7503,7511,8963),(7511,7519,8963),(8963,7519,
7527),(7527,7535,8963),(7535,7543,8963),(8963,7543,7551),(7551,7559,8963),
(7559,7567,8963),(7567,7575,8962),(8963,7567,8962),(8962,7575,7583),(7583,
7591,8962),(7591,7599,8962),(8962,7599,7607),(8962,7607,7615),(7615,7623,
8962),(7623,7631,8962),(8962,7631,7639),(7639,7647,8962),(7647,7655,8962),
(8962,7655,7663),(7663,7671,8962),(7671,7679,8962),(8962,7679,7687),(7687,
7695,8962),(7695,7703,8962),(7703,7711,8962),(8962,7711,7719),(7719,7727,
8962),(7727,7735,8962),(8962,7735,7743),(7743,7751,8962),(7751,7759,8962),
(8962,7759,7767),(7775,8962,7767),(7775,7783,8962),(7783,7791,8962),(7791,
7797,8962),(8962,7797,6661),(6661,6657,8962),(6657,6671,8962),(8962,6671,
6679),(6679,6687,8962),(6687,6695,8962),(6695,6703,9918),(8962,6695,9918),
(9918,6703,6711),(6711,6719,9918),(6719,6727,9918),(9918,6727,6735),(6735,
6743,9918),(6743,6751,9918),(9918,6751,6759),(9918,6759,6767),(6775,9918,
6767),(6775,6783,9918),(6783,6791,9918),(9918,6791,6799),(6799,6807,9918),
(6807,6815,9918),(9918,6815,6823),(6823,6831,9918),(6831,6839,9918),(6839,
6847,9918),(9918,6847,6855),(6855,6863,9918),(6863,6871,9918),(9918,6871,
6879),(6879,6887,9918),(6887,6895,9918),(9918,6895,6903),(6903,6911,9918),
(6911,6919,9918),(9918,6919,6927),(6927,6935,9918),(6935,6943,9918),(9918,
6943,6951),(6951,6959,9918),(6959,6967,9918),(6967,6975,9920),(9918,6967,
9920),(9920,6975,6983),(6983,6991,9920),(6991,6999,9920),(9920,6999,7007),
(7007,7015,9920),(7015,7023,9920),(9920,7023,7031),(9920,7031,7039),(7039,
7047,9920),(7047,7055,9920),(9920,7055,7063),(7063,7071,9920),(7071,7079,
9920),(7079,7087,9920),(7087,7095,9920),(9920,7095,7103),(7103,7111,9920),
(7111,7119,9920),(9920,7119,7127),(7127,7135,9920),(7135,7143,9920),(9920,
7143,7151),(7151,7159,9920),(7159,7167,9920),(9920,7167,7175),(7175,7183,
9920),(7183,7191,9920),(9920,7191,7199),(7199,7207,9920),(7207,7215,9920),
(9920,7215,7223),(7223,7231,9920),(7231,7239,9920),(7239,7247,8963),(9920,
7239,8963),(8963,7247,7255),(7255,7263,8963),(8426,8434,9904),(9904,8418,
8426),(8434,8442,9904),(8442,8450,9920),(9904,8442,9920),(9920,8450,8458),
(8458,8466,9920),(8466,8474,9920),(8474,8482,9920),(9920,8482,8490),(8490,
8498,9920),(8498,8506,9920),(8506,8514,9920),(8514,8522,9920),(9920,8522,
8530),(8530,8538,9920),(8538,8546,9920),(9920,8546,8554),(8554,8562,9920),
(8562,8570,9920),(9920,8570,8578),(8578,8586,9920),(8586,8594,9920),(8594,
8602,9920),(8602,8610,9920),(9920,8610,8618),(8618,8626,9920),(8626,8634,
9920),(9920,8634,8642),(8642,8650,9920),(8650,8658,9920),(9920,8658,8666),
(8666,8674,9920),(8674,8682,9920),(9920,8682,8690),(8698,9920,8690),(8698,
8706,9920),(8706,8714,9920),(8714,8722,9920),(8722,8730,9918),(9920,8722,
9918),(9918,8730,8738),(8738,8746,9918),(8746,8754,9918),(9918,8754,8762),
(8762,8770,9918),(8770,8778,9918),(9918,8778,8786),(8786,8794,9918),(8794,
8802,9918),(8802,8810,9918),(9918,8810,8818),(8818,8826,9918),(8826,8834,
9918),(9918,8834,8842),(8842,8850,9918),(8850,8858,9918),(8858,8866,9918),
(9918,8866,8874),(8874,8882,9918),(8882,8890,9918),(9918,8890,8898),(8898,
8906,9918),(8906,8914,9918),(9918,8914,8922),(8922,8930,9918),(8930,8938,
9918),(9918,8938,8946),(8946,8952,9918),(8952,7816,9918),(7816,7812,9910),
(9918,7816,9910),(9910,7812,7826),(7826,7834,9910),(7834,7842,9910),(9910,
7842,7850),(9910,7850,7858),(7858,7866,9910),(7866,7874,9910),(9910,7874,
7882),(7882,7890,9910),(7890,7898,9910),(9910,7898,7906),(9910,7906,7914),
(7914,7922,9910),(7922,7930,9910),(9910,7930,7938),(7938,7946,9910),(7946,
7954,9910),(9910,7954,7962),(7962,7970,9910),(7970,7978,9910),(9910,7978,
7986),(7986,7994,9910),(7994,8002,9910),(8002,8010,9910),(9910,8010,8018),
(8018,8026,9910),(8026,8034,9910),(9910,8034,8042),(8042,8050,9910),(8050,
8058,9910),(9910,8058,8066),(8066,8074,9910),(8074,8082,9910),(9910,8082,
8090),(8090,8098,9910),(8098,8106,9910),(8106,8114,9910),(8114,8122,9904),
(8114,9904,9910),(8122,8130,9904),(8130,8138,9904),(8138,8146,9904),(9904,
8146,8154),(8154,8162,9904),(8162,8170,9904),(9904,8170,8178),(8178,8186,
9904),(8186,8194,9904),(8194,8202,9904),(8202,8210,9904),(9904,8210,8218),
(9904,8218,8226),(8226,8234,9904),(8234,8242,9904),(9904,8242,8250),(8250,
8258,9904),(8258,8266,9904),(8266,8274,9904),(9904,8274,8282),(8282,8290,
9904),(8290,8298,9904),(9904,8298,8306),(8306,8314,9904),(8314,8322,9904),
(9904,8322,8330),(8330,8338,9904),(8338,8346,9904),(9904,8346,8354),(8354,
8362,9904),(8362,8370,9904),(9904,8370,8378),(8378,8386,9904),(8386,8394,
9904),(9904,8394,8402),(8402,8410,9904),(8410,8418,9904),(9144,9141,2025),
(2025,9141,17),(9146,9144,3180),(3180,9144,2025),(9142,9146,4335),(4335,
9146,3180),(9889,9142,5490),(5490,9142,4335),(9891,9889,6645),(6645,9889,
5490),(9893,9891,7800),(7800,9891,6645),(9887,9893,8955),(8955,9893,7800),
(9385,9672,8970),(8970,9681,8967),(9672,9681,8970),(8967,9683,8964),(9681,
9683,8967),(8964,9679,8958),(9683,9679,8964),(8958,9913,8963),(9679,9913,
8958),(8963,9915,9920),(9913,9915,8963),(9920,9917,9904),(9915,9917,9920),
(9917,9909,9904)),());
#21=COORDINATES_LIST('',4960,((0.0275933730887571,0.0235319625684645,0.),
(0.0275933730887571,0.0235319625684645,0.00404999999701977),(0.0275933730887571,
0.0235319625684645,0.00704999995231629),(0.0275933730887571,0.0235319625684645,
0.008),(0.0276396385273045,0.0234856971299171,0.00405142766982317),(0.0276396385273045,
0.0234856971299171,0.00704857230186462),(0.0276858156260574,0.0234395200311642,
0.00405570795014501),(0.0276858156260574,0.0234395200311642,0.0070442922115326),
(0.0277318170567457,0.0233935186004759,0.00406283271312714),(0.0277318170567457,
0.0233935186004759,0.00703716731071472),(0.0277775548167497,0.0233477808404719,
0.00407278836518526),(0.0277775548167497,0.0233477808404719,0.00702721166610718),
(0.0278229419149741,0.0233023937422474,0.00408555599302053),(0.0278229419149741,
0.0233023937422474,0.00701444387435913),(0.027867892371848,0.0232574432853736,
0.00410111126303673),(0.027867892371848,0.0232574432853736,0.00699888873100281),
(0.0279123195334507,0.0232130161237709,0.00411942457407713),(0.0279123195334507,
0.0232130161237709,0.00698057532310486),(0.0279561401176097,0.0231691955396119,
0.00414046107232571),(0.0279561401176097,0.0231691955396119,0.00695953893661499),
(0.0279992701678026,0.023126065489419,0.00416418069601059),(0.0279992701678026,
0.023126065489419,0.00693581938743592),(0.0280416274133813,0.0230837082438403,
0.00419053833186626),(0.0280416274133813,0.0230837082438403,0.00690946173667907),
(0.0280831316067461,0.0230422040504755,0.00421948374807835),(0.0280831316067461,
0.0230422040504755,0.00688051629066468),(0.028123703174647,0.0230016324825746,
0.00425096189975739),(0.028123703174647,0.0230016324825746,0.0068490378856659),
(0.0281632652412324,0.0229620704159891,0.00428491282463074),(0.0281632652412324,
0.0229620704159891,0.00681508708000183),(0.0282017426165246,0.022923593040697,
0.00432127195596695),(0.0282017426165246,0.022923593040697,0.00677872800827027),
(0.0282390621335944,0.0228862735236272,0.00435997000336647),(0.0282390621335944,
0.0228862735236272,0.00674003005027771),(0.0282751523113869,0.0228501833458347,
0.004400933355093),(0.0282751523113869,0.0228501833458347,0.00669906663894653),
(0.0283099447034201,0.0228153909538015,0.00444408398866653),(0.0283099447034201,
0.0228153909538015,0.00665591597557068),(0.0283433728862606,0.022781962770961,
0.00448933982849121),(0.0283433728862606,0.022781962770961,0.00661066007614136),
(0.0283753738082232,0.0227499618489984,0.00453661465644836),(0.0283753738082232,
0.0227499618489984,0.00656338524818421),(0.0284058857663215,0.0227194498909001,
0.00458581858873367),(0.0284058857663215,0.0227194498909001,0.00651418137550354),
(0.0284348514408417,0.0226904842163799,0.00463685786724091),(0.0284348514408417,
0.0226904842163799,0.00646314215660095),(0.0284622151979437,0.0226631204592779,
0.00468963533639908),(0.0284622151979437,0.0226631204592779,0.00641036462783814),
(0.0284879247755354,0.0226374108816862,0.00474405062198639),(0.0284879247755354,
0.0226374108816862,0.00635594940185547),(0.0285119316204472,0.0226134040367744,
0.00479999995231628),(0.0285119316204472,0.0226134040367744,0.00629999995231629),
(0.0285341902140828,0.0225911454431388,0.00485737705230713),(0.0285341902140828,
0.0225911454431388,0.00624262285232544),(0.028554657735244,0.0225706779219776,
0.00491607260704041),(0.028554657735244,0.0225706779219776,0.00618392753601074),
(0.0285732950716555,0.0225520405855661,0.00497597485780716),(0.0285732950716555,
0.0225520405855661,0.00612402534484863),(0.0285900674943141,0.0225352681629074,
0.00503696978092194),(0.0285900674943141,0.0225352681629074,0.00606303024291992),
(0.0286049426344402,0.0225203930227814,0.00509894132614136),(0.0286049426344402,
0.0225203930227814,0.00600105881690979),(0.0286178921693515,0.0225074434878701,
0.00516177153587341),(0.0286178921693515,0.0225074434878701,0.00593822860717774),
(0.0286288914852884,0.0224964441719332,0.00522534048557281),(0.0286288914852884,
0.0224964441719332,0.00587465941905975),(0.0286379193402395,0.0224874163169821,
0.00528952777385712),(0.0286379193402395,0.0224874163169821,0.00581047224998474),
(0.0286449592126399,0.0224803764445816,0.00535421061515808),(0.0286449592126399,
0.0224803764445816,0.00574578928947449),(0.0286499972783235,0.022475338378898,
0.00541926634311676),(0.0286499972783235,0.022475338378898,0.0056807336807251),
(0.0286530237592214,0.0224723118980002,0.00548457086086273),(0.0286530237592214,
0.0224723118980002,0.00561542904376983),(0.0286540332605369,0.0224713023966847,
0.00555000007152557),(0.03006824682291,0.0260068363026174,0.008),(0.0305101885611516,
0.026448778040859,0.),(0.0345760525529743,0.0165492831042473,0.),(0.0350179942912159,
0.0161073413660057,0.00555000007152557),(0.0350179942912159,0.0161073413660057,
0.008),(0.0350190037925314,0.0161063318646902,0.00548457086086273),(0.0350190037925314,
0.0161063318646902,0.00561542904376983),(0.0350220302734293,0.0161033053837923,
0.00541926634311676),(0.0350220302734293,0.0161033053837923,0.0056807336807251),
(0.0350270683391129,0.0160982673181087,0.00535421061515808),(0.0350270683391129,
0.0160982673181087,0.00574578928947449),(0.0350341082115133,0.0160912274457082,
0.00528952777385712),(0.0350341082115133,0.0160912274457082,0.00581047224998474),
(0.0350431360664644,0.0160821995907572,0.00522534048557281),(0.0350431360664644,
0.0160821995907572,0.00587465941905975),(0.0350541353824013,0.0160712002748202,
0.00516177153587341),(0.0350541353824013,0.0160712002748202,0.00593822860717774),
(0.0350670849173126,0.016058250739909,0.00509894132614136),(0.0350670849173126,
0.016058250739909,0.00600105881690979),(0.0350819600574387,0.0160433755997829,
0.00503696978092194),(0.0350819600574387,0.0160433755997829,0.00606303024291992),
(0.0350987324800973,0.0160266031771243,0.00497597485780716),(0.0350987324800973,
0.0160266031771243,0.00612402534484863),(0.0351173698165088,0.0160079658407128,
0.00491607260704041),(0.0351173698165088,0.0160079658407128,0.00618392753601074),
(0.03513783733767,0.0159874983195515,0.00485737705230713),(0.03513783733767,
0.0159874983195515,0.00624262285232544),(0.0351600959313056,0.015965239725916,
0.00479999995231628),(0.0351600959313056,0.015965239725916,0.00629999995231629),
(0.0351841027762174,0.0159412328810042,0.00474405062198639),(0.0351841027762174,
0.0159412328810042,0.00635594940185547),(0.0352098123538091,0.0159155233034125,
0.00468963533639908),(0.0352098123538091,0.0159155233034125,0.00641036462783814),
(0.0352371761109111,0.0158881595463105,0.00463685786724091),(0.0352371761109111,
0.0158881595463105,0.00646314215660095),(0.0352661417854313,0.0158591938717903,
0.00458581858873367),(0.0352661417854313,0.0158591938717903,0.00651418137550354),
(0.0352966537435297,0.0158286819136919,0.00453661465644836),(0.0352966537435297,
0.0158286819136919,0.00656338524818421),(0.0353286546654922,0.0157966809917294,
0.00448933982849121),(0.0353286546654922,0.0157966809917294,0.00661066007614136),
(0.0353620828483327,0.0157632528088889,0.00444408398866653),(0.0353620828483327,
0.0157632528088889,0.00665591597557068),(0.0353968752403659,0.0157284604168557,
0.004400933355093),(0.0353968752403659,0.0157284604168557,0.00669906663894653),
(0.0354329654181584,0.0156923702390632,0.00435997000336647),(0.0354329654181584,
0.0156923702390632,0.00674003005027771),(0.0354702849352282,0.0156550507219934,
0.00432127195596695),(0.0354702849352282,0.0156550507219934,0.00677872800827027),
(0.0355087623105204,0.0156165733467012,0.00428491282463074),(0.0355087623105204,
0.0156165733467012,0.00681508708000183),(0.0355483243771058,0.0155770112801158,
0.00425096189975739),(0.0355483243771058,0.0155770112801158,0.0068490378856659),
(0.0355888959450067,0.0155364397122149,0.00421948374807835),(0.0355888959450067,
0.0155364397122149,0.00688051629066468),(0.0356304001383715,0.0154949355188501,
0.00419053833186626),(0.0356304001383715,0.0154949355188501,0.00690946173667907),
(0.0356727573839502,0.0154525782732714,0.00416418069601059),(0.0356727573839502,
0.0154525782732714,0.00693581938743592),(0.0357158874341431,0.0154094482230785,
0.00414046107232571),(0.0357158874341431,0.0154094482230785,0.00695953893661499),
(0.0357597080183021,0.0153656276389195,0.00411942457407713),(0.0357597080183021,
0.0153656276389195,0.00698057532310486),(0.0358041351799048,0.0153212004773168,
0.00410111126303673),(0.0358041351799048,0.0153212004773168,0.00699888873100281),
(0.0358490856367787,0.0152762500204429,0.00408555599302053),(0.0358490856367787,
0.0152762500204429,0.00701444387435913),(0.0358944727350031,0.0152308629222185,
0.00407278836518526),(0.0358944727350031,0.0152308629222185,0.00702721166610718),
(0.0359070800375045,0.0263603880073368,0.004),(0.0359070800375045,0.0263603880073368,
0.008),(0.0359099362451343,0.0264912472284673,0.004),(0.0359099362451343,
0.0264912472284673,0.008),(0.0359099380995956,0.026229533000891,0.004),
(0.0359099380995956,0.026229533000891,0.008),(0.0359184971130038,0.0260989221089918,
0.004),(0.0359184971130038,0.0260989221089918,0.008),(0.0359184996418147,
0.026621858794716,0.004),(0.0359184996418147,0.026621858794716,0.008),(0.0359327456137862,
0.0267519667904187,0.004),(0.0359327456137862,0.0267519667904187,0.008),
(0.0359327482268909,0.0259688123431215,0.004),(0.0359327482268909,0.0259688123431215,
0.008),(0.0359402104950071,0.0151851251622145,0.00406283271312714),(0.0359402104950071,
0.0151851251622145,0.00703716731071472),(0.0359526552792606,0.0268813311471263,
0.004),(0.0359526552792606,0.0268813311471263,0.008),(0.0359526567122535,
0.0258394434345543,0.004),(0.0359526567122535,0.0258394434345543,0.008),
(0.0359781925605355,0.0270097074131174,0.004),(0.0359781925605355,0.0270097074131174,
0.008),(0.0359781936563536,0.0257110708774859,0.004),(0.0359781936563536,
0.0257110708774859,0.008),(0.0359862119256954,0.0151391237315262,0.00405570795014501),
(0.0359862119256954,0.0151391237315262,0.0070442922115326),(0.0360093041839945,
0.0271368467533984,0.004),(0.0360093041839945,0.0271368467533984,0.008),
(0.0360093043525819,0.0255839328016104,0.004),(0.0360093043525819,0.0255839328016104,
0.008),(0.0360323890244483,0.0150929466327733,0.00405142766982317),(0.0360323890244483,
0.0150929466327733,0.00704857230186462),(0.0360459299639379,0.0254582714670129,
0.004),(0.0360459299639379,0.0254582714670129,0.008),(0.0360459303011127,
0.027262506907884,0.004),(0.0360459303011127,0.027262506907884,0.008),(0.0360786544629957,
0.0150466811942259,0.),(0.0360786544629957,0.0150466811942259,0.00404999999701977),
(0.0360786544629957,0.0150466811942259,0.00704999995231629),(0.0360786544629957,
0.0150466811942259,0.008),(0.0360880022125269,0.0253343277850798,0.004),
(0.0360880022125269,0.0253343277850798,0.008),(0.0360880051628063,0.0273864515170479,
0.004),(0.0360880051628063,0.0273864515170479,0.008),(0.0361354441382037,
0.0252123405598545,0.004),(0.0361354441382037,0.0252123405598545,0.008),
(0.036135444306791,0.0275084413553778,0.004),(0.036135444306791,0.0275084413553778,
0.008),(0.0361881572016362,0.0276282432665078,0.004),(0.0361881572016362,
0.0276282432665078,0.008),(0.0361881591403913,0.0250925358670324,0.004),
(0.0361881591403913,0.0250925358670324,0.008),(0.0362460477946741,0.0249751426061479,
0.004),(0.0362460477946741,0.0249751426061479,0.008),(0.0362460509556877,
0.0277456372438888,0.004),(0.0362460509556877,0.0277456372438888,0.008),
(0.0363090026265886,0.0248603869371901,0.004),(0.0363090026265886,0.0248603869371901,
0.008),(0.0363090041860219,0.027860388613868,0.004),(0.0363090041860219,
0.027860388613868,0.008),(0.0363769047820217,0.0279722857992662,0.004),
(0.0363769047820217,0.0279722857992662,0.008),(0.0363769083645038,0.0247484920277218,
0.004),(0.0363769083645038,0.0247484920277218,0.008),(0.0364496263452884,
0.0246396612784339,0.004),(0.0364496263452884,0.0246396612784339,0.008),
(0.0364496268089037,0.0280811202574767,0.004),(0.0364496268089037,0.0280811202574767,
0.008),(0.0365270214039991,0.0281866740049991,0.004),(0.0365270214039991,
0.0281866740049991,0.008),(0.0365270214882928,0.0245341052971285,0.004),
(0.0365270214882928,0.0245341052971285,0.008),(0.0366089465956485,0.02443202522964,
0.004),(0.0366089465956485,0.02443202522964,0.008),(0.0366089484711833,
0.0282887526605681,0.004),(0.0366089484711833,0.0282887526605681,0.008),
(0.0366952482106802,0.0243336176910169,0.004),(0.0366952482106802,0.0243336176910169,
0.008),(0.036695248695369,0.0283871594826949,0.004),(0.036695248695369,
0.0283871594826949,0.008),(0.0367857612441822,0.024239069349651,0.004),
(0.0367857612441822,0.024239069349651,0.008),(0.0367857612441823,0.0284817100367703,
0.004),(0.0367857612441823,0.0284817100367703,0.008),(0.0368803095855481,
0.024148556316149,0.004),(0.0368803095855481,0.024148556316149,0.008),(0.0368803117982576,
0.0285722225855836,0.004),(0.0368803117982576,0.0285722225855836,0.008),
(0.0369787171241712,0.0240622547011173,0.004),(0.0369787171241712,0.0240622547011173,
0.008),(0.0369787186203844,0.0286585228097693,0.004),(0.0369787186203844,
0.0286585228097693,0.008),(0.0370807971916597,0.0239803295937615,0.004),
(0.0370807971916597,0.0239803295937615,0.008),(0.0370807972759534,0.0287404498769535,
0.004),(0.0370807972759534,0.0287404498769535,0.008),(0.0371570833246392,
0.0263603914633783,0.),(0.0371570833246392,0.0263603914633783,0.004),(0.0371587457649319,
0.0262840542484184,0.),(0.0371587457649319,0.0262840542484184,0.004),(0.0371587482094491,
0.0264367245479471,0.),(0.0371587482094491,0.0264367245479471,0.004),(0.0371637411780048,
0.0265129124787695,0.),(0.0371637411780048,0.0265129124787695,0.004),(0.0371637420209418,
0.026207868256351,0.),(0.0371637420209418,0.026207868256351,0.004),(0.037172054222405,
0.0261319700429651,0.),(0.037172054222405,0.0261319700429651,0.004),(0.0371720544752862,
0.0265888119565608,0.),(0.0371720544752862,0.0265888119565608,0.004),(0.0371836662692257,
0.0266642721798969,0.),(0.0371836662692257,0.0266642721798969,0.004),(0.037183667027869,
0.0260565044248325,0.),(0.037183667027869,0.0260565044248325,0.004),(0.0371863510234759,
0.0288178444720488,0.004),(0.0371863510234759,0.0288178444720488,0.008),
(0.0371863531729651,0.0239029344507572,0.004),(0.0371863531729651,0.0239029344507572,
0.008),(0.037198561639839,0.0267391570144571,0.),(0.037198561639839,0.0267391570144571,
0.004),(0.0371985622298949,0.0259816190845101,0.),(0.0371985622298949,0.0259816190845101,
0.004),(0.0372167113372133,0.0268133230766628,0.),(0.0372167113372133,0.0268133230766628,
0.004),(0.0372167137817305,0.0259074587542757,0.),(0.0372167137817305,0.0259074587542757,
0.004),(0.0372380769234226,0.0258341545108284,0.),(0.0372380769234226,0.0258341545108284,
0.004),(0.0372380771763037,0.0268866251284741,0.),(0.0372380771763037,0.0268866251284741,
0.004),(0.0372626208877718,0.0257618558068928,0.),(0.0372626208877718,0.0257618558068928,
0.004),(0.0372626221521773,0.0269589275413323,0.),(0.0372626221521773,0.0269589275413323,
0.004),(0.0372902912631967,0.0256906925812029,0.),(0.0372902912631967,0.0256906925812029,
0.004),(0.0372902945927978,0.0270300877745959,0.),(0.0372902945927978,0.0270300877745959,
0.004),(0.037295183922253,0.0238302164699726,0.004),(0.037295183922253,
0.0238302164699726,0.008),(0.0372951854816864,0.0288905664989308,0.004),
(0.0372951854816864,0.0288905664989308,0.008),(0.0373210426153947,0.0256208073744005,
0.),(0.0373210426153947,0.0256208073744005,0.004),(0.0373210440905344,0.027099972812811,
0.),(0.0373210440905344,0.027099972812811,0.004),(0.0373548109654495,0.027168448123237,
0.),(0.0373548109654495,0.027168448123237,0.004),(0.0373548114290649,0.0255523284393455,
0.),(0.0373548114290649,0.0255523284393455,0.004),(0.0373915364648365,0.0272353890354963,
0.),(0.0373915364648365,0.0272353890354963,0.004),(0.0373915382139307,0.025485390793467,
0.),(0.0373915382139307,0.025485390793467,0.004),(0.0374070788317213,0.0237623107320573,
0.004),(0.0374070788317213,0.0237623107320573,0.008),(0.0374070826670845,
0.0289584670949307,0.004),(0.0374070826670845,0.0289584670949307,0.008),
(0.0374311458623328,0.0254201147027974,0.),(0.0374311458623328,0.0254201147027974,
0.004),(0.0374311468317103,0.0273006643043023,0.),(0.0374311468317103,0.0273006643043023,
0.004),(0.0374735640101075,0.0273641469833475,0.),(0.0374735640101075,0.0273641469833475,
0.004),(0.0374735669393135,0.0253566323398536,0.),(0.0374735669393135,0.0253566323398536,
0.004),(0.0374928680253688,0.0185822151001586,0.008),(0.0374928680253688,
0.0194660985766418,0.),(0.0375187109555891,0.0274257199043929,0.),(0.0375187109555891,
0.0274257199043929,0.004),(0.037518711398131,0.0252950553305639,0.),(0.037518711398131,
0.0252950553305639,0.004),(0.0375218340370638,0.0290214203252648,0.004),
(0.0375218340370638,0.0290214203252648,0.008),(0.0375218345006791,0.0236993559001429,
0.004),(0.0375218345006791,0.0236993559001429,0.008),(0.0375665007613535,
0.0274852649719691,0.),(0.0375665007613535,0.0274852649719691,0.004),(0.0375665046494002,
0.0252355122122794,0.),(0.0375665046494002,0.0252355122122794,0.004),(0.0376168445502337,
0.0251781051278876,0.),(0.0376168445502337,0.0251781051278876,0.004),(0.0376168475321232,
0.0275426738686753,0.),(0.0376168475321232,0.0275426738686753,0.004),(0.0376392277615636,
0.0236414672458601,0.004),(0.0376392277615636,0.0236414672458601,0.008),
(0.0376392280144447,0.0290793140793163,0.004),(0.0376392280144447,0.0290793140793163,
0.008),(0.0376696447206654,0.0251229528261342,0.),(0.0376696447206654,0.0251229528261342,
0.004),(0.0376696447206654,0.0275978265602871,0.),(0.0376696447206654,0.0275978265602871,
0.004),(0.0377247970224188,0.0250701526557025,0.),(0.0377247970224188,0.0250701526557025,
0.004),(0.0377247974122772,0.0276506237488293,0.),(0.0377247974122772,0.0276506237488293,
0.004),(0.0377590299255747,0.0291320269741615,0.004),(0.0377590299255747,
0.0291320269741615,0.008),(0.0377590324543857,0.0235887522436724,0.004),
(0.0377590324543857,0.0235887522436724,0.008),(0.0377822009141869,0.0277009651248025,
0.),(0.0377822009141869,0.0277009651248025,0.004),(0.0377822041068107,0.025019812754869,
0.),(0.0377822041068107,0.025019812754869,0.004),(0.0378417472250951,0.0249720195035998,
0.),(0.0378417472250951,0.0249720195035998,0.004),(0.0378417513765597,0.0277487603253634,
0.),(0.0378417513765597,0.0277487603253634,0.004),(0.037881019679611,0.0235413103179957,
0.004),(0.037881019679611,0.0235413103179957,0.008),(0.0378810197639046,
0.0291794661181462,0.004),(0.0378810197639046,0.0291794661181462,0.008),
(0.0379033242343848,0.0249268750447823,0.),(0.0379033242343848,0.0249268750447823,
0.004),(0.0379033242976051,0.027793907270845,0.),(0.0379033242976051,0.027793907270845,
0.004),(0.0379668065973286,0.0248844539678016,0.),(0.0379668065973286,0.0248844539678016,
0.004),(0.0379668069766503,0.0278363244492423,0.),(0.0379668069766503,0.0278363244492423,
0.004),(0.0380049633615442,0.0234992380694067,0.004),(0.0380049633615442,
0.0234992380694067,0.008),(0.0380049643730685,0.0292215409798399,0.004),
(0.0380049643730685,0.0292215409798399,0.008),(0.0380320822454563,0.0278759348161161,
0.),(0.0380320822454563,0.0278759348161161,0.004),(0.0380320826879982,0.0248448463193994,
0.),(0.0380320826879982,0.0248448463193994,0.004),(0.0380990203338767,0.0248081195345337,
0.),(0.0380990203338767,0.0248081195345337,0.004),(0.0380990231577155,0.027912660315503,
0.),(0.0380990231577155,0.027912660315503,0.004),(0.0381306245275542,0.029258167096958,
0.004),(0.0381306245275542,0.029258167096958,0.008),(0.0381306246961416,
0.0234626124580507,0.004),(0.0381306246961416,0.0234626124580507,0.008),
(0.0381674984681416,0.0279464271904182,0.),(0.0381674984681416,0.0279464271904182,
0.004),(0.0381674992689317,0.0247743507208635,0.),(0.0381674992689317,0.0247743507208635,
0.004),(0.0382373835063566,0.0279771766881547,0.),(0.0382373835063566,0.0279771766881547,
0.004),(0.0382373844757341,0.0247435993686655,0.),(0.0382373844757341,0.0247435993686655,
0.004),(0.0382577627720171,0.0234315017618224,0.004),(0.0382577627720171,
0.0234315017618224,0.008),(0.0382577638678351,0.029289278720417,0.004),
(0.0382577638678351,0.029289278720417,0.008),(0.0383085437396202,0.0280048491287753,
0.),(0.0383085437396202,0.0280048491287753,0.004),(0.038308547701424,0.0247159289932406,
0.),(0.038308547701424,0.0247159289932406,0.004),(0.0383808461524785,0.0280293941046489,
0.),(0.0383808461524785,0.0280293941046489,0.004),(0.0383808464053596,0.0246913850288914,
0.),(0.0383808464053596,0.0246913850288914,0.004),(0.0383861347390297,0.0293148106068953,
0.004),(0.0383861347390297,0.0293148106068953,0.008),(0.0383861353290855,
0.0234059648177222,0.004),(0.0383861353290855,0.0234059648177222,0.008),
(0.0384541482042897,0.0280507599437393,0.),(0.0384541482042897,0.0280507599437393,
0.004),(0.0384541506488069,0.0246700218871993,0.),(0.0384541506488069,0.0246700218871993,
0.004),(0.0385155042376528,0.0233860563323597,0.004),(0.0385155042376528,
0.0233860563323597,0.008),(0.0385155044905339,0.0293347256671663,0.004),
(0.0385155044905339,0.0293347256671663,0.008),(0.0385283109790413,0.0246518703353637,
0.),(0.0385283109790413,0.0246518703353637,0.004),(0.0385283142664955,0.0280689096411135,
0.),(0.0385283142664955,0.0280689096411135,0.004),(0.0385535281971486,0.0175215549283788,
0.008),(0.0386031963193637,0.0246369751333378,0.),(0.0386031963193637,0.0246369751333378,
0.004),(0.0386031991010557,0.0280838050117268,0.),(0.0386031991010557,0.0280838050117268,
0.004),(0.0386456124862366,0.0293489716391378,0.004),(0.0386456124862366,
0.0293489716391378,0.008),(0.0386456140035231,0.0233718052184726,0.004),
(0.0386456140035231,0.0233718052184726,0.008),(0.0386786593243918,0.0280954168056664,
0.),(0.0386786593243918,0.0280954168056664,0.004),(0.0386786619374963,0.0246253623278738,
0.),(0.0386786619374963,0.0246253623278738,0.004),(0.038754558802183,0.0281037301029478,
0.),(0.038754558802183,0.0281037301029478,0.004),(0.0387545601508822,0.0246170501264106,
0.),(0.0387545601508822,0.0246170501264106,0.004),(0.0387762240524852,0.0293575350358182,
0.004),(0.0387762240524852,0.0293575350358182,0.008),(0.0387762248954222,
0.0233632462050644,0.004),(0.0387762248954222,0.0233632462050644,0.008),
(0.0388307461429496,0.0246120538704007,0.),(0.0388307461429496,0.0246120538704007,
0.004),(0.0388307467330055,0.0281087230715034,0.),(0.0388307467330055,0.0281087230715034,
0.004),(0.0389070798175742,0.0281103879563133,0.),(0.0389070798175742,0.0281103879563133,
0.004),(0.038907079901868,0.0233603881429733,0.004),(0.038907079901868,
0.0233603881429733,0.008),(0.0389070832736158,0.0293603912434481,0.004),
(0.0389070832736158,0.0293603912434481,0.008),(0.0389070833579095,0.024610391430108,
0.),(0.0389070833579095,0.024610391430108,0.004),(0.0389834164424783,0.0246120563149179,
0.),(0.0389834164424783,0.0246120563149179,0.004),(0.0389834170325341,0.0281087255160207,
0.),(0.0389834170325341,0.0281087255160207,0.004),(0.0389954699353902,0.0179634966666204,
0.),(0.0390379382800616,0.0293575331813569,0.004),(0.0390379382800616,0.0293575331813569,
0.008),(0.0390379391229985,0.0233632443506031,0.004),(0.0390379391229985,
0.0233632443506031,0.008),(0.0390596030246016,0.0281037292600108,0.),(0.0390596030246016,
0.0281037292600108,0.004),(0.0390596043733007,0.0246170492834736,0.),(0.0390596043733007,
0.0246170492834736,0.004),(0.0391355012379874,0.0280954170585474,0.),(0.0391355012379874,
0.0280954170585474,0.004),(0.039135503851092,0.024625362580755,0.),(0.039135503851092,
0.024625362580755,0.004),(0.0391685491719607,0.0293489741679487,0.004),
(0.0391685491719607,0.0293489741679487,0.008),(0.0391685506892472,0.0233718077472835,
0.004),(0.0391685506892472,0.0233718077472835,0.008),(0.0392109640744281,
0.0246369743746945,0.),(0.0392109640744281,0.0246369743746945,0.004),(0.0392109668561201,
0.0280838042530836,0.),(0.0392109668561201,0.0280838042530836,0.004),(0.0392858489089883,
0.0246518697453078,0.),(0.0392858489089883,0.0246518697453078,0.004),(0.0392858521964425,
0.0280689090510576,0.),(0.0392858521964425,0.0280689090510576,0.004),(0.0392986586849499,
0.023386053719255,0.004),(0.0392986586849499,0.023386053719255,0.008),(0.039298658937831,
0.0293347230540617,0.004),(0.039298658937831,0.0293347230540617,0.008),
(0.039360014971194,0.0246700194426821,0.),(0.039360014971194,0.0246700194426821,
0.004),(0.0393600179214735,0.0280507628940187,0.),(0.0393600179214735,0.0280507628940187,
0.004),(0.0394280230416575,0.0234059633847294,0.004),(0.0394280230416575,
0.0234059633847294,0.008),(0.0394280278463982,0.0293148145686991,0.004),
(0.0394280278463982,0.0293148145686991,0.008),(0.0394333167701242,0.02802939435753,
0.),(0.0394333167701242,0.02802939435753,0.004),(0.0394333170230053,0.0246913852817725,
0.),(0.0394333170230053,0.0246913852817725,0.004),(0.0395056154740598,0.0280048503931807,
0.),(0.0395056154740598,0.0280048503931807,0.004),(0.0395056194358635,0.0247159302576461,
0.),(0.0395056194358635,0.0247159302576461,0.004),(0.0395563993076486,0.0234315006660043,
0.004),(0.0395563993076486,0.0234315006660043,0.008),(0.0395564004034667,
0.029289277624599,0.004),(0.0395564004034667,0.029289277624599,0.008),(0.0395767786997496,
0.0279771800177558,0.),(0.0395767786997496,0.0279771800177558,0.004),(0.0395767796691271,
0.0247436026982666,0.),(0.0395767796691271,0.0247436026982666,0.004),(0.0396466639065521,
0.0279464286655579,0.),(0.0396466639065521,0.0279464286655579,0.004),(0.0396466647073422,
0.0247743521960032,0.),(0.0396466647073422,0.0247743521960032,0.004),(0.0396835384793422,
0.0292581669283706,0.004),(0.0396835384793422,0.0292581669283706,0.008),
(0.0396835386479296,0.0234626122894633,0.004),(0.0396835386479296,0.0234626122894633,
0.008),(0.0397151400177683,0.0248081190709183,0.),(0.0397151400177683,0.0248081190709183,
0.004),(0.0397151428416071,0.0279126598518877,0.),(0.0397151428416071,0.0279126598518877,
0.004),(0.0397820804874855,0.0278759330670218,0.),(0.0397820804874855,0.0278759330670218,
0.004),(0.0397820809300275,0.0248448445703053,0.),(0.0397820809300275,0.0248448445703053,
0.004),(0.0398091988024152,0.0234992384065815,0.004),(0.0398091988024152,
0.0234992384065815,0.008),(0.0398091998139396,0.0292215413170147,0.004),
(0.0398091998139396,0.0292215413170147,0.008),(0.0398473561988335,0.0248844549371791,
0.),(0.0398473561988335,0.0248844549371791,0.004),(0.0398473565781551,0.0278363254186198,
0.),(0.0398473565781551,0.0278363254186198,0.004),(0.0399108388778787,0.0249268721155763,
0.),(0.0399108388778787,0.0249268721155763,0.004),(0.039910838941099,0.0277939043416391,
0.),(0.039910838941099,0.0277939043416391,0.004),(0.0399331434115791,0.0235413132682751,
0.004),(0.0399331434115791,0.0235413132682751,0.008),(0.0399331434958728,
0.0291794690684256,0.004),(0.0399331434958728,0.0291794690684256,0.008),
(0.0399724117989241,0.0249720190610579,0.),(0.0399724117989241,0.0249720190610579,
0.004),(0.0399724159503887,0.0277487598828215,0.),(0.0399724159503887,0.0277487598828215,
0.004),(0.0400319568665003,0.0250198088668223,0.),(0.0400319568665003,0.0250198088668223,
0.004),(0.0400319590686731,0.0277009666315523,0.),(0.0400319590686731,0.0277009666315523,
0.004),(0.0400551307210981,0.0291320271427489,0.004),(0.0400551307210981,
0.0291320271427489,0.008),(0.040055133249909,0.0235887524122598,0.004),
(0.040055133249909,0.0235887524122598,0.008),(0.0400893657632065,0.025070155637592,
0.),(0.0400893657632065,0.025070155637592,0.004),(0.0400893661530649,0.0276506267307189,
0.),(0.0400893661530649,0.0276506267307189,0.004),(0.0401445184548183,0.0275978265602871,
0.),(0.0401445184548183,0.0275978265602871,0.004),(0.0401445184548184,0.0251229528261342,
0.),(0.0401445184548184,0.0251229528261342,0.004),(0.040174935161039,0.023641465307105,
0.004),(0.040174935161039,0.023641465307105,0.008),(0.0401749354139202,
0.0290793121405613,0.004),(0.0401749354139202,0.0290793121405613,0.008),
(0.0401973156433605,0.025178105517746,0.),(0.0401973156433605,0.025178105517746,
0.004),(0.0401973186252501,0.0275426742585337,0.),(0.0401973186252501,0.0275426742585337,
0.004),(0.0402476570193337,0.0252355090196557,0.),(0.0402476570193337,0.0252355090196557,
0.004),(0.0402476585260835,0.0274852671741419,0.),(0.0402476585260835,0.0274852671741419,
0.004),(0.0402923286748047,0.0290214234862785,0.004),(0.0402923286748047,
0.0290214234862785,0.008),(0.04029232913842,0.0236993590611565,0.004),(0.04029232913842,
0.0236993590611565,0.008),(0.0402954517773528,0.0274257240558575,0.),(0.0402954517773528,
0.0274257240558575,0.004),(0.0402954522198946,0.0252950594820284,0.),(0.0402954522198946,
0.0252950594820284,0.004),(0.0403405962361703,0.0273641470465677,0.),(0.0403405962361703,
0.0273641470465677,0.004),(0.0403405991653762,0.0253566324030739,0.),(0.0403405991653762,
0.0253566324030739,0.004),(0.0403830163437735,0.0254201150821191,0.),(0.0403830163437735,
0.0254201150821191,0.004),(0.040383017313151,0.0273006646836239,0.),(0.040383017313151,
0.0273006646836239,0.004),(0.0404070805083992,0.0237623122914907,0.004),
(0.0404070805083992,0.0237623122914907,0.008),(0.0404070843437625,0.028958468654364,
0.004),(0.0404070843437625,0.028958468654364,0.008),(0.040422624961553,
0.0272353885929543,0.),(0.040422624961553,0.0272353885929543,0.004),(0.0404226267106473,
0.0254853903509251,0.),(0.0404226267106473,0.0254853903509251,0.004),(0.0404593517464189,
0.0271684509470759,0.),(0.0404593517464189,0.0271684509470759,0.004),(0.0404593522100343,
0.0255523312631843,0.),(0.0404593522100343,0.0255523312631843,0.004),(0.0404931190849494,
0.0256208065736104,0.),(0.0404931190849494,0.0256208065736104,0.004),(0.0404931205600891,
0.0270999720120209,0.),(0.0404931205600891,0.0270999720120209,0.004),(0.0405189776937974,
0.0238302128874905,0.004),(0.0405189776937974,0.0238302128874905,0.008),
(0.0405189792532308,0.0288905629164487,0.004),(0.0405189792532308,0.0288905629164487,
0.008),(0.0405238685826859,0.0256906916118254,0.),(0.0405238685826859,0.0256906916118254,
0.004),(0.040523871912287,0.0270300868052184,0.),(0.040523871912287,0.0270300868052184,
0.004),(0.0405515410233065,0.025761851845089,0.),(0.0405515410233065,0.025761851845089,
0.004),(0.0405515422877119,0.0269589235795286,0.),(0.0405515422877119,0.0269589235795286,
0.004),(0.0405760859991801,0.0258341542579473,0.),(0.0405760859991801,0.0258341542579473,
0.004),(0.0405760862520612,0.026886624875593,0.),(0.0405760862520612,0.026886624875593,
0.004),(0.0405974518382705,0.0259074563097585,0.),(0.0405974518382705,0.0259074563097585,
0.004),(0.0405974547885499,0.0268133260269422,0.),(0.0405974547885499,0.0268133260269422,
0.004),(0.0406156009455888,0.0267391603019113,0.),(0.0406156009455888,0.0267391603019113,
0.004),(0.0406156015356448,0.0259816223719643,0.),(0.0406156015356448,0.0259816223719643,
0.004),(0.0406278100025186,0.0288178449356642,0.004),(0.0406278100025186,
0.0288178449356642,0.008),(0.0406278121520079,0.0239029349143725,0.004),
(0.0406278121520079,0.0239029349143725,0.008),(0.0406304961476148,0.0266642749615889,
0.),(0.0406304961476148,0.0266642749615889,0.004),(0.0406304969062581,0.0260565072065245,
0.),(0.0406304969062581,0.0260565072065245,0.004),(0.0406421087001976,0.0261319674298606,
0.),(0.0406421087001976,0.0261319674298606,0.004),(0.0406421089530787,0.0265888093434562,
0.),(0.0406421089530787,0.0265888093434562,0.004),(0.040650421154542,0.0265129111300704,
0.),(0.040650421154542,0.0265129111300704,0.004),(0.040650421997479,0.0262078669076518,
0.),(0.040650421997479,0.0262078669076518,0.004),(0.0406554149660346,0.0262840548384743,
0.),(0.0406554149660346,0.0262840548384743,0.004),(0.0406554174105519,0.0264367251380029,
0.),(0.0406554174105519,0.0264367251380029,0.004),(0.0406570798508445,0.026360387923043,
0.),(0.0406570798508445,0.026360387923043,0.004),(0.0407333658995304,0.0239803295094679,
0.004),(0.0407333658995304,0.0239803295094679,0.008),(0.0407333659838241,
0.0287404497926598,0.004),(0.0407333659838241,0.0287404497926598,0.008),
(0.0408354445550994,0.024062256576652,0.004),(0.0408354445550994,0.024062256576652,
0.008),(0.0408354460513125,0.028658524685304,0.004),(0.0408354460513125,
0.028658524685304,0.008),(0.0409338513772261,0.0241485568008378,0.004),
(0.0409338513772261,0.0241485568008378,0.008),(0.0409338535899357,0.0285722230702723,
0.004),(0.0409338535899357,0.0285722230702723,0.008),(0.0410284019313015,
0.024239069349651,0.004),(0.0410284019313015,0.024239069349651,0.008),(0.0410284019313015,
0.0284817100367703,0.004),(0.0410284019313015,0.0284817100367703,0.008),
(0.0411189144801148,0.0243336199037264,0.004),(0.0411189144801148,0.0243336199037264,
0.008),(0.0411189149648035,0.0283871616954045,0.004),(0.0411189149648035,
0.0283871616954045,0.008),(0.0412052147043005,0.0244320267258532,0.004),
(0.0412052147043005,0.0244320267258532,0.008),(0.0412052165798352,0.0282887541567813,
0.004),(0.0412052165798352,0.0282887541567813,0.008),(0.041287141687191,
0.0281866740892929,0.004),(0.041287141687191,0.0281866740892929,0.008),
(0.0412871417714847,0.0245341053814222,0.004),(0.0412871417714847,0.0245341053814222,
0.008),(0.0413645363665801,0.0246396591289447,0.004),(0.0413645363665801,
0.0246396591289447,0.008),(0.0413645368301954,0.0280811181079874,0.004),
(0.0413645368301954,0.0280811181079874,0.008),(0.0414372548109799,0.0279722873586996,
0.004),(0.0414372548109799,0.0279722873586996,0.008),(0.041437258393462,
0.0247484935871552,0.004),(0.041437258393462,0.0247484935871552,0.008),
(0.0415051589894619,0.0248603907725533,0.004),(0.0415051589894619,0.0248603907725533,
0.008),(0.0415051605488952,0.0278603924492313,0.004),(0.0415051605488952,
0.0278603924492313,0.008),(0.0415681122197961,0.0249751421425326,0.004),
(0.0415681122197961,0.0249751421425326,0.008),(0.0415681153808097,0.0277456367802735,
0.004),(0.0415681153808097,0.0277456367802735,0.008),(0.0416260040350925,
0.0276282435193889,0.004),(0.0416260040350925,0.0276282435193889,0.008),
(0.0416260059738475,0.0250925361199135,0.004),(0.0416260059738475,0.0250925361199135,
0.008),(0.0416787188686927,0.0252123380310435,0.004),(0.0416787188686927,
0.0252123380310435,0.008),(0.0416787190372801,0.0275084388265669,0.004),
(0.0416787190372801,0.0275084388265669,0.008),(0.0417261580126774,0.0253343278693734,
0.004),(0.0417261580126774,0.0253343278693734,0.008),(0.0417261609629568,
0.0273864516013416,0.004),(0.0417261609629568,0.0273864516013416,0.008),
(0.0417682328743711,0.0254582724785373,0.004),(0.0417682328743711,0.0254582724785373,
0.008),(0.0417682332115459,0.0272625079194084,0.004),(0.0417682332115459,
0.0272625079194084,0.008),(0.0418048588229018,0.027136846584811,0.004),
(0.0418048588229018,0.027136846584811,0.008),(0.0418048589914892,0.025583932633023,
0.004),(0.0418048589914892,0.025583932633023,0.008),(0.0418359695191302,
0.0270097085089355,0.004),(0.0418359695191302,0.0270097085089355,0.008),
(0.0418359706149482,0.0257110719733039,0.004),(0.0418359706149482,0.0257110719733039,
0.008),(0.0418615025014265,0.0258394428444984,0.004),(0.0418615025014265,
0.0258394428444984,0.008),(0.0418615064632303,0.026881335951867,0.004),
(0.0418615064632303,0.026881335951867,0.008),(0.0418814149485929,0.0267519670432998,
0.004),(0.0418814149485929,0.0267519670432998,0.008),(0.0418814175616975,
0.0259688125960027,0.004),(0.0418814175616975,0.0259688125960027,0.008),
(0.041895663533669,0.0260989205917054,0.004),(0.041895663533669,0.0260989205917054,
0.008),(0.0418956660624799,0.0266218572774295,0.004),(0.0418956660624799,
0.0266218572774295,0.008),(0.0419042250758881,0.0264912463855304,0.004),
(0.0419042250758881,0.0264912463855304,0.008),(0.0419042269303494,0.026229532157954,
0.004),(0.0419042269303494,0.026229532157954,0.008),(0.0419070831379793,
0.0263603913790846,0.004),(0.0419070831379793,0.0263603913790846,0.008),
(0.0435032756654545,0.0394418651451618,0.),(0.0435032756654545,0.0394418651451618,
0.008),(0.0504859551296716,0.0324591856809447,0.),(0.0509278968679132,0.0320172439427031,
0.008),(0.051988557039693,0.0309565837709232,0.),(0.051988557039693,0.0309565837709232,
0.008),(0.0535847495671682,0.0440380575370005,0.004),(0.0535847495671682,
0.0440380575370005,0.008),(0.053587605774798,0.044168916758131,0.004),(0.053587605774798,
0.044168916758131,0.008),(0.0535876076292593,0.0439072025305547,0.004),
(0.0535876076292593,0.0439072025305547,0.008),(0.0535961666426675,0.0437765916386555,
0.004),(0.0535961666426675,0.0437765916386555,0.008),(0.0535961691714785,
0.0442995283243797,0.004),(0.0535961691714785,0.0442995283243797,0.008),
(0.0536104123617579,0.0436464764779886,0.004),(0.0536104123617579,0.0436464764779886,
0.008),(0.0536104205382466,0.0444296417148791,0.004),(0.0536104205382466,
0.0444296417148791,0.008),(0.0536303248089243,0.04455900067679,0.004),(0.0536303248089243,
0.04455900067679,0.008),(0.0536303262419171,0.043517112964218,0.004),(0.0536303262419171,
0.043517112964218,0.008),(0.0536558620901993,0.0446873769427811,0.004),
(0.0536558620901993,0.0446873769427811,0.008),(0.0536558631860173,0.0433887404071496,
0.004),(0.0536558631860173,0.0433887404071496,0.008),(0.0536869737136582,
0.0448145162830621,0.004),(0.0536869737136582,0.0448145162830621,0.008),
(0.0536869738822456,0.0432616023312741,0.004),(0.0536869738822456,0.0432616023312741,
0.008),(0.0537235994936016,0.0431359409966766,0.004),(0.0537235994936016,
0.0431359409966766,0.008),(0.0537235998307764,0.0449401764375477,0.004),
(0.0537235998307764,0.0449401764375477,0.008),(0.05376567469247,0.0450641210467116,
0.004),(0.05376567469247,0.0450641210467116,0.008),(0.0537656771369872,
0.04301200270954,0.004),(0.0537656771369872,0.04301200270954,0.008),(0.0538131136678674,
0.0428900100895181,0.004),(0.0538131136678674,0.0428900100895181,0.008),
(0.0538131138364547,0.0451861108850415,0.004),(0.0538131138364547,0.0451861108850415,
0.008),(0.0538658267312999,0.0453059127961715,0.004),(0.0538658267312999,
0.0453059127961715,0.008),(0.053865828670055,0.0427702053966961,0.004),
(0.053865828670055,0.0427702053966961,0.008),(0.0539237204853514,0.0454233067735525,
0.004),(0.0539237204853514,0.0454233067735525,0.008),(0.0539237227191344,
0.0426528175306082,0.004),(0.0539237227191344,0.0426528175306082,0.008),
(0.0539866721562522,0.0425380564668538,0.004),(0.0539866721562522,0.0425380564668538,
0.008),(0.0539866737156856,0.0455380581435317,0.004),(0.0539866737156856,
0.0455380581435317,0.008),(0.0540545743116854,0.0456499553289299,0.004),
(0.0540545743116854,0.0456499553289299,0.008),(0.0540545778941675,0.0424261615573855,
0.004),(0.0540545778941675,0.0424261615573855,0.008),(0.0541272958749521,
0.0423173308080976,0.004),(0.0541272958749521,0.0423173308080976,0.008),
(0.0541272963385674,0.0457587897871404,0.004),(0.0541272963385674,0.0457587897871404,
0.008),(0.0542046909336628,0.0458643435346628,0.004),(0.0542046909336628,
0.0458643435346628,0.008),(0.0542046910179565,0.0422117748267922,0.004),
(0.0542046910179565,0.0422117748267922,0.008),(0.0542866161253122,0.0421096947593037,
0.004),(0.0542866161253122,0.0421096947593037,0.008),(0.054286618000847,
0.0459664221902319,0.004),(0.054286618000847,0.0459664221902319,0.008),
(0.0543729177403439,0.0420112872206806,0.004),(0.0543729177403439,0.0420112872206806,
0.008),(0.0543729182250327,0.0460648290123586,0.004),(0.0543729182250327,
0.0460648290123586,0.008),(0.0544634307738459,0.0419167388793147,0.004),
(0.0544634307738459,0.0419167388793147,0.008),(0.0544634307738459,0.046159379566434,
0.004),(0.0544634307738459,0.046159379566434,0.008),(0.0545579791152118,
0.0418262258458127,0.004),(0.0545579791152118,0.0418262258458127,0.008),
(0.0545579813279213,0.0462498921152473,0.004),(0.0545579813279213,0.0462498921152473,
0.008),(0.0546563866538349,0.041739924230781,0.004),(0.0546563866538349,
0.041739924230781,0.008),(0.0546563881500481,0.046336192339433,0.004),(0.0546563881500481,
0.046336192339433,0.008),(0.0547584667213234,0.0416579991234253,0.004),
(0.0547584667213234,0.0416579991234253,0.008),(0.0547584668056171,0.0464181194066172,
0.004),(0.0547584668056171,0.0464181194066172,0.008),(0.0548347474595063,
0.0440380555982454,0.),(0.0548347474595063,0.0440380555982454,0.004),(0.0548364152945956,
0.0439617237780821,0.),(0.0548364152945956,0.0439617237780821,0.004),(0.0548364177391128,
0.0441143940776108,0.),(0.0548364177391128,0.0441143940776108,0.004),(0.0548414107076685,
0.0441905820084332,0.),(0.0548414107076685,0.0441905820084332,0.004),(0.0548414115506055,
0.0438855377860147,0.),(0.0548414115506055,0.0438855377860147,0.004),(0.0548497237520688,
0.0438096395726288,0.),(0.0548497237520688,0.0438096395726288,0.004),(0.0548497240049499,
0.0442664814862245,0.),(0.0548497240049499,0.0442664814862245,0.004),(0.0548613365575327,
0.0437341739544961,0.),(0.0548613365575327,0.0437341739544961,0.004),(0.054861341193686,
0.0443419471043572,0.),(0.054861341193686,0.0443419471043572,0.004),(0.0548640227026288,
0.0415806039804209,0.004),(0.0548640227026288,0.0415806039804209,0.008),
(0.0548640259479362,0.0464955193965091,0.004),(0.0548640259479362,0.0464955193965091,
0.008),(0.0548762311695027,0.0444168265441208,0.),(0.0548762311695027,0.0444168265441208,
0.004),(0.0548762317595586,0.0436592886141738,0.),(0.0548762317595586,0.0436592886141738,
0.004),(0.0548943779165976,0.0435851228891428,0.),(0.0548943779165976,0.0435851228891428,
0.004),(0.054894380866877,0.0444909926063265,0.),(0.054894380866877,0.0444909926063265,
0.004),(0.0549157464530863,0.0435118240404921,0.),(0.0549157464530863,0.0435118240404921,
0.004),(0.0549157467059674,0.0445642946581378,0.),(0.0549157467059674,0.0445642946581378,
0.004),(0.0549402904174355,0.0434395253365565,0.),(0.0549402904174355,0.0434395253365565,
0.004),(0.054940291681841,0.044636597070996,0.),(0.054940291681841,0.044636597070996,
0.004),(0.0549679607928604,0.0433683621108666,0.),(0.0549679607928604,0.0433683621108666,
0.004),(0.0549679641224615,0.0447077573042596,0.),(0.0549679641224615,0.0447077573042596,
0.004),(0.0549728534519167,0.0415078859996363,0.004),(0.0549728534519167,
0.0415078859996363,0.008),(0.0549728550113501,0.0465682360285945,0.004),
(0.0549728550113501,0.0465682360285945,0.008),(0.0549987121450584,0.0432984769040642,
0.),(0.0549987121450584,0.0432984769040642,0.004),(0.0549987136201981,0.0447776423424747,
0.),(0.0549987136201981,0.0447776423424747,0.004),(0.0550324809587285,0.0432299979690091,
0.),(0.0550324809587285,0.0432299979690091,0.004),(0.0550324858899099,0.0448461230476974,
0.),(0.0550324858899099,0.0448461230476974,0.004),(0.0550692077435944,0.0431630603231307,
0.),(0.0550692077435944,0.0431630603231307,0.004),(0.0550692113892968,0.0449130639599565,
0.),(0.0550692113892968,0.0449130639599565,0.004),(0.055084748361385,0.041439980261721,
0.004),(0.055084748361385,0.041439980261721,0.008),(0.0550847521967482,
0.0466361366245944,0.004),(0.0550847521967482,0.0466361366245944,0.008),
(0.0551088153919965,0.0430977842324611,0.),(0.0551088153919965,0.0430977842324611,
0.004),(0.055108816361374,0.044978333833966,0.),(0.055108816361374,0.044978333833966,
0.004),(0.0551512364689772,0.0430343018695173,0.),(0.0551512364689772,0.0430343018695173,
0.004),(0.0551512389345678,0.0450418219078078,0.),(0.0551512389345678,0.0450418219078078,
0.004),(0.0551963804852528,0.0451033894340566,0.),(0.0551963804852528,0.0451033894340566,
0.004),(0.0551963809277947,0.0429727248602276,0.),(0.0551963809277947,0.0429727248602276,
0.004),(0.0551995035667275,0.0466990898549285,0.004),(0.0551995035667275,
0.0466990898549285,0.008),(0.0551995094251394,0.0413770308246032,0.004),
(0.0551995094251394,0.0413770308246032,0.008),(0.0552441687842673,0.0429131763471466,
0.),(0.0552441687842673,0.0429131763471466,0.004),(0.0552441702910171,0.0451629345016328,
0.),(0.0552441702910171,0.0451629345016328,0.004),(0.0552945116669903,0.0452203380035424,
0.),(0.0552945116669903,0.0452203380035424,0.004),(0.0552945140798974,0.0428557746575513,
0.),(0.0552945140798974,0.0428557746575513,0.004),(0.0553168972912273,0.0413191367755238,
0.004),(0.0553168972912273,0.0413191367755238,0.008),(0.0553168975441084,
0.04675698360898,0.004),(0.0553168975441084,0.04675698360898,0.008),(0.0553473142503291,
0.0428006223557979,0.),(0.0553473142503291,0.0428006223557979,0.004),(0.0553473142503291,
0.0452754960899508,0.),(0.0553473142503291,0.0452754960899508,0.004),(0.0554024665520826,
0.0427478221853662,0.),(0.0554024665520826,0.0427478221853662,0.004),(0.0554024723367375,
0.0453282986732897,0.),(0.0554024723367375,0.0453282986732897,0.004),(0.0554366994552384,
0.0468096965038252,0.004),(0.0554366994552384,0.0468096965038252,0.008),
(0.0554367019840494,0.0412664217733361,0.004),(0.0554367019840494,0.0412664217733361,
0.008),(0.0554598682416778,0.0426974768897361,0.),(0.0554598682416778,0.0426974768897361,
0.004),(0.0554598704438506,0.0453786346544662,0.),(0.0554598704438506,0.0453786346544662,
0.004),(0.0555194167547588,0.0426496890332635,0.),(0.0555194167547588,0.0426496890332635,
0.004),(0.0555194209062233,0.0454264298550271,0.),(0.0555194209062233,0.0454264298550271,
0.004),(0.0555586892935683,0.0468571356478099,0.004),(0.0555586892935683,
0.0468571356478099,0.008),(0.0555586946040713,0.041218985242456,0.004),
(0.0555586946040713,0.041218985242456,0.008),(0.0555809884324722,0.0454715714057121,
0.),(0.0555809884324722,0.0454715714057121,0.004),(0.0555809937640485,0.042604544574446,
0.),(0.0555809937640485,0.042604544574446,0.004),(0.0556444761269923,0.0425621234974652,
0.),(0.0556444761269923,0.0425621234974652,0.004),(0.055644476506314,0.045513993978906,
0.),(0.055644476506314,0.045513993978906,0.004),(0.0556826328912079,0.0411769075990704,
0.004),(0.0556826328912079,0.0411769075990704,0.008),(0.0556826339027322,
0.0468992105095036,0.004),(0.0556826339027322,0.0468992105095036,0.008),
(0.0557097463803234,0.0455535989509832,0.),(0.0557097463803234,0.0455535989509832,
0.004),(0.0557097522176619,0.0425225158490631,0.),(0.0557097522176619,0.0425225158490631,
0.004),(0.0557766872925826,0.0455903244503701,0.),(0.0557766872925826,0.0455903244503701,
0.004),(0.0557766898635403,0.0424857890641973,0.),(0.0557766898635403,0.0424857890641973,
0.004),(0.0558082940572179,0.0469358366266217,0.004),(0.0558082940572179,
0.0469358366266217,0.008),(0.0558082942258053,0.0411402819877144,0.004),
(0.0558082942258053,0.0411402819877144,0.008),(0.0558451679978053,0.0456240967200819,
0.),(0.0558451679978053,0.0456240967200819,0.004),(0.0558451687985954,0.0424520202505272,
0.),(0.0558451687985954,0.0424520202505272,0.004),(0.0559150530360204,0.0456548462178185,
0.),(0.0559150530360204,0.0456548462178185,0.004),(0.0559150540053978,0.0424212688983292,
0.),(0.0559150540053978,0.0424212688983292,0.004),(0.0559354323016808,0.0411091712914861,
0.004),(0.0559354323016808,0.0411091712914861,0.008),(0.0559354333974988,
0.0469669482500807,0.004),(0.0559354333974988,0.0469669482500807,0.008),
(0.0559862132692839,0.045682518658439,0.),(0.0559862132692839,0.045682518658439,
0.004),(0.0559862172310877,0.0423935985229043,0.),(0.0559862172310877,0.0423935985229043,
0.004),(0.0560585156821422,0.0457070636343126,0.),(0.0560585156821422,0.0457070636343126,
0.004),(0.0560585159350233,0.0423690545585551,0.),(0.0560585159350233,0.0423690545585551,
0.004),(0.0560638048587492,0.0410836343473859,0.004),(0.0560638048587492,
0.0410836343473859,0.008),(0.0560638069660917,0.0469924828339574,0.004),
(0.0560638069660917,0.0469924828339574,0.008),(0.056131814783674,0.0423476860220664,
0.),(0.056131814783674,0.0423476860220664,0.004),(0.0561318177339534,0.045728429473403,
0.),(0.0561318177339534,0.045728429473403,0.004),(0.0561931683725198,0.0410637204672267,
0.004),(0.0561931683725198,0.0410637204672267,0.008),(0.0561931713227992,
0.0470123924994317,0.004),(0.0561931713227992,0.0470123924994317,0.008),
(0.056205980508705,0.0423295398650274,0.),(0.056205980508705,0.0423295398650274,
0.004),(0.0562059837961592,0.0457465791707772,0.),(0.0562059837961592,0.0457465791707772,
0.004),(0.0562808658490274,0.0423146446630015,0.),(0.0562808658490274,0.0423146446630015,
0.004),(0.056280865933321,0.0457614718439922,0.),(0.056280865933321,0.0457614718439922,
0.004),(0.0563232835331868,0.0410494747481363,0.004),(0.0563232835331868,
0.0410494747481363,0.008),(0.0563232847132985,0.0470266438661998,0.004),
(0.0563232847132985,0.0470266438661998,0.008),(0.05635633146716,0.0423030318575375,
0.),(0.05635633146716,0.0423030318575375,0.004),(0.0563563315514538,0.0457730890327284,
0.),(0.0563563315514538,0.0457730890327284,0.004),(0.0564322283318467,0.0457813996326115,
0.),(0.0564322283318467,0.0457813996326115,0.004),(0.0564322296805459,0.0422947196560742,
0.),(0.0564322296805459,0.0422947196560742,0.004),(0.056453893582149,0.0470352045654819,
0.004),(0.056453893582149,0.0470352045654819,0.008),(0.0564538944250859,
0.0410409157347281,0.004),(0.0564538944250859,0.0410409157347281,0.008),
(0.0565084156726133,0.0422897234000644,0.),(0.0565084156726133,0.0422897234000644,
0.004),(0.0565084189600675,0.0457863952985655,0.),(0.0565084189600675,0.0457863952985655,
0.004),(0.0565847474927766,0.0422880555649751,0.),(0.0565847474927766,0.0422880555649751,
0.004),(0.0565847494315317,0.041038057672637,0.004),(0.0565847494315317,
0.041038057672637,0.008),(0.0565847520446363,0.0457880601833753,0.),(0.0565847520446363,
0.0457880601833753,0.004),(0.0565847528032795,0.0470380607731118,0.004),
(0.0565847528032795,0.0470380607731118,0.008),(0.056661085972142,0.0422897258445816,
0.),(0.056661085972142,0.0422897258445816,0.004),(0.0566610865621978,0.0457863950456844,
0.),(0.0566610865621978,0.0457863950456844,0.004),(0.0567156078097252,0.0470352027110205,
0.004),(0.0567156078097252,0.0470352027110205,0.008),(0.0567156086526622,
0.0410409138802668,0.004),(0.0567156086526622,0.0410409138802668,0.008),
(0.0567372739029644,0.0422947188131373,0.),(0.0567372739029644,0.0422947188131373,
0.004),(0.0567372752516636,0.0457814014870728,0.),(0.0567372752516636,0.0457814014870728,
0.004),(0.0568131707676511,0.0457730865882111,0.),(0.0568131707676511,0.0457730865882111,
0.004),(0.0568131733807557,0.0423030321104187,0.),(0.0568131733807557,0.0423030321104187,
0.004),(0.0568462160042261,0.0470266410002141,0.004),(0.0568462160042261,
0.0470266410002141,0.008),(0.0568462202189109,0.0410494772769473,0.004),
(0.0568462202189109,0.0410494772769473,0.008),(0.0568886363857838,0.0457614737827473,
0.),(0.0568886363857838,0.0457614737827473,0.004),(0.0568886389988884,0.0423146492991548,
0.),(0.0568886389988884,0.0423146492991548,0.004),(0.056963518438652,0.0423295392749715,
0.),(0.056963518438652,0.0423295392749715,0.004),(0.0569635190287079,0.0457465758833231,
0.),(0.0569635190287079,0.0457465758833231,0.004),(0.0569763284674947,0.0470123925837254,
0.004),(0.0569763284674947,0.0470123925837254,0.008),(0.0569763336094103,
0.0410637286437154,0.004),(0.0569763336094103,0.0410637286437154,0.008),
(0.0570376845008577,0.0423476889723458,0.),(0.0570376845008577,0.0423476889723458,
0.004),(0.0570376847537388,0.045728429726284,0.),(0.0570376847537388,0.045728429726284,
0.004),(0.0571056925713212,0.0410836329143931,0.004),(0.0571056925713212,
0.0410836329143931,0.008),(0.0571056946786637,0.0469924814009645,0.004),
(0.0571056946786637,0.0469924814009645,0.008),(0.0571109862997879,0.0457070638871937,
0.),(0.0571109862997879,0.0457070638871937,0.004),(0.057110986552669,0.0423690548114362,
0.),(0.057110986552669,0.0423690548114362,0.004),(0.0571832877011218,0.0456825226202427,
0.),(0.0571832877011218,0.0456825226202427,0.004),(0.0571832889655272,0.0423935997873098,
0.),(0.0571832889655272,0.0423935997873098,0.004),(0.0572340688373123,0.0411091701956681,
0.004),(0.0572340688373123,0.0411091701956681,0.008),(0.0572340699331304,
0.0469669471542627,0.004),(0.0572340699331304,0.0469669471542627,0.008),
(0.0572544482294133,0.0456548495474195,0.),(0.0572544482294133,0.0456548495474195,
0.004),(0.0572544491987908,0.0424212722279302,0.),(0.0572544491987908,0.0424212722279302,
0.004),(0.0573243334362158,0.0456240981952216,0.),(0.0573243334362158,0.0456240981952216,
0.004),(0.0573243342370059,0.0424520217256669,0.),(0.0573243342370059,0.0424520217256669,
0.004),(0.0573612080090059,0.0469358364580343,0.004),(0.0573612080090059,
0.0469358364580343,0.008),(0.0573612081775933,0.041140281819127,0.004),
(0.0573612081775933,0.041140281819127,0.008),(0.0573928123712708,0.0455903293815514,
0.),(0.0573928123712708,0.0455903293815514,0.004),(0.0573928149422286,0.0424857939953787,
0.),(0.0573928149422286,0.0424857939953787,0.004),(0.0574597500171492,0.0455536025966855,
0.),(0.0574597500171492,0.0455536025966855,0.004),(0.0574597558544878,0.0425225194947656,
0.),(0.0574597558544878,0.0425225194947656,0.004),(0.057486866646205,0.04689920814928,
0.004),(0.057486866646205,0.04689920814928,0.008),(0.0574868683320789,0.0411769079362452,
0.004),(0.0574868683320789,0.0411769079362452,0.008),(0.0575250257284972,
0.0425621244668428,0.),(0.0575250257284972,0.0425621244668428,0.004),(0.0575250261078188,
0.0455139949482835,0.),(0.0575250261078188,0.0455139949482835,0.004),(0.0575885084707626,
0.0454715738713028,0.),(0.0575885084707626,0.0454715738713028,0.004),(0.057588513802339,
0.0426045470400366,0.),(0.057588513802339,0.0426045470400366,0.004),(0.0576108103281382,
0.046857135900691,0.004),(0.0576108103281382,0.046857135900691,0.008),(0.0576108129412428,
0.0412189827979388,0.004),(0.0576108129412428,0.0412189827979388,0.008),
(0.0576500813285878,0.0426496885907216,0.),(0.0576500813285878,0.0426496885907216,
0.004),(0.0576500827826541,0.0454264267150869,0.),(0.0576500827826541,0.0454264267150869,
0.004),(0.057709626396164,0.0426974783964859,0.),(0.057709626396164,0.0426974783964859,
0.004),(0.0577096285983368,0.045378636161216,0.),(0.0577096285983368,0.045378636161216,
0.004),(0.0577328002507618,0.0468096966724126,0.004),(0.0577328002507618,
0.0468096966724126,0.008),(0.0577328027795728,0.0412664219419235,0.004),
(0.0577328027795728,0.0412664219419235,0.008),(0.0577670298980736,0.0427478197724591,
0.),(0.0577670298980736,0.0427478197724591,0.004),(0.0577670329853303,0.0453282935629842,
0.),(0.0577670329853303,0.0453282935629842,0.004),(0.057822187984482,0.0428006223557979,
0.),(0.057822187984482,0.0428006223557979,0.004),(0.057822187984482,0.0452754960899508,
0.),(0.057822187984482,0.0452754960899508,0.004),(0.0578526046907027,0.0413191348367687,
0.004),(0.0578526046907027,0.0413191348367687,0.008),(0.0578526049435839,
0.046756981670225,0.004),(0.0578526049435839,0.046756981670225,0.008),(0.0578749854575155,
0.0452203410907991,0.),(0.0578749854575155,0.0452203410907991,0.004),(0.0578749905678209,
0.0428557804422063,0.),(0.0578749905678209,0.0428557804422063,0.004),(0.0579253265489974,
0.0429131785493193,0.),(0.0579253265489974,0.0429131785493193,0.004),(0.0579253280557472,
0.0451629367038056,0.),(0.0579253280557472,0.0451629367038056,0.004),(0.05796999550707,
0.0466990903185438,0.004),(0.05796999550707,0.0466990903185438,0.008),(0.0579699986680837,
0.0413770285908202,0.004),(0.0579699986680837,0.0413770285908202,0.008),
(0.0579731186096181,0.0451033908881229,0.),(0.0579731186096181,0.0451033908881229,
0.004),(0.0579731217495583,0.0429727290116921,0.),(0.0579731217495583,0.0429727290116921,
0.004),(0.0580182633002433,0.043034296537941,0.),(0.0580182633002433,0.043034296537941,
0.004),(0.058018265765834,0.0450418165762314,0.),(0.058018265765834,0.0450418165762314,
0.004),(0.0580606858734372,0.0430977846117827,0.),(0.0580606858734372,0.0430977846117827,
0.004),(0.0580606868428147,0.0449783342132876,0.),(0.0580606868428147,0.0449783342132876,
0.004),(0.058084750038063,0.0414399818211544,0.004),(0.058084750038063,
0.0414399818211544,0.008),(0.0580847511760278,0.0466361354866294,0.004),
(0.0580847511760278,0.0466361354866294,0.008),(0.0581002908455144,0.0431630544857922,
0.),(0.0581002908455144,0.0431630544857922,0.004),(0.0581002944912168,0.044913058122618,
0.),(0.0581002944912168,0.044913058122618,0.004),(0.0581370163449013,0.0432299953980514,
0.),(0.0581370163449013,0.0432299953980514,0.004),(0.0581370212760826,0.0448461204767396,
0.),(0.0581370212760826,0.0448461204767396,0.004),(0.0581707886146131,0.0432984761032741,
0.),(0.0581707886146131,0.0432984761032741,0.004),(0.0581707900897528,0.0447776415416846,
0.),(0.0581707900897528,0.0447776415416846,0.004),(0.0581966472234611,0.0415078824171542,
0.004),(0.0581966472234611,0.0415078824171542,0.008),(0.0581966487828945,
0.0465682324461124,0.004),(0.0581966487828945,0.0465682324461124,0.008),
(0.0582015381123497,0.0433683611414892,0.),(0.0582015381123497,0.0433683611414892,
0.004),(0.0582015414419507,0.0447077563348821,0.),(0.0582015414419507,0.0447077563348821,
0.004),(0.0582292105529702,0.0434395213747527,0.),(0.0582292105529702,0.0434395213747527,
0.004),(0.058229214514774,0.0446365958065906,0.),(0.058229214514774,0.0446365958065906,
0.004),(0.0582537555288438,0.043511823787611,0.),(0.0582537555288438,0.043511823787611,
0.004),(0.0582537557817249,0.0445642944052567,0.),(0.0582537557817249,0.0445642944052567,
0.004),(0.0582751213679342,0.0435851258394222,0.),(0.0582751213679342,0.0435851258394222,
0.004),(0.0582751216208153,0.0444909928592076,0.),(0.0582751216208153,0.0444909928592076,
0.004),(0.0582932677778543,0.0444168271341767,0.),(0.0582932677778543,0.0444168271341767,
0.004),(0.0582932710653084,0.043659291901628,0.),(0.0582932710653084,0.043659291901628,
0.004),(0.0583054795321823,0.0464955144653279,0.004),(0.0583054795321823,
0.0464955144653279,0.008),(0.0583054816816716,0.0415806044440362,0.004),
(0.0583054816816716,0.0415806044440362,0.008),(0.0583081637385234,0.0437341740387898,
0.),(0.0583081637385234,0.0437341740387898,0.004),(0.0583081656772785,0.0443419444912526,
0.),(0.0583081656772785,0.0443419444912526,0.004),(0.0583197784827424,0.0442664788731199,
0.),(0.0583197784827424,0.0442664788731199,0.004),(0.0583197809272596,0.0438096396569226,
0.),(0.0583197809272596,0.0438096396569226,0.004),(0.0583280915271427,0.0438855364373155,
0.),(0.0583280915271427,0.0438855364373155,0.004),(0.058328093381604,0.0441905833571324,
0.),(0.058328093381604,0.0441905833571324,0.004),(0.0583330869402156,0.0441143946676666,
0.),(0.0583330869402156,0.0441143946676666,0.004),(0.0583330871930967,0.0439617270655363,
0.),(0.0583330871930967,0.0439617270655363,0.004),(0.0583347520779066,0.0440380601501051,
0.),(0.0583347520779066,0.0440380601501051,0.004),(0.0584110354291941,0.0416579990391316,
0.004),(0.0584110354291941,0.0416579990391316,0.008),(0.0584110355134878,
0.0464181193223235,0.004),(0.0584110355134878,0.0464181193223235,0.008),
(0.0585131128835779,0.0463361915175694,0.004),(0.0585131128835779,0.0463361915175694,
0.008),(0.0585131140847631,0.0417399261063158,0.004),(0.0585131140847631,
0.0417399261063158,0.008),(0.0586115209068898,0.0418262263305015,0.004),
(0.0586115209068898,0.0418262263305015,0.008),(0.0586115231195994,0.046249892599936,
0.004),(0.0586115231195994,0.046249892599936,0.008),(0.0587060714609652,
0.0419167388793147,0.004),(0.0587060714609652,0.0419167388793147,0.008),
(0.0587060714609652,0.046159379566434,0.004),(0.0587060714609652,0.046159379566434,
0.008),(0.0587965840097785,0.0420112894333901,0.004),(0.0587965840097785,
0.0420112894333901,0.008),(0.0587965844944672,0.0460648312250682,0.004),
(0.0587965844944672,0.0460648312250682,0.008),(0.0588828834121007,0.0459664209890467,
0.004),(0.0588828834121007,0.0459664209890467,0.008),(0.0588828842339642,
0.0421096962555169,0.004),(0.0588828842339642,0.0421096962555169,0.008),
(0.0589648112168547,0.0458643436189566,0.004),(0.0589648112168547,0.0458643436189566,
0.008),(0.0589648113011484,0.0422117749110859,0.004),(0.0589648113011484,
0.0422117749110859,0.008),(0.0590422063598591,0.0457587876376511,0.004),
(0.0590422063598591,0.0457587876376511,0.008),(0.0590422112910403,0.0423173340534049,
0.004),(0.0590422112910403,0.0423173340534049,0.008),(0.0591149243406436,
0.0456499568883633,0.004),(0.0591149243406436,0.0456499568883633,0.008),
(0.0591149279231257,0.0424261631168189,0.004),(0.0591149279231257,0.0424261631168189,
0.008),(0.0591828273811606,0.0455380592814966,0.004),(0.0591828273811606,
0.0455380592814966,0.008),(0.0591828285191256,0.042538060302217,0.004),
(0.0591828285191256,0.042538060302217,0.008),(0.0592457817494598,0.0426528116721963,
0.004),(0.0592457817494598,0.0426528116721963,0.008),(0.059245782213075,
0.0454233036125388,0.004),(0.059245782213075,0.0454233036125388,0.008),
(0.0593036735647562,0.0453059130490526,0.004),(0.0593036735647562,0.0453059130490526,
0.008),(0.0593036755035112,0.0427702056495771,0.004),(0.0593036755035112,
0.0427702056495771,0.008),(0.0593563883983564,0.0428900075607072,0.004),
(0.0593563883983564,0.0428900075607072,0.008),(0.0593563885669438,0.0451861083562306,
0.004),(0.0593563885669438,0.0451861083562306,0.008),(0.0594038275423411,
0.0430119973990371,0.004),(0.0594038275423411,0.0430119973990371,0.008),
(0.0594038277952222,0.045064118433607,0.004),(0.0594038277952222,0.045064118433607,
0.008),(0.0594459000438113,0.0449401747516738,0.004),(0.0594459000438113,
0.0449401747516738,0.008),(0.0594459024040348,0.043135942008201,0.004),
(0.0594459024040348,0.043135942008201,0.008),(0.0594825283525655,0.0448145161144747,
0.004),(0.0594825283525655,0.0448145161144747,0.008),(0.0594825285211529,
0.0432616021626867,0.004),(0.0594825285211529,0.0432616021626867,0.008),
(0.0595136390487939,0.0446873780385992,0.004),(0.0595136390487939,0.0446873780385992,
0.008),(0.0595136401446119,0.0433887415029676,0.004),(0.0595136401446119,
0.0433887415029676,0.008),(0.0595391732954957,0.0445590027841324,0.004),
(0.0595391732954957,0.0445590027841324,0.008),(0.0595391747284886,0.0435171150715605,
0.004),(0.0595391747284886,0.0435171150715605,0.008),(0.0595590843939629,
0.043646479428268,0.004),(0.0595590843939629,0.043646479428268,0.008),(0.0595590844782566,
0.0444296365729635,0.004),(0.0595590844782566,0.0444296365729635,0.008),
(0.0595733328947453,0.0442995241096949,0.004),(0.0595733328947453,0.0442995241096949,
0.008),(0.059573335760731,0.0437765928187673,0.004),(0.059573335760731,
0.0437765928187673,0.008),(0.0595818946055518,0.044168915915194,0.004),
(0.0595818946055518,0.044168915915194,0.008),(0.0595818964600132,0.0439072016876178,
0.004),(0.0595818964600132,0.0439072016876178,0.008),(0.059584752667643,
0.0440380609087483,0.004),(0.059584752667643,0.0440380609087483,0.008),
(0.0611809451951182,0.0571195346748255,0.),(0.0611809451951182,0.0571195346748255,
0.008),(0.0681636246593353,0.0501368552106084,0.),(0.0686055663975769,0.0496949134723668,
0.008),(0.0696662265693567,0.0486342533005869,0.),(0.0696662265693567,0.0486342533005869,
0.008),(0.0712624217942301,0.0617157297640624,0.004),(0.0712624217942301,
0.0617157297640624,0.008),(0.0712652744615248,0.0615848693628201,0.004),
(0.0712652744615248,0.0615848693628201,0.008),(0.0712652753044618,0.0618465862877947,
0.004),(0.0712652753044618,0.0618465862877947,0.008),(0.0712738360037439,
0.0619771951566451,0.004),(0.0712738360037439,0.0619771951566451,0.008),
(0.0712738361723313,0.0614542611683193,0.004),(0.0712738361723313,0.0614542611683193,
0.008),(0.0712880872862183,0.061324151402449,0.004),(0.0712880872862183,
0.061324151402449,0.008),(0.071288087370512,0.0621073085471444,0.004),(0.071288087370512,
0.0621073085471444,0.008),(0.0713079984689792,0.06119478519128,0.004),(0.0713079984689792,
0.06119478519128,0.008),(0.0713079997333846,0.0622366756012503,0.004),(0.0713079997333846,
0.0622366756012503,0.008),(0.071333532715681,0.0610664099368133,0.004),
(0.071333532715681,0.0610664099368133,0.008),(0.0713335343172612,0.0623650491698431,
0.004),(0.0713335343172612,0.0623650491698431,0.008),(0.0713646432433219,
0.0624921858127258,0.004),(0.0713646432433219,0.0624921858127258,0.008),
(0.0713646434119093,0.0609392718609378,0.004),(0.0713646434119093,0.0609392718609378,
0.008),(0.0714012690232653,0.0608136105263403,0.004),(0.0714012690232653,
0.0608136105263403,0.008),(0.0714012693604401,0.0626178459672114,0.004),
(0.0714012693604401,0.0626178459672114,0.008),(0.0714433415247354,0.062741787878977,
0.004),(0.0714433415247354,0.062741787878977,0.008),(0.0714433439692526,
0.0606896695418054,0.004),(0.0714433439692526,0.0606896695418054,0.008),
(0.0714907805001327,0.0605676769217835,0.004),(0.0714907805001327,0.0605676769217835,
0.008),(0.0714907833661184,0.0628637804147052,0.004),(0.0714907833661184,
0.0628637804147052,0.008),(0.0715434962609636,0.0629835823258353,0.004),
(0.0715434962609636,0.0629835823258353,0.008),(0.0715434981997186,0.0604478749263598,
0.004),(0.0715434981997186,0.0604478749263598,0.008),(0.0716013868540015,
0.0603304816654753,0.004),(0.0716013868540015,0.0603304816654753,0.008),
(0.0716013873176168,0.0631009736058179,0.004),(0.0716013873176168,0.0631009736058179,
0.008),(0.0716643443833142,0.0602157286939158,0.004),(0.0716643443833142,
0.0602157286939158,0.008),(0.0716643459427476,0.0632157303705938,0.004),
(0.0716643459427476,0.0632157303705938,0.008),(0.0717322465387474,0.0633276275559919,
0.004),(0.0717322465387474,0.0633276275559919,0.008),(0.0717322474238312,
0.0601038310870492,0.004),(0.0717322474238312,0.0601038310870492,0.008),
(0.0718049627072175,0.059994997640363,0.004),(0.0718049627072175,0.059994997640363,
0.008),(0.0718049631708328,0.0634364566194058,0.004),(0.0718049631708328,
0.0634364566194058,0.008),(0.0718823604633265,0.0635420130643266,0.004),
(0.0718823604633265,0.0635420130643266,0.008),(0.0718823605476201,0.0598894443564559,
0.004),(0.0718823605476201,0.0598894443564559,0.008),(0.0719642856549759,
0.0597873642889675,0.004),(0.0719642856549759,0.0597873642889675,0.008),
(0.0719642875305107,0.0636440917198956,0.004),(0.0719642875305107,0.0636440917198956,
0.008),(0.0720505872700076,0.0596889567503443,0.004),(0.0720505872700076,
0.0596889567503443,0.008),(0.0720505877546964,0.0637424985420223,0.004),
(0.0720505877546964,0.0637424985420223,0.008),(0.0721411003035096,0.0595944084089784,
0.004),(0.0721411003035096,0.0595944084089784,0.008),(0.0721411003035096,
0.0638370490960977,0.004),(0.0721411003035096,0.0638370490960977,0.008),
(0.0722356481601868,0.0639275589475127,0.004),(0.0722356481601868,0.0639275589475127,
0.008),(0.0722356486448755,0.0595038953754764,0.004),(0.0722356486448755,
0.0595038953754764,0.008),(0.0723340561834987,0.0594175937604447,0.004),
(0.0723340561834987,0.0594175937604447,0.008),(0.0723340576797118,0.0640138618690967,
0.004),(0.0723340576797118,0.0640138618690967,0.008),(0.0724361362509871,
0.0593356686530889,0.004),(0.0724361362509871,0.0593356686530889,0.008),
(0.0724361363352808,0.0640957889362809,0.004),(0.0724361363352808,0.0640957889362809,
0.008),(0.0725124196865683,0.0617157278253074,0.),(0.0725124196865683,0.0617157278253074,
0.004),(0.0725140848242593,0.0616393933077458,0.),(0.0725140848242593,0.0616393933077458,
0.004),(0.0725140872687765,0.0617920636072744,0.),(0.0725140872687765,0.0617920636072744,
0.004),(0.0725190802373322,0.0618682515380969,0.),(0.0725190802373322,0.0618682515380969,
0.004),(0.0725190810802692,0.0615632073156784,0.),(0.0725190810802692,0.0615632073156784,
0.004),(0.0725273908372153,0.0619441483184899,0.),(0.0725273908372153,0.0619441483184899,
0.004),(0.0725273932817325,0.0614873091022926,0.),(0.0725273932817325,0.0614873091022926,
0.004),(0.0725390080259514,0.0620196139366226,0.),(0.0725390080259514,0.0620196139366226,
0.004),(0.0725390087845947,0.0614118461815581,0.),(0.0725390087845947,0.0614118461815581,
0.004),(0.0725416895348942,0.0592582708126863,0.004),(0.0725416895348942,
0.0592582708126863,0.008),(0.0725416900828033,0.0641731835313762,0.004),
(0.0725416900828033,0.0641731835313762,0.008),(0.0725539006991664,0.0620944960737845,
0.),(0.0725539006991664,0.0620944960737845,0.004),(0.0725539012892223,0.0613369581438375,
0.),(0.0725539012892223,0.0613369581438375,0.004),(0.0725720501436596,0.0612627951162049,
0.),(0.0725720501436596,0.0612627951162049,0.004),(0.0725720503965407,0.0621686621359902,
0.),(0.0725720503965407,0.0621686621359902,0.004),(0.07259341598275,0.0611894935701558,
0.),(0.07259341598275,0.0611894935701558,0.004),(0.0725934162356311,0.0622419641878015,
0.),(0.0725934162356311,0.0622419641878015,0.004),(0.0726179572497009,0.0611171921688219,
0.),(0.0726179572497009,0.0611171921688219,0.004),(0.0726179585141064,0.0623142639032614,
0.),(0.0726179585141064,0.0623142639032614,0.004),(0.0726456309547269,0.062385424136525,
0.),(0.0726456309547269,0.062385424136525,0.004),(0.0726456330199225,0.0610460343379286,
0.),(0.0726456330199225,0.0610460343379286,0.004),(0.0726505218436155,0.0642459028608599,
0.004),(0.0726505218436155,0.0642459028608599,0.008),(0.0726505229815804,
0.0591855555293,0.004),(0.0726505229815804,0.0591855555293,0.008),(0.0726763804524635,
0.0624553091747401,0.),(0.0726763804524635,0.0624553091747401,0.004),(0.0726763816747221,
0.0609761464337279,0.),(0.0726763816747221,0.0609761464337279,0.004),(0.072710150024777,
0.0625237871825645,0.),(0.072710150024777,0.0625237871825645,0.004),(0.0727101504883923,
0.0609076674986728,0.),(0.0727101504883923,0.0609076674986728,0.004),(0.0727468755241639,
0.0625907280948237,0.),(0.0727468755241639,0.0625907280948237,0.004),(0.0727468772732581,
0.0608407298527944,0.),(0.0727468772732581,0.0608407298527944,0.004),(0.072762420588447,
0.059117652488783,0.004),(0.072762420588447,0.059117652488783,0.008),(0.0727624217264119,
0.064313806154258,0.004),(0.0727624217264119,0.064313806154258,0.008),(0.0727864858910377,
0.0626560033636297,0.),(0.0727864858910377,0.0626560033636297,0.004),(0.0727864876190585,
0.0607754564595231,0.),(0.0727864876190585,0.0607754564595231,0.004),(0.0728289033012426,
0.0607119687017827,0.),(0.0728289033012426,0.0607119687017827,0.004),(0.0728289057668332,
0.0627194887400732,0.),(0.0728289057668332,0.0627194887400732,0.004),(0.0728740504574584,
0.0606503943898913,0.),(0.0728740504574584,0.0606503943898913,0.004),(0.0728740527123148,
0.0627810616611186,0.),(0.0728740527123148,0.0627810616611186,0.004),(0.0728771735600065,
0.0590546949594703,0.004),(0.0728771735600065,0.0590546949594703,0.008),
(0.0728771757937895,0.0643767620819905,0.004),(0.0728771757937895,0.0643767620819905,
0.008),(0.0729218425180791,0.0628406067286948,0.),(0.0729218425180791,0.0628406067286948,
0.004),(0.0729218437087276,0.0605908512716068,0.),(0.0729218437087276,0.0605908512716068,
0.004),(0.0729721836095611,0.060533444187215,0.),(0.0729721836095611,0.060533444187215,
0.004),(0.0729721865914506,0.0628980129280028,0.),(0.0729721865914506,0.0628980129280028,
0.004),(0.0729945643763738,0.0644346504412455,0.004),(0.0729945643763738,
0.0644346504412455,0.008),(0.072994566820891,0.0589968063051874,0.004),
(0.072994566820891,0.0589968063051874,0.008),(0.0730249837799928,0.0604782918854616,
0.),(0.0730249837799928,0.0604782918854616,0.004),(0.0730249837799928,0.0629531656196145,
0.),(0.0730249837799928,0.0629531656196145,0.004),(0.0730801360817463,0.0604254917150299,
0.),(0.0730801360817463,0.0604254917150299,0.004),(0.0730801364716046,0.0630059628081567,
0.),(0.0730801364716046,0.0630059628081567,0.004),(0.0731143688163147,0.0589440886056015,
0.004),(0.0731143688163147,0.0589440886056015,0.008),(0.0731143716823004,
0.0644873687308872,0.004),(0.0731143716823004,0.0644873687308872,0.008),
(0.0731375426709126,0.0630563068815282,0.),(0.0731375426709126,0.0630563068815282,
0.004),(0.073137543166138,0.0603751518141964,0.),(0.073137543166138,0.0603751518141964,
0.004),(0.0731970862844225,0.0603273585629272,0.),(0.0731970862844225,0.0603273585629272,
0.004),(0.073197090435887,0.0631040993846908,0.),(0.073197090435887,0.0631040993846908,
0.004),(0.0732363614363367,0.0588966520747214,0.004),(0.0732363614363367,
0.0588966520747214,0.008),(0.0732363615206304,0.064534807874872,0.004),
(0.0732363615206304,0.064534807874872,0.008),(0.0732586605963139,0.0602822114067114,
0.),(0.0732586605963139,0.0602822114067114,0.004),(0.0732586633569325,0.0631492463301724,
0.),(0.0732586633569325,0.0631492463301724,0.004),(0.0733221460359777,0.0631916635085697,
0.),(0.0733221460359777,0.0631916635085697,0.004),(0.0733221483540543,0.0602397957245272,
0.),(0.0733221483540543,0.0602397957245272,0.004),(0.0733603007349976,0.064576877341769,
0.004),(0.0733603007349976,0.064576877341769,0.008),(0.0733603024208715,
0.0588545771287341,0.004),(0.0733603024208715,0.0588545771287341,0.008),
(0.0733874213047837,0.0632312738754435,0.),(0.0733874213047837,0.0632312738754435,
0.004),(0.0733874217473256,0.0602001853787269,0.),(0.0733874217473256,0.0602001853787269,
0.004),(0.073454359393204,0.0601634585938611,0.),(0.073454359393204,0.0601634585938611,
0.004),(0.0734543622170429,0.0632679993748304,0.),(0.0734543622170429,0.0632679993748304,
0.004),(0.0734859635868816,0.0646135061562854,0.004),(0.0734859635868816,
0.0646135061562854,0.008),(0.073485963755469,0.0588179515173781,0.004),
(0.073485963755469,0.0588179515173781,0.008),(0.073522837527469,0.0633017662497456,
0.),(0.073522837527469,0.0633017662497456,0.004),(0.0735228383282591,0.0601296897801909,
0.),(0.0735228383282591,0.0601296897801909,0.004),(0.0735927252630824,0.0633325184448805,
0.),(0.0735927252630824,0.0633325184448805,0.004),(0.0735927262324599,0.0600989411253913,
0.),(0.0735927262324599,0.0600989411253913,0.004),(0.0736131002297643,0.0646446150823461,
0.004),(0.0736131002297643,0.0646446150823461,0.008),(0.0736131018313445,
0.0587868408211498,0.004),(0.0736131018313445,0.0587868408211498,0.008),
(0.0736638840633531,0.0600712653551697,0.),(0.0736638840633531,0.0600712653551697,
0.004),(0.073663885496346,0.063360190885501,0.),(0.073663885496346,0.063360190885501,
0.004),(0.0737361852118059,0.0633847331639762,0.),(0.0737361852118059,0.0633847331639762,
0.004),(0.073736185464687,0.0600467240882188,0.),(0.073736185464687,0.0600467240882188,
0.004),(0.0737414764957554,0.064670152363621,0.004),(0.0737414764957554,
0.064670152363621,0.008),(0.0737414770858112,0.058761306574448,0.004),(0.0737414770858112,
0.058761306574448,0.008),(0.0738094870107361,0.0600253582491284,0.),(0.0738094870107361,
0.0600253582491284,0.004),(0.0738094872636171,0.0634060990030667,0.),(0.0738094872636171,
0.0634060990030667,0.004),(0.0738708432969802,0.0587413953916871,0.004),
(0.0738708432969802,0.0587413953916871,0.008),(0.0738708435498612,0.0646900647264937,
0.004),(0.0738708435498612,0.0646900647264937,0.008),(0.0738836500383687,
0.0600072093946911,0.),(0.0738836500383687,0.0600072093946911,0.004),(0.0738836506284245,
0.0634242460030426,0.),(0.0738836506284245,0.0634242460030426,0.004),(0.0739585380760893,
0.0599923168900635,0.),(0.0739585380760893,0.0599923168900635,0.004),(0.0739585381603831,
0.0634391440710542,0.),(0.0739585381603831,0.0634391440710542,0.004),(0.074000951545564,
0.0647043106984652,0.004),(0.074000951545564,0.0647043106984652,0.008),
(0.0740009530628505,0.0587271442778001,0.004),(0.0740009530628505,0.0587271442778001,
0.008),(0.0740339983837192,0.0634507558649938,0.),(0.0740339983837192,0.0634507558649938,
0.004),(0.0740340009968238,0.0599807013872013,0.),(0.0740340009968238,0.0599807013872013,
0.004),(0.0741098992102096,0.059972389185738,0.),(0.0741098992102096,0.059972389185738,
0.004),(0.0741099005589087,0.0634590718596735,0.),(0.0741099005589087,0.0634590718596735,
0.004),(0.0741315604144144,0.0647128713977473,0.004),(0.0741315604144144,
0.0647128713977473,0.008),(0.0741315612573513,0.0587185825669936,0.004),
(0.0741315612573513,0.0587185825669936,0.008),(0.074186085202277,0.0599673929297281,
0.),(0.074186085202277,0.0599673929297281,0.004),(0.0741860857923329,0.0634640621308308,
0.),(0.0741860857923329,0.0634640621308308,0.004),(0.0742624188769017,0.0634657270156408,
0.),(0.0742624188769017,0.0634657270156408,0.004),(0.0742624196355449,0.0647157276053772,
0.004),(0.0742624196355449,0.0647157276053772,0.008),(0.0742624197198386,
0.0599657277920371,0.),(0.0742624197198386,0.0599657277920371,0.004),(0.0742624216585936,
0.0587157298996989,0.004),(0.0742624216585936,0.0587157298996989,0.008),
(0.0743387533944632,0.0634640618779498,0.),(0.0743387533944632,0.0634640618779498,
0.004),(0.0743387555018057,0.0599673953742453,0.),(0.0743387555018057,0.0599673953742453,
0.004),(0.0743932773393889,0.0647128722406843,0.004),(0.0743932773393889,
0.0647128722406843,0.008),(0.0743932781823259,0.0587185834099305,0.004),
(0.0743932781823259,0.0587185834099305,0.008),(0.074414942083929,0.0634590683193382,
0.),(0.074414942083929,0.0634590683193382,0.004),(0.0744149434326281,0.059972388342801,
0.),(0.0744149434326281,0.059972388342801,0.004),(0.0744908402130211,0.0599806989426841,
0.),(0.0744908402130211,0.0599806989426841,0.004),(0.0744908429947131,0.0634507588152732,
0.),(0.0744908429947131,0.0634507588152732,0.004),(0.0745238870511763,0.0587271441092127,
0.004),(0.0745238870511763,0.0587271441092127,0.008),(0.0745238882312881,
0.0647043132272761,0.004),(0.0745238882312881,0.0647043132272761,0.008),
(0.0745663058311538,0.0599923161314202,0.),(0.0745663058311538,0.0599923161314202,
0.004),(0.0745663059154475,0.063439143312411,0.),(0.0745663059154475,0.063439143312411,
0.004),(0.0746411879683157,0.0600072088046352,0.),(0.0746411879683157,0.0600072088046352,
0.004),(0.0746411912557699,0.0634242481103851,0.),(0.0746411912557699,0.0634242481103851,
0.004),(0.0746540004416756,0.0587413954759808,0.004),(0.0746540004416756,
0.0587413954759808,0.008),(0.0746540006945567,0.0646900648107874,0.004),
(0.0746540006945567,0.0646900648107874,0.008),(0.0747153540305214,0.0600253585020095,
0.),(0.0747153540305214,0.0600253585020095,0.004),(0.0747153542834025,0.0634060992559478,
0.),(0.0747153542834025,0.0634060992559478,0.004),(0.0747833669057257,0.0646701536280265,
0.004),(0.0747833669057257,0.0646701536280265,0.008),(0.0747833674957815,
0.0587613078388534,0.004),(0.0747833674957815,0.0587613078388534,0.008),
(0.0747886558294516,0.0633847334168574,0.),(0.0747886558294516,0.0633847334168574,
0.004),(0.0747886560823327,0.0600467243410999,0.),(0.0747886560823327,0.0600467243410999,
0.004),(0.0748609545333872,0.0633601894525081,0.),(0.0748609545333872,0.0633601894525081,
0.004),(0.0748609557977926,0.0600712666195752,0.),(0.0748609557977926,0.0600712666195752,
0.004),(0.0749117394627941,0.0646446166839263,0.004),(0.0749117394627941,
0.0646446166839263,0.008),(0.0749117410643743,0.05878684242273,0.004),(0.0749117410643743,
0.05878684242273,0.008),(0.0749321160310562,0.0600989390601957,0.),(0.0749321160310562,
0.0600989390601957,0.004),(0.074932117759077,0.0633325190770832,0.),(0.074932117759077,
0.0633325190770832,0.004),(0.0750020010692713,0.0601296885579323,0.),(0.0750020010692713,
0.0601296885579323,0.004),(0.0750020029658795,0.0633017677248853,0.),(0.0750020029658795,
0.0633017677248853,0.004),(0.075038877707257,0.0588179513487907,0.004),
(0.075038877707257,0.0588179513487907,0.008),(0.0750388802360679,0.0646135086850964,
0.004),(0.0750388802360679,0.0646135086850964,0.008),(0.0750704790770957,
0.0601634581302457,0.),(0.0750704790770957,0.0601634581302457,0.004),(0.0750704792035362,
0.0632679962138168,0.),(0.0750704792035362,0.0632679962138168,0.004),(0.0751374199893549,
0.0602001836296327,0.),(0.0751374199893549,0.0602001836296327,0.004),(0.0751374222442112,
0.0632312748237476,0.),(0.0751374222442112,0.0632312748237476,0.004),(0.0751645361758687,
0.0645768776789438,0.004),(0.0751645361758687,0.0645768776789438,0.008),
(0.0751645378617427,0.0588545774659089,0.004),(0.0751645378617427,0.0588545774659089,
0.008),(0.0752026952581609,0.0602397939965065,0.),(0.0752026952581609,0.0602397939965065,
0.004),(0.0752026956374825,0.0631916644779472,0.),(0.0752026956374825,0.0631916644779472,
0.004),(0.0752661806346044,0.060282213872302,0.),(0.0752661806346044,0.060282213872302,
0.004),(0.0752661806978246,0.0631492460983648,0.),(0.0752661806978246,0.0631492460983648,
0.004),(0.0752884797735082,0.0588966496302042,0.004),(0.0752884797735082,
0.0588966496302042,0.008),(0.0752884798578019,0.0645348054303547,0.004),
(0.0752884798578019,0.0645348054303547,0.008),(0.0753277535556498,0.0603273608177836,
0.),(0.0753277535556498,0.0603273608177836,0.004),(0.0753277550097161,0.0631040989421489,
0.),(0.0753277550097161,0.0631040989421489,0.004),(0.0753872981280005,0.0630563056908797,
0.),(0.0753872981280005,0.0630563056908797,0.004),(0.075387298623226,0.0603751506235479,
0.),(0.075387298623226,0.0603751506235479,0.004),(0.0754104723092364,0.0589440914715872,
0.004),(0.0754104723092364,0.0589440914715872,0.008),(0.0754104724778238,
0.0644873688994746,0.004),(0.0754104724778238,0.0644873688994746,0.008),
(0.075444702514994,0.0630059630926479,0.),(0.075444702514994,0.0630059630926479,
0.004),(0.075444704822534,0.0604254946969194,0.),(0.075444704822534,0.0604254946969194,
0.004),(0.0754998575141457,0.0604782918854616,0.),(0.0754998575141457,0.0604782918854616,
0.004),(0.0754998575141457,0.0629531656196145,0.),(0.0754998575141457,0.0629531656196145,
0.004),(0.0755302742203665,0.0589968043664324,0.004),(0.0755302742203665,
0.0589968043664324,0.008),(0.0755302771706459,0.064434653897287,0.004),
(0.0755302771706459,0.064434653897287,0.008),(0.0755526547026879,0.0605334445770734,
0.),(0.0755526547026879,0.0605334445770734,0.004),(0.0755526549871792,0.0628980106204628,
0.),(0.0755526549871792,0.0628980106204628,0.004),(0.0756029975854109,0.0628406062334693,
0.),(0.0756029975854109,0.0628406062334693,0.004),(0.0756029987760594,0.0605908507763814,
0.),(0.0756029987760594,0.0605908507763814,0.004),(0.0756476655003491,0.0590546954230856,
0.004),(0.0756476655003491,0.0590546954230856,0.008),(0.0756476677341321,
0.0643767625456059,0.004),(0.0756476677341321,0.0643767625456059,0.008),
(0.0756507908366802,0.0627810631151849,0.),(0.0756507908366802,0.0627810631151849,
0.004),(0.075650791279222,0.0606503985413558,0.),(0.075650791279222,0.0606503985413558,
0.004),(0.075695937992896,0.0627194888032934,0.),(0.075695937992896,0.0627194888032934,
0.004),(0.0756959382247036,0.0607119714624013,0.),(0.0756959382247036,0.0607119714624013,
0.004),(0.0757383554031009,0.0607754541414465,0.),(0.0757383554031009,0.0607754541414465,
0.004),(0.0757383563724784,0.0626560037429513,0.),(0.0757383563724784,0.0626560037429513,
0.004),(0.0757624207056916,0.0643138050162931,0.004),(0.0757624207056916,
0.0643138050162931,0.008),(0.075762422265125,0.0591176540482164,0.004),
(0.075762422265125,0.0591176540482164,0.008),(0.0757779657699747,0.0608407294102525,
0.),(0.0757779657699747,0.0608407294102525,0.004),(0.0757779667182788,0.06259073034968,
0.),(0.0757779667182788,0.06259073034968,0.004),(0.075814688108348,0.062523787309005,
0.),(0.075814688108348,0.062523787309005,0.004),(0.0758146912693616,0.0609076703225117,
0.),(0.0758146912693616,0.0609076703225117,0.004),(0.0758484581442768,0.0609761456329378,
0.),(0.0758484581442768,0.0609761456329378,0.004),(0.0758484596194165,0.0624553110713483,
0.),(0.0758484596194165,0.0624553110713483,0.004),(0.0758743183125582,0.0642459019757761,
0.004),(0.0758743183125582,0.0642459019757761,0.008),(0.0758743194505231,
0.0591855546442162,0.004),(0.0758743194505231,0.0591855546442162,0.008),
(0.0758792103394117,0.0610460333685511,0.),(0.0758792103394117,0.0610460333685511,
0.004),(0.0758792109716144,0.0623854258645458,0.),(0.0758792109716144,0.0623854258645458,
0.004),(0.0759068813470393,0.0623142626388559,0.),(0.0759068813470393,0.0623142626388559,
0.004),(0.0759068827800322,0.0611171936018148,0.),(0.0759068827800322,0.0611171936018148,
0.004),(0.0759314250585075,0.0611894933172747,0.),(0.0759314250585075,0.0611894933172747,
0.004),(0.0759314253113886,0.0622419639349204,0.),(0.0759314253113886,0.0622419639349204,
0.004),(0.0759527908975979,0.0612627953690859,0.),(0.0759527908975979,0.0612627953690859,
0.004),(0.075952791150479,0.0621686623888713,0.),(0.075952791150479,0.0621686623888713,
0.004),(0.0759709378975738,0.0613369587338933,0.),(0.0759709378975738,0.0613369587338933,
0.004),(0.0759709400049163,0.0620944993612387,0.),(0.0759709400049163,0.0620944993612387,
0.004),(0.075983148513937,0.0592582712763016,0.004),(0.075983148513937,
0.0592582712763016,0.008),(0.0759831517592444,0.0641731866923899,0.004),
(0.0759831517592444,0.0641731866923899,0.008),(0.0759858352069422,0.0620196140209163,
0.),(0.0759858352069422,0.0620196140209163,0.004),(0.0759858359655855,0.0614118462658519,
0.),(0.0759858359655855,0.0614118462658519,0.004),(0.075997447759525,0.061487306489188,
0.),(0.075997447759525,0.061487306489188,0.004),(0.0759974507098044,0.0619441511001819,
0.),(0.0759974507098044,0.0619441511001819,0.004),(0.0760057602138694,0.0618682501893978,
0.),(0.0760057602138694,0.0618682501893978,0.004),(0.0760057637542047,0.0615632086643775,
0.),(0.0760057637542047,0.0615632086643775,0.004),(0.076010753772481,0.061792061499932,
0.),(0.076010753772481,0.061792061499932,0.004),(0.076010754025362,0.0616393938978017,
0.),(0.076010754025362,0.0616393938978017,0.004),(0.076012418910172,0.0617157269823705,
0.),(0.076012418910172,0.0617157269823705,0.004),(0.0760887049588578,0.0593356685687953,
0.004),(0.0760887049588578,0.0593356685687953,0.008),(0.0760887050431514,
0.0640957888519872,0.004),(0.0760887050431514,0.0640957888519872,0.008),
(0.0761907836144268,0.0594175956359795,0.004),(0.0761907836144268,0.0594175956359795,
0.008),(0.0761907851106399,0.0640138637446314,0.004),(0.0761907851106399,
0.0640138637446314,0.008),(0.0762891904365535,0.0595038958601652,0.004),
(0.0762891904365535,0.0595038958601652,0.008),(0.0762891926492631,0.0639275621295997,
0.004),(0.0762891926492631,0.0639275621295997,0.008),(0.0763837409906289,
0.0595944084089784,0.004),(0.0763837409906289,0.0595944084089784,0.008),
(0.0763837409906289,0.0638370490960977,0.004),(0.0763837409906289,0.0638370490960977,
0.008),(0.0764742508420439,0.0596889562656555,0.004),(0.0764742508420439,
0.0596889562656555,0.008),(0.076474254024131,0.0637425007547319,0.004),
(0.076474254024131,0.0637425007547319,0.008),(0.0765605537636279,0.0597873657851806,
0.004),(0.0765605537636279,0.0597873657851806,0.008),(0.0765605556391627,
0.0636440932161087,0.004),(0.0765605556391627,0.0636440932161087,0.008),
(0.0766424807465184,0.0635420131486202,0.004),(0.0766424807465184,0.0635420131486202,
0.008),(0.0766424808308121,0.0598894444407496,0.004),(0.0766424808308121,
0.0598894444407496,0.008),(0.0767198754259075,0.0599949981882721,0.004),
(0.0767198754259075,0.0599949981882721,0.008),(0.0767198785869211,0.0634364598647131,
0.004),(0.0767198785869211,0.0634364598647131,0.008),(0.0767925938703073,
0.063327626418027,0.004),(0.0767925938703073,0.063327626418027,0.008),(0.0767925947553912,
0.0601038299490843,0.004),(0.0767925947553912,0.0601038299490843,0.008),
(0.0768604969108243,0.0632157288111604,0.004),(0.0768604969108243,0.0632157288111604,
0.008),(0.0768604980487892,0.0602157298318807,0.004),(0.0768604980487892,
0.0602157298318807,0.008),(0.0769234539765217,0.0603304838992583,0.004),
(0.0769234539765217,0.0603304838992583,0.008),(0.0769234544401371,0.0631009758396009,
0.004),(0.0769234544401371,0.0631009758396009,0.008),(0.0769813423357767,
0.0604478724818426,0.004),(0.0769813423357767,0.0604478724818426,0.008),
(0.0769813457918182,0.0629835852761147,0.004),(0.0769813457918182,0.0629835852761147,
0.008),(0.0770340606254184,0.0605676797877692,0.004),(0.0770340606254184,
0.0605676797877692,0.008),(0.0770340607940058,0.0628637805832926,0.004),
(0.0770340607940058,0.0628637805832926,0.008),(0.0770814973248859,0.0627417879632707,
0.004),(0.0770814973248859,0.0627417879632707,0.008),(0.0770814997694032,
0.0606896696260992,0.004),(0.0770814997694032,0.0606896696260992,0.008),
(0.0771235692363002,0.0608136088404664,0.004),(0.0771235692363002,0.0608136088404664,
0.008),(0.077123569573475,0.0626178442813375,0.004),(0.077123569573475,
0.0626178442813375,0.008),(0.0771601980508166,0.0609392716923504,0.004),
(0.0771601980508166,0.0609392716923504,0.008),(0.0771602005796276,0.0624921883415367,
0.004),(0.0771602005796276,0.0624921883415367,0.008),(0.0771913069768773,
0.0610664083352331,0.004),(0.0771913069768773,0.0610664083352331,0.008),
(0.0771913085784576,0.0623650475682629,0.004),(0.0771913085784576,0.0623650475682629,
0.008),(0.0772168442581522,0.0611947846012241,0.004),(0.0772168442581522,
0.0611947846012241,0.008),(0.0772168455225577,0.0622366750111944,0.004),
(0.0772168455225577,0.0622366750111944,0.008),(0.0772367566210249,0.06132415165533,
0.004),(0.0772367566210249,0.06132415165533,0.008),(0.0772367567053186,
0.0621073088000255,0.004),(0.0772367567053186,0.0621073088000255,0.008),
(0.0772510025929964,0.0614542596510327,0.004),(0.0772510025929964,0.0614542596510327,
0.008),(0.0772510051218073,0.0619771963367569,0.004),(0.0772510051218073,
0.0619771963367569,0.008),(0.0772595632922785,0.0615848685198832,0.004),
(0.0772595632922785,0.0615848685198832,0.008),(0.0772595641352155,0.0618465854448577,
0.004),(0.0772595641352155,0.0618465854448577,0.008),(0.0772624194999084,
0.0617157277410137,0.004),(0.0772624194999084,0.0617157277410137,0.008),
(0.0788586147247819,0.0747972042044892,0.),(0.0788586147247819,0.0747972042044892,
0.008),(0.085841294188999,0.0678145247402721,0.),(0.0862832359272406,0.0673725830020305,
0.008),(0.0873438960990204,0.0663119228302506,0.),(0.0873438960990204,0.0663119228302506,
0.008),(0.0889400886264956,0.0793933965963278,0.004),(0.0889400886264956,
0.0793933965963278,0.008),(0.0889429448341254,0.0795242558174584,0.004),
(0.0889429448341254,0.0795242558174584,0.008),(0.0889429466885868,0.0792625415898821,
0.004),(0.0889429466885868,0.0792625415898821,0.008),(0.0889515028360093,
0.0796548619889105,0.004),(0.0889515028360093,0.0796548619889105,0.008),
(0.088951505701995,0.079131930697983,0.004),(0.088951505701995,0.079131930697983,
0.008),(0.0889657542027774,0.0797849753794098,0.004),(0.0889657542027774,
0.0797849753794098,0.008),(0.088965756815882,0.0790018209321127,0.004),
(0.088965756815882,0.0790018209321127,0.008),(0.0889856692630483,0.079914345130914,
0.004),(0.0889856692630483,0.079914345130914,0.008),(0.0889856706960412,
0.078872457418342,0.004),(0.0889856706960412,0.078872457418342,0.008),(0.0890112011495267,
0.0800427160021085,0.004),(0.0890112011495267,0.0800427160021085,0.008),
(0.0890112022453447,0.078744079466477,0.004),(0.0890112022453447,0.078744079466477,
0.008),(0.0890423127729856,0.0801698553423895,0.004),(0.0890423127729856,
0.0801698553423895,0.008),(0.089042312941573,0.0786169413906015,0.004),
(0.089042312941573,0.0786169413906015,0.008),(0.089078938552929,0.078491280056004,
0.004),(0.089078938552929,0.078491280056004,0.008),(0.0890789388901038,
0.0802955154968751,0.004),(0.0890789388901038,0.0802955154968751,0.008),
(0.0891210083570008,0.0804194547112424,0.004),(0.0891210083570008,0.0804194547112424,
0.008),(0.089121010801518,0.0783673363740709,0.004),(0.089121010801518,
0.0783673363740709,0.008),(0.0891684527271947,0.0782453491488455,0.004),
(0.0891684527271947,0.0782453491488455,0.008),(0.0891684528957821,0.0805414499443689,
0.004),(0.0891684528957821,0.0805414499443689,0.008),(0.0892211657906273,
0.080661251855499,0.004),(0.0892211657906273,0.080661251855499,0.008),(0.0892211677293823,
0.0781255444560235,0.004),(0.0892211677293823,0.0781255444560235,0.008),
(0.0892790595446789,0.0807786458328799,0.004),(0.0892790595446789,0.0807786458328799,
0.008),(0.0892790617784618,0.0780081565899356,0.004),(0.0892790617784618,
0.0780081565899356,0.008),(0.0893420166103762,0.0778934009209778,0.004),
(0.0893420166103762,0.0778934009209778,0.008),(0.0893420181698096,0.0808934025976558,
0.004),(0.0893420181698096,0.0808934025976558,0.008),(0.0894099169534949,
0.0777815006167129,0.004),(0.0894099169534949,0.0777815006167129,0.008),
(0.0894099187658094,0.0810052997830539,0.004),(0.0894099187658094,0.0810052997830539,
0.008),(0.0894826349342795,0.077672669867425,0.004),(0.0894826349342795,
0.077672669867425,0.008),(0.0894826353978948,0.0811141288464678,0.004),
(0.0894826353978948,0.0811141288464678,0.008),(0.0895600299929902,0.0812196825939902,
0.004),(0.0895600299929902,0.0812196825939902,0.008),(0.0895600300772839,
0.0775671138861196,0.004),(0.0895600300772839,0.0775671138861196,0.008),
(0.0896419551846396,0.0774650338186312,0.004),(0.0896419551846396,0.0774650338186312,
0.008),(0.0896419570601744,0.0813217612495593,0.004),(0.0896419570601744,
0.0813217612495593,0.008),(0.0897282567996713,0.077366626280008,0.004),
(0.0897282567996713,0.077366626280008,0.008),(0.0897282572843601,0.081420168071686,
0.004),(0.0897282572843601,0.081420168071686,0.008),(0.0898187698331733,
0.0772720779386421,0.004),(0.0898187698331733,0.0772720779386421,0.008),
(0.0898187698331733,0.0815147186257614,0.004),(0.0898187698331733,0.0815147186257614,
0.008),(0.0899133149924521,0.0816052257797781,0.004),(0.0899133149924521,
0.0816052257797781,0.008),(0.0899133181745392,0.0771815649051401,0.004),
(0.0899133181745392,0.0771815649051401,0.008),(0.0900117257131624,0.0770952632901084,
0.004),(0.0900117257131624,0.0770952632901084,0.008),(0.0900117272093755,
0.0816915313987604,0.004),(0.0900117272093755,0.0816915313987604,0.008),
(0.0901138057806508,0.0770133381827526,0.004),(0.0901138057806508,0.0770133381827526,
0.008),(0.0901138058649445,0.0817734584659446,0.004),(0.0901138058649445,
0.0817734584659446,0.008),(0.0901900919136303,0.0793934000523694,0.),(0.0901900919136303,
0.0793934000523694,0.004),(0.090191754353923,0.0793170628374095,0.),(0.090191754353923,
0.0793170628374095,0.004),(0.0901917567984402,0.0794697331369381,0.),(0.0901917567984402,
0.0794697331369381,0.004),(0.0901967497669959,0.0795459210677606,0.),(0.0901967497669959,
0.0795459210677606,0.004),(0.0901967506099329,0.0792408768453421,0.),(0.0901967506099329,
0.0792408768453421,0.004),(0.0902050576694806,0.0796218151507553,0.),(0.0902050576694806,
0.0796218151507553,0.004),(0.0902050628113962,0.0791649786319563,0.),(0.0902050628113962,
0.0791649786319563,0.004),(0.0902166802530134,0.0796972861636846,0.),(0.0902166802530134,
0.0796972861636846,0.004),(0.0902166810116567,0.0790895184086202,0.),(0.0902166810116567,
0.0790895184086202,0.004),(0.090219359612467,0.0818508530610399,0.004),
(0.090219359612467,0.0818508530610399,0.008),(0.0902193617619562,0.0769359430397483,
0.004),(0.0902193617619562,0.0769359430397483,0.008),(0.0902315702288301,
0.0797721656034482,0.),(0.0902315702288301,0.0797721656034482,0.004),(0.090231570818886,
0.0790146276735011,0.),(0.090231570818886,0.0790146276735011,0.004),(0.0902497199262044,
0.0798463316656539,0.),(0.0902497199262044,0.0798463316656539,0.004),(0.0902497223707216,
0.0789404673432668,0.),(0.0902497223707216,0.0789404673432668,0.004),(0.0902710855124137,
0.0788671630998195,0.),(0.0902710855124137,0.0788671630998195,0.004),(0.0902710857652948,
0.0799196337174652,0.),(0.0902710857652948,0.0799196337174652,0.004),(0.0902956240819663,
0.0787948590010873,0.),(0.0902956240819663,0.0787948590010873,0.004),(0.0902956307411684,
0.0799919361303234,0.),(0.0902956307411684,0.0799919361303234,0.004),(0.0903232998521878,
0.078723701170194,0.),(0.0903232998521878,0.078723701170194,0.004),(0.0903233031817889,
0.080063096363587,0.),(0.0903233031817889,0.080063096363587,0.004),(0.0903281925112441,
0.0768632250589637,0.004),(0.0903281925112441,0.0768632250589637,0.008),
(0.0903281940706775,0.081923575087922,0.004),(0.0903281940706775,0.081923575087922,
0.008),(0.0903540512043858,0.0786538159633916,0.),(0.0903540512043858,0.0786538159633916,
0.004),(0.0903540526795255,0.0801329814018021,0.),(0.0903540526795255,0.0801329814018021,
0.004),(0.090387820018056,0.0785853370283365,0.),(0.090387820018056,0.0785853370283365,
0.004),(0.0903878249492372,0.0802014621070248,0.),(0.0903878249492372,0.0802014621070248,
0.004),(0.0904245450538276,0.0802683976244874,0.),(0.0904245450538276,0.0802683976244874,
0.004),(0.0904245468029218,0.0785183993824581,0.),(0.0904245468029218,0.0785183993824581,
0.004),(0.0904400912560756,0.0819914756839217,0.004),(0.0904400912560756,
0.0819914756839217,0.008),(0.090440092815509,0.076795324715845,0.004),(0.090440092815509,
0.076795324715845,0.008),(0.0904641544513239,0.0784531232917885,0.),(0.0904641544513239,
0.0784531232917885,0.004),(0.0904641554207014,0.0803336728932934,0.),(0.0904641554207014,
0.0803336728932934,0.004),(0.0905065725990986,0.0803971555723386,0.),(0.0905065725990986,
0.0803971555723386,0.004),(0.0905065755283046,0.0783896409288447,0.),(0.0905065755283046,
0.0783896409288447,0.004),(0.0905517199871221,0.078328063919555,0.),(0.0905517199871221,
0.078328063919555,0.004),(0.0905517249393768,0.0804587338881806,0.),(0.0905517249393768,
0.0804587338881806,0.004),(0.0905548426260549,0.0820544289142559,0.004),
(0.0905548426260549,0.0820544289142559,0.008),(0.0905548484844668,0.0767323698839306,
0.004),(0.0905548484844668,0.0767323698839306,0.008),(0.0905995132383913,
0.0782685208012705,0.),(0.0905995132383913,0.0782685208012705,0.004),(0.0905995147451412,
0.0805182789557568,0.),(0.0905995147451412,0.0805182789557568,0.004),(0.0906498531392248,
0.0782111137168787,0.),(0.0906498531392248,0.0782111137168787,0.004),(0.0906498561211143,
0.0805756824576665,0.),(0.0906498561211143,0.0805756824576665,0.004),(0.0906722312086392,
0.0821123172735108,0.004),(0.0906722312086392,0.0821123172735108,0.008),
(0.0906722363505547,0.0766744758348511,0.004),(0.0906722363505547,0.0766744758348511,
0.008),(0.0907026533096565,0.0781559614151253,0.),(0.0907026533096565,0.0781559614151253,
0.004),(0.0907026533096565,0.0806308351492782,0.),(0.0907026533096565,0.0806308351492782,
0.004),(0.0907578056114099,0.0781031612446936,0.),(0.0907578056114099,0.0781031612446936,
0.004),(0.0907578060012683,0.0806836323378204,0.),(0.0907578060012683,0.0806836323378204,
0.004),(0.0907920410433767,0.0766217608326635,0.004),(0.0907920410433767,
0.0766217608326635,0.008),(0.0907920439093624,0.0821650409579492,0.004),
(0.0907920439093624,0.0821650409579492,0.008),(0.090815209503178,0.0807339737137936,
0.),(0.090815209503178,0.0807339737137936,0.004),(0.0908152126958018,0.0780528213438601,
0.),(0.0908152126958018,0.0780528213438601,0.004),(0.0908747558140862,0.0780050280925909,
0.),(0.0908747558140862,0.0780050280925909,0.004),(0.0908747599655508,0.0807817689143545,
0.),(0.0908747599655508,0.0807817689143545,0.004),(0.0909140282686021,0.0765743189069868,
0.004),(0.0909140282686021,0.0765743189069868,0.008),(0.0909140283528958,
0.0822124747071373,0.004),(0.0909140283528958,0.0822124747071373,0.008),
(0.0909363328233759,0.0779598836337734,0.),(0.0909363328233759,0.0779598836337734,
0.004),(0.0909363328865962,0.0808269158598361,0.),(0.0909363328865962,0.0808269158598361,
0.004),(0.0909998151863197,0.0779174625567927,0.),(0.0909998151863197,0.0779174625567927,
0.004),(0.0909998155656414,0.0808693330382334,0.),(0.0909998155656414,0.0808693330382334,
0.004),(0.0910379719505353,0.0765322466583978,0.004),(0.0910379719505353,
0.0765322466583978,0.008),(0.0910379729620596,0.082254549568831,0.004),
(0.0910379729620596,0.082254549568831,0.008),(0.0910650908344474,0.0809089434051072,
0.),(0.0910650908344474,0.0809089434051072,0.004),(0.0910650912769893,0.0778778549083906,
0.),(0.0910650912769893,0.0778778549083906,0.004),(0.0911320289228677,0.0778411281235248,
0.),(0.0911320289228677,0.0778411281235248,0.004),(0.0911320317467066,0.0809456689044941,
0.),(0.0911320317467066,0.0809456689044941,0.004),(0.0911636331165453,0.0822911756859491,
0.004),(0.0911636331165453,0.0822911756859491,0.008),(0.0911636332851327,
0.0764956210470418,0.004),(0.0911636332851327,0.0764956210470418,0.008),
(0.0912005070571327,0.0809794357794093,0.),(0.0912005070571327,0.0809794357794093,
0.004),(0.0912005078579228,0.0778073593098546,0.),(0.0912005078579228,0.0778073593098546,
0.004),(0.0912703920953477,0.0810101852771459,0.),(0.0912703920953477,0.0810101852771459,
0.004),(0.0912703930647252,0.0777766079576566,0.),(0.0912703930647252,0.0777766079576566,
0.004),(0.0912907713610082,0.0764645103508135,0.004),(0.0912907713610082,
0.0764645103508135,0.008),(0.0912907724568263,0.0823222873094081,0.004),
(0.0912907724568263,0.0823222873094081,0.008),(0.0913415508956185,0.0777489321874351,
0.),(0.0913415508956185,0.0777489321874351,0.004),(0.091341557723408,0.081037863112563,
0.),(0.091341557723408,0.081037863112563,0.004),(0.0914138547414696,0.08106240269364,
0.),(0.0914138547414696,0.08106240269364,0.004),(0.0914138549943507,0.0777243936178825,
0.),(0.0914138549943507,0.0777243936178825,0.004),(0.0914191433280208,0.0823478191958864,
0.004),(0.0914191433280208,0.0823478191958864,0.008),(0.0914191493128733,
0.07643897880151,0.004),(0.0914191493128733,0.07643897880151,0.008),(0.0914871567932808,
0.0810837685327304,0.),(0.0914871567932808,0.0810837685327304,0.004),(0.0914871592377981,
0.0777030304761904,0.),(0.0914871592377981,0.0777030304761904,0.004),(0.0915485128266439,
0.0764190649213508,0.004),(0.0915485128266439,0.0764190649213508,0.008),
(0.091548513079525,0.0823677342561574,0.004),(0.091548513079525,0.0823677342561574,
0.008),(0.0915613174606899,0.081101912835308,0.),(0.0915613174606899,0.081101912835308,
0.004),(0.0915613195680324,0.0776848789243548,0.),(0.0915613195680324,0.0776848789243548,
0.004),(0.0916362076900468,0.0811168136007179,0.),(0.0916362076900468,0.0811168136007179,
0.004),(0.0916362103031514,0.0776699891171255,0.),(0.0916362103031514,0.0776699891171255,
0.004),(0.0916786210752276,0.0823819802281289,0.004),(0.0916786210752276,
0.0823819802281289,0.008),(0.0916786225925142,0.0764048138074638,0.004),
(0.0916786225925142,0.0764048138074638,0.008),(0.0917116679133829,0.0811284253946575,
0.),(0.0917116679133829,0.0811284253946575,0.004),(0.0917116705264875,0.077658370916865,
0.),(0.0917116705264875,0.077658370916865,0.004),(0.0917875673911741,0.0811367386919389,
0.),(0.0917875673911741,0.0811367386919389,0.004),(0.0917875687398733,0.0776500587154016,
0.),(0.0917875687398733,0.0776500587154016,0.004),(0.0918092272466798,0.0823905382300127,
0.004),(0.0918092272466798,0.0823905382300127,0.008),(0.0918092334844133,
0.0763962547940556,0.004),(0.0918092334844133,0.0763962547940556,0.008),
(0.0918637547319407,0.0776450624593918,0.),(0.0918637547319407,0.0776450624593918,
0.004),(0.0918637553219966,0.0811417316604946,0.),(0.0918637553219966,0.0811417316604946,
0.004),(0.0919400884065654,0.0811433965453044,0.),(0.0919400884065654,0.0811433965453044,
0.004),(0.091940088490859,0.0763933967319643,0.004),(0.091940088490859,
0.0763933967319643,0.008),(0.0919400918626069,0.0823933998324392,0.004),
(0.0919400918626069,0.0823933998324392,0.008),(0.0919400919469006,0.0776434000190991,
0.),(0.0919400919469006,0.0776434000190991,0.004),(0.0920164202267286,0.0811417287102152,
0.),(0.0920164202267286,0.0811417287102152,0.004),(0.0920164250314694,0.077645064903909,
0.),(0.0920164250314694,0.077645064903909,0.004),(0.0920709468690527,0.082390541770348,
0.004),(0.0920709468690527,0.082390541770348,0.008),(0.0920709477119896,
0.0763962529395942,0.004),(0.0920709477119896,0.0763962529395942,0.008),
(0.0920926116135927,0.0811367378490019,0.),(0.0920926116135927,0.0811367378490019,
0.004),(0.0920926129622918,0.0776500578724647,0.),(0.0920926129622918,0.0776500578724647,
0.004),(0.0921685070452865,0.0776583657749494,0.),(0.0921685070452865,0.0776583657749494,
0.004),(0.0921685152217751,0.0811284310423352,0.),(0.0921685152217751,0.0811284310423352,
0.004),(0.0922015538834417,0.0764048109414781,0.004),(0.0922015538834417,
0.0764048109414781,0.008),(0.0922015577609518,0.0823819827569398,0.004),
(0.0922015577609518,0.0823819827569398,0.008),(0.0922439754451112,0.0811168128420747,
0.),(0.0922439754451112,0.0811168128420747,0.004),(0.0922439780582158,0.0776699883584822,
0.),(0.0922439780582158,0.0776699883584822,0.004),(0.0923188574979794,0.0776848783342989,
0.),(0.0923188574979794,0.0776848783342989,0.004),(0.0923188607854336,0.0811019176400487,
0.),(0.0923188607854336,0.0811019176400487,0.004),(0.092331667273941,0.0764190623082462,
0.004),(0.092331667273941,0.0764190623082462,0.008),(0.0923316675268221,
0.0823677316430528,0.004),(0.0923316675268221,0.0823677316430528,0.008),
(0.0923930235601851,0.0777030280316732,0.),(0.0923930235601851,0.0777030280316732,
0.004),(0.0923930265104645,0.0810837714830098,0.),(0.0923930265104645,0.0810837714830098,
0.004),(0.0924610364353894,0.0823478231576902,0.004),(0.0924610364353894,
0.0823478231576902,0.008),(0.0924610370254452,0.0764389773685171,0.004),
(0.0924610370254452,0.0764389773685171,0.008),(0.0924663253591153,0.0810624029465211,
0.),(0.0924663253591153,0.0810624029465211,0.004),(0.0924663256119964,0.0777243938707636,
0.),(0.0924663256119964,0.0777243938707636,0.004),(0.0925386240630509,0.0810378589821718,
0.),(0.0925386240630509,0.0810378589821718,0.004),(0.0925386280248546,0.0777489388466372,
0.),(0.0925386280248546,0.0777489388466372,0.004),(0.0925894078966397,0.0764645092549954,
0.004),(0.0925894078966397,0.0764645092549954,0.008),(0.0925894089924578,
0.0823222862135901,0.004),(0.0925894089924578,0.0823222862135901,0.008),
(0.0926097872887407,0.0810101886067469,0.),(0.0926097872887407,0.0810101886067469,
0.004),(0.0926097882581182,0.0777766112872577,0.),(0.0926097882581182,0.0777766112872577,
0.004),(0.0926796724955432,0.080979437254549,0.),(0.0926796724955432,0.080979437254549,
0.004),(0.0926796732963333,0.0778073607849943,0.),(0.0926796732963333,0.0778073607849943,
0.004),(0.0927165470683333,0.0822911755173617,0.004),(0.0927165470683333,
0.0822911755173617,0.008),(0.0927165472369207,0.0764956208784544,0.004),
(0.0927165472369207,0.0764956208784544,0.008),(0.0927481514305982,0.0809456684408788,
0.),(0.0927481514305982,0.0809456684408788,0.004),(0.092748154001556,0.077841133054706,
0.),(0.092748154001556,0.077841133054706,0.004),(0.0928150895190186,0.0778778531592964,
0.),(0.0928150895190186,0.0778778531592964,0.004),(0.0928150944712733,0.0809089470508096,
0.),(0.0928150944712733,0.0809089470508096,0.004),(0.0928422073914064,0.0765322469955726,
0.004),(0.0928422073914064,0.0765322469955726,0.008),(0.0928422084029307,
0.0822545499060058,0.004),(0.0928422084029307,0.0822545499060058,0.008),
(0.0928803647878246,0.0779174635261702,0.),(0.0928803647878246,0.0779174635261702,
0.004),(0.0928803651671462,0.0808693340076109,0.),(0.0928803651671462,0.0808693340076109,
0.004),(0.0929438474668698,0.0779598807045674,0.),(0.0929438474668698,0.0779598807045674,
0.004),(0.0929438529248866,0.0808269183254268,0.),(0.0929438529248866,0.0808269183254268,
0.004),(0.0929661466057736,0.0765743164624696,0.004),(0.0929661466057736,
0.0765743164624696,0.008),(0.0929661520848639,0.0822124776574167,0.004),
(0.0929661520848639,0.0822124776574167,0.008),(0.0930054191445832,0.080781763077016,
0.),(0.0930054191445832,0.080781763077016,0.004),(0.0930054257827118,0.0780050330448456,
0.),(0.0930054257827118,0.0780050330448456,0.004),(0.0930649676576642,0.0807339752205434,
0.),(0.0930649676576642,0.0807339752205434,0.004),(0.093064970850288,0.07805282285061,
0.),(0.093064970850288,0.07805282285061,0.004),(0.0930881393100892,0.08216503573174,
0.004),(0.0930881393100892,0.08216503573174,0.008),(0.0930881418389002,
0.0766217610012509,0.004),(0.0930881418389002,0.0766217610012509,0.008),
(0.0931223693472594,0.0806836299249134,0.),(0.0931223693472594,0.0806836299249134,
0.004),(0.0931223743521977,0.0781031642265831,0.),(0.0931223743521977,0.0781031642265831,
0.004),(0.0931775270438094,0.0781559614151253,0.),(0.0931775270438094,0.0781559614151253,
0.004),(0.0931775270438095,0.0806308351492782,0.),(0.0931775270438095,0.0806308351492782,
0.004),(0.0932079437500302,0.0766744738960961,0.004),(0.0932079437500302,
0.0766744738960961,0.008),(0.0932079440029113,0.0821123207295524,0.004),
(0.0932079440029113,0.0821123207295524,0.008),(0.0932303218194446,0.0805756774527282,
0.),(0.0932303218194446,0.0805756774527282,0.004),(0.0932303242323517,0.0782111141067371,
0.),(0.0932303242323517,0.0782111141067371,0.004),(0.0932806656083248,0.0782685176086468,
0.),(0.0932806656083248,0.0782685176086468,0.004),(0.0932806671150747,0.080518275763133,
0.),(0.0932806671150747,0.080518275763133,0.004),(0.0933253372637958,0.0820544320752696,
0.004),(0.0933253372637958,0.0820544320752696,0.008),(0.0933253377274111,
0.0767323676501477,0.004),(0.0933253377274111,0.0767323676501477,0.008),
(0.0933284549715472,0.080458727250052,0.),(0.0933284549715472,0.080458727250052,
0.004),(0.0933284608088857,0.0783280680710196,0.),(0.0933284608088857,0.0783280680710196,
0.004),(0.0933736077543673,0.078389640992065,0.),(0.0933736077543673,0.078389640992065,
0.004),(0.093373610219958,0.0803971610303554,0.),(0.093373610219958,0.0803971610303554,
0.004),(0.0934160249327646,0.0784531236711102,0.),(0.0934160249327646,0.0784531236711102,
0.004),(0.0934160259021421,0.080333673272615,0.),(0.0934160259021421,0.080333673272615,
0.004),(0.0934400929327536,0.0819914772433551,0.004),(0.0934400929327536,
0.0819914772433551,0.008),(0.093440094492187,0.0767953262752784,0.004),
(0.093440094492187,0.0767953262752784,0.008),(0.0934556352996384,0.0785183989399162,
0.),(0.0934556352996384,0.0785183989399162,0.004),(0.0934556389453408,0.080268402576742,
0.),(0.0934556389453408,0.080268402576742,0.004),(0.09349236033541,0.080201459536067,
0.),(0.09349236033541,0.080201459536067,0.004),(0.0934923607990253,0.0785853398521754,
0.),(0.0934923607990253,0.0785853398521754,0.004),(0.0935261276739405,0.0786538151626015,
0.),(0.0935261276739405,0.0786538151626015,0.004),(0.0935261291490802,0.080132980601012,
0.),(0.0935261291490802,0.080132980601012,0.004),(0.0935519916775851,0.0768632268712782,
0.004),(0.0935519916775851,0.0768632268712782,0.008),(0.0935519932370185,
0.0819235769002365,0.004),(0.0935519932370185,0.0819235769002365,0.008),
(0.0935568771716771,0.0787237002008165,0.),(0.0935568771716771,0.0787237002008165,
0.004),(0.0935568805012781,0.0800630953942095,0.),(0.0935568805012781,0.0800630953942095,
0.004),(0.093584550876703,0.0799919321685196,0.),(0.093584550876703,0.0799919321685196,
0.004),(0.0935845550070942,0.0787948658288768,0.),(0.0935845550070942,0.0787948658288768,
0.004),(0.0936090945881712,0.0788671628469384,0.),(0.0936090945881712,0.0788671628469384,
0.004),(0.0936090948410523,0.0799196334645841,0.),(0.0936090948410523,0.0799196334645841,
0.004),(0.0936304604272616,0.0789404648987496,0.),(0.0936304604272616,0.0789404648987496,
0.004),(0.093630463377541,0.0798463346159333,0.),(0.093630463377541,0.0798463346159333,
0.004),(0.0936486047298392,0.0790146255661587,0.),(0.0936486047298392,0.0790146255661587,
0.004),(0.09364860953458,0.0797721688909024,0.),(0.09364860953458,0.0797721688909024,
0.004),(0.0936608185915097,0.0818508535246553,0.004),(0.0936608185915097,
0.0818508535246553,0.008),(0.093660820740999,0.0769359435033636,0.004),
(0.093660820740999,0.0769359435033636,0.008),(0.0936635047366059,0.07969728355058,
0.),(0.0936635047366059,0.07969728355058,0.004),(0.0936635054952492,0.0790895157955156,
0.),(0.0936635054952492,0.0790895157955156,0.004),(0.0936751172891887,0.0791649760188517,
0.),(0.0936751172891887,0.0791649760188517,0.004),(0.0936751229368664,0.0796218233272439,
0.),(0.0936751229368664,0.0796218233272439,0.004),(0.0936834297435331,0.0795459197190615,
0.),(0.0936834297435331,0.0795459197190615,0.004),(0.0936834305864701,0.0792408754966429,
0.),(0.0936834305864701,0.0792408754966429,0.004),(0.0936884206047464,0.0794697283321974,
0.),(0.0936884206047464,0.0794697283321974,0.004),(0.0936884235550258,0.0793170634274654,
0.),(0.0936884235550258,0.0793170634274654,0.004),(0.0936900884398357,0.0793933965120341,
0.),(0.0936900884398357,0.0793933965120341,0.004),(0.0937663744885215,0.077013338098459,
0.004),(0.0937663744885215,0.077013338098459,0.008),(0.0937663745728152,
0.0817734583816509,0.004),(0.0937663745728152,0.0817734583816509,0.008),
(0.0938684531440905,0.0770952651656432,0.004),(0.0938684531440905,0.0770952651656432,
0.008),(0.0938684546403036,0.0816915332742952,0.004),(0.0938684546403036,
0.0816915332742952,0.008),(0.0939668599662172,0.0771815653898289,0.004),
(0.0939668599662172,0.0771815653898289,0.008),(0.0939668621789268,0.0816052316592634,
0.004),(0.0939668621789268,0.0816052316592634,0.008),(0.0940614105202926,
0.0772720779386421,0.004),(0.0940614105202926,0.0772720779386421,0.008),
(0.0940614105202926,0.0815147186257614,0.004),(0.0940614105202926,0.0815147186257614,
0.008),(0.0941519176743093,0.0773666230979209,0.004),(0.0941519176743093,
0.0773666230979209,0.008),(0.0941519235537946,0.0814201702843956,0.004),
(0.0941519235537946,0.0814201702843956,0.008),(0.0942382232932916,0.0774650353148443,
0.004),(0.0942382232932916,0.0774650353148443,0.008),(0.0942382251688264,
0.0813217627457724,0.004),(0.0942382251688264,0.0813217627457724,0.008),
(0.0943201502761821,0.0812196826782839,0.004),(0.0943201502761821,0.0812196826782839,
0.008),(0.0943201503604758,0.0775671139704133,0.004),(0.0943201503604758,
0.0775671139704133,0.008),(0.0943975449555711,0.0776726677179357,0.004),
(0.0943975449555711,0.0776726677179357,0.008),(0.0943975454191865,0.0811141266969785,
0.004),(0.0943975454191865,0.0811141266969785,0.008),(0.0944702669824532,
0.0777815021761463,0.004),(0.0944702669824532,0.0777815021761463,0.008),
(0.0944702687947677,0.0810053013424873,0.004),(0.0944702687947677,0.0810053013424873,
0.008),(0.0945381675784529,0.0778933993615444,0.004),(0.0945381675784529,
0.0778933993615444,0.008),(0.0945381691378863,0.0808934010382224,0.004),
(0.0945381691378863,0.0808934010382224,0.008),(0.0946011208087871,0.0780081507315237,
0.004),(0.0946011208087871,0.0780081507315237,0.008),(0.0946011239698008,
0.0807786453692645,0.004),(0.0946011239698008,0.0807786453692645,0.008),
(0.0946590091680421,0.078125539314108,0.004),(0.0946590091680421,0.078125539314108,
0.008),(0.0946590126240836,0.0806612521083801,0.004),(0.0946590126240836,
0.0806612521083801,0.008),(0.0947117276262712,0.080541447415558,0.004),
(0.0947117276262712,0.080541447415558,0.008),(0.0947117328524805,0.0782453520148312,
0.004),(0.0947117328524805,0.0782453520148312,0.008),(0.0947591666016685,
0.0783673364583646,0.004),(0.0947591666016685,0.0783673364583646,0.008),
(0.0947591695519479,0.0804194601903327,0.004),(0.0947591695519479,0.0804194601903327,
0.008),(0.0948012414633622,0.0784912810675284,0.004),(0.0948012414633622,
0.0784912810675284,0.008),(0.094801241800537,0.0802955165083995,0.004),
(0.094801241800537,0.0802955165083995,0.008),(0.0948378674118929,0.0801698551738021,
0.004),(0.0948378674118929,0.0801698551738021,0.008),(0.0948378675804803,
0.0786169412220141,0.004),(0.0948378675804803,0.0786169412220141,0.008),
(0.0948689781081213,0.0800427170979266,0.004),(0.0948689781081213,0.0800427170979266,
0.008),(0.0948689792039393,0.0787440805622951,0.004),(0.0948689792039393,
0.0787440805622951,0.008),(0.0948945110904176,0.0788724514334895,0.004),
(0.0948945110904176,0.0788724514334895,0.008),(0.0948945150522214,0.0799143445408581,
0.004),(0.0948945150522214,0.0799143445408581,0.008),(0.094914423537584,
0.0797849756322909,0.004),(0.094914423537584,0.0797849756322909,0.008),
(0.0949144261506886,0.0790018211849937,0.004),(0.0949144261506886,0.0790018211849937,
0.008),(0.0949286721226601,0.0791319291806964,0.004),(0.0949286721226601,
0.0791319291806964,0.008),(0.094928674651471,0.0796548658664206,0.004),
(0.094928674651471,0.0796548658664206,0.008),(0.0949372301245439,0.0792625353521485,
0.004),(0.0949372301245439,0.0792625353521485,0.008),(0.0949372336648792,
0.0795242549745214,0.004),(0.0949372336648792,0.0795242549745214,0.008),
(0.0949400917269704,0.0793933999680757,0.004),(0.0949400917269704,0.0793933999680757,
0.008),(0.0965362842544456,0.0924748737341529,0.),(0.0965362842544456,0.0924748737341529,
0.008),(0.103518963718663,0.0854921942699358,0.),(0.103960905456904,0.0850502525316942,
0.008),(0.105021565628684,0.0839895923599144,0.),(0.105021565628684,0.0839895923599144,
0.008),(0.106617758156159,0.0970710661259915,0.004),(0.106617758156159,
0.0970710661259915,0.008),(0.10662061621825,0.0969402111195458,0.004),(0.10662061621825,
0.0969402111195458,0.008),(0.106620619758586,0.0972019307419187,0.004),
(0.106620619758586,0.0972019307419187,0.008),(0.106629175231659,0.0968096002276467,
0.004),(0.106629175231659,0.0968096002276467,0.008),(0.10662917776047,0.0973325369133708,
0.004),(0.10662917776047,0.0973325369133708,0.008),(0.106643423732441,0.0974626449090735,
0.004),(0.106643423732441,0.0974626449090735,0.008),(0.106643426345546,
0.0966794904617763,0.004),(0.106643426345546,0.0966794904617763,0.008),
(0.106663334830908,0.0965501215532091,0.004),(0.106663334830908,0.0965501215532091,
0.008),(0.106663338792712,0.0975920146605777,0.004),(0.106663338792712,
0.0975920146605777,0.008),(0.106688871775008,0.0964217489961407,0.004),
(0.106688871775008,0.0964217489961407,0.008),(0.106688876073987,0.0977203909265688,
0.004),(0.106688876073987,0.0977203909265688,0.008),(0.106719982302649,
0.0978475248720532,0.004),(0.106719982302649,0.0978475248720532,0.008),
(0.106719982471237,0.0962946109202652,0.004),(0.106719982471237,0.0962946109202652,
0.008),(0.106756608082593,0.0961689495856678,0.004),(0.106756608082593,
0.0961689495856678,0.008),(0.106756613814564,0.0979731904213354,0.004),
(0.106756613814564,0.0979731904213354,0.008),(0.106798677886665,0.0980971242409061,
0.004),(0.106798677886665,0.0980971242409061,0.008),(0.106798680331182,
0.0960450059037345,0.004),(0.106798680331182,0.0960450059037345,0.008),
(0.106846117030649,0.098219114079236,0.004),(0.106846117030649,0.098219114079236,
0.008),(0.106846122256858,0.0959230186785092,0.004),(0.106846122256858,
0.0959230186785092,0.008),(0.106898837259046,0.0958032139856872,0.004),
(0.106898837259046,0.0958032139856872,0.008),(0.106898840715088,0.0983389267799593,
0.004),(0.106898840715088,0.0983389267799593,0.008),(0.106956725913329,
0.0956858207248027,0.004),(0.106956725913329,0.0956858207248027,0.008),
(0.106956729074343,0.0984563153625436,0.004),(0.106956729074343,0.0984563153625436,
0.008),(0.107019682304677,0.0985710667325229,0.004),(0.107019682304677,
0.0985710667325229,0.008),(0.10701968614004,0.0955710704506415,0.004),(0.10701968614004,
0.0955710704506415,0.008),(0.107087581088362,0.09545916475158,0.004),(0.107087581088362,
0.09545916475158,0.008),(0.107087582900677,0.098682963917921,0.004),(0.107087582900677,
0.098682963917921,0.008),(0.107160304463943,0.0953503393970887,0.004),(0.107160304463943,
0.0953503393970887,0.008),(0.107160304927559,0.0987917983761315,0.004),
(0.107160304927559,0.0987917983761315,0.008),(0.107237699522654,0.0988973521236539,
0.004),(0.107237699522654,0.0988973521236539,0.008),(0.107237699606948,
0.0952447834157833,0.004),(0.107237699606948,0.0952447834157833,0.008),
(0.107319624714303,0.0951427033482949,0.004),(0.107319624714303,0.0951427033482949,
0.008),(0.107319626589838,0.098999430779223,0.004),(0.107319626589838,0.098999430779223,
0.008),(0.107405926329335,0.0950442958096717,0.004),(0.107405926329335,
0.0950442958096717,0.008),(0.10740593220882,0.0990978429961463,0.004),(0.10740593220882,
0.0990978429961463,0.008),(0.107496439362837,0.0949497474683058,0.004),
(0.107496439362837,0.0949497474683058,0.008),(0.107496439362837,0.0991923881554251,
0.004),(0.107496439362837,0.0991923881554251,0.008),(0.107590987704203,
0.0948592344348038,0.004),(0.107590987704203,0.0948592344348038,0.008),
(0.107590989916912,0.0992829007042384,0.004),(0.107590989916912,0.0992829007042384,
0.008),(0.107689395242826,0.0947729328197721,0.004),(0.107689395242826,
0.0947729328197721,0.008),(0.107689396739039,0.0993692009284241,0.004),
(0.107689396739039,0.0993692009284241,0.008),(0.107791475310315,0.0946910077124164,
0.004),(0.107791475310315,0.0946910077124164,0.008),(0.107791475394608,
0.0994511279956083,0.004),(0.107791475394608,0.0994511279956083,0.008),
(0.107867761443294,0.0970710695820331,0.),(0.107867761443294,0.0970710695820331,
0.004),(0.107869426328104,0.0971474026666019,0.),(0.107869426328104,0.0971474026666019,
0.004),(0.107869429278383,0.0969947377618698,0.),(0.107869429278383,0.0969947377618698,
0.004),(0.107874413901863,0.0972235852026277,0.),(0.107874413901863,0.0972235852026277,
0.004),(0.107874420139597,0.0969185463750058,0.),(0.107874420139597,0.0969185463750058,
0.004),(0.107882726946263,0.0968426427668233,0.),(0.107882726946263,0.0968426427668233,
0.004),(0.107882732593941,0.0972994900752156,0.),(0.107882732593941,0.0972994900752156,
0.004),(0.107894344387881,0.0973749502985517,0.),(0.107894344387881,0.0973749502985517,
0.004),(0.107894345146524,0.0967671825434873,0.),(0.107894345146524,0.0967671825434873,
0.004),(0.107897029142131,0.0995285225907036,0.004),(0.107897029142131,
0.0995285225907036,0.008),(0.10789703129162,0.094613612569412,0.004),(0.10789703129162,
0.094613612569412,0.008),(0.10790924034855,0.0966922972031649,0.),(0.10790924034855,
0.0966922972031649,0.004),(0.10790924515329,0.0974498405279085,0.),(0.10790924515329,
0.0974498405279085,0.004),(0.107927386505589,0.0966181314781339,0.),(0.107927386505589,
0.0966181314781339,0.004),(0.107927389455868,0.0975240011953176,0.),(0.107927389455868,
0.0975240011953176,0.004),(0.107948755042077,0.0965448326294832,0.),(0.107948755042077,
0.0965448326294832,0.004),(0.107948755294959,0.0975973032471289,0.),(0.107948755294959,
0.0975973032471289,0.004),(0.107973294876035,0.0976696002651905,0.),(0.107973294876035,
0.0976696002651905,0.004),(0.107973299006427,0.0964725339255476,0.),(0.107973299006427,
0.0964725339255476,0.004),(0.108000969381852,0.0964013706998577,0.),(0.108000969381852,
0.0964013706998577,0.004),(0.108000972711453,0.0977407658932507,0.),(0.108000972711453,
0.0977407658932507,0.004),(0.108005856646111,0.0945408891938308,0.004),
(0.108005856646111,0.0945408891938308,0.008),(0.108005858205545,0.0996012392227891,
0.004),(0.108005858205545,0.0996012392227891,0.008),(0.108031720734049,
0.0963314854930553,0.),(0.108031720734049,0.0963314854930553,0.004),(0.108031722209189,
0.0978106509314658,0.),(0.108031722209189,0.0978106509314658,0.004),(0.108065489084104,
0.0978791262418919,0.),(0.108065489084104,0.0978791262418919,0.004),(0.10806548954772,
0.0962630065580002,0.),(0.10806548954772,0.0962630065580002,0.004),(0.108102210937789,
0.0961960635173252,0.),(0.108102210937789,0.0961960635173252,0.004),(0.108102214583491,
0.0979460671541511,0.),(0.108102214583491,0.0979460671541511,0.004),(0.108117755390943,
0.0996691398187888,0.004),(0.108117755390943,0.0996691398187888,0.008),
(0.108117762345173,0.0944729942455087,0.004),(0.108117762345173,0.0944729942455087,
0.008),(0.108141823980988,0.0961307928214522,0.),(0.108141823980988,0.0961307928214522,
0.004),(0.108141824950365,0.0980113424229571,0.),(0.108141824950365,0.0980113424229571,
0.004),(0.108184239663172,0.0960673050637118,0.),(0.108184239663172,0.0960673050637118,
0.004),(0.108184242128762,0.0980748251020023,0.),(0.108184242128762,0.0980748251020023,
0.004),(0.108229389074244,0.0981363980230477,0.),(0.108229389074244,0.0981363980230477,
0.004),(0.108229389516786,0.0960057334492187,0.),(0.108229389516786,0.0960057334492187,
0.004),(0.108232512155719,0.0997320984439196,0.004),(0.108232512155719,
0.0997320984439196,0.008),(0.108232512619334,0.0944100340187977,0.004),
(0.108232512619334,0.0944100340187977,0.008),(0.108277182768055,0.0959461903309342,
0.),(0.108277182768055,0.0959461903309342,0.004),(0.108277184274805,0.0981959484854205,
0.),(0.108277184274805,0.0981959484854205,0.004),(0.108327525650778,0.0982533519873302,
0.),(0.108327525650778,0.0982533519873302,0.004),(0.108327528063685,0.0958887886413391,
0.),(0.108327528063685,0.0958887886413391,0.004),(0.108349905880218,0.0943521453645148,
0.004),(0.108349905880218,0.0943521453645148,0.008),(0.108349906133099,
0.0997899921979711,0.004),(0.108349906133099,0.0997899921979711,0.008),
(0.10838032283932,0.095833630944789,0.),(0.10838032283932,0.095833630944789,
0.004),(0.10838032283932,0.0983085046789419,0.),(0.10838032283932,0.0983085046789419,
0.004),(0.108435475530932,0.0983613018674841,0.),(0.108435475530932,0.0983613018674841,
0.004),(0.10843548053587,0.0957808361691539,0.),(0.10843548053587,0.0957808361691539,
0.004),(0.10846970804423,0.0998427050928163,0.004),(0.10846970804423,0.0998427050928163,
0.008),(0.10846971057304,0.0942994303623272,0.004),(0.10846971057304,0.0942994303623272,
0.008),(0.108492879032842,0.0984116432434573,0.),(0.108492879032842,0.0984116432434573,
0.004),(0.108492882225465,0.0957304908735238,0.),(0.108492882225465,0.0957304908735238,
0.004),(0.108552424100418,0.0984594330492216,0.),(0.108552424100418,0.0984594330492216,
0.004),(0.10855242534375,0.0956826976222546,0.),(0.10855242534375,0.0956826976222546,
0.004),(0.108591697798266,0.0942519884366505,0.004),(0.108591697798266,
0.0942519884366505,0.008),(0.108591703277356,0.0998901496315976,0.004),
(0.108591703277356,0.0998901496315976,0.008),(0.108613996958243,0.0956375477686405,
0.),(0.108613996958243,0.0956375477686405,0.004),(0.10861400241626,0.0985045853894998,
0.),(0.10861400241626,0.0985045853894998,0.004),(0.108677484715983,0.0955951320864564,
0.),(0.108677484715983,0.0955951320864564,0.004),(0.108677485095305,0.0985470025678971,
0.),(0.108677485095305,0.0985470025678971,0.004),(0.108715641480199,0.0942099161880615,
0.004),(0.108715641480199,0.0942099161880615,0.008),(0.108715642491723,
0.0999322190984947,0.004),(0.108715642491723,0.0999322190984947,0.008),
(0.108742755411856,0.0955555190432577,0.),(0.108742755411856,0.0955555190432577,
0.004),(0.108742760364111,0.0985866129347709,0.),(0.108742760364111,0.0985866129347709,
0.004),(0.108809698452531,0.0955187976531885,0.),(0.108809698452531,0.0955187976531885,
0.004),(0.10880970127637,0.0986233384341578,0.),(0.10880970127637,0.0986233384341578,
0.004),(0.108841302646209,0.0999688452156128,0.004),(0.108841302646209,
0.0999688452156128,0.008),(0.108841302814796,0.0941732905767055,0.004),
(0.108841302814796,0.0941732905767055,0.008),(0.108878176586796,0.098657105309073,
0.),(0.108878176586796,0.098657105309073,0.004),(0.108878177387586,0.0954850288395183,
0.),(0.108878177387586,0.0954850288395183,0.004),(0.108948061625011,0.0986878548068096,
0.),(0.108948061625011,0.0986878548068096,0.004),(0.108948062594389,0.0954542774873204,
0.),(0.108948062594389,0.0954542774873204,0.004),(0.108968436591693,0.0999999514442752,
0.004),(0.108968436591693,0.0999999514442752,0.008),(0.108968440890672,
0.0941421798804772,0.004),(0.108968440890672,0.0941421798804772,0.008),
(0.109019221858275,0.0987155272474301,0.),(0.109019221858275,0.0987155272474301,
0.004),(0.109019225820079,0.0954266071118954,0.),(0.109019225820079,0.0954266071118954,
0.004),(0.109091524271133,0.0987400722233037,0.),(0.109091524271133,0.0987400722233037,
0.004),(0.109091524524014,0.0954020631475462,0.),(0.109091524524014,0.0954020631475462,
0.004),(0.109096812857684,0.10002548872555,0.004),(0.109096812857684,0.10002548872555,
0.008),(0.10909681344774,0.0941166429363771,0.004),(0.10909681344774,0.0941166429363771,
0.008),(0.109164823372665,0.0953806946110575,0.),(0.109164823372665,0.0953806946110575,
0.004),(0.109164826322945,0.0987614380623941,0.),(0.109164826322945,0.0987614380623941,
0.004),(0.109226182356308,0.0940967344510144,0.004),(0.109226182356308,
0.0940967344510144,0.008),(0.109226182609189,0.100045403785821,0.004),(0.109226182609189,
0.100045403785821,0.008),(0.109238989097696,0.0953625484540185,0.),(0.109238989097696,
0.0953625484540185,0.004),(0.10923899238515,0.0987795877597683,0.),(0.10923899238515,
0.0987795877597683,0.004),(0.109313871824914,0.098794477735585,0.),(0.109313871824914,
0.098794477735585,0.004),(0.109313874438018,0.0953476532519926,0.),(0.109313874438018,
0.0953476532519926,0.004),(0.109356292122178,0.0940824833371275,0.004),
(0.109356292122178,0.0940824833371275,0.008),(0.109356295999688,0.100059655152589,
0.004),(0.109356295999688,0.100059655152589,0.008),(0.109389334661355,0.0953360350517321,
0.),(0.109389334661355,0.0953360350517321,0.004),(0.109389342837843,0.0988061003191178,
0.),(0.109389342837843,0.0988061003191178,0.004),(0.109465236920838,0.0988144082216026,
0.),(0.109465236920838,0.0988144082216026,0.004),(0.109465238269537,0.0953277282450654,
0.),(0.109465238269537,0.0953277282450654,0.004),(0.10948690217114,0.100068213154473,
0.004),(0.10948690217114,0.100068213154473,0.008),(0.109486903014077,0.0940739243237193,
0.004),(0.109486903014077,0.0940739243237193,0.008),(0.10954142485166,0.0988194011901583,
0.),(0.10954142485166,0.0988194011901583,0.004),(0.109541429656401,0.0953227373838521,
0.),(0.109541429656401,0.0953227373838521,0.004),(0.109617757936229,0.0988210660749681,
0.),(0.109617757936229,0.0988210660749681,0.004),(0.109617758020523,0.094071066261628,
0.004),(0.109617758020523,0.094071066261628,0.008),(0.109617761392271,0.100071069362103,
0.004),(0.109617761392271,0.100071069362103,0.008),(0.109617761476564,0.0953210695487628,
0.),(0.109617761476564,0.0953210695487628,0.004),(0.109694094561133,0.0953227344335727,
0.),(0.109694094561133,0.0953227344335727,0.004),(0.109694095151189,0.0988194036346755,
0.),(0.109694095151189,0.0988194036346755,0.004),(0.109748616398716,0.100068211300012,
0.004),(0.109748616398716,0.100068211300012,0.008),(0.10974862263645,0.0940739278640546,
0.004),(0.10974862263645,0.0940739278640546,0.008),(0.109770277097159,0.0953277220073318,
0.),(0.109770277097159,0.0953277220073318,0.004),(0.109770281143256,0.0988144073786656,
0.),(0.109770281143256,0.0988144073786656,0.004),(0.109846179356642,0.0988060951772023,
0.),(0.109846179356642,0.0988060951772023,0.004),(0.109846181969747,0.0953360406994098,
0.),(0.109846181969747,0.0953360406994098,0.004),(0.109879227290615,0.100059652286603,
0.004),(0.109879227290615,0.100059652286603,0.008),(0.109879228807902,0.0940824858659384,
0.004),(0.109879228807902,0.0940824858659384,0.008),(0.109921639579978,
0.0987944769769418,0.),(0.109921639579978,0.0987944769769418,0.004),(0.109921642193083,
0.0953476524933493,0.),(0.109921642193083,0.0953476524933493,0.004),(0.109996530315097,
0.0987795871697124,0.),(0.109996530315097,0.0987795871697124,0.004),(0.10999653242244,
0.0953625532587592,0.),(0.10999653242244,0.0953625532587592,0.004),(0.110009336803605,
0.0940967318379098,0.004),(0.110009336803605,0.0940967318379098,0.008),
(0.110009337056486,0.100045401172716,0.004),(0.110009337056486,0.100045401172716,
0.008),(0.110070690645332,0.0987614356178769,0.),(0.110070690645332,0.0987614356178769,
0.004),(0.110070693089849,0.0953806975613369,0.),(0.110070693089849,0.0953806975613369,
0.004),(0.110138700570256,0.100025487292557,0.004),(0.110138700570256,0.100025487292557,
0.008),(0.110138706555109,0.0941166468981808,0.004),(0.110138706555109,
0.0941166468981808,0.008),(0.110143994888779,0.0987400724761848,0.),(0.110143994888779,
0.0987400724761848,0.004),(0.11014399514166,0.0954020634004273,0.),(0.11014399514166,
0.0954020634004273,0.004),(0.110216292159722,0.0954266029815043,0.),(0.110216292159722,
0.0954266029815043,0.004),(0.110216298987511,0.0987155339066321,0.),(0.110216298987511,
0.0987155339066321,0.004),(0.110267078522121,0.0999999557432538,0.004),
(0.110267078522121,0.0999999557432538,0.008),(0.1102670828211,0.0941421841794558,
0.004),(0.1102670828211,0.0941421841794558,0.008),(0.110287456818404,0.0986878581364106,
0.),(0.110287456818404,0.0986878581364106,0.004),(0.110287457787782,0.0954542808169214,
0.),(0.110287457787782,0.0954542808169214,0.004),(0.110357342025207,0.0986571067842127,
0.),(0.110357342025207,0.0986571067842127,0.004),(0.110357342825997,0.095485030314658,
0.),(0.110357342825997,0.095485030314658,0.004),(0.110394216597997,0.0999688450470254,
0.004),(0.110394216597997,0.0999688450470254,0.008),(0.110394216766584,
0.0941732904081181,0.004),(0.110394216766584,0.0941732904081181,0.008),
(0.110425818136423,0.0955187971895731,0.),(0.110425818136423,0.0955187971895731,
0.004),(0.110425820960262,0.0986233379705425,0.),(0.110425820960262,0.0986233379705425,
0.004),(0.11049275860614,0.0985866111856767,0.),(0.11049275860614,0.0985866111856767,
0.004),(0.110492759048682,0.0955555226889601,0.),(0.110492759048682,0.0955555226889601,
0.004),(0.110519877932594,0.0999322194356695,0.004),(0.110519877932594,
0.0999322194356695,0.008),(0.110519882315867,0.0942099219200329,0.004),
(0.110519882315867,0.0942099219200329,0.008),(0.110558029302013,0.098546998142478,
0.),(0.110558029302013,0.098546998142478,0.004),(0.110558034317488,0.0955951330558339,
0.),(0.110558034317488,0.0955951330558339,0.004),(0.110621516996533,0.0956375502342311,
0.),(0.110621516996533,0.0956375502342311,0.004),(0.11062152245455,0.0985045878550905,
0.),(0.11062152245455,0.0985045878550905,0.004),(0.110643816135437,0.0942519859921333,
0.004),(0.110643816135437,0.0942519859921333,0.008),(0.110643821614528,
0.0998901471870804,0.004),(0.110643821614528,0.0998901471870804,0.008),
(0.110683089917579,0.0956826971797127,0.),(0.110683089917579,0.0956826971797127,
0.004),(0.110683094069044,0.0984594380014763,0.),(0.110683094069044,0.0984594380014763,
0.004),(0.110742637187328,0.0984116447502071,0.),(0.110742637187328,0.0984116447502071,
0.004),(0.110742640379952,0.0957304923802736,0.),(0.110742640379952,0.0957304923802736,
0.004),(0.110765805973767,0.094299425136118,0.004),(0.110765805973767,0.094299425136118,
0.008),(0.110765808839753,0.0998427052614037,0.004),(0.110765808839753,
0.0998427052614037,0.008),(0.110800043881861,0.0957808337562468,0.),(0.110800043881861,
0.0957808337562468,0.004),(0.11080004427172,0.0983613048493737,0.),(0.11080004427172,
0.0983613048493737,0.004),(0.110855196573473,0.095833630944789,0.),(0.110855196573473,
0.095833630944789,0.004),(0.110855196573473,0.0983085046789419,0.),(0.110855196573473,
0.0983085046789419,0.004),(0.110885613532575,0.0997899902592161,0.004),
(0.110885613532575,0.0997899902592161,0.008),(0.11088561867449,0.0943521488205564,
0.004),(0.11088561867449,0.0943521488205564,0.008),(0.110907993762015,0.0958887836364008,
0.),(0.110907993762015,0.0958887836364008,0.004),(0.110907996743905,0.0982533523771885,
0.),(0.110907996743905,0.0982533523771885,0.004),(0.110958335137989,0.0959461871383104,
0.),(0.110958335137989,0.0959461871383104,0.004),(0.110958336644738,0.0981959452927967,
0.),(0.110958336644738,0.0981959452927967,0.004),(0.111003006793459,0.0997321016049333,
0.004),(0.111003006793459,0.0997321016049333,0.008),(0.111003007257075,
0.0944100371798113,0.004),(0.111003007257075,0.0944100371798113,0.008),
(0.111006124943753,0.0960057322058867,0.),(0.111006124943753,0.0960057322058867,
0.004),(0.111006129896008,0.0981364021745123,0.),(0.111006129896008,0.0981364021745123,
0.004),(0.111051277284031,0.0960673105217287,0.),(0.111051277284031,0.0960673105217287,
0.004),(0.111051279749622,0.0980748305600191,0.),(0.111051279749622,0.0980748305600191,
0.004),(0.111093690037009,0.0980113374074821,0.),(0.111093690037009,0.0980113374074821,
0.004),(0.111093694462428,0.0961307932007739,0.),(0.111093694462428,0.0961307932007739,
0.004),(0.111117757067621,0.0996691413782222,0.004),(0.111117757067621,
0.0996691413782222,0.008),(0.111117758627054,0.0944729904101455,0.004),
(0.111117758627054,0.0944729904101455,0.008),(0.111133303080208,0.0979460667116091,
0.),(0.111133303080208,0.0979460667116091,0.004),(0.111133304829302,0.0961960684695799,
0.),(0.111133304829302,0.0961960684695799,0.004),(0.111170029865074,0.0978791290657307,
0.),(0.111170029865074,0.0978791290657307,0.004),(0.111170030328689,0.0962630093818391,
0.),(0.111170030328689,0.0962630093818391,0.004),(0.111203797203604,0.0963314846922652,
0.),(0.111203797203604,0.0963314846922652,0.004),(0.111203798678744,0.0978106501306757,
0.),(0.111203798678744,0.0978106501306757,0.004),(0.111229655812452,0.0945408910061453,
0.004),(0.111229655812452,0.0945408910061453,0.008),(0.111229657371886,
0.0996012410351035,0.004),(0.111229657371886,0.0996012410351035,0.008),
(0.111234546701341,0.0964013697304802,0.),(0.111234546701341,0.0964013697304802,
0.004),(0.111234550030942,0.0977407649238732,0.),(0.111234550030942,0.0977407649238732,
0.004),(0.111262219141961,0.0964725299637438,0.),(0.111262219141961,0.0964725299637438,
0.004),(0.111262225801163,0.09766960709298,0.),(0.111262225801163,0.09766960709298,
0.004),(0.111286764117835,0.0965448323766021,0.),(0.111286764117835,0.0965448323766021,
0.004),(0.111286764370716,0.0975973029942478,0.),(0.111286764370716,0.0975973029942478,
0.004),(0.111308127512408,0.0975239987508004,0.),(0.111308127512408,0.0975239987508004,
0.004),(0.111308129956925,0.0966181344284133,0.),(0.111308129956925,0.0966181344284133,
0.004),(0.111326279064244,0.0974498384205661,0.),(0.111326279064244,0.0974498384205661,
0.004),(0.1113262796543,0.0966923004906191,0.),(0.1113262796543,0.0966923004906191,
0.004),(0.111338488121173,0.0995285230543189,0.004),(0.111338488121173,
0.0995285230543189,0.008),(0.111338490270663,0.0946136130330273,0.004),
(0.111338490270663,0.0946136130330273,0.008),(0.111341168871473,0.0973749476854471,
0.),(0.111341168871473,0.0973749476854471,0.004),(0.111341169630116,0.0967671799303827,
0.),(0.111341169630116,0.0967671799303827,0.004),(0.111352787071733,0.097299487462111,
0.),(0.111352787071733,0.097299487462111,0.004),(0.111352792213649,0.096842650943312,
0.),(0.111352792213649,0.096842650943312,0.004),(0.111361099273197,0.0972235892487252,
0.),(0.111361099273197,0.0972235892487252,0.004),(0.111361100116134,0.0969185450263066,
0.),(0.111361100116134,0.0969185450263066,0.004),(0.111366093084689,0.0969947329571291,
0.),(0.111366093084689,0.0969947329571291,0.004),(0.111366095529207,0.0971474032566577,
0.),(0.111366095529207,0.0971474032566577,0.004),(0.111367757969499,0.0970710660416978,
0.),(0.111367757969499,0.0970710660416978,0.004),(0.111444044018185,0.0946910076281227,
0.004),(0.111444044018185,0.0946910076281227,0.008),(0.111444044102479,
0.0994511279113146,0.004),(0.111444044102479,0.0994511279113146,0.008),
(0.111546122673754,0.0947729346953069,0.004),(0.111546122673754,0.0947729346953069,
0.008),(0.111546124169967,0.0993692028039588,0.004),(0.111546124169967,
0.0993692028039588,0.008),(0.11164453170859,0.0992829011889271,0.004),(0.11164453170859,
0.0992829011889271,0.008),(0.111644534890678,0.0948592403142892,0.004),
(0.111644534890678,0.0948592403142892,0.008),(0.111739080049956,0.0949497474683058,
0.004),(0.111739080049956,0.0949497474683058,0.008),(0.111739080049956,
0.0991923881554251,0.004),(0.111739080049956,0.0991923881554251,0.008),
(0.11182959259877,0.0950442980223812,0.004),(0.11182959259877,0.0950442980223812,
0.008),(0.111829593083458,0.0990978398140593,0.004),(0.111829593083458,
0.0990978398140593,0.008),(0.111915892822955,0.095142704844508,0.004),(0.111915892822955,
0.095142704844508,0.008),(0.11191589469849,0.0989994322754361,0.004),(0.11191589469849,
0.0989994322754361,0.008),(0.111997819805846,0.0988973522079477,0.004),
(0.111997819805846,0.0988973522079477,0.008),(0.111997819890139,0.095244783500077,
0.004),(0.111997819890139,0.095244783500077,0.008),(0.112075214485235,0.0953503372475994,
0.004),(0.112075214485235,0.0953503372475994,0.008),(0.11207521494885,0.0987917962266422,
0.004),(0.11207521494885,0.0987917962266422,0.008),(0.11214793111732,0.0954591663110134,
0.004),(0.11214793111732,0.0954591663110134,0.008),(0.112147932929635,0.0986829654773544,
0.004),(0.112147932929635,0.0986829654773544,0.008),(0.11221583171332,0.0955710634964115,
0.004),(0.11221583171332,0.0955710634964115,0.008),(0.112215833272753,0.0985710651730895,
0.004),(0.112215833272753,0.0985710651730895,0.008),(0.112278790338451,
0.0956858202611874,0.004),(0.112278790338451,0.0956858202611874,0.008),
(0.112278793499464,0.0984563148989283,0.004),(0.112278793499464,0.0984563148989283,
0.008),(0.112336682153747,0.0983389216380438,0.004),(0.112336682153747,
0.0983389216380438,0.008),(0.112336684092502,0.0958032142385683,0.004),
(0.112336684092502,0.0958032142385683,0.008),(0.112389396987348,0.0959230161496983,
0.004),(0.112389396987348,0.0959230161496983,0.008),(0.112389397155935,
0.0982191169452217,0.004),(0.112389397155935,0.0982191169452217,0.008),
(0.112436839081612,0.0980971297199964,0.004),(0.112436839081612,0.0980971297199964,
0.008),(0.112436841526129,0.0960450113828249,0.004),(0.112436841526129,
0.0960450113828249,0.008),(0.112478910993026,0.0961689505971921,0.004),
(0.112478910993026,0.0961689505971921,0.008),(0.112478911330201,0.0979731860380632,
0.004),(0.112478911330201,0.0979731860380632,0.008),(0.112515536941557,
0.0978475247034658,0.004),(0.112515536941557,0.0978475247034658,0.008),
(0.112515537110144,0.0962946107516778,0.004),(0.112515537110144,0.0962946107516778,
0.008),(0.112546643338806,0.0964217446971622,0.004),(0.112546643338806,
0.0964217446971622,0.008),(0.112546647637785,0.0977203866275903,0.004),
(0.112546647637785,0.0977203866275903,0.008),(0.112572179187088,0.0975920086757252,
0.004),(0.112572179187088,0.0975920086757252,0.008),(0.112572180620081,
0.0965501209631533,0.004),(0.112572180620081,0.0965501209631533,0.008),
(0.112592093067248,0.0974626451619546,0.004),(0.112592093067248,0.0974626451619546,
0.008),(0.112592095680352,0.0966794907146574,0.004),(0.112592095680352,
0.0966794907146574,0.008),(0.112606344181135,0.0973325353960843,0.004),
(0.112606344181135,0.0973325353960843,0.008),(0.11260634704712,0.0968096041051568,
0.004),(0.11260634704712,0.0968096041051568,0.008),(0.112614903194543,0.0972019245041851,
0.004),(0.112614903194543,0.0972019245041851,0.008),(0.112614905049004,
0.0969402102766089,0.004),(0.112614905049004,0.0969402102766089,0.008),
(0.112617761256634,0.0970710694977394,0.004),(0.112617761256634,0.0970710694977394,
0.008),(0.114213953784109,0.110152543263817,0.),(0.114213953784109,0.110152543263817,
0.008),(0.121196633248326,0.103169863799599,0.),(0.121638574986568,0.102727922061358,
0.008),(0.122699235158348,0.101667261889578,0.),(0.122699235158348,0.101667261889578,
0.008),(0.124295427685823,0.114748735655655,0.004),(0.124295427685823,0.114748735655655,
0.008),(0.124298278498656,0.114879589481989,0.004),(0.124298278498656,0.114879589481989,
0.008),(0.124298280353118,0.114617875254413,0.004),(0.124298280353118,0.114617875254413,
0.008),(0.12430683650054,0.115010195653441,0.004),(0.12430683650054,0.115010195653441,
0.008),(0.124306850156119,0.114487275152107,0.004),(0.124306850156119,0.114487275152107,
0.008),(0.124321098656901,0.115140319833534,0.004),(0.124321098656901,0.115140319833534,
0.008),(0.124321101270006,0.114357165386237,0.004),(0.124321101270006,0.114357165386237,
0.008),(0.124341002927579,0.115269678795445,0.004),(0.124341002927579,0.115269678795445,
0.008),(0.124341015150165,0.114227801872466,0.004),(0.124341015150165,0.114227801872466,
0.008),(0.124366545603651,0.115398060456233,0.004),(0.124366545603651,0.115398060456233,
0.008),(0.124366546699469,0.114099423920601,0.004),(0.124366546699469,0.114099423920601,
0.008),(0.124397651832313,0.115525194401717,0.004),(0.124397651832313,0.115525194401717,
0.008),(0.124397657395697,0.113972285844725,0.004),(0.124397657395697,0.113972285844725,
0.008),(0.124434272554635,0.115650849161406,0.004),(0.124434272554635,0.115650849161406,
0.008),(0.124434283007053,0.113846624510128,0.004),(0.124434283007053,0.113846624510128,
0.008),(0.124476352811125,0.115774799165366,0.004),(0.124476352811125,0.115774799165366,
0.008),(0.124476355255642,0.113722680828195,0.004),(0.124476355255642,0.113722680828195,
0.008),(0.124523786560313,0.1158967836089,0.004),(0.124523786560313,0.1158967836089,
0.008),(0.124523791786522,0.113600688208173,0.004),(0.124523791786522,0.113600688208173,
0.008),(0.124576504849955,0.116016590914826,0.004),(0.124576504849955,0.116016590914826,
0.008),(0.12457650678871,0.113480883515351,0.004),(0.12457650678871,0.113480883515351,
0.008),(0.124634398604006,0.116133984892207,0.004),(0.124634398604006,0.116133984892207,
0.008),(0.124634400837789,0.113363495649263,0.004),(0.124634400837789,0.113363495649263,
0.008),(0.124697350274907,0.113248734585509,0.004),(0.124697350274907,0.113248734585509,
0.008),(0.12469735183434,0.116248736262187,0.004),(0.12469735183434,0.116248736262187,
0.008),(0.124765250618026,0.113136834281244,0.004),(0.124765250618026,0.113136834281244,
0.008),(0.124765263219933,0.116360644237178,0.004),(0.124765263219933,0.116360644237178,
0.008),(0.124837973993607,0.113028008926752,0.004),(0.124837973993607,0.113028008926752,
0.008),(0.124837979852019,0.116469473300592,0.004),(0.124837979852019,0.116469473300592,
0.008),(0.124915363657521,0.116575016258521,0.004),(0.124915363657521,0.116575016258521,
0.008),(0.124915369136611,0.112922452945447,0.004),(0.124915369136611,0.112922452945447,
0.008),(0.124997294243967,0.112820372877959,0.004),(0.124997294243967,0.112820372877959,
0.008),(0.124997301514298,0.116677105703683,0.004),(0.124997301514298,0.116677105703683,
0.008),(0.125083595858999,0.112721965339335,0.004),(0.125083595858999,0.112721965339335,
0.008),(0.125083596343687,0.116775507131013,0.004),(0.125083596343687,0.116775507131013,
0.008),(0.125174108892501,0.11262741699797,0.004),(0.125174108892501,0.11262741699797,
0.008),(0.125174108892501,0.116870057685089,0.004),(0.125174108892501,0.116870057685089,
0.008),(0.125268657233867,0.112536903964468,0.004),(0.125268657233867,0.112536903964468,
0.008),(0.125268659446576,0.116960570233902,0.004),(0.125268659446576,0.116960570233902,
0.008),(0.125367060873906,0.117046865063291,0.004),(0.125367060873906,0.117046865063291,
0.008),(0.12536706477249,0.112450602349436,0.004),(0.12536706477249,0.112450602349436,
0.008),(0.125469139529475,0.117128792130475,0.004),(0.125469139529475,0.117128792130475,
0.008),(0.125469144839978,0.11236867724208,0.004),(0.125469144839978,0.11236867724208,
0.008),(0.125545436367754,0.114748744506493,0.),(0.125545436367754,0.114748744506493,
0.004),(0.12554709341325,0.114672401896737,0.),(0.12554709341325,0.114672401896737,
0.004),(0.125547095857768,0.114825072196266,0.),(0.125547095857768,0.114825072196266,
0.004),(0.125552088826323,0.114901260127088,0.),(0.125552088826323,0.114901260127088,
0.004),(0.12555208966926,0.114596215904669,0.),(0.12555208966926,0.114596215904669,
0.004),(0.125560396728808,0.114977154210083,0.),(0.125560396728808,0.114977154210083,
0.004),(0.125560401870724,0.114520317691284,0.),(0.125560401870724,0.114520317691284,
0.004),(0.125572014676187,0.114444852073151,0.),(0.125572014676187,0.114444852073151,
0.004),(0.125572019312341,0.115052625223012,0.),(0.125572019312341,0.115052625223012,
0.004),(0.125574700821284,0.112291282099076,0.004),(0.125574700821284,0.112291282099076,
0.008),(0.125574704066591,0.117206197515164,0.004),(0.125574704066591,0.117206197515164,
0.008),(0.125586909288158,0.115127504662776,0.),(0.125586909288158,0.115127504662776,
0.004),(0.125586909878213,0.114369966732829,0.),(0.125586909878213,0.114369966732829,
0.004),(0.125605056035252,0.114295801007798,0.),(0.125605056035252,0.114295801007798,
0.004),(0.125605058985532,0.115201670724981,0.),(0.125605058985532,0.115201670724981,
0.004),(0.125626424824622,0.115274972776793,0.),(0.125626424824622,0.115274972776793,
0.004),(0.125626429966538,0.114222507553944,0.),(0.125626429966538,0.114222507553944,
0.004),(0.125650963141294,0.114150198060415,0.),(0.125650963141294,0.114150198060415,
0.004),(0.125650969800496,0.115347275189651,0.),(0.125650969800496,0.115347275189651,
0.004),(0.125678638911515,0.114079040229521,0.),(0.125678638911515,0.114079040229521,
0.004),(0.125678642241116,0.115418435422914,0.),(0.125678642241116,0.115418435422914,
0.004),(0.125683526175775,0.112218558723495,0.004),(0.125683526175775,0.112218558723495,
0.008),(0.125683533130005,0.117278914147249,0.004),(0.125683533130005,0.117278914147249,
0.008),(0.12570939565851,0.114009160417516,0.),(0.12570939565851,0.114009160417516,
0.004),(0.125709397133649,0.115488325855926,0.),(0.125709397133649,0.115488325855926,
0.004),(0.125743159077383,0.113940676087664,0.),(0.125743159077383,0.113940676087664,
0.004),(0.125743164008565,0.115556801166352,0.),(0.125743164008565,0.115556801166352,
0.004),(0.125779885862249,0.113873738441786,0.),(0.125779885862249,0.113873738441786,
0.004),(0.125779889507952,0.115623742078611,0.),(0.125779889507952,0.115623742078611,
0.004),(0.12579542648004,0.112150658380376,0.004),(0.12579542648004,0.112150658380376,
0.008),(0.125795430315403,0.117346814743249,0.004),(0.125795430315403,0.117346814743249,
0.008),(0.125819494480029,0.115689011952621,0.),(0.125819494480029,0.115689011952621,
0.004),(0.125819498905448,0.113808467745913,0.),(0.125819498905448,0.113808467745913,
0.004),(0.125861906263629,0.115752489236869,0.),(0.125861906263629,0.115752489236869,
0.004),(0.125861909192835,0.113744974593376,0.),(0.125861909192835,0.113744974593376,
0.004),(0.12590705904645,0.113683402978882,0.),(0.12590705904645,0.113683402978882,
0.004),(0.125907069393501,0.115814078342305,0.),(0.125907069393501,0.115814078342305,
0.004),(0.125910181685382,0.117409767973583,0.004),(0.125910181685382,0.117409767973583,
0.008),(0.125910187543794,0.112087708943258,0.004),(0.125910187543794,0.112087708943258,
0.008),(0.125954846902922,0.113623854465801,0.),(0.125954846902922,0.113623854465801,
0.004),(0.125954848409672,0.115873612620288,0.),(0.125954848409672,0.115873612620288,
0.004),(0.126005189785645,0.115931016122197,0.),(0.126005189785645,0.115931016122197,
0.004),(0.126005192198552,0.113566452776206,0.),(0.126005192198552,0.113566452776206,
0.004),(0.126027575409882,0.112029814894179,0.004),(0.126027575409882,0.112029814894179,
0.008),(0.126027575662763,0.117467661727635,0.004),(0.126027575662763,0.117467661727635,
0.008),(0.126057992368984,0.113511300474453,0.),(0.126057992368984,0.113511300474453,
0.004),(0.126057992368984,0.115986174208606,0.),(0.126057992368984,0.115986174208606,
0.004),(0.126113139665799,0.116038966002351,0.),(0.126113139665799,0.116038966002351,
0.004),(0.126113144670737,0.113458500304021,0.),(0.126113144670737,0.113458500304021,
0.004),(0.126147380102704,0.111977099891991,0.004),(0.126147380102704,0.111977099891991,
0.008),(0.12614738296869,0.117520380017277,0.004),(0.12614738296869,0.117520380017277,
0.008),(0.126170543167709,0.116089307378324,0.),(0.126170543167709,0.116089307378324,
0.004),(0.126170546360333,0.113408155008391,0.),(0.126170546360333,0.113408155008391,
0.004),(0.126230094873414,0.113360367151918,0.),(0.126230094873414,0.113360367151918,
0.004),(0.126230099024878,0.116137107973682,0.),(0.126230099024878,0.116137107973682,
0.004),(0.126269367412223,0.117567813766465,0.004),(0.126269367412223,0.117567813766465,
0.008),(0.126269372722726,0.111929663361111,0.004),(0.126269372722726,0.111929663361111,
0.008),(0.126291666487907,0.113315217298304,0.),(0.126291666487907,0.113315217298304,
0.004),(0.126291666551127,0.116182249524367,0.),(0.126291666551127,0.116182249524367,
0.004),(0.126355154624969,0.116224672097561,0.),(0.126355154624969,0.116224672097561,
0.004),(0.126355159640444,0.113272807010917,0.),(0.126355159640444,0.113272807010917,
0.004),(0.126393316404659,0.111887591112522,0.004),(0.126393316404659,0.111887591112522,
0.008),(0.126393317416184,0.117609894022955,0.004),(0.126393317416184,0.117609894022955,
0.008),(0.126420424498978,0.116264277069638,0.),(0.126420424498978,0.116264277069638,
0.004),(0.126420430336317,0.113233193967718,0.),(0.126420430336317,0.113233193967718,
0.004),(0.126487367982195,0.113196467182852,0.),(0.126487367982195,0.113196467182852,
0.004),(0.126487376200831,0.116301013358618,0.),(0.126487376200831,0.116301013358618,
0.004),(0.126518972175873,0.117646514745277,0.004),(0.126518972175873,0.117646514745277,
0.008),(0.126518977739257,0.111850965501166,0.004),(0.126518977739257,0.111850965501166,
0.008),(0.126555851511257,0.116334780233533,0.),(0.126555851511257,0.116334780233533,
0.004),(0.126555852312047,0.113162703763979,0.),(0.126555852312047,0.113162703763979,
0.004),(0.126625731154675,0.116365524336473,0.),(0.126625731154675,0.116365524336473,
0.004),(0.126625732124053,0.113131947016984,0.),(0.126625732124053,0.113131947016984,
0.004),(0.126646106121357,0.117677620973939,0.004),(0.126646106121357,0.117677620973939,
0.008),(0.126646115815132,0.111819854804938,0.004),(0.126646115815132,0.111819854804938,
0.008),(0.126696889954946,0.113104271246763,0.),(0.126696889954946,0.113104271246763,
0.004),(0.126696891387939,0.116393196777094,0.),(0.126696891387939,0.116393196777094,
0.004),(0.126769193800797,0.116417741752967,0.),(0.126769193800797,0.116417741752967,
0.004),(0.126769199448475,0.113079738072007,0.),(0.126769199448475,0.113079738072007,
0.004),(0.126774487782145,0.11770316365001,0.004),(0.126774487782145,0.11770316365001,
0.008),(0.126774493766997,0.111794323255634,0.004),(0.126774493766997,0.111794323255634,
0.008),(0.126842492902329,0.113058364140721,0.),(0.126842492902329,0.113058364140721,
0.004),(0.126842495852608,0.116439107592058,0.),(0.126842495852608,0.116439107592058,
0.004),(0.126903857280768,0.111774409375475,0.004),(0.126903857280768,0.111774409375475,
0.008),(0.126903857533649,0.117723078710281,0.004),(0.126903857533649,0.117723078710281,
0.008),(0.126916651125221,0.116457246499839,0.),(0.126916651125221,0.116457246499839,
0.004),(0.12691665862736,0.113040217983682,0.),(0.12691665862736,0.113040217983682,
0.004),(0.126991543967682,0.113025322781656,0.),(0.126991543967682,0.113025322781656,
0.004),(0.126991552144171,0.116472158054842,0.),(0.126991552144171,0.116472158054842,
0.004),(0.127033960134555,0.117737319287456,0.004),(0.127033960134555,0.117737319287456,
0.008),(0.127033967046638,0.111760158261588,0.004),(0.127033967046638,0.111760158261588,
0.008),(0.127067009585815,0.113013709976192,0.),(0.127067009585815,0.113013709976192,
0.004),(0.127067012367507,0.116483769848782,0.),(0.127067012367507,0.116483769848782,
0.004),(0.127142906450502,0.116492077751266,0.),(0.127142906450502,0.116492077751266,
0.004),(0.127142907799201,0.113005397774729,0.),(0.127142907799201,0.113005397774729,
0.004),(0.127164567148944,0.111751588458586,0.004),(0.127164567148944,0.111751588458586,
0.008),(0.1271645770956,0.117745888078933,0.004),(0.1271645770956,0.117745888078933,
0.008),(0.127219093791268,0.113000401518719,0.),(0.127219093791268,0.113000401518719,
0.004),(0.127219094381324,0.116497070719822,0.),(0.127219094381324,0.116497070719822,
0.004),(0.127295427550186,0.111748735791292,0.004),(0.127295427550186,0.111748735791292,
0.008),(0.127295430921934,0.117748738891767,0.004),(0.127295430921934,0.117748738891767,
0.008),(0.127295432860689,0.116498740999428,0.),(0.127295432860689,0.116498740999428,
0.004),(0.127295436401025,0.112998744473223,0.),(0.127295436401025,0.112998744473223,
0.004),(0.127371764090797,0.113000403963236,0.),(0.127371764090797,0.113000403963236,
0.004),(0.127371764680853,0.116497073164339,0.),(0.127371764680853,0.116497073164339,
0.004),(0.127426280533583,0.117745875434879,0.004),(0.127426280533583,0.117745875434879,
0.008),(0.12742628137652,0.111751586604125,0.004),(0.12742628137652,0.111751586604125,
0.008),(0.12744795067292,0.116492076908329,0.),(0.12744795067292,0.116492076908329,
0.004),(0.127447952021619,0.113005396931792,0.),(0.127447952021619,0.113005396931792,
0.004),(0.127523846104614,0.113013704834277,0.),(0.127523846104614,0.113013704834277,
0.004),(0.127523848886306,0.116483764706866,0.),(0.127523848886306,0.116483764706866,
0.004),(0.127556887547973,0.111760144606009,0.004),(0.127556887547973,0.111760144606009,
0.008),(0.127556902215076,0.117737327211064,0.004),(0.127556902215076,0.117737327211064,
0.008),(0.127599314504439,0.116472151901402,0.),(0.127599314504439,0.116472151901402,
0.004),(0.127599317117543,0.11302532741781,0.),(0.127599317117543,0.11302532741781,
0.004),(0.127674196557307,0.113040217393626,0.),(0.127674196557307,0.113040217393626,
0.004),(0.127674199844761,0.116457256699376,0.),(0.127674199844761,0.116457256699376,
0.004),(0.127687011728065,0.11177440676237,0.004),(0.127687011728065,0.11177440676237,
0.008),(0.127687011980946,0.117723076097177,0.004),(0.127687011980946,0.117723076097177,
0.008),(0.127748362619513,0.113058367091001,0.),(0.127748362619513,0.113058367091001,
0.004),(0.127748365569792,0.116439110542337,0.),(0.127748365569792,0.116439110542337,
0.004),(0.127816370689976,0.111794311033048,0.004),(0.127816370689976,0.111794311033048,
0.008),(0.127816375494717,0.117703162217018,0.004),(0.127816375494717,0.117703162217018,
0.008),(0.127821664671324,0.113079732930091,0.),(0.127821664671324,0.113079732930091,
0.004),(0.127821669813239,0.116417747400645,0.),(0.127821669813239,0.116417747400645,
0.004),(0.127893967084182,0.113104277905965,0.),(0.127893967084182,0.113104277905965,
0.004),(0.127893968517175,0.116393203436296,0.),(0.127893968517175,0.116393203436296,
0.004),(0.127944752350764,0.111819853709119,0.004),(0.127944752350764,0.111819853709119,
0.008),(0.127944753446582,0.117677630667714,0.004),(0.127944753446582,0.117677630667714,
0.008),(0.127965126348068,0.116365527666074,0.),(0.127965126348068,0.116365527666074,
0.004),(0.127965127317446,0.113131950346585,0.),(0.127965127317446,0.113131950346585,
0.004),(0.128035016949667,0.116334781708673,0.),(0.128035016949667,0.116334781708673,
0.004),(0.128035017750457,0.113162705239118,0.),(0.128035017750457,0.113162705239118,
0.004),(0.128071886296248,0.111850959937782,0.004),(0.128071886296248,0.111850959937782,
0.008),(0.128071891522457,0.117646519971486,0.004),(0.128071891522457,0.117646519971486,
0.008),(0.128103490489926,0.116301007500206,0.),(0.128103490489926,0.116301007500206,
0.004),(0.128103493060883,0.113196472114033,0.),(0.128103493060883,0.113196472114033,
0.004),(0.128170428135804,0.11626428071534,0.),(0.128170428135804,0.11626428071534,
0.004),(0.128170433973143,0.11323319761342,0.),(0.128170433973143,0.11323319761342,
0.004),(0.128197541055937,0.111887580660103,0.004),(0.128197541055937,0.111887580660103,
0.008),(0.128197552857055,0.11760989436013,0.004),(0.128197552857055,0.11760989436013,
0.008),(0.128235698831677,0.116224667672142,0.),(0.128235698831677,0.116224667672142,
0.004),(0.128235703847152,0.113272802585498,0.),(0.128235703847152,0.113272802585498,
0.004),(0.128299181131401,0.113315214369098,0.),(0.128299181131401,0.113315214369098,
0.004),(0.128299191984214,0.116182257384754,0.),(0.128299191984214,0.116182257384754,
0.004),(0.128321485749395,0.117567811321948,0.004),(0.128321485749395,0.117567811321948,
0.008),(0.128321491059898,0.111929660916594,0.004),(0.128321491059898,0.111929660916594,
0.008),(0.128360752809114,0.116137096741547,0.),(0.128360752809114,0.116137096741547,
0.004),(0.128360770236836,0.11336037749897,0.),(0.128360770236836,0.11336037749897,
0.004),(0.128420301322195,0.116089308885074,0.),(0.128420301322195,0.116089308885074,
0.004),(0.128420304514819,0.113408156515141,0.),(0.128420304514819,0.113408156515141,
0.004),(0.128443475503431,0.111977094665782,0.004),(0.128443475503431,0.111977094665782,
0.008),(0.128443478369417,0.117520374791067,0.004),(0.128443478369417,0.117520374791067,
0.008),(0.12847770301179,0.116038963589444,0.),(0.12847770301179,0.116038963589444,
0.004),(0.128477708016728,0.113458497891114,0.),(0.128477708016728,0.113458497891114,
0.004),(0.128532866103137,0.113511300474453,0.),(0.128532866103137,0.113511300474453,
0.004),(0.128532866103137,0.115986174208606,0.),(0.128532866103137,0.115986174208606,
0.004),(0.128563282809358,0.112029812955423,0.004),(0.128563282809358,0.112029812955423,
0.008),(0.128563283062239,0.11746765978888,0.004),(0.128563283062239,0.11746765978888,
0.008),(0.128585655483975,0.115931011117259,0.),(0.128585655483975,0.115931011117259,
0.004),(0.128585657896882,0.113566447771268,0.),(0.128585657896882,0.113566447771268,
0.004),(0.128635999272856,0.113623851273178,0.),(0.128635999272856,0.113623851273178,
0.004),(0.128636000779605,0.115873609427664,0.),(0.128636000779605,0.115873609427664,
0.004),(0.128680670928327,0.1174097657398,0.004),(0.128680670928327,0.1174097657398,
0.008),(0.128680676786739,0.112087706709475,0.004),(0.128680676786739,0.112087706709475,
0.008),(0.128683788636078,0.115814060914583,0.),(0.128683788636078,0.115814060914583,
0.004),(0.128683799868213,0.113683407130347,0.),(0.128683799868213,0.113683407130347,
0.004),(0.128728941418898,0.113744974656596,0.),(0.128728941418898,0.113744974656596,
0.004),(0.128728949279285,0.115752500089683,0.),(0.128728949279285,0.115752500089683,
0.004),(0.128771359566673,0.115689006937146,0.),(0.128771359566673,0.115689006937146,
0.004),(0.128771363992092,0.113808462730438,0.),(0.128771363992092,0.113808462730438,
0.004),(0.128795428156718,0.112150659939809,0.004),(0.128795428156718,0.112150659939809,
0.008),(0.128795431992081,0.117346816302683,0.004),(0.128795431992081,0.117346816302683,
0.008),(0.128810968964169,0.113873732604447,0.),(0.128810968964169,0.113873732604447,
0.004),(0.128810972609872,0.115623736241273,0.),(0.128810972609872,0.115623736241273,
0.004),(0.128847699394737,0.115556798595394,0.),(0.128847699394737,0.115556798595394,
0.004),(0.128847705253149,0.113940684306299,0.),(0.128847705253149,0.113940684306299,
0.004),(0.128881472128065,0.114009159616725,0.),(0.128881472128065,0.114009159616725,
0.004),(0.128881473603204,0.115488325055136,0.),(0.128881473603204,0.115488325055136,
0.004),(0.128907332296346,0.117278915959564,0.004),(0.128907332296346,0.117278915959564,
0.008),(0.128907336131709,0.112218571325402,0.004),(0.128907336131709,0.112218571325402,
0.008),(0.128912216231004,0.114079039260144,0.),(0.128912216231004,0.114079039260144,
0.004),(0.128912219560606,0.115418434453537,0.),(0.128912219560606,0.115418434453537,
0.004),(0.128939888671625,0.114150199493408,0.),(0.128939888671625,0.114150199493408,
0.004),(0.128939895330827,0.115347276622644,0.),(0.128939895330827,0.115347276622644,
0.004),(0.128964433647499,0.114222501906266,0.),(0.128964433647499,0.114222501906266,
0.004),(0.128964439295176,0.115274977918708,0.),(0.128964439295176,0.115274977918708,
0.004),(0.128985799486589,0.114295803958077,0.),(0.128985799486589,0.114295803958077,
0.004),(0.128985802436868,0.115201673675261,0.),(0.128985802436868,0.115201673675261,
0.004),(0.12900393839437,0.11436995923069,0.),(0.12900393839437,0.11436995923069,
0.004),(0.129003948593907,0.11512750795023,0.),(0.129003948593907,0.11512750795023,
0.004),(0.129016157650837,0.117206192583983,0.004),(0.129016157650837,0.117206192583983,
0.008),(0.129016165195123,0.112291287957488,0.004),(0.129016165195123,0.112291287957488,
0.008),(0.129018843795933,0.115052622609907,0.),(0.129018843795933,0.115052622609907,
0.004),(0.129018849949373,0.11444486024964,0.),(0.129018849949373,0.11444486024964,
0.004),(0.129030456601397,0.114977156991775,0.),(0.129030456601397,0.114977156991775,
0.004),(0.129030461743313,0.114520320472976,0.),(0.129030461743313,0.114520320472976,
0.004),(0.129038768802861,0.114901258778389,0.),(0.129038768802861,0.114901258778389,
0.004),(0.129038769645797,0.11459621455597,0.),(0.129038769645797,0.11459621455597,
0.004),(0.129043762614353,0.114672402486793,0.),(0.129043762614353,0.114672402486793,
0.004),(0.12904376505887,0.114825072786321,0.),(0.12904376505887,0.114825072786321,
0.004),(0.12904543289396,0.114748740966158,0.),(0.12904543289396,0.114748740966158,
0.004),(0.129121708153052,0.11236867176299,0.004),(0.129121708153052,0.11236867176299,
0.008),(0.129121713632143,0.117128797440978,0.004),(0.129121713632143,0.117128797440978,
0.008),(0.129223793699631,0.117046872333623,0.004),(0.129223793699631,0.117046872333623,
0.008),(0.129223797598214,0.112450609619767,0.004),(0.129223797598214,0.112450609619767,
0.008),(0.129322199025545,0.112536904449156,0.004),(0.129322199025545,0.112536904449156,
0.008),(0.129322201238254,0.116960570718591,0.004),(0.129322201238254,0.116960570718591,
0.008),(0.12941674957962,0.11262741699797,0.004),(0.12941674957962,0.11262741699797,
0.008),(0.12941674957962,0.116870057685089,0.004),(0.12941674957962,0.116870057685089,
0.008),(0.129507262128433,0.112721967552045,0.004),(0.129507262128433,0.112721967552045,
0.008),(0.129507262613122,0.116775509343723,0.004),(0.129507262613122,0.116775509343723,
0.008),(0.129593556957822,0.112820368979375,0.004),(0.129593556957822,0.112820368979375,
0.008),(0.129593564228154,0.1166771018051,0.004),(0.129593564228154,0.1166771018051,
0.008),(0.129675484025007,0.112922447634944,0.004),(0.129675484025007,0.112922447634944,
0.008),(0.12967548933551,0.116575021737611,0.004),(0.12967548933551,0.116575021737611,
0.008),(0.129752884478514,0.116469465756306,0.004),(0.129752884478514,0.116469465756306,
0.008),(0.129752889409695,0.11302801217206,0.004),(0.129752889409695,0.11302801217206,
0.008),(0.129825606041781,0.113136841235474,0.004),(0.129825606041781,0.113136841235474,
0.008),(0.129825607854095,0.116360640401815,0.004),(0.129825607854095,0.116360640401815,
0.008),(0.12989350663778,0.113248738420872,0.004),(0.12989350663778,0.113248738420872,
0.008),(0.129893508197214,0.11624874009755,0.004),(0.129893508197214,0.11624874009755,
0.008),(0.129956457634332,0.116133979033795,0.004),(0.129956457634332,0.116133979033795,
0.008),(0.129956459868115,0.113363489790851,0.004),(0.129956459868115,0.113363489790851,
0.008),(0.130014351683411,0.116016591167707,0.004),(0.130014351683411,0.116016591167707,
0.008),(0.130014353622166,0.113480883768232,0.004),(0.130014353622166,0.113480883768232,
0.008),(0.130067066685599,0.115896786474885,0.004),(0.130067066685599,0.115896786474885,
0.008),(0.130067071911808,0.113600691074159,0.004),(0.130067071911808,0.113600691074159,
0.008),(0.130114503216479,0.115774793854864,0.004),(0.130114503216479,0.115774793854864,
0.008),(0.130114505660996,0.113722675517692,0.004),(0.130114505660996,0.113722675517692,
0.008),(0.130156585917486,0.113846625521652,0.004),(0.130156585917486,0.113846625521652,
0.008),(0.130156586254661,0.115650860962524,0.004),(0.130156586254661,0.115650860962524,
0.008),(0.130193206639808,0.113972280281341,0.004),(0.130193206639808,0.113972280281341,
0.008),(0.130193211866017,0.115525199627926,0.004),(0.130193211866017,0.115525199627926,
0.008),(0.13022431286847,0.114099414226826,0.004),(0.13022431286847,0.114099414226826,
0.008),(0.130224322562245,0.115398061552051,0.004),(0.130224322562245,0.115398061552051,
0.008),(0.130249854111549,0.115269683600186,0.004),(0.130249854111549,0.115269683600186,
0.008),(0.130249855544542,0.114227795887614,0.004),(0.130249855544542,0.114227795887614,
0.008),(0.130269767991708,0.115140320086415,0.004),(0.130269767991708,0.115140320086415,
0.008),(0.130269770604813,0.114357165639118,0.004),(0.130269770604813,0.114357165639118,
0.008),(0.130284011181987,0.114487268240024,0.004),(0.130284011181987,0.114487268240024,
0.008),(0.130284019105595,0.115010210320545,0.004),(0.130284019105595,0.115010210320545,
0.008),(0.13029256732941,0.114879588639052,0.004),(0.13029256732941,0.114879588639052,
0.008),(0.130292579973465,0.114617885201069,0.004),(0.130292579973465,0.114617885201069,
0.008),(0.130295430786298,0.114748739027403,0.004),(0.130295430786298,0.114748739027403,
0.008),(0.131891623313773,0.12783021279348,0.),(0.131891623313773,0.12783021279348,
0.008),(0.13887430277799,0.120847533329263,0.),(0.139316244516232,0.120405591591022,
0.008),(0.140376904688012,0.119344931419242,0.),(0.140376904688012,0.119344931419242,
0.008),(0.141973097215487,0.132426405185319,0.004),(0.141973097215487,0.132426405185319,
0.008),(0.141975958817913,0.132557269801246,0.004),(0.141975958817913,0.132557269801246,
0.008),(0.141975960672375,0.13229555557367,0.004),(0.141975960672375,0.13229555557367,
0.008),(0.141984508896189,0.132164933892177,0.004),(0.141984508896189,0.132164933892177,
0.008),(0.141984516819797,0.132687875972698,0.004),(0.141984516819797,0.132687875972698,
0.008),(0.141998757396972,0.132817978573604,0.004),(0.141998757396972,0.132817978573604,
0.008),(0.141998760010076,0.132034824126307,0.004),(0.141998760010076,0.132034824126307,
0.008),(0.142018672457243,0.132947348325109,0.004),(0.142018672457243,0.132947348325109,
0.008),(0.142018673890236,0.131905460612537,0.004),(0.142018673890236,0.131905460612537,
0.008),(0.142044205439539,0.131777082660672,0.004),(0.142044205439539,0.131777082660672,
0.008),(0.142044215133314,0.133075729985896,0.004),(0.142044215133314,0.133075729985896,
0.008),(0.142075316135768,0.131649944584796,0.004),(0.142075316135768,0.131649944584796,
0.008),(0.142075321361977,0.133202863931381,0.004),(0.142075321361977,0.133202863931381,
0.008),(0.142111941747123,0.131524283250199,0.004),(0.142111941747123,0.131524283250199,
0.008),(0.142111952873892,0.133328529480663,0.004),(0.142111952873892,0.133328529480663,
0.008),(0.142154013995713,0.131400339568265,0.004),(0.142154013995713,0.131400339568265,
0.008),(0.142154022340789,0.13345246869503,0.004),(0.142154022340789,0.13345246869503,
0.008),(0.142201456089977,0.133574453138563,0.004),(0.142201456089977,0.133574453138563,
0.008),(0.142201461316186,0.131278357737837,0.004),(0.142201461316186,0.131278357737837,
0.008),(0.142254174379618,0.13369426044449,0.004),(0.142254174379618,0.13369426044449,
0.008),(0.142254176318373,0.131158553045015,0.004),(0.142254176318373,0.131158553045015,
0.008),(0.14231206813367,0.133811654421871,0.004),(0.14231206813367,0.133811654421871,
0.008),(0.142312070367453,0.131041165178927,0.004),(0.142312070367453,0.131041165178927,
0.008),(0.142375021364004,0.13392640579185,0.004),(0.142375021364004,0.13392640579185,
0.008),(0.142375030594164,0.130926414904766,0.004),(0.142375030594164,0.130926414904766,
0.008),(0.142442920147689,0.130814503810907,0.004),(0.142442920147689,0.130814503810907,
0.008),(0.142442921960004,0.134038302977248,0.004),(0.142442921960004,0.134038302977248,
0.008),(0.142515638592089,0.134147132040662,0.004),(0.142515638592089,0.134147132040662,
0.008),(0.142515643523271,0.130705678456416,0.004),(0.142515643523271,0.130705678456416,
0.008),(0.142593038666275,0.130600122475111,0.004),(0.142593038666275,0.130600122475111,
0.008),(0.142593043976778,0.134252696577778,0.004),(0.142593043976778,0.134252696577778,
0.008),(0.142674960254369,0.134354764443754,0.004),(0.142674960254369,0.134354764443754,
0.008),(0.142674963773631,0.130498042407622,0.004),(0.142674963773631,0.130498042407622,
0.008),(0.142761265388662,0.130399634868999,0.004),(0.142761265388662,0.130399634868999,
0.008),(0.142761265873351,0.134453176660677,0.004),(0.142761265873351,0.134453176660677,
0.008),(0.142851778422164,0.130305086527633,0.004),(0.142851778422164,0.130305086527633,
0.008),(0.142851778422164,0.134547727214753,0.004),(0.142851778422164,0.134547727214753,
0.008),(0.14294632676353,0.130214573494131,0.004),(0.14294632676353,0.130214573494131,
0.008),(0.14294632897624,0.134638239763566,0.004),(0.14294632897624,0.134638239763566,
0.008),(0.143044734302154,0.1301282718791,0.004),(0.143044734302154,0.1301282718791,
0.008),(0.143044741193163,0.134724545382548,0.004),(0.143044741193163,0.134724545382548,
0.008),(0.143146814369642,0.130046346771744,0.004),(0.143146814369642,0.130046346771744,
0.008),(0.143146819848732,0.134806472449732,0.004),(0.143146819848732,0.134806472449732,
0.008),(0.143223095107825,0.132426403246564,0.),(0.143223095107825,0.132426403246564,
0.004),(0.143224762942914,0.132350071426401,0.),(0.143224762942914,0.132350071426401,
0.004),(0.143224765387431,0.132502741725929,0.),(0.143224765387431,0.132502741725929,
0.004),(0.143229758355987,0.132578929656752,0.),(0.143229758355987,0.132578929656752,
0.004),(0.143229759198924,0.132273885434333,0.),(0.143229759198924,0.132273885434333,
0.004),(0.143238060610794,0.132197976431354,0.),(0.143238060610794,0.132197976431354,
0.004),(0.143238066258472,0.132654823739746,0.),(0.143238066258472,0.132654823739746,
0.004),(0.143249684205851,0.132122521602815,0.),(0.143249684205851,0.132122521602815,
0.004),(0.143249688842005,0.132730294752676,0.),(0.143249688842005,0.132730294752676,
0.004),(0.143252362806661,0.134883856255234,0.004),(0.143252362806661,0.134883856255234,
0.008),(0.143252370350947,0.129968951628739,0.004),(0.143252370350947,0.129968951628739,
0.008),(0.143264578817821,0.132805174192439,0.),(0.143264578817821,0.132805174192439,
0.004),(0.143264579407877,0.132047636262492,0.),(0.143264579407877,0.132047636262492,
0.004),(0.143282728515195,0.132879340254645,0.),(0.143282728515195,0.132879340254645,
0.004),(0.143282736354509,0.131973481327055,0.),(0.143282736354509,0.131973481327055,
0.004),(0.143304088706608,0.131900166294014,0.),(0.143304088706608,0.131900166294014,
0.004),(0.143304094354286,0.132952642306456,0.),(0.143304094354286,0.132952642306456,
0.004),(0.143328632670957,0.131827867590078,0.),(0.143328632670957,0.131827867590078,
0.004),(0.14332863933016,0.133024944719315,0.),(0.14332863933016,0.133024944719315,
0.004),(0.143356308441179,0.131756709759185,0.),(0.143356308441179,0.131756709759185,
0.004),(0.14335631177078,0.133096104952578,0.),(0.14335631177078,0.133096104952578,
0.004),(0.143361191870075,0.13495657288732,0.004),(0.143361191870075,0.13495657288732,
0.008),(0.143361195705439,0.129896228253158,0.004),(0.143361195705439,0.129896228253158,
0.008),(0.14338705439858,0.131686819157586,0.),(0.14338705439858,0.131686819157586,
0.004),(0.14338705587372,0.133165984595997,0.),(0.14338705587372,0.133165984595997,
0.004),(0.143420822748635,0.133234459906423,0.),(0.143420822748635,0.133234459906423,
0.004),(0.143420828607047,0.131618345617328,0.),(0.143420828607047,0.131618345617328,
0.004),(0.14345754460232,0.131551397181856,0.),(0.14345754460232,0.131551397181856,
0.004),(0.143457548248022,0.133301400818682,0.),(0.143457548248022,0.133301400818682,
0.004),(0.143473099845067,0.135024484272913,0.004),(0.143473099845067,0.135024484272913,
0.008),(0.143473106799297,0.129828338699633,0.004),(0.143473106799297,0.129828338699633,
0.008),(0.143497164009693,0.133366681482285,0.),(0.143497164009693,0.133366681482285,
0.004),(0.143497168435112,0.131486137275576,0.),(0.143497168435112,0.131486137275576,
0.004),(0.143539578722499,0.131422644123039,0.),(0.143539578722499,0.131422644123039,
0.004),(0.143539586582886,0.133430169556126,0.),(0.143539586582886,0.133430169556126,
0.004),(0.143584728133571,0.133491737082375,0.),(0.143584728133571,0.133491737082375,
0.004),(0.143584728576113,0.131361072508546,0.),(0.143584728576113,0.131361072508546,
0.004),(0.143587851215046,0.135087437503247,0.004),(0.143587851215046,0.135087437503247,
0.008),(0.143587857073458,0.129765378472922,0.004),(0.143587857073458,0.129765378472922,
0.008),(0.143632527222179,0.131301534785058,0.),(0.143632527222179,0.131301534785058,
0.004),(0.143632528728929,0.133551292939545,0.),(0.143632528728929,0.133551292939545,
0.004),(0.143682870104902,0.133608696441454,0.),(0.143682870104902,0.133608696441454,
0.004),(0.143682872517809,0.131244133095463,0.),(0.143682872517809,0.131244133095463,
0.004),(0.143705244939546,0.129707484423842,0.004),(0.143705244939546,0.129707484423842,
0.008),(0.143705245192427,0.135145331257299,0.004),(0.143705245192427,0.135145331257299,
0.008),(0.143735661898648,0.131188970004116,0.),(0.143735661898648,0.131188970004116,
0.004),(0.143735661898648,0.133663843738269,0.),(0.143735661898648,0.133663843738269,
0.004),(0.143790819985056,0.133716646321608,0.),(0.143790819985056,0.133716646321608,
0.004),(0.143790824989994,0.131136180623278,0.),(0.143790824989994,0.131136180623278,
0.004),(0.143825049632368,0.129654769421655,0.004),(0.143825049632368,0.129654769421655,
0.008),(0.143825052498354,0.13519804954694,0.004),(0.143825052498354,0.13519804954694,
0.008),(0.143848223486966,0.133766987697581,0.),(0.143848223486966,0.133766987697581,
0.004),(0.143848226679589,0.131085835327648,0.),(0.143848226679589,0.131085835327648,
0.004),(0.143907757764949,0.133814766713752,0.),(0.143907757764949,0.133814766713752,
0.004),(0.143907764403077,0.131038036681582,0.),(0.143907764403077,0.131038036681582,
0.004),(0.143947031462797,0.129607322101181,0.004),(0.143947031462797,0.129607322101181,
0.008),(0.14394704773148,0.135245494085722,0.004),(0.14394704773148,0.135245494085722,
0.008),(0.14396933601757,0.130992886827968,0.),(0.14396933601757,0.130992886827968,
0.004),(0.143969346870384,0.133859929843624,0.),(0.143969346870384,0.133859929843624,
0.004),(0.144032824154632,0.133902341627224,0.),(0.144032824154632,0.133902341627224,
0.004),(0.144032829170107,0.13095047654058,0.),(0.144032829170107,0.13095047654058,
0.004),(0.14407097514473,0.129565249852592,0.004),(0.14407097514473,0.129565249852592,
0.008),(0.144070986945847,0.135287563552619,0.004),(0.144070986945847,0.135287563552619,
0.008),(0.144098089076387,0.130910852707788,0.),(0.144098089076387,0.130910852707788,
0.004),(0.144098094028642,0.133941946599302,0.),(0.144098094028642,0.133941946599302,
0.004),(0.144165034940901,0.133978672098689,0.),(0.144165034940901,0.133978672098689,
0.004),(0.144165037511859,0.130874136712516,0.),(0.144165037511859,0.130874136712516,
0.004),(0.144196636479327,0.129528624241236,0.004),(0.144196636479327,0.129528624241236,
0.008),(0.144196641705536,0.13532418427494,0.004),(0.144196641705536,0.13532418427494,
0.008),(0.144233510251327,0.134012438973604,0.),(0.144233510251327,0.134012438973604,
0.004),(0.144233511052117,0.130840362504049,0.),(0.144233511052117,0.130840362504049,
0.004),(0.144303400684339,0.134043193866137,0.),(0.144303400684339,0.134043193866137,
0.004),(0.144303401653716,0.130809616546648,0.),(0.144303401653716,0.130809616546648,
0.004),(0.144323774555203,0.129497513545008,0.004),(0.144323774555203,0.129497513545008,
0.008),(0.144323775651021,0.135355290503603,0.004),(0.144323775651021,0.135355290503603,
0.008),(0.14437455948461,0.130781940776426,0.),(0.14437455948461,0.130781940776426,
0.004),(0.144374560917602,0.134070866306757,0.),(0.144374560917602,0.134070866306757,
0.004),(0.144446858188545,0.130757396812077,0.),(0.144446858188545,0.130757396812077,
0.004),(0.144446863330461,0.134095411282631,0.),(0.144446863330461,0.134095411282631,
0.004),(0.144452146522215,0.135380822390081,0.004),(0.144452146522215,0.135380822390081,
0.008),(0.144452152507068,0.129471981995705,0.004),(0.144452152507068,0.129471981995705,
0.008),(0.144520165382272,0.134116777121721,0.),(0.144520165382272,0.134116777121721,
0.004),(0.144520173221586,0.130736044459978,0.),(0.144520173221586,0.130736044459978,
0.004),(0.144581516020838,0.129452068115545,0.004),(0.144581516020838,0.129452068115545,
0.008),(0.144581516273719,0.135400737450352,0.004),(0.144581516273719,0.135400737450352,
0.008),(0.144594328157023,0.130717887513346,0.),(0.144594328157023,0.130717887513346,
0.004),(0.144594331444478,0.134134926819096,0.),(0.144594331444478,0.134134926819096,
0.004),(0.144669210884241,0.134149816794912,0.),(0.144669210884241,0.134149816794912,
0.004),(0.144669213497346,0.13070299231132,0.),(0.144669213497346,0.13070299231132,
0.004),(0.144711625786709,0.129437817001658,0.004),(0.144711625786709,0.129437817001658,
0.008),(0.144711629664219,0.13541498881712,0.004),(0.144711629664219,0.13541498881712,
0.008),(0.144744668325885,0.130691368716263,0.),(0.144744668325885,0.130691368716263,
0.004),(0.144744671107577,0.134161428588852,0.),(0.144744671107577,0.134161428588852,
0.004),(0.144820575980165,0.13416974728093,0.),(0.144820575980165,0.13416974728093,
0.004),(0.144820577328864,0.130683067304393,0.),(0.144820577328864,0.130683067304393,
0.004),(0.144842246625264,0.135423557608597,0.004),(0.144842246625264,0.135423557608597,
0.008),(0.144842247468201,0.129429268777843,0.004),(0.144842247468201,0.129429268777843,
0.008),(0.144896763320932,0.130678071048383,0.),(0.144896763320932,0.130678071048383,
0.004),(0.144896763910988,0.134174740249486,0.),(0.144896763910988,0.134174740249486,
0.004),(0.14497309160076,0.134176399739499,0.),(0.14497309160076,0.134176399739499,
0.004),(0.144973095141095,0.130676403213294,0.),(0.144973095141095,0.130676403213294,
0.004),(0.14497309707985,0.129426405320955,0.004),(0.14497309707985,0.129426405320955,
0.008),(0.144973100451598,0.13542640842143,0.004),(0.144973100451598,0.13542640842143,
0.008),(0.145049423420923,0.13417473190441,0.),(0.145049423420923,0.13417473190441,
0.004),(0.14504943362046,0.1306780734929,0.),(0.14504943362046,0.1306780734929,
0.004),(0.14510396085284,0.135423555754136,0.004),(0.14510396085284,0.135423555754136,
0.008),(0.145103961695777,0.129429266923382,0.004),(0.145103961695777,0.129429266923382,
0.008),(0.145125620202584,0.134169746437993,0.),(0.145125620202584,0.134169746437993,
0.004),(0.145125621551283,0.130683066461456,0.),(0.145125621551283,0.130683066461456,
0.004),(0.145201515634278,0.130691374363941,0.),(0.145201515634278,0.130691374363941,
0.004),(0.14520151841597,0.13416143423653,0.),(0.14520151841597,0.13416143423653,
0.004),(0.145234560955146,0.135414985951134,0.004),(0.145234560955146,0.135414985951134,
0.008),(0.145234567867229,0.129437824925266,0.004),(0.145234567867229,0.129437824925266,
0.008),(0.145276984034102,0.134149821431066,0.),(0.145276984034102,0.134149821431066,
0.004),(0.145276986647207,0.130702996947473,0.),(0.145276986647207,0.130702996947473,
0.004),(0.145351866086971,0.13071788692329,0.),(0.145351866086971,0.13071788692329,
0.004),(0.145351869374425,0.13413492622904,0.),(0.145351869374425,0.13413492622904,
0.004),(0.145364670468136,0.129452065502441,0.004),(0.145364670468136,0.129452065502441,
0.008),(0.145364670721017,0.135400734837247,0.004),(0.145364670721017,0.135400734837247,
0.008),(0.145426032149176,0.130736036620664,0.),(0.145426032149176,0.130736036620664,
0.004),(0.145426035099456,0.134116780072001,0.),(0.145426035099456,0.134116780072001,
0.004),(0.14549404021964,0.129471980562712,0.004),(0.14549404021964,0.129471980562712,
0.008),(0.14549404502438,0.135380831746681,0.004),(0.14549404502438,0.135380831746681,
0.008),(0.14549932855331,0.134095406140716,0.),(0.14549932855331,0.134095406140716,
0.004),(0.145499334200987,0.130757402459755,0.),(0.145499334200987,0.130757402459755,
0.004),(0.145571627257245,0.134070862176366,0.),(0.145571627257245,0.134070862176366,
0.004),(0.145571636613846,0.130781947435628,0.),(0.145571636613846,0.130781947435628,
0.004),(0.145622412186652,0.135355289407785,0.004),(0.145622412186652,0.135355289407785,
0.008),(0.145622421880427,0.129497523238783,0.004),(0.145622421880427,0.129497523238783,
0.008),(0.145642795877732,0.134043197195738,0.),(0.145642795877732,0.134043197195738,
0.004),(0.145642796847109,0.130809619876249,0.),(0.145642796847109,0.130809619876249,
0.004),(0.145712675689738,0.134012440448743,0.),(0.145712675689738,0.134012440448743,
0.004),(0.145712676490528,0.130840363979189,0.),(0.145712676490528,0.130840363979189,
0.004),(0.145749550262528,0.135324178711556,0.004),(0.145749550262528,0.135324178711556,
0.008),(0.145749555825912,0.129528629467446,0.004),(0.145749555825912,0.129528629467446,
0.008),(0.145781151800954,0.130874130854104,0.),(0.145781151800954,0.130874130854104,
0.004),(0.145781160019589,0.13397867702987,0.),(0.145781160019589,0.13397867702987,
0.004),(0.145848092713213,0.130910856353491,0.),(0.145848092713213,0.130910856353491,
0.004),(0.145848097665468,0.133941950245004,0.),(0.145848097665468,0.133941950245004,
0.004),(0.145875211597125,0.1352875531002,0.004),(0.145875211597125,0.1352875531002,
0.008),(0.145875221375194,0.12956526097936,0.004),(0.145875221375194,0.12956526097936,
0.008),(0.145913368361341,0.133902337201805,0.),(0.145913368361341,0.133902337201805,
0.004),(0.145913373376816,0.130950472115161,0.),(0.145913373376816,0.130950472115161,
0.004),(0.145976861450657,0.130992894688355,0.),(0.145976861450657,0.130992894688355,
0.004),(0.145976861513878,0.133859926914418,0.),(0.145976861513878,0.133859926914418,
0.004),(0.145999155279058,0.135245480851611,0.004),(0.145999155279058,0.135245480851611,
0.008),(0.145999160589561,0.129607330446257,0.004),(0.145999160589561,0.129607330446257,
0.008),(0.146038428976906,0.13103803623904,0.),(0.146038428976906,0.13103803623904,
0.004),(0.146038433128371,0.133814777060804,0.),(0.146038433128371,0.133814777060804,
0.004),(0.146097981641452,0.133766989204331,0.),(0.146097981641452,0.133766989204331,
0.004),(0.146097984834076,0.131085836834398,0.),(0.146097984834076,0.131085836834398,
0.004),(0.146121145033095,0.129654764195445,0.004),(0.146121145033095,0.129654764195445,
0.008),(0.14612114789908,0.135198044320731,0.004),(0.14612114789908,0.135198044320731,
0.008),(0.146155383331047,0.133716643908701,0.),(0.146155383331047,0.133716643908701,
0.004),(0.146155388335985,0.131136178210371,0.),(0.146155388335985,0.131136178210371,
0.004),(0.146210535632801,0.131188970004116,0.),(0.146210535632801,0.131188970004116,
0.004),(0.146210535632801,0.133663843738269,0.),(0.146210535632801,0.133663843738269,
0.004),(0.146240952339021,0.129707482485087,0.004),(0.146240952339021,0.129707482485087,
0.008),(0.146240952591902,0.135145329318543,0.004),(0.146240952591902,0.135145329318543,
0.008),(0.146263335803232,0.133608691436516,0.),(0.146263335803232,0.133608691436516,
0.004),(0.146263338216139,0.131244128090525,0.),(0.146263338216139,0.131244128090525,
0.004),(0.146313679592113,0.131301531592435,0.),(0.146313679592113,0.131301531592435,
0.004),(0.146313681098862,0.133551289746921,0.),(0.146313681098862,0.133551289746921,
0.004),(0.146358346316402,0.129765376239139,0.004),(0.146358346316402,0.129765376239139,
0.008),(0.146358351247583,0.135087446059057,0.004),(0.146358351247583,0.135087446059057,
0.008),(0.146361458608284,0.131361065870417,0.),(0.146361458608284,0.131361065870417,
0.004),(0.146361468955335,0.13349174123384,0.),(0.146361468955335,0.13349174123384,
0.004),(0.146406618808949,0.133430169619347,0.),(0.146406618808949,0.133430169619347,
0.004),(0.146406621738155,0.131422654975853,0.),(0.146406621738155,0.131422654975853,
0.004),(0.146449029096337,0.13336667646681,0.),(0.146449029096337,0.13336667646681,
0.004),(0.146449033521756,0.131486132260101,0.),(0.146449033521756,0.131486132260101,
0.004),(0.146473097686381,0.129828329469473,0.004),(0.146473097686381,0.129828329469473,
0.008),(0.146473101521745,0.135024485832346,0.004),(0.146473101521745,0.135024485832346,
0.008),(0.146488638493833,0.131551402134111,0.),(0.146488638493833,0.131551402134111,
0.004),(0.146488642139535,0.133301405770937,0.),(0.146488642139535,0.133301405770937,
0.004),(0.14652536399322,0.13161834304637,0.),(0.14652536399322,0.13161834304637,
0.004),(0.146525368924401,0.133234468125058,0.),(0.146525368924401,0.133234468125058,
0.004),(0.146559130868135,0.131686818356796,0.),(0.146559130868135,0.131686818356796,
0.004),(0.146559132343275,0.133165983795206,0.),(0.146559132343275,0.133165983795206,
0.004),(0.14658499487178,0.129896230065473,0.004),(0.14658499487178,0.129896230065473,
0.008),(0.14658500182601,0.134956585489228,0.004),(0.14658500182601,0.134956585489228,
0.008),(0.146589885760668,0.131756708789808,0.),(0.146589885760668,0.131756708789808,
0.004),(0.146589889090269,0.133096103983201,0.),(0.146589889090269,0.133096103983201,
0.004),(0.146617554070898,0.133024935362714,0.),(0.146617554070898,0.133024935362714,
0.004),(0.146617558201289,0.131827869023071,0.),(0.146617558201289,0.131827869023071,
0.004),(0.146642098035247,0.132952636658779,0.),(0.146642098035247,0.132952636658779,
0.004),(0.146642103177162,0.131900171435929,0.),(0.146642103177162,0.131900171435929,
0.004),(0.146663469016253,0.131973473487741,0.),(0.146663469016253,0.131973473487741,
0.004),(0.146663471966532,0.132879343204924,0.),(0.146663471966532,0.132879343204924,
0.004),(0.146681618123571,0.132805177479893,0.),(0.146681618123571,0.132805177479893,
0.004),(0.146681618713627,0.132047639549946,0.),(0.146681618713627,0.132047639549946,
0.004),(0.146693823935194,0.129968946697558,0.004),(0.146693823935194,0.129968946697558,
0.008),(0.146693827180501,0.134883862113646,0.004),(0.146693827180501,0.134883862113646,
0.008),(0.146696508689444,0.13212251898971,0.),(0.146696508689444,0.13212251898971,
0.004),(0.146696513325597,0.132730292139571,0.),(0.146696513325597,0.132730292139571,
0.004),(0.146708120483383,0.132197979213046,0.),(0.146708120483383,0.132197979213046,
0.004),(0.146708126131061,0.132654826521438,0.),(0.146708126131061,0.132654826521438,
0.004),(0.146716438332524,0.132578928308053,0.),(0.146716438332524,0.132578928308053,
0.004),(0.146716439175461,0.132273884085634,0.),(0.146716439175461,0.132273884085634,
0.004),(0.146721423798941,0.132502731526392,0.),(0.146721423798941,0.132502731526392,
0.004),(0.146721432144017,0.132350072016456,0.),(0.146721432144017,0.132350072016456,
0.004),(0.14672309163403,0.132426399706229,0.),(0.14672309163403,0.132426399706229,
0.004),(0.146799383161806,0.134806466970642,0.004),(0.146799383161806,0.134806466970642,
0.008),(0.146799388472309,0.130046352082247,0.004),(0.146799388472309,0.130046352082247,
0.008),(0.146901456338285,0.130128268359838,0.004),(0.146901456338285,0.130128268359838,
0.008),(0.146901463229295,0.134724541863286,0.004),(0.146901463229295,0.134724541863286,
0.008),(0.146999868555208,0.13021457397882,0.004),(0.146999868555208,0.13021457397882,
0.008),(0.146999870767918,0.134638240248255,0.004),(0.146999870767918,0.134638240248255,
0.008),(0.147094419109284,0.130305086527633,0.004),(0.147094419109284,0.130305086527633,
0.008),(0.147094419109284,0.134547727214753,0.004),(0.147094419109284,0.134547727214753,
0.008),(0.147184931658097,0.130399637081709,0.004),(0.147184931658097,0.130399637081709,
0.008),(0.147184932142786,0.134453178873387,0.004),(0.147184932142786,0.134453178873387,
0.008),(0.147271233757817,0.134354771334764,0.004),(0.147271233757817,0.134354771334764,
0.008),(0.147271237277079,0.130498049298632,0.004),(0.147271237277079,0.130498049298632,
0.008),(0.147353158865173,0.134252691267275,0.004),(0.147353158865173,0.134252691267275,
0.008),(0.147353164344263,0.130600127954201,0.004),(0.147353164344263,0.130600127954201,
0.008),(0.147430548149766,0.13070567091213,0.004),(0.147430548149766,0.13070567091213,
0.008),(0.147430554008178,0.13414713528597,0.004),(0.147430554008178,0.13414713528597,
0.008),(0.147503264781851,0.130814499975544,0.004),(0.147503264781851,0.130814499975544,
0.008),(0.147503277383759,0.134038309931478,0.004),(0.147503277383759,0.134038309931478,
0.008),(0.147571176167444,0.130926407950536,0.004),(0.147571176167444,0.130926407950536,
0.008),(0.147571177726877,0.133926409627213,0.004),(0.147571177726877,0.133926409627213,
0.008),(0.147634129397778,0.131041159320515,0.004),(0.147634129397778,0.131041159320515,
0.008),(0.147634137953588,0.133811659353052,0.004),(0.147634137953588,0.133811659353052,
0.008),(0.147692021213075,0.133694260697371,0.004),(0.147692021213075,0.133694260697371,
0.008),(0.14769202315183,0.131158553297896,0.004),(0.14769202315183,0.131158553297896,
0.008),(0.147744736215262,0.133574456004549,0.004),(0.147744736215262,0.133574456004549,
0.008),(0.147744741441472,0.131278360603822,0.004),(0.147744741441472,0.131278360603822,
0.008),(0.147792172746142,0.133452463384527,0.004),(0.147792172746142,0.133452463384527,
0.008),(0.147792185980253,0.131400355836949,0.004),(0.147792185980253,0.131400355836949,
0.008),(0.147834244994731,0.133328519702594,0.004),(0.147834244994731,0.133328519702594,
0.008),(0.14783425544715,0.131524295051316,0.004),(0.14783425544715,0.131524295051316,
0.008),(0.147870870606087,0.133202858367997,0.004),(0.147870870606087,0.133202858367997,
0.008),(0.147870876169471,0.131649949811005,0.004),(0.147870876169471,0.131649949811005,
0.008),(0.147901981302316,0.133075720292121,0.004),(0.147901981302316,0.133075720292121,
0.008),(0.147901982398134,0.13177708375649,0.004),(0.147901982398134,0.13177708375649,
0.008),(0.147927514284612,0.131905454627684,0.004),(0.147927514284612,0.131905454627684,
0.008),(0.147927523641213,0.132947353129849,0.004),(0.147927523641213,0.132947353129849,
0.008),(0.147947426731779,0.132817978826485,0.004),(0.147947426731779,0.132817978826485,
0.008),(0.147947429344883,0.132034824379188,0.004),(0.147947429344883,0.132034824379188,
0.008),(0.147961677845665,0.132687869060615,0.004),(0.147961677845665,0.132687869060615,
0.008),(0.147961680711651,0.132164937769688,0.004),(0.147961680711651,0.132164937769688,
0.008),(0.147970247648667,0.132557268958309,0.004),(0.147970247648667,0.132557268958309,
0.008),(0.147970249503128,0.132295554730733,0.004),(0.147970249503128,0.132295554730733,
0.008),(0.147973100315962,0.132426408557067,0.004),(0.147973100315962,0.132426408557067,
0.008),(0.149569292843437,0.145507882323144,0.),(0.149569292843437,0.145507882323144,
0.008),(0.156551972307654,0.138525202858927,0.),(0.156993914045895,0.138083261120685,
0.008),(0.158054574217675,0.137022600948905,0.),(0.158054574217675,0.137022600948905,
0.008),(0.15965076674515,0.150104074714983,0.004),(0.15965076674515,0.150104074714983,
0.008),(0.159653619412445,0.14997321431374,0.004),(0.159653619412445,0.14997321431374,
0.008),(0.159653628347577,0.15023493933091,0.004),(0.159653628347577,0.15023493933091,
0.008),(0.159662186349461,0.150365545502362,0.004),(0.159662186349461,0.150365545502362,
0.008),(0.159662189215446,0.149842614211434,0.004),(0.159662189215446,0.149842614211434,
0.008),(0.159676437716229,0.150495658892861,0.004),(0.159676437716229,0.150495658892861,
0.008),(0.159676440329333,0.149712504445564,0.004),(0.159676440329333,0.149712504445564,
0.008),(0.159696343419899,0.1495831301422,0.004),(0.159696343419899,0.1495831301422,
0.008),(0.1596963527765,0.150625028644365,0.004),(0.1596963527765,0.150625028644365,
0.008),(0.159721873873385,0.150753388725967,0.004),(0.159721873873385,0.150753388725967,
0.008),(0.159721885758796,0.149454762979928,0.004),(0.159721885758796,0.149454762979928,
0.008),(0.15975299089164,0.150880533461044,0.004),(0.15975299089164,0.150880533461044,
0.008),(0.159752996455024,0.149327624904053,0.004),(0.159752996455024,0.149327624904053,
0.008),(0.15978962206638,0.149201963569455,0.004),(0.15978962206638,0.149201963569455,
0.008),(0.159789622403555,0.151006199010327,0.004),(0.159789622403555,0.151006199010327,
0.008),(0.159831691870452,0.151130138224694,0.004),(0.159831691870452,0.151130138224694,
0.008),(0.159831694314969,0.149078019887522,0.004),(0.159831694314969,0.149078019887522,
0.008),(0.15987912561964,0.151252122668227,0.004),(0.15987912561964,0.151252122668227,
0.008),(0.15987913084585,0.1489560272675,0.004),(0.15987913084585,0.1489560272675,
0.008),(0.159931843909282,0.151371929974154,0.004),(0.159931843909282,0.151371929974154,
0.008),(0.159931845848037,0.148836222574678,0.004),(0.159931845848037,0.148836222574678,
0.008),(0.159989729107523,0.148718823918997,0.004),(0.159989729107523,0.148718823918997,
0.008),(0.159989737663334,0.151489323951535,0.004),(0.159989737663334,0.151489323951535,
0.008),(0.160052689334234,0.148604073644836,0.004),(0.160052689334234,0.148604073644836,
0.008),(0.160052690893668,0.151604075321514,0.004),(0.160052690893668,0.151604075321514,
0.008),(0.160120589677353,0.148492173340571,0.004),(0.160120589677353,0.148492173340571,
0.008),(0.160120591489668,0.151715972506912,0.004),(0.160120591489668,0.151715972506912,
0.008),(0.160193313052934,0.14838334798608,0.004),(0.160193313052934,0.14838334798608,
0.008),(0.160193318911346,0.151824812359919,0.004),(0.160193318911346,0.151824812359919,
0.008),(0.160270702716848,0.151930355317848,0.004),(0.160270702716848,0.151930355317848,
0.008),(0.160270708195939,0.148277792004774,0.004),(0.160270708195939,0.148277792004774,
0.008),(0.160352629784033,0.152032433973417,0.004),(0.160352629784033,0.152032433973417,
0.008),(0.160352633303294,0.148175711937286,0.004),(0.160352633303294,0.148175711937286,
0.008),(0.160438934918326,0.148077304398663,0.004),(0.160438934918326,0.148077304398663,
0.008),(0.160438935403015,0.152130846190341,0.004),(0.160438935403015,0.152130846190341,
0.008),(0.160529447951828,0.147982756057297,0.004),(0.160529447951828,0.147982756057297,
0.008),(0.160529447951828,0.152225396744416,0.004),(0.160529447951828,0.152225396744416,
0.008),(0.160623996293194,0.147892243023795,0.004),(0.160623996293194,0.147892243023795,
0.008),(0.160623998505904,0.152315909293229,0.004),(0.160623998505904,0.152315909293229,
0.008),(0.160722403831817,0.147805941408763,0.004),(0.160722403831817,0.147805941408763,
0.008),(0.160722410722827,0.152402214912212,0.004),(0.160722410722827,0.152402214912212,
0.008),(0.160824478588803,0.152484131189803,0.004),(0.160824478588803,0.152484131189803,
0.008),(0.160824483899306,0.147724016301407,0.004),(0.160824483899306,0.147724016301407,
0.008),(0.160900764637489,0.150104072776228,0.),(0.160900764637489,0.150104072776228,
0.004),(0.160902434917095,0.150180411255593,0.),(0.160902434917095,0.150180411255593,
0.004),(0.160902443262171,0.150027751745658,0.),(0.160902443262171,0.150027751745658,
0.004),(0.160907427885651,0.150256599186415,0.),(0.160907427885651,0.150256599186415,
0.004),(0.160907428728588,0.149951554963997,0.),(0.160907428728588,0.149951554963997,
0.004),(0.160915740930051,0.149875656750611,0.),(0.160915740930051,0.149875656750611,
0.004),(0.160915746577729,0.150332504059003,0.),(0.160915746577729,0.150332504059003,
0.004),(0.160927353735515,0.149800191132478,0.),(0.160927353735515,0.149800191132478,
0.004),(0.160927358371668,0.150407964282339,0.),(0.160927358371668,0.150407964282339,
0.004),(0.160930039880611,0.147646621158403,0.004),(0.160930039880611,0.147646621158403,
0.008),(0.160930043125918,0.152561536574491,0.004),(0.160930043125918,0.152561536574491,
0.008),(0.160942248347485,0.150482843722103,0.),(0.160942248347485,0.150482843722103,
0.004),(0.160942259727134,0.149725316581749,0.),(0.160942259727134,0.149725316581749,
0.004),(0.16096039509458,0.149651140067125,0.),(0.16096039509458,0.149651140067125,
0.004),(0.160960398044859,0.150557009784309,0.),(0.160960398044859,0.150557009784309,
0.004),(0.16098176388395,0.15063031183612,0.),(0.16098176388395,0.15063031183612,
0.004),(0.160981769025865,0.149577846613271,0.),(0.160981769025865,0.149577846613271,
0.004),(0.16100629807023,0.150702603459385,0.),(0.16100629807023,0.150702603459385,
0.004),(0.161006312990214,0.149505547909335,0.),(0.161006312990214,0.149505547909335,
0.004),(0.161033977970843,0.149434379288849,0.),(0.161033977970843,0.149434379288849,
0.004),(0.161033981300444,0.150773774482242,0.),(0.161033981300444,0.150773774482242,
0.004),(0.161038865235102,0.147573897782822,0.004),(0.161038865235102,0.147573897782822,
0.008),(0.161038872189332,0.152634253206577,0.004),(0.161038872189332,0.152634253206577,
0.008),(0.161064734717837,0.149364499476843,0.),(0.161064734717837,0.149364499476843,
0.004),(0.161064736192977,0.150843664915253,0.),(0.161064736192977,0.150843664915253,
0.004),(0.161098498136711,0.149296015146991,0.),(0.161098498136711,0.149296015146991,
0.004),(0.161098503067892,0.15091214022568,0.),(0.161098503067892,0.15091214022568,
0.004),(0.161135224921577,0.149229077501113,0.),(0.161135224921577,0.149229077501113,
0.004),(0.161135228567279,0.150979081137939,0.),(0.161135228567279,0.150979081137939,
0.004),(0.161150765539367,0.147505997439703,0.004),(0.161150765539367,0.147505997439703,
0.008),(0.16115076937473,0.152702153802577,0.004),(0.16115076937473,0.152702153802577,
0.008),(0.161174827175182,0.149163796015647,0.),(0.161174827175182,0.149163796015647,
0.004),(0.161174833539356,0.151044351011948,0.),(0.161174833539356,0.151044351011948,
0.004),(0.16121725611255,0.15110783908579,0.),(0.16121725611255,0.15110783908579,
0.004),(0.161217259041756,0.149100324442296,0.),(0.161217259041756,0.149100324442296,
0.004),(0.161262397663235,0.151169406612039,0.),(0.161262397663235,0.151169406612039,
0.004),(0.161262398105777,0.14903874203821,0.),(0.161262398105777,0.14903874203821,
0.004),(0.161265515813528,0.147443037212992,0.004),(0.161265515813528,0.147443037212992,
0.008),(0.16126552074471,0.152765107032911,0.004),(0.16126552074471,0.152765107032911,
0.008),(0.16131018596225,0.148979193525129,0.),(0.16131018596225,0.148979193525129,
0.004),(0.161310187468999,0.151228951679615,0.),(0.161310187468999,0.151228951679615,
0.004),(0.161360528844973,0.151286355181525,0.),(0.161360528844973,0.151286355181525,
0.004),(0.16136053125788,0.148921791835534,0.),(0.16136053125788,0.148921791835534,
0.004),(0.16138291446921,0.147385153953506,0.004),(0.16138291446921,0.147385153953506,
0.008),(0.161382914722091,0.152823000786962,0.004),(0.161382914722091,0.152823000786962,
0.008),(0.161413331428311,0.14886663953378,0.),(0.161413331428311,0.14886663953378,
0.004),(0.161413331428311,0.151341513267933,0.),(0.161413331428311,0.151341513267933,
0.004),(0.161468483730065,0.148813839363348,0.),(0.161468483730065,0.148813839363348,
0.004),(0.16146848951472,0.151394315851272,0.),(0.16146848951472,0.151394315851272,
0.004),(0.161502711238424,0.152875708287011,0.004),(0.161502711238424,0.152875708287011,
0.008),(0.161502719162032,0.147332438951318,0.004),(0.161502719162032,0.147332438951318,
0.008),(0.161525882227036,0.151444646437652,0.),(0.161525882227036,0.151444646437652,
0.004),(0.16152588541966,0.148763494067718,0.),(0.16152588541966,0.148763494067718,
0.004),(0.161585433932741,0.148715706211246,0.),(0.161585433932741,0.148715706211246,
0.004),(0.161585438084206,0.151492447033009,0.),(0.161585438084206,0.151492447033009,
0.004),(0.161624706471551,0.152923152825792,0.004),(0.161624706471551,0.152923152825792,
0.008),(0.161624711782053,0.147285002420438,0.004),(0.161624711782053,0.147285002420438,
0.008),(0.161647005610454,0.151537588583694,0.),(0.161647005610454,0.151537588583694,
0.004),(0.161647016336827,0.148670567147225,0.),(0.161647016336827,0.148670567147225,
0.004),(0.161710487910178,0.148628135280651,0.),(0.161710487910178,0.148628135280651,
0.004),(0.161710493684296,0.151580011156888,0.),(0.161710493684296,0.151580011156888,
0.004),(0.161748645685918,0.152965222292689,0.004),(0.161748645685918,0.152965222292689,
0.008),(0.161748655463987,0.147242930171849,0.004),(0.161748655463987,0.147242930171849,
0.008),(0.161775769395644,0.148588533027045,0.),(0.161775769395644,0.148588533027045,
0.004),(0.161775774347899,0.151619626918559,0.),(0.161775774347899,0.151619626918559,
0.004),(0.161842704470565,0.151656341628352,0.),(0.161842704470565,0.151656341628352,
0.004),(0.161842707041523,0.14855180624218,0.),(0.161842707041523,0.14855180624218,
0.004),(0.1618743112352,0.153001853804604,0.004),(0.1618743112352,0.153001853804604,
0.008),(0.161874316798584,0.147206304560493,0.004),(0.161874316798584,0.147206304560493,
0.008),(0.161911190570584,0.151690119292861,0.),(0.161911190570584,0.151690119292861,
0.004),(0.161911191371374,0.148518042823306,0.),(0.161911191371374,0.148518042823306,
0.004),(0.161981070214003,0.151720863395801,0.),(0.161981070214003,0.151720863395801,
0.004),(0.16198107118338,0.148487286076311,0.),(0.16198107118338,0.148487286076311,
0.004),(0.16200145487446,0.147175193864265,0.004),(0.16200145487446,0.147175193864265,
0.008),(0.162001455970278,0.15303297082286,0.004),(0.162001455970278,0.15303297082286,
0.008),(0.162052230447266,0.151748535836421,0.),(0.162052230447266,0.151748535836421,
0.004),(0.162052239803867,0.148459621095683,0.),(0.162052239803867,0.148459621095683,
0.004),(0.162124532860124,0.151773080812295,0.),(0.162124532860124,0.151773080812295,
0.004),(0.162124538507802,0.148435077131334,0.),(0.162124538507802,0.148435077131334,
0.004),(0.162129822036731,0.147149651525368,0.004),(0.162129822036731,0.147149651525368,
0.008),(0.162129826841472,0.153058502709338,0.004),(0.162129826841472,0.153058502709338,
0.008),(0.162197831961656,0.148413703200049,0.),(0.162197831961656,0.148413703200049,
0.004),(0.162197834911936,0.151794446651385,0.),(0.162197834911936,0.151794446651385,
0.004),(0.162259196340095,0.147129748434802,0.004),(0.162259196340095,0.147129748434802,
0.008),(0.162259196592976,0.153078417769609,0.004),(0.162259196592976,0.153078417769609,
0.008),(0.162272000974141,0.151812596348759,0.),(0.162272000974141,0.151812596348759,
0.004),(0.16227200847628,0.148395567832603,0.),(0.16227200847628,0.148395567832603,
0.004),(0.162346880413905,0.151827486324576,0.),(0.162346880413905,0.151827486324576,
0.004),(0.16234688302701,0.148380661840984,0.),(0.16234688302701,0.148380661840984,
0.004),(0.162389299193882,0.153092658346784,0.004),(0.162389299193882,0.153092658346784,
0.008),(0.162389306105966,0.147115497320915,0.004),(0.162389306105966,0.147115497320915,
0.008),(0.162422348645142,0.14836904903552,0.),(0.162422348645142,0.14836904903552,
0.004),(0.162422351426834,0.151839108908109,0.),(0.162422351426834,0.151839108908109,
0.004),(0.162498245509829,0.151847416810594,0.),(0.162498245509829,0.151847416810594,
0.004),(0.162498246858528,0.148360736834056,0.),(0.162498246858528,0.148360736834056,
0.004),(0.162519905365335,0.153101216348667,0.004),(0.162519905365335,0.153101216348667,
0.008),(0.162519906208272,0.147106927517914,0.004),(0.162519906208272,0.147106927517914,
0.008),(0.162574433440651,0.151852409779149,0.),(0.162574433440651,0.151852409779149,
0.004),(0.162574443640189,0.14835575136764,0.),(0.162574443640189,0.14835575136764,
0.004),(0.162650764670759,0.148354072742957,0.),(0.162650764670759,0.148354072742957,
0.004),(0.162650766609514,0.147104074850619,0.004),(0.162650766609514,0.147104074850619,
0.008),(0.162650769981262,0.153104077951094,0.004),(0.162650769981262,0.153104077951094,
0.008),(0.162650771920017,0.151854080058756,0.),(0.162650771920017,0.151854080058756,
0.004),(0.162727103150124,0.148355743022564,0.),(0.162727103150124,0.148355743022564,
0.004),(0.16272710374018,0.151852412223667,0.),(0.16272710374018,0.151852412223667,
0.004),(0.162781619592911,0.153101214494206,0.004),(0.162781619592911,0.153101214494206,
0.008),(0.162781631225441,0.147106936453046,0.004),(0.162781631225441,0.147106936453046,
0.008),(0.162803289732248,0.151847415967657,0.),(0.162803289732248,0.151847415967657,
0.004),(0.162803291080947,0.148360735991119,0.),(0.162803291080947,0.148360735991119,
0.004),(0.162879187945633,0.151839103766193,0.),(0.162879187945633,0.151839103766193,
0.004),(0.162879195953535,0.148369054683197,0.),(0.162879195953535,0.148369054683197,
0.004),(0.162912237396893,0.147115494454929,0.004),(0.162912237396893,0.147115494454929,
0.008),(0.162912241274403,0.153092666270391,0.004),(0.162912241274403,0.153092666270391,
0.008),(0.162954642774173,0.151827480171136,0.),(0.162954642774173,0.151827480171136,
0.004),(0.162954656176871,0.148380666477137,0.),(0.162954656176871,0.148380666477137,
0.004),(0.163029535616634,0.148395556452954,0.),(0.163029535616634,0.148395556452954,
0.004),(0.163029538904088,0.151812595758704,0.),(0.163029538904088,0.151812595758704,
0.004),(0.163042350787392,0.147129745821698,0.004),(0.163042350787392,0.147129745821698,
0.008),(0.163042351040274,0.153078415156504,0.004),(0.163042351040274,0.153078415156504,
0.008),(0.163103693839526,0.151794438812071,0.),(0.163103693839526,0.151794438812071,
0.004),(0.16310370167884,0.148413706150328,0.),(0.16310370167884,0.148413706150328,
0.004),(0.163171714554044,0.153058501276345,0.004),(0.163171714554044,0.153058501276345,
0.008),(0.163171720538897,0.147149660881969,0.004),(0.163171720538897,0.147149660881969,
0.008),(0.163177003730651,0.148435071989418,0.),(0.163177003730651,0.148435071989418,
0.004),(0.163177008872567,0.151773086459972,0.),(0.163177008872567,0.151773086459972,
0.004),(0.163249295353916,0.148459606175699,0.),(0.163249295353916,0.148459606175699,
0.004),(0.163249307576502,0.151748542495623,0.),(0.163249307576502,0.151748542495623,
0.004),(0.163300080620498,0.147175181978854,0.004),(0.163300080620498,0.147175181978854,
0.008),(0.163300092505909,0.153032969727041,0.004),(0.163300092505909,0.153032969727041,
0.008),(0.163320465407396,0.151720866725402,0.),(0.163320465407396,0.151720866725402,
0.004),(0.163320466376773,0.148487289405912,0.),(0.163320466376773,0.148487289405912,
0.004),(0.163390356008995,0.151690120768,0.),(0.163390356008995,0.151690120768,
0.004),(0.163390356809785,0.148518044298446,0.),(0.163390356809785,0.148518044298446,
0.004),(0.163427225355575,0.147206298997109,0.004),(0.163427225355575,0.147206298997109,
0.008),(0.163427230581785,0.153001859030813,0.004),(0.163427230581785,0.153001859030813,
0.008),(0.163458829549253,0.151656346559534,0.),(0.163458829549253,0.151656346559534,
0.004),(0.163458832120211,0.148551811173361,0.),(0.163458832120211,0.148551811173361,
0.004),(0.163525767195131,0.151619619774668,0.),(0.163525767195131,0.151619619774668,
0.004),(0.16352577303247,0.148588536672748,0.),(0.16352577303247,0.148588536672748,
0.004),(0.163552890904858,0.147242930509024,0.004),(0.163552890904858,0.147242930509024,
0.008),(0.163552891916382,0.152965233419457,0.004),(0.163552891916382,0.152965233419457,
0.008),(0.163591042906479,0.148628141644825,0.),(0.163591042906479,0.148628141644825,
0.004),(0.163591048680598,0.151580017521062,0.),(0.163591048680598,0.151580017521062,
0.004),(0.163654520253948,0.151537585654488,0.),(0.163654520253948,0.151537585654488,
0.004),(0.163654530980321,0.148670564218019,0.),(0.163654530980321,0.148670564218019,
0.004),(0.163676830119225,0.147284999975921,0.004),(0.163676830119225,0.147284999975921,
0.008),(0.163676835598315,0.152923161170868,0.004),(0.163676835598315,0.152923161170868,
0.008),(0.16371609850657,0.148715705768704,0.),(0.16371609850657,0.148715705768704,
0.004),(0.163716102658035,0.151492446590467,0.),(0.163716102658035,0.151492446590467,
0.004),(0.163775640381522,0.151444647944402,0.),(0.163775640381522,0.151444647944402,
0.004),(0.163775643574146,0.148763495574468,0.),(0.163775643574146,0.148763495574468,
0.004),(0.163798814562758,0.147332433725109,0.004),(0.163798814562758,0.147332433725109,
0.008),(0.163798817428744,0.152875713850395,0.004),(0.163798817428744,0.152875713850395,
0.008),(0.163833047076056,0.148813836950441,0.),(0.163833047076056,0.148813836950441,
0.004),(0.163833052860711,0.151394313438365,0.),(0.163833052860711,0.151394313438365,
0.004),(0.163888205162464,0.14886663953378,0.),(0.163888205162464,0.14886663953378,
0.004),(0.163888205162464,0.151341513267933,0.),(0.163888205162464,0.151341513267933,
0.004),(0.163918621868685,0.147385152014751,0.004),(0.163918621868685,0.147385152014751,
0.008),(0.163918622121566,0.152822998848207,0.004),(0.163918622121566,0.152822998848207,
0.008),(0.163941005332896,0.15128636096618,0.),(0.163941005332896,0.15128636096618,
0.004),(0.163941007745803,0.148921797620189,0.),(0.163941007745803,0.148921797620189,
0.004),(0.163991338332183,0.148979190332505,0.),(0.163991338332183,0.148979190332505,
0.004),(0.163991339838933,0.151228948486991,0.),(0.163991339838933,0.151228948486991,
0.004),(0.164036009987654,0.152765104799128,0.004),(0.164036009987654,0.152765104799128,
0.008),(0.164036015846066,0.147443045768802,0.004),(0.164036015846066,0.147443045768802,
0.008),(0.164039138484999,0.151169410763503,0.),(0.164039138484999,0.151169410763503,
0.004),(0.164039138927541,0.149038746189674,0.),(0.164039138927541,0.149038746189674,
0.004),(0.16408427754902,0.151107828359417,0.),(0.16408427754902,0.151107828359417,
0.004),(0.164084280478226,0.149100313715923,0.),(0.164084280478226,0.149100313715923,
0.004),(0.164126703051419,0.149163801789765,0.),(0.164126703051419,0.149163801789765,
0.004),(0.164126709415594,0.151044356786066,0.),(0.164126709415594,0.151044356786066,
0.004),(0.164150760261815,0.152702144572417,0.004),(0.164150760261815,0.152702144572417,
0.008),(0.164150767216045,0.147505998999137,0.004),(0.164150767216045,0.147505998999137,
0.008),(0.164166311669199,0.1509790753006,0.),(0.164166311669199,0.1509790753006,
0.004),(0.16416631881309,0.149229082453368,0.),(0.16416631881309,0.149229082453368,
0.004),(0.164203033522884,0.149296012576034,0.),(0.164203033522884,0.149296012576034,
0.004),(0.164203038454065,0.150912137654722,0.),(0.164203038454065,0.150912137654722,
0.004),(0.164236811187392,0.149364498676053,0.),(0.164236811187392,0.149364498676053,
0.004),(0.164236812662532,0.150843664114463,0.),(0.164236812662532,0.150843664114463,
0.004),(0.16426266056608,0.152634244229298,0.004),(0.16426266056608,0.152634244229298,
0.008),(0.164262664401443,0.147573899595136,0.004),(0.164262664401443,0.147573899595136,
0.008),(0.164267555290332,0.149434378319471,0.),(0.164267555290332,0.149434378319471,
0.004),(0.164267558619933,0.150773773512864,0.),(0.164267558619933,0.150773773512864,
0.004),(0.164295227730952,0.149505538552735,0.),(0.164295227730952,0.149505538552735,
0.004),(0.164295234390154,0.150702615681971,0.),(0.164295234390154,0.150702615681971,
0.004),(0.164319772706826,0.149577840965593,0.),(0.164319772706826,0.149577840965593,
0.004),(0.164319778354504,0.150630316978035,0.),(0.164319778354504,0.150630316978035,
0.004),(0.164341130706603,0.150557001944995,0.),(0.164341130706603,0.150557001944995,
0.004),(0.164341138545916,0.149651143017404,0.),(0.164341138545916,0.149651143017404,
0.004),(0.164359287653235,0.150482847009557,0.),(0.164359287653235,0.150482847009557,
0.004),(0.164359288243291,0.14972530907961,0.),(0.164359288243291,0.14972530907961,
0.004),(0.164371496710165,0.15256153164331,0.004),(0.164371496710165,0.15256153164331,
0.008),(0.16437150425445,0.147646627016815,0.004),(0.16437150425445,0.147646627016815,
0.008),(0.164374172065667,0.150407950879642,0.),(0.164374172065667,0.150407950879642,
0.004),(0.164374178219107,0.149800188519374,0.),(0.164374178219107,0.149800188519374,
0.004),(0.164385795660725,0.150332496051102,0.),(0.164385795660725,0.150332496051102,
0.004),(0.16438580080264,0.149875659532303,0.),(0.16438580080264,0.149875659532303,
0.004),(0.164394107862188,0.150256597837716,0.),(0.164394107862188,0.150256597837716,
0.004),(0.164394108705125,0.149951553615298,0.),(0.164394108705125,0.149951553615298,
0.004),(0.164399101673681,0.15002774154612,0.),(0.164399101673681,0.15002774154612,
0.004),(0.164399104118198,0.150180411845649,0.),(0.164399104118198,0.150180411845649,
0.004),(0.164400771953287,0.150104080025486,0.),(0.164400771953287,0.150104080025486,
0.004),(0.16447704721238,0.147724010822317,0.004),(0.16447704721238,0.147724010822317,
0.008),(0.16447705269147,0.152484136500306,0.004),(0.16447705269147,0.152484136500306,
0.008),(0.164579125867949,0.147805937889501,0.004),(0.164579125867949,0.147805937889501,
0.008),(0.164579132758958,0.15240221139295,0.004),(0.164579132758958,0.15240221139295,
0.008),(0.164677538084872,0.147892243508484,0.004),(0.164677538084872,0.147892243508484,
0.008),(0.164677540297582,0.152315909777918,0.004),(0.164677540297582,0.152315909777918,
0.008),(0.164772088638947,0.147982756057297,0.004),(0.164772088638947,0.147982756057297,
0.008),(0.164772088638947,0.152225396744416,0.004),(0.164772088638947,0.152225396744416,
0.008),(0.164862601187761,0.148077306611372,0.004),(0.164862601187761,0.148077306611372,
0.008),(0.164862601672449,0.15213084840305,0.004),(0.164862601672449,0.15213084840305,
0.008),(0.164948903287481,0.152032440864427,0.004),(0.164948903287481,0.152032440864427,
0.008),(0.164948906806743,0.148175718828296,0.004),(0.164948906806743,0.148175718828296,
0.008),(0.165030823084334,0.148277786694272,0.004),(0.165030823084334,0.148277786694272,
0.008),(0.165030828394837,0.151930360796939,0.004),(0.165030828394837,0.151930360796939,
0.008),(0.165108223537841,0.151824804815633,0.004),(0.165108223537841,0.151824804815633,
0.008),(0.165108228469023,0.148383351231387,0.004),(0.165108228469023,0.148383351231387,
0.008),(0.165180936123829,0.151715968671549,0.004),(0.165180936123829,0.151715968671549,
0.008),(0.165180945101108,0.148492180294801,0.004),(0.165180945101108,0.148492180294801,
0.008),(0.165248836466948,0.151604068367284,0.004),(0.165248836466948,0.151604068367284,
0.008),(0.165248845697108,0.148604077480199,0.004),(0.165248845697108,0.148604077480199,
0.008),(0.165311796693659,0.151489318093123,0.004),(0.165311796693659,0.151489318093123,
0.008),(0.165311798927442,0.148718828850179,0.004),(0.165311798927442,0.148718828850179,
0.008),(0.165369690742738,0.151371930227035,0.004),(0.165369690742738,0.151371930227035,
0.008),(0.165369692681493,0.148836222827559,0.004),(0.165369692681493,0.148836222827559,
0.008),(0.165422400181542,0.148956019343893,0.004),(0.165422400181542,0.148956019343893,
0.008),(0.165422405744926,0.151252125534213,0.004),(0.165422405744926,0.151252125534213,
0.008),(0.165469844720323,0.149078014577019,0.004),(0.165469844720323,0.149078014577019,
0.008),(0.165469853065399,0.151130143703784,0.004),(0.165469853065399,0.151130143703784,
0.008),(0.16551191418722,0.149201953791387,0.004),(0.16551191418722,0.149201953791387,
0.008),(0.165511925313988,0.151006200021851,0.004),(0.165511925313988,0.151006200021851,
0.008),(0.165548545699135,0.149327619340669,0.004),(0.165548545699135,0.149327619340669,
0.008),(0.165548550925344,0.150880538687254,0.004),(0.165548550925344,0.150880538687254,
0.008),(0.165579661621573,0.150753400611378,0.004),(0.165579661621573,0.150753400611378,
0.008),(0.165579662717391,0.149454764075746,0.004),(0.165579662717391,0.149454764075746,
0.008),(0.165605193170876,0.150625022659513,0.004),(0.165605193170876,0.150625022659513,
0.008),(0.165605194603869,0.149583134946941,0.004),(0.165605194603869,0.149583134946941,
0.008),(0.165625107051035,0.150495659145742,0.004),(0.165625107051035,0.150495659145742,
0.008),(0.16562510966414,0.149712504698445,0.004),(0.16562510966414,0.149712504698445,
0.008),(0.165639350241315,0.149842607299351,0.004),(0.165639350241315,0.149842607299351,
0.008),(0.165639358164922,0.150365549379872,0.004),(0.165639358164922,0.150365549379872,
0.008),(0.165647906388737,0.15023492769838,0.004),(0.165647906388737,0.15023492769838,
0.008),(0.165647908243199,0.149973213470803,0.004),(0.165647908243199,0.149973213470803,
0.008),(0.165650769845625,0.150104078086731,0.004),(0.165650769845625,0.150104078086731,
0.008),(0.169014729326067,0.164953318805774,0.),(0.169014729326067,0.164953318805774,
0.00404999999701977),(0.169014729326067,0.164953318805774,0.00704999995231629),
(0.169014729326067,0.164953318805774,0.008),(0.169060994764614,0.164907053367227,
0.00405142766982317),(0.169060994764614,0.164907053367227,0.00704857230186462),
(0.169107171863367,0.164860876268474,0.00405570795014501),(0.169107171863367,
0.164860876268474,0.0070442922115326),(0.169153173294055,0.164814874837786,
0.00406283271312714),(0.169153173294055,0.164814874837786,0.00703716731071472),
(0.169198911054059,0.164769137077781,0.00407278836518526),(0.169198911054059,
0.164769137077781,0.00702721166610718),(0.169244298152284,0.164723749979557,
0.00408555599302053),(0.169244298152284,0.164723749979557,0.00701444387435913),
(0.169289248609158,0.164678799522683,0.00410111126303673),(0.169289248609158,
0.164678799522683,0.00699888873100281),(0.16933367577076,0.16463437236108,
0.00411942457407713),(0.16933367577076,0.16463437236108,0.00698057532310486),
(0.169377496354919,0.164590551776922,0.00414046107232571),(0.169377496354919,
0.164590551776922,0.00695953893661499),(0.169420626405112,0.164547421726729,
0.00416418069601059),(0.169420626405112,0.164547421726729,0.00693581938743592),
(0.169462983650691,0.16450506448115,0.00419053833186626),(0.169462983650691,
0.16450506448115,0.00690946173667907),(0.169504487844056,0.164463560287785,
0.00421948374807835),(0.169504487844056,0.164463560287785,0.00688051629066468),
(0.169545059411957,0.164422988719884,0.00425096189975739),(0.169545059411957,
0.164422988719884,0.0068490378856659),(0.169584621478542,0.164383426653299,
0.00428491282463074),(0.169584621478542,0.164383426653299,0.00681508708000183),
(0.169623098853834,0.164344949278007,0.00432127195596695),(0.169623098853834,
0.164344949278007,0.00677872800827027),(0.169660418370904,0.164307629760937,
0.00435997000336647),(0.169660418370904,0.164307629760937,0.00674003005027771),
(0.169696508548697,0.164271539583144,0.004400933355093),(0.169696508548697,
0.164271539583144,0.00669906663894653),(0.16973130094073,0.164236747191111,
0.00444408398866653),(0.16973130094073,0.164236747191111,0.00665591597557068),
(0.16976472912357,0.164203319008271,0.00448933982849121),(0.16976472912357,
0.164203319008271,0.00661066007614136),(0.169796730045533,0.164171318086308,
0.00453661465644836),(0.169796730045533,0.164171318086308,0.00656338524818421),
(0.169827242003631,0.16414080612821,0.00458581858873367),(0.169827242003631,
0.16414080612821,0.00651418137550354),(0.169856207678151,0.164111840453689,
0.00463685786724091),(0.169856207678151,0.164111840453689,0.00646314215660095),
(0.169883571435253,0.164084476696587,0.00468963533639908),(0.169883571435253,
0.164084476696587,0.00641036462783814),(0.169909281012845,0.164058767118996,
0.00474405062198639),(0.169909281012845,0.164058767118996,0.00635594940185547),
(0.169933287857757,0.164034760274084,0.00479999995231628),(0.169933287857757,
0.164034760274084,0.00629999995231629),(0.169955546451392,0.164012501680448,
0.00485737705230713),(0.169955546451392,0.164012501680448,0.00624262285232544),
(0.169976013972554,0.163992034159287,0.00491607260704041),(0.169976013972554,
0.163992034159287,0.00618392753601074),(0.169994651308965,0.163973396822876,
0.00497597485780716),(0.169994651308965,0.163973396822876,0.00612402534484863),
(0.170011423731624,0.163956624400217,0.00503696978092194),(0.170011423731624,
0.163956624400217,0.00606303024291992),(0.17002629887175,0.163941749260091,
0.00509894132614136),(0.17002629887175,0.163941749260091,0.00600105881690979),
(0.170039248406661,0.16392879972518,0.00516177153587341),(0.170039248406661,
0.16392879972518,0.00593822860717774),(0.170050247722598,0.163917800409243,
0.00522534048557281),(0.170050247722598,0.163917800409243,0.00587465941905975),
(0.170059275577549,0.163908772554292,0.00528952777385712),(0.170059275577549,
0.163908772554292,0.00581047224998474),(0.17006631544995,0.163901732681891,
0.00535421061515808),(0.17006631544995,0.163901732681891,0.00574578928947449),
(0.170071353515633,0.163896694616208,0.00541926634311676),(0.170071353515633,
0.163896694616208,0.0056807336807251),(0.170074379996531,0.16389366813531,
0.00548457086086273),(0.170074379996531,0.16389366813531,0.00561542904376983),
(0.170075389497847,0.163892658633994,0.00555000007152557),(0.175997408790284,
0.157970639341557,0.),(0.176439350528525,0.157528697603315,0.00555000007152557),
(0.176439350528525,0.157528697603315,0.008),(0.176440360029841,0.157527688102,
0.00548457086086273),(0.176440360029841,0.157527688102,0.00561542904376983),
(0.176443386510739,0.157524661621102,0.00541926634311676),(0.176443386510739,
0.157524661621102,0.0056807336807251),(0.176448424576422,0.157519623555418,
0.00535421061515808),(0.176448424576422,0.157519623555418,0.00574578928947449),
(0.176455464448823,0.157512583683018,0.00528952777385712),(0.176455464448823,
0.157512583683018,0.00581047224998474),(0.176464492303774,0.157503555828067,
0.00522534048557281),(0.176464492303774,0.157503555828067,0.00587465941905975),
(0.176475491619711,0.15749255651213,0.00516177153587341),(0.176475491619711,
0.15749255651213,0.00593822860717774),(0.176488441154622,0.157479606977219,
0.00509894132614136),(0.176488441154622,0.157479606977219,0.00600105881690979),
(0.176503316294748,0.157464731837093,0.00503696978092194),(0.176503316294748,
0.157464731837093,0.00606303024291992),(0.176520088717407,0.157447959414434,
0.00497597485780716),(0.176520088717407,0.157447959414434,0.00612402534484863),
(0.176538726053818,0.157429322078022,0.00491607260704041),(0.176538726053818,
0.157429322078022,0.00618392753601074),(0.17655919357498,0.157408854556861,
0.00485737705230713),(0.17655919357498,0.157408854556861,0.00624262285232544),
(0.176581452168615,0.157386595963226,0.00479999995231628),(0.176581452168615,
0.157386595963226,0.00629999995231629),(0.176605459013527,0.157362589118314,
0.00474405062198639),(0.176605459013527,0.157362589118314,0.00635594940185547),
(0.176631168591119,0.157336879540722,0.00468963533639908),(0.176631168591119,
0.157336879540722,0.00641036462783814),(0.176658532348221,0.15730951578362,
0.00463685786724091),(0.176658532348221,0.15730951578362,0.00646314215660095),
(0.176687498022741,0.1572805501091,0.00458581858873367),(0.176687498022741,
0.1572805501091,0.00651418137550354),(0.176718009980839,0.157250038151002,
0.00453661465644836),(0.176718009980839,0.157250038151002,0.00656338524818421),
(0.176750010902802,0.157218037229039,0.00448933982849121),(0.176750010902802,
0.157218037229039,0.00661066007614136),(0.176783439085642,0.157184609046198,
0.00444408398866653),(0.176783439085642,0.157184609046198,0.00665591597557068),
(0.176818231477676,0.157149816654165,0.004400933355093),(0.176818231477676,
0.157149816654165,0.00669906663894653),(0.176854321655468,0.157113726476373,
0.00435997000336647),(0.176854321655468,0.157113726476373,0.00674003005027771),
(0.176891641172538,0.157076406959303,0.00432127195596695),(0.176891641172538,
0.157076406959303,0.00677872800827027),(0.17693011854783,0.157037929584011,
0.00428491282463074),(0.17693011854783,0.157037929584011,0.00681508708000183),
(0.176969680614415,0.156998367517425,0.00425096189975739),(0.176969680614415,
0.156998367517425,0.0068490378856659),(0.177010252182316,0.156957795949524,
0.00421948374807835),(0.177010252182316,0.156957795949524,0.00688051629066468),
(0.177051756375681,0.15691629175616,0.00419053833186626),(0.177051756375681,
0.15691629175616,0.00690946173667907),(0.17709411362126,0.156873934510581,
0.00416418069601059),(0.17709411362126,0.156873934510581,0.00693581938743592),
(0.177137243671453,0.156830804460388,0.00414046107232571),(0.177137243671453,
0.156830804460388,0.00695953893661499),(0.177181064255612,0.156786983876229,
0.00411942457407713),(0.177181064255612,0.156786983876229,0.00698057532310486),
(0.177225491417214,0.156742556714626,0.00410111126303673),(0.177225491417214,
0.156742556714626,0.00699888873100281),(0.177270441874088,0.156697606257753,
0.00408555599302053),(0.177270441874088,0.156697606257753,0.00701444387435913),
(0.177315828972313,0.156652219159528,0.00407278836518526),(0.177315828972313,
0.156652219159528,0.00702721166610718),(0.177361566732317,0.156606481399524,
0.00406283271312714),(0.177361566732317,0.156606481399524,0.00703716731071472),
(0.177407568163005,0.156560479968836,0.00405570795014501),(0.177407568163005,
0.156560479968836,0.0070442922115326),(0.177453745261758,0.156514302870083,
0.00405142766982317),(0.177453745261758,0.156514302870083,0.00704857230186462),
(0.177500010700305,0.156468037431536,0.),(0.177500010700305,0.156468037431536,
0.00404999999701977),(0.177500010700305,0.156468037431536,0.00704999995231629),
(0.177500010700305,0.156468037431536,0.008)));
#22=TESSELLATED_SHELL('Rail',(#20),$);
#23=SHAPE_DEFINITION_REPRESENTATION(#35,#24);
#24=SHAPE_REPRESENTATION('Rail',(#25),#30);
#25=AXIS2_PLACEMENT_3D('',#28,#26,#27);
#26=DIRECTION('',(0.,0.,1.));
#27=DIRECTION('',(1.,0.,0.));
#28=CARTESIAN_POINT('',(0.,0.,0.));
#29=MECHANICAL_DESIGN_GEOMETRIC_PRESENTATION_REPRESENTATION('',(#12),#30);
#30=(
GEOMETRIC_REPRESENTATION_CONTEXT(3)
GLOBAL_UNCERTAINTY_ASSIGNED_CONTEXT((#31))
GLOBAL_UNIT_ASSIGNED_CONTEXT((#34,#33,#32))
REPRESENTATION_CONTEXT('Rail','TOP_LEVEL_ASSEMBLY_PART')
);
#31=UNCERTAINTY_MEASURE_WITH_UNIT(LENGTH_MEASURE(1.E-8),#34,
'DISTANCE_ACCURACY_VALUE','Maximum Tolerance applied to model');
#32=(
NAMED_UNIT(*)
SI_UNIT($,.STERADIAN.)
SOLID_ANGLE_UNIT()
);
#33=(
NAMED_UNIT(*)
PLANE_ANGLE_UNIT()
SI_UNIT($,.RADIAN.)
);
#34=(
LENGTH_UNIT()
NAMED_UNIT(*)
SI_UNIT($,.METRE.)
);
#35=PRODUCT_DEFINITION_SHAPE('','',#36);
#36=PRODUCT_DEFINITION('','',#38,#37);
#37=PRODUCT_DEFINITION_CONTEXT('',#44,'design');
#38=PRODUCT_DEFINITION_FORMATION_WITH_SPECIFIED_SOURCE('','',#40,
 .NOT_KNOWN.);
#39=PRODUCT_RELATED_PRODUCT_CATEGORY('','',(#40));
#40=PRODUCT('Rail','Rail','Rail',(#42));
#41=PRODUCT_CATEGORY('','');
#42=PRODUCT_CONTEXT('',#44,'mechanical');
#43=APPLICATION_PROTOCOL_DEFINITION('international standard',
'ap242_managed_model_based_3d_engineering',2020,#44);
#44=APPLICATION_CONTEXT('managed model based 3d engineering');
ENDSEC;
END-ISO-10303-21;
