ISO-10303-21;
HEADER;
/* Generated by software containing ST-Developer
 * from STEP Tools, Inc. (www.steptools.com) 
 */
/* OPTION: using custom renumber hook */

FILE_DESCRIPTION(
/* description */ ('STEP AP242 Edition 2',
'CAx-IF Rec.Pracs.---Representation and Presentation of Product Manufa
cturing Information (PMI)---4.0---2014-10-13',
'CAx-IF Rec.Pracs.---3D Tessellated Geometry---0.4---2014-09-14','2;1',
'CAx-IF Rec.Pracs.---User Defined Attributes---1.5---2016-08-15'),
/* implementation_level */ '2;1');

FILE_NAME(
/* name */ '6df3e570-cda3-4d87-8e2a-d499d97454d6',
/* time_stamp */ '2026-09-29T21:10:08Z',
/* author */ (''),
/* organization */ (''),
/* preprocessor_version */ 'ST-DEVELOPER v20',
/* originating_system */ 'ONSHAPE BY PTC INC, 1.221',
/* authorisation */ '  ');

FILE_SCHEMA (('AP242_MANAGED_MODEL_BASED_3D_ENGINEERING_MIM_LF { 1 0 10303 442 3 1 4 }'));
ENDSEC;

DATA;
#10=SHAPE_REPRESENTATION_RELATIONSHIP('','',#7244,#11);
#11=ADVANCED_BREP_SHAPE_REPRESENTATION('',(#7242),#13531);
#12=B_SPLINE_SURFACE_WITH_KNOTS('',3,1,((#13230,#13231),(#13232,#13233),
(#13234,#13235),(#13236,#13237)),.SURF_OF_LINEAR_EXTRUSION.,.F.,.F.,.F.,
(4,4),(2,2),(0.00270224462664027,0.0229075083523965),(0.,1.),
 .PIECEWISE_BEZIER_KNOTS.);
#13=B_SPLINE_SURFACE_WITH_KNOTS('',3,1,((#13239,#13240),(#13241,#13242),
(#13243,#13244),(#13245,#13246),(#13247,#13248)),
 .SURF_OF_LINEAR_EXTRUSION.,.F.,.F.,.F.,(4,1,4),(2,2),(0.,0.00643576618144675,
0.0104802163104839),(-1.93801138331784E-18,9.99999999999806E-6),
 .UNSPECIFIED.);
#14=B_SPLINE_SURFACE_WITH_KNOTS('',3,1,((#13249,#13250),(#13251,#13252),
(#13253,#13254),(#13255,#13256)),.SURF_OF_LINEAR_EXTRUSION.,.F.,.F.,.F.,
(4,4),(2,2),(-0.00282203865824296,0.),(-1.93801138331784E-18,9.99999999999806E-6),
 .UNSPECIFIED.);
#15=B_SPLINE_SURFACE_WITH_KNOTS('',3,1,((#13258,#13259),(#13260,#13261),
(#13262,#13263),(#13264,#13265)),.SURF_OF_LINEAR_EXTRUSION.,.F.,.F.,.F.,
(4,4),(2,2),(-0.0129126681190084,-0.010480216310484),(-1.93801138331784E-18,
9.99999999999806E-6),.UNSPECIFIED.);
#16=B_SPLINE_SURFACE_WITH_KNOTS('',3,1,((#13298,#13299),(#13300,#13301),
(#13302,#13303),(#13304,#13305)),.SURF_OF_LINEAR_EXTRUSION.,.F.,.F.,.F.,
(4,4),(2,2),(0.00323593739782888,0.0267339165972183),(0.,1.),
 .PIECEWISE_BEZIER_KNOTS.);
#17=B_SPLINE_SURFACE_WITH_KNOTS('',3,1,((#13307,#13308),(#13309,#13310),
(#13311,#13312),(#13313,#13314)),.SURF_OF_LINEAR_EXTRUSION.,.F.,.F.,.F.,
(4,4),(2,2),(-0.000159820728407899,0.0267966088670372),(0.,1.),
 .PIECEWISE_BEZIER_KNOTS.);
#18=B_SPLINE_SURFACE_WITH_KNOTS('',3,1,((#13315,#13316),(#13317,#13318),
(#13319,#13320),(#13321,#13322)),.SURF_OF_LINEAR_EXTRUSION.,.F.,.F.,.F.,
(4,4),(2,2),(-0.00337525345078867,0.),(-1.93801138331784E-18,9.99999999999806E-6),
 .UNSPECIFIED.);
#19=B_SPLINE_SURFACE_WITH_KNOTS('',3,1,((#13324,#13325),(#13326,#13327),
(#13328,#13329),(#13330,#13331)),.SURF_OF_LINEAR_EXTRUSION.,.F.,.F.,.F.,
(4,4),(2,2),(-0.0295406631716821,-0.026636793883303),(-1.93801138331784E-18,
9.99999999999806E-6),.UNSPECIFIED.);
#20=B_SPLINE_SURFACE_WITH_KNOTS('',3,1,((#13361,#13362),(#13363,#13364),
(#13365,#13366),(#13367,#13368),(#13369,#13370)),
 .SURF_OF_LINEAR_EXTRUSION.,.F.,.F.,.F.,(4,1,4),(2,2),(0.,0.0013370878475341,
0.0019262562425382),(-1.93801138331784E-18,9.99999999999806E-6),
 .UNSPECIFIED.);
#21=B_SPLINE_SURFACE_WITH_KNOTS('',3,1,((#13372,#13373),(#13374,#13375),
(#13376,#13377),(#13378,#13379)),.SURF_OF_LINEAR_EXTRUSION.,.F.,.F.,.F.,
(4,4),(2,2),(-0.000958749193485519,0.),(-1.93801138331784E-18,9.99999999999806E-6),
 .UNSPECIFIED.);
#22=B_SPLINE_SURFACE_WITH_KNOTS('',3,1,((#13381,#13382),(#13383,#13384),
(#13385,#13386),(#13387,#13388)),.SURF_OF_LINEAR_EXTRUSION.,.F.,.F.,.F.,
(4,4),(2,2),(-0.00294027798285758,-0.00192625624253825),(-1.93801138331784E-18,
9.99999999999806E-6),.UNSPECIFIED.);
#23=B_SPLINE_SURFACE_WITH_KNOTS('',3,1,((#13389,#13390),(#13391,#13392),
(#13393,#13394),(#13395,#13396),(#13397,#13398)),
 .SURF_OF_LINEAR_EXTRUSION.,.F.,.F.,.F.,(4,1,4),(2,2),(0.000958749193485772,
0.00178165371390624,0.00380245859607851),(-1.93801138331784E-18,9.99999999999806E-6),
 .UNSPECIFIED.);
#24=B_SPLINE_SURFACE_WITH_KNOTS('',3,1,((#13409,#13410),(#13411,#13412),
(#13413,#13414),(#13415,#13416),(#13417,#13418)),
 .SURF_OF_LINEAR_EXTRUSION.,.F.,.F.,.F.,(4,1,4),(2,2),(0.00012987769094286,
0.0019195299882255,0.00434954089070947),(-1.93801138331784E-18,9.99999999999806E-6),
 .UNSPECIFIED.);
#25=B_SPLINE_SURFACE_WITH_KNOTS('',3,1,((#13420,#13421),(#13422,#13423),
(#13424,#13425),(#13426,#13427)),.SURF_OF_LINEAR_EXTRUSION.,.F.,.F.,.F.,
(4,4),(2,2),(0.,0.00128841833765825),(-1.93801138331784E-18,9.99999999999806E-6),
 .UNSPECIFIED.);
#26=B_SPLINE_SURFACE_WITH_KNOTS('',3,1,((#13430,#13431),(#13432,#13433),
(#13434,#13435),(#13436,#13437),(#13438,#13439)),
 .SURF_OF_LINEAR_EXTRUSION.,.F.,.F.,.F.,(4,1,4),(2,2),(-0.00343061815101969,
-0.00155178569709562,-0.00128841833765836),(-1.93801138331784E-18,9.99999999999806E-6),
 .UNSPECIFIED.);
#27=B_SPLINE_SURFACE_WITH_KNOTS('',3,1,((#13495,#13496),(#13497,#13498),
(#13499,#13500),(#13501,#13502)),.SURF_OF_LINEAR_EXTRUSION.,.F.,.F.,.F.,
(4,4),(2,2),(0.00273807199772062,0.0226209940723998),(0.,1.),
 .PIECEWISE_BEZIER_KNOTS.);
#28=B_SPLINE_SURFACE_WITH_KNOTS('',3,1,((#13504,#13505),(#13506,#13507),
(#13508,#13509),(#13510,#13511)),.SURF_OF_LINEAR_EXTRUSION.,.F.,.F.,.F.,
(4,4),(2,2),(-0.000135233161284226,0.0226740934652561),(0.,1.),
 .PIECEWISE_BEZIER_KNOTS.);
#29=B_SPLINE_SURFACE_WITH_KNOTS('',3,1,((#13512,#13513),(#13514,#13515),
(#13516,#13517),(#13518,#13519)),.SURF_OF_LINEAR_EXTRUSION.,.F.,.F.,.F.,
(4,4),(2,2),(-0.00285595490970957,0.),(-1.93801138331784E-18,9.99999999999806E-6),
 .UNSPECIFIED.);
#30=B_SPLINE_SURFACE_WITH_KNOTS('',3,1,((#13521,#13522),(#13523,#13524),
(#13525,#13526),(#13527,#13528)),.SURF_OF_LINEAR_EXTRUSION.,.F.,.F.,.F.,
(4,4),(2,2),(-0.0249959560623985,-0.0225388660486092),(-1.93801138331784E-18,
9.99999999999806E-6),.UNSPECIFIED.);
#31=B_SPLINE_CURVE_WITH_KNOTS('',3,(#8433,#8434,#8435,#8436,#8437,#8438,
#8439),.UNSPECIFIED.,.F.,.F.,(4,1,1,1,4),(0.,0.25,0.5,0.75,1.),
 .UNSPECIFIED.);
#32=B_SPLINE_CURVE_WITH_KNOTS('',3,(#8441,#8442,#8443,#8444,#8445,#8446,
#8447,#8448,#8449,#8450,#8451),.UNSPECIFIED.,.F.,.F.,(4,1,1,1,1,1,1,1,4),
(0.,0.124999994371239,0.249999988742479,0.374999983113718,0.499999977484957,
0.624999971856196,0.749999966227435,0.874999960598675,0.999999954969914),
 .UNSPECIFIED.);
#33=B_SPLINE_CURVE_WITH_KNOTS('',3,(#8453,#8454,#8455,#8456,#8457,#8458,
#8459,#8460,#8461,#8462,#8463),.UNSPECIFIED.,.F.,.F.,(4,1,1,1,1,1,1,1,4),
(0.,0.125,0.25,0.375,0.5,0.625,0.75,0.875,1.),.UNSPECIFIED.);
#34=B_SPLINE_CURVE_WITH_KNOTS('',3,(#8465,#8466,#8467,#8468,#8469,#8470,
#8471),.UNSPECIFIED.,.F.,.F.,(4,1,1,1,4),(0.,0.25,0.5,0.75,1.),
 .UNSPECIFIED.);
#35=B_SPLINE_CURVE_WITH_KNOTS('',3,(#8561,#8562,#8563,#8564,#8565,#8566,
#8567,#8568,#8569,#8570,#8571,#8572,#8573,#8574,#8575,#8576,#8577,#8578,
#8579),.UNSPECIFIED.,.T.,.F.,(1,1,1,1,1,1,1,1,1,1,1,1,1,1,1,1,1,1,1,1,1,
1,1),(-0.190789473684211,-0.128289473684211,-0.0657894736842105,1.11022302462516E-15,
0.0593750000000001,0.12171875,0.1842109375,0.246710546875,0.30921052734375,
0.371710526367187,0.434210526318359,0.496710526315918,0.559210526315796,
0.62171052631579,0.684210526315789,0.746710526315789,0.809210526315789,
0.871710526315789,0.934210526315789,1.,1.059375,1.12171875,1.1842109375),
 .UNSPECIFIED.);
#36=B_SPLINE_CURVE_WITH_KNOTS('',3,(#8582,#8583,#8584,#8585,#8586,#8587,
#8588,#8589,#8590,#8591,#8592,#8593,#8594,#8595,#8596,#8597,#8598,#8599,
#8600),.UNSPECIFIED.,.T.,.F.,(1,1,1,1,1,1,1,1,1,1,1,1,1,1,1,1,1,1,1,1,1,
1,1),(-0.190789473684211,-0.128289473684211,-0.0657894736842105,0.,0.059375,
0.12171875,0.1842109375,0.246710546875,0.30921052734375,0.371710526367187,
0.434210526318359,0.496710526315918,0.559210526315796,0.62171052631579,
0.684210526315789,0.746710526315789,0.809210526315789,0.871710526315789,
0.934210526315789,1.,1.059375,1.12171875,1.1842109375),.UNSPECIFIED.);
#37=B_SPLINE_CURVE_WITH_KNOTS('',3,(#8606,#8607,#8608,#8609),
 .UNSPECIFIED.,.F.,.F.,(4,4),(-0.00285595490970957,0.),.UNSPECIFIED.);
#38=B_SPLINE_CURVE_WITH_KNOTS('',3,(#8611,#8612,#8613,#8614),
 .UNSPECIFIED.,.F.,.F.,(4,4),(0.,1.),.UNSPECIFIED.);
#39=B_SPLINE_CURVE_WITH_KNOTS('',3,(#8619,#8620,#8621,#8622),
 .UNSPECIFIED.,.F.,.F.,(4,4),(0.,0.999898520348254),.UNSPECIFIED.);
#40=B_SPLINE_CURVE_WITH_KNOTS('',3,(#8624,#8625,#8626,#8627),
 .UNSPECIFIED.,.F.,.F.,(4,4),(7.16390105785777E-5,1.),.UNSPECIFIED.);
#41=B_SPLINE_CURVE_WITH_KNOTS('',3,(#8634,#8635,#8636,#8637),
 .UNSPECIFIED.,.F.,.F.,(4,4),(0.,1.),.UNSPECIFIED.);
#42=B_SPLINE_CURVE_WITH_KNOTS('',3,(#8639,#8640,#8641,#8642),
 .UNSPECIFIED.,.F.,.F.,(4,4),(0.,0.999858569485673),.UNSPECIFIED.);
#43=B_SPLINE_CURVE_WITH_KNOTS('',3,(#8644,#8645,#8646,#8647),
 .UNSPECIFIED.,.F.,.F.,(4,4),(8.23324943326049E-5,1.),.UNSPECIFIED.);
#44=B_SPLINE_CURVE_WITH_KNOTS('',3,(#8654,#8655,#8656,#8657),
 .UNSPECIFIED.,.F.,.F.,(4,4),(0.,0.999929484647917),.UNSPECIFIED.);
#45=B_SPLINE_CURVE_WITH_KNOTS('',3,(#8659,#8660,#8661,#8662),
 .UNSPECIFIED.,.F.,.F.,(4,4),(4.97798481992599E-5,1.),.UNSPECIFIED.);
#46=B_SPLINE_CURVE_WITH_KNOTS('',3,(#8669,#8670,#8671,#8672),
 .UNSPECIFIED.,.F.,.F.,(4,4),(0.,1.),.UNSPECIFIED.);
#47=B_SPLINE_CURVE_WITH_KNOTS('',3,(#8674,#8675,#8676,#8677),
 .UNSPECIFIED.,.F.,.F.,(4,4),(0.,0.999880328509901),.UNSPECIFIED.);
#48=B_SPLINE_CURVE_WITH_KNOTS('',3,(#8679,#8680,#8681,#8682),
 .UNSPECIFIED.,.F.,.F.,(4,4),(6.96658554652284E-5,1.),.UNSPECIFIED.);
#49=B_SPLINE_CURVE_WITH_KNOTS('',3,(#8691,#8692,#8693,#8694),
 .UNSPECIFIED.,.F.,.F.,(4,4),(0.,0.999959333893404),.UNSPECIFIED.);
#50=B_SPLINE_CURVE_WITH_KNOTS('',3,(#8696,#8697,#8698,#8699),
 .UNSPECIFIED.,.F.,.F.,(4,4),(5.06660193941619E-5,1.),.UNSPECIFIED.);
#51=B_SPLINE_CURVE_WITH_KNOTS('',3,(#8701,#8702,#8703,#8704,#8705),
 .UNSPECIFIED.,.F.,.F.,(4,1,4),(0.000958749193485772,0.00178165371390624,
0.00380245859607851),.UNSPECIFIED.);
#52=B_SPLINE_CURVE_WITH_KNOTS('',3,(#8708,#8709,#8710,#8711),
 .UNSPECIFIED.,.F.,.F.,(4,4),(0.,0.999998785897576),.UNSPECIFIED.);
#53=B_SPLINE_CURVE_WITH_KNOTS('',3,(#8713,#8714,#8715,#8716),
 .UNSPECIFIED.,.F.,.F.,(4,4),(1.60190886422624E-6,0.999998383945236),
 .UNSPECIFIED.);
#54=B_SPLINE_CURVE_WITH_KNOTS('',3,(#8718,#8719,#8720,#8721),
 .UNSPECIFIED.,.F.,.F.,(4,4),(1.19541148198891E-6,1.),.UNSPECIFIED.);
#55=B_SPLINE_CURVE_WITH_KNOTS('',3,(#8723,#8724,#8725,#8726,#8727),
 .UNSPECIFIED.,.F.,.F.,(4,1,4),(0.,0.0013370878475341,0.0019262562425382),
 .UNSPECIFIED.);
#56=B_SPLINE_CURVE_WITH_KNOTS('',3,(#8732,#8733,#8734,#8735),
 .UNSPECIFIED.,.F.,.F.,(4,4),(0.,0.999977162374864),.UNSPECIFIED.);
#57=B_SPLINE_CURVE_WITH_KNOTS('',3,(#8737,#8738,#8739,#8740),
 .UNSPECIFIED.,.F.,.F.,(4,4),(3.30829645582864E-5,0.999969378993368),
 .UNSPECIFIED.);
#58=B_SPLINE_CURVE_WITH_KNOTS('',3,(#8742,#8743,#8744,#8745),
 .UNSPECIFIED.,.F.,.F.,(4,4),(2.23335836179365E-5,1.),.UNSPECIFIED.);
#59=B_SPLINE_CURVE_WITH_KNOTS('',3,(#8752,#8753,#8754,#8755),
 .UNSPECIFIED.,.F.,.F.,(4,4),(0.,0.999916663638311),.UNSPECIFIED.);
#60=B_SPLINE_CURVE_WITH_KNOTS('',3,(#8757,#8758,#8759,#8760),
 .UNSPECIFIED.,.F.,.F.,(4,4),(5.88308531452931E-5,1.),.UNSPECIFIED.);
#61=B_SPLINE_CURVE_WITH_KNOTS('',3,(#8767,#8768,#8769,#8770),
 .UNSPECIFIED.,.F.,.F.,(4,4),(0.,1.),.UNSPECIFIED.);
#62=B_SPLINE_CURVE_WITH_KNOTS('',3,(#8772,#8773,#8774,#8775),
 .UNSPECIFIED.,.F.,.F.,(4,4),(0.,0.999858569485752),.UNSPECIFIED.);
#63=B_SPLINE_CURVE_WITH_KNOTS('',3,(#8777,#8778,#8779,#8780),
 .UNSPECIFIED.,.F.,.F.,(4,4),(8.23324944480232E-5,1.),.UNSPECIFIED.);
#64=B_SPLINE_CURVE_WITH_KNOTS('',3,(#8787,#8788,#8789,#8790),
 .UNSPECIFIED.,.F.,.F.,(4,4),(-0.00337525345078867,0.),.UNSPECIFIED.);
#65=B_SPLINE_CURVE_WITH_KNOTS('',3,(#8792,#8793,#8794,#8795),
 .UNSPECIFIED.,.F.,.F.,(4,4),(0.,1.),.UNSPECIFIED.);
#66=B_SPLINE_CURVE_WITH_KNOTS('',3,(#8800,#8801,#8802,#8803),
 .UNSPECIFIED.,.F.,.F.,(4,4),(-0.00282203865824296,0.),.UNSPECIFIED.);
#67=B_SPLINE_CURVE_WITH_KNOTS('',3,(#8805,#8806,#8807,#8808),
 .UNSPECIFIED.,.F.,.F.,(4,4),(0.,1.),.UNSPECIFIED.);
#68=B_SPLINE_CURVE_WITH_KNOTS('',3,(#8810,#8811,#8812,#8813),
 .UNSPECIFIED.,.F.,.F.,(4,4),(0.,1.),.UNSPECIFIED.);
#69=B_SPLINE_CURVE_WITH_KNOTS('',3,(#8816,#8817,#8818,#8819),
 .UNSPECIFIED.,.F.,.F.,(4,4),(6.2378708586731E-7,0.999999110220617),
 .UNSPECIFIED.);
#70=B_SPLINE_CURVE_WITH_KNOTS('',3,(#8821,#8822,#8823,#8824),
 .UNSPECIFIED.,.F.,.F.,(4,4),(1.99535209526159E-6,0.999994110147121),
 .UNSPECIFIED.);
#71=B_SPLINE_CURVE_WITH_KNOTS('',3,(#8826,#8827,#8828,#8829),
 .UNSPECIFIED.,.F.,.F.,(4,4),(2.38793911351574E-6,1.),.UNSPECIFIED.);
#72=B_SPLINE_CURVE_WITH_KNOTS('',3,(#8831,#8832,#8833,#8834),
 .UNSPECIFIED.,.F.,.F.,(4,4),(0.,1.),.UNSPECIFIED.);
#73=B_SPLINE_CURVE_WITH_KNOTS('',3,(#8836,#8837,#8838,#8839),
 .UNSPECIFIED.,.F.,.F.,(4,4),(0.,1.),.UNSPECIFIED.);
#74=B_SPLINE_CURVE_WITH_KNOTS('',3,(#8841,#8842,#8843,#8844),
 .UNSPECIFIED.,.F.,.F.,(4,4),(0.,1.),.UNSPECIFIED.);
#75=B_SPLINE_CURVE_WITH_KNOTS('',3,(#8846,#8847,#8848,#8849),
 .UNSPECIFIED.,.F.,.F.,(4,4),(0.,1.),.UNSPECIFIED.);
#76=B_SPLINE_CURVE_WITH_KNOTS('',3,(#8851,#8852,#8853,#8854),
 .UNSPECIFIED.,.F.,.F.,(4,4),(1.33756916534272E-6,1.),.UNSPECIFIED.);
#77=B_SPLINE_CURVE_WITH_KNOTS('',3,(#8856,#8857,#8858,#8859),
 .UNSPECIFIED.,.F.,.F.,(4,4),(0.,0.999989631010414),.UNSPECIFIED.);
#78=B_SPLINE_CURVE_WITH_KNOTS('',3,(#8861,#8862,#8863,#8864),
 .UNSPECIFIED.,.F.,.F.,(4,4),(0.,0.999997253647435),.UNSPECIFIED.);
#79=B_SPLINE_CURVE_WITH_KNOTS('',3,(#8866,#8867,#8868,#8869),
 .UNSPECIFIED.,.F.,.F.,(4,4),(9.37006745799562E-7,0.999999258176144),
 .UNSPECIFIED.);
#80=B_SPLINE_CURVE_WITH_KNOTS('',3,(#8871,#8872,#8873,#8874),
 .UNSPECIFIED.,.F.,.F.,(4,4),(8.29874740219755E-7,0.999999107298593),
 .UNSPECIFIED.);
#81=B_SPLINE_CURVE_WITH_KNOTS('',3,(#8876,#8877,#8878,#8879),
 .UNSPECIFIED.,.F.,.F.,(4,4),(3.77803959519375E-6,0.999996221960405),
 .UNSPECIFIED.);
#82=B_SPLINE_CURVE_WITH_KNOTS('',3,(#8881,#8882,#8883,#8884),
 .UNSPECIFIED.,.F.,.F.,(4,4),(1.14944811793359E-6,0.999998939252303),
 .UNSPECIFIED.);
#83=B_SPLINE_CURVE_WITH_KNOTS('',3,(#8886,#8887,#8888,#8889),
 .UNSPECIFIED.,.F.,.F.,(4,4),(1.28818166316426E-6,0.999998330181976),
 .UNSPECIFIED.);
#84=B_SPLINE_CURVE_WITH_KNOTS('',3,(#8891,#8892,#8893,#8894),
 .UNSPECIFIED.,.F.,.F.,(4,4),(5.91511459340942E-6,1.),.UNSPECIFIED.);
#85=B_SPLINE_CURVE_WITH_KNOTS('',3,(#8896,#8897,#8898,#8899),
 .UNSPECIFIED.,.F.,.F.,(4,4),(1.10870148254186E-5,1.),.UNSPECIFIED.);
#86=B_SPLINE_CURVE_WITH_KNOTS('',3,(#8901,#8902,#8903,#8904),
 .UNSPECIFIED.,.F.,.F.,(4,4),(0.,1.),.UNSPECIFIED.);
#87=B_SPLINE_CURVE_WITH_KNOTS('',3,(#8906,#8907,#8908,#8909),
 .UNSPECIFIED.,.F.,.F.,(4,4),(0.,1.),.UNSPECIFIED.);
#88=B_SPLINE_CURVE_WITH_KNOTS('',3,(#8911,#8912,#8913,#8914),
 .UNSPECIFIED.,.F.,.F.,(4,4),(0.,1.),.UNSPECIFIED.);
#89=B_SPLINE_CURVE_WITH_KNOTS('',3,(#8916,#8917,#8918,#8919),
 .UNSPECIFIED.,.F.,.F.,(4,4),(0.,1.),.UNSPECIFIED.);
#90=B_SPLINE_CURVE_WITH_KNOTS('',3,(#8921,#8922,#8923,#8924),
 .UNSPECIFIED.,.F.,.F.,(4,4),(0.,1.),.UNSPECIFIED.);
#91=B_SPLINE_CURVE_WITH_KNOTS('',3,(#8926,#8927,#8928,#8929),
 .UNSPECIFIED.,.F.,.F.,(4,4),(0.,1.),.UNSPECIFIED.);
#92=B_SPLINE_CURVE_WITH_KNOTS('',3,(#8930,#8931,#8932,#8933),
 .UNSPECIFIED.,.F.,.F.,(4,4),(0.,1.),.UNSPECIFIED.);
#93=B_SPLINE_CURVE_WITH_KNOTS('',3,(#8936,#8937,#8938,#8939),
 .UNSPECIFIED.,.F.,.F.,(4,4),(0.,1.),.UNSPECIFIED.);
#94=B_SPLINE_CURVE_WITH_KNOTS('',3,(#8941,#8942,#8943,#8944),
 .UNSPECIFIED.,.F.,.F.,(4,4),(0.,0.99999907621545),.UNSPECIFIED.);
#95=B_SPLINE_CURVE_WITH_KNOTS('',3,(#8946,#8947,#8948,#8949),
 .UNSPECIFIED.,.F.,.F.,(4,4),(0.,1.),.UNSPECIFIED.);
#96=B_SPLINE_CURVE_WITH_KNOTS('',3,(#8951,#8952,#8953,#8954),
 .UNSPECIFIED.,.F.,.F.,(4,4),(0.,1.),.UNSPECIFIED.);
#97=B_SPLINE_CURVE_WITH_KNOTS('',3,(#8956,#8957,#8958,#8959),
 .UNSPECIFIED.,.F.,.F.,(4,4),(0.,1.),.UNSPECIFIED.);
#98=B_SPLINE_CURVE_WITH_KNOTS('',3,(#8961,#8962,#8963,#8964),
 .UNSPECIFIED.,.F.,.F.,(4,4),(2.28049099681759E-6,0.999980348141935),
 .UNSPECIFIED.);
#99=B_SPLINE_CURVE_WITH_KNOTS('',3,(#8966,#8967,#8968,#8969),
 .UNSPECIFIED.,.F.,.F.,(4,4),(1.20851971331182E-5,1.),.UNSPECIFIED.);
#100=B_SPLINE_CURVE_WITH_KNOTS('',3,(#8971,#8972,#8973,#8974),
 .UNSPECIFIED.,.F.,.F.,(4,4),(0.,0.999999307641615),.UNSPECIFIED.);
#101=B_SPLINE_CURVE_WITH_KNOTS('',3,(#8976,#8977,#8978,#8979),
 .UNSPECIFIED.,.F.,.F.,(4,4),(0.,1.),.UNSPECIFIED.);
#102=B_SPLINE_CURVE_WITH_KNOTS('',3,(#8981,#8982,#8983,#8984),
 .UNSPECIFIED.,.F.,.F.,(4,4),(0.,1.),.UNSPECIFIED.);
#103=B_SPLINE_CURVE_WITH_KNOTS('',3,(#8986,#8987,#8988,#8989),
 .UNSPECIFIED.,.F.,.F.,(4,4),(0.,1.),.UNSPECIFIED.);
#104=B_SPLINE_CURVE_WITH_KNOTS('',3,(#8991,#8992,#8993,#8994),
 .UNSPECIFIED.,.F.,.F.,(4,4),(0.,1.),.UNSPECIFIED.);
#105=B_SPLINE_CURVE_WITH_KNOTS('',3,(#8996,#8997,#8998,#8999),
 .UNSPECIFIED.,.F.,.F.,(4,4),(0.,1.),.UNSPECIFIED.);
#106=B_SPLINE_CURVE_WITH_KNOTS('',3,(#9001,#9002,#9003,#9004),
 .UNSPECIFIED.,.F.,.F.,(4,4),(0.,1.),.UNSPECIFIED.);
#107=B_SPLINE_CURVE_WITH_KNOTS('',3,(#9006,#9007,#9008,#9009),
 .UNSPECIFIED.,.F.,.F.,(4,4),(0.,1.),.UNSPECIFIED.);
#108=B_SPLINE_CURVE_WITH_KNOTS('',3,(#9011,#9012,#9013,#9014),
 .UNSPECIFIED.,.F.,.F.,(4,4),(0.,0.999999068346588),.UNSPECIFIED.);
#109=B_SPLINE_CURVE_WITH_KNOTS('',3,(#9016,#9017,#9018,#9019),
 .UNSPECIFIED.,.F.,.F.,(4,4),(0.,1.),.UNSPECIFIED.);
#110=B_SPLINE_CURVE_WITH_KNOTS('',3,(#9021,#9022,#9023,#9024),
 .UNSPECIFIED.,.F.,.F.,(4,4),(0.,1.),.UNSPECIFIED.);
#111=B_SPLINE_CURVE_WITH_KNOTS('',3,(#9026,#9027,#9028,#9029),
 .UNSPECIFIED.,.F.,.F.,(4,4),(0.,1.),.UNSPECIFIED.);
#112=B_SPLINE_CURVE_WITH_KNOTS('',3,(#9031,#9032,#9033,#9034),
 .UNSPECIFIED.,.F.,.F.,(4,4),(5.78821560677075E-6,0.999958644765871),
 .UNSPECIFIED.);
#113=B_SPLINE_CURVE_WITH_KNOTS('',3,(#9036,#9037,#9038,#9039),
 .UNSPECIFIED.,.F.,.F.,(4,4),(3.24465510148736E-5,0.999997787759636),
 .UNSPECIFIED.);
#114=B_SPLINE_CURVE_WITH_KNOTS('',3,(#9041,#9042,#9043,#9044),
 .UNSPECIFIED.,.F.,.F.,(4,4),(0.,1.),.UNSPECIFIED.);
#115=B_SPLINE_CURVE_WITH_KNOTS('',3,(#9046,#9047,#9048,#9049),
 .UNSPECIFIED.,.F.,.F.,(4,4),(0.,1.),.UNSPECIFIED.);
#116=B_SPLINE_CURVE_WITH_KNOTS('',3,(#9051,#9052,#9053,#9054),
 .UNSPECIFIED.,.F.,.F.,(4,4),(0.,1.),.UNSPECIFIED.);
#117=B_SPLINE_CURVE_WITH_KNOTS('',3,(#9056,#9057,#9058,#9059),
 .UNSPECIFIED.,.F.,.F.,(4,4),(8.46350993130059E-7,1.),.UNSPECIFIED.);
#118=B_SPLINE_CURVE_WITH_KNOTS('',3,(#9061,#9062,#9063,#9064),
 .UNSPECIFIED.,.F.,.F.,(4,4),(0.,1.),.UNSPECIFIED.);
#119=B_SPLINE_CURVE_WITH_KNOTS('',3,(#9066,#9067,#9068,#9069),
 .UNSPECIFIED.,.F.,.F.,(4,4),(0.,1.),.UNSPECIFIED.);
#120=B_SPLINE_CURVE_WITH_KNOTS('',3,(#9071,#9072,#9073,#9074),
 .UNSPECIFIED.,.F.,.F.,(4,4),(0.,1.),.UNSPECIFIED.);
#121=B_SPLINE_CURVE_WITH_KNOTS('',3,(#9076,#9077,#9078,#9079),
 .UNSPECIFIED.,.F.,.F.,(4,4),(0.,1.),.UNSPECIFIED.);
#122=B_SPLINE_CURVE_WITH_KNOTS('',3,(#9080,#9081,#9082,#9083,#9084),
 .UNSPECIFIED.,.F.,.F.,(4,1,4),(0.002822038658243,0.0111175277019954,0.0227877142986865),
 .UNSPECIFIED.);
#123=B_SPLINE_CURVE_WITH_KNOTS('',3,(#9087,#9088,#9089,#9090),
 .UNSPECIFIED.,.F.,.F.,(4,4),(0.,1.),.UNSPECIFIED.);
#124=B_SPLINE_CURVE_WITH_KNOTS('',3,(#9092,#9093,#9094,#9095),
 .UNSPECIFIED.,.F.,.F.,(4,4),(0.,1.),.UNSPECIFIED.);
#125=B_SPLINE_CURVE_WITH_KNOTS('',3,(#9097,#9098,#9099,#9100),
 .UNSPECIFIED.,.F.,.F.,(4,4),(0.,1.),.UNSPECIFIED.);
#126=B_SPLINE_CURVE_WITH_KNOTS('',3,(#9102,#9103,#9104,#9105),
 .UNSPECIFIED.,.F.,.F.,(4,4),(0.,1.),.UNSPECIFIED.);
#127=B_SPLINE_CURVE_WITH_KNOTS('',3,(#9107,#9108,#9109,#9110),
 .UNSPECIFIED.,.F.,.F.,(4,4),(0.,1.),.UNSPECIFIED.);
#128=B_SPLINE_CURVE_WITH_KNOTS('',3,(#9112,#9113,#9114,#9115),
 .UNSPECIFIED.,.F.,.F.,(4,4),(0.,1.),.UNSPECIFIED.);
#129=B_SPLINE_CURVE_WITH_KNOTS('',3,(#9117,#9118,#9119,#9120),
 .UNSPECIFIED.,.F.,.F.,(4,4),(0.,1.),.UNSPECIFIED.);
#130=B_SPLINE_CURVE_WITH_KNOTS('',3,(#9122,#9123,#9124,#9125),
 .UNSPECIFIED.,.F.,.F.,(4,4),(0.,1.),.UNSPECIFIED.);
#131=B_SPLINE_CURVE_WITH_KNOTS('',3,(#9127,#9128,#9129,#9130),
 .UNSPECIFIED.,.F.,.F.,(4,4),(0.,1.),.UNSPECIFIED.);
#132=B_SPLINE_CURVE_WITH_KNOTS('',3,(#9132,#9133,#9134,#9135),
 .UNSPECIFIED.,.F.,.F.,(4,4),(0.,1.),.UNSPECIFIED.);
#133=B_SPLINE_CURVE_WITH_KNOTS('',3,(#9137,#9138,#9139,#9140),
 .UNSPECIFIED.,.F.,.F.,(4,4),(0.,0.999999101756074),.UNSPECIFIED.);
#134=B_SPLINE_CURVE_WITH_KNOTS('',3,(#9142,#9143,#9144,#9145),
 .UNSPECIFIED.,.F.,.F.,(4,4),(0.,1.),.UNSPECIFIED.);
#135=B_SPLINE_CURVE_WITH_KNOTS('',3,(#9147,#9148,#9149,#9150),
 .UNSPECIFIED.,.F.,.F.,(4,4),(0.,1.),.UNSPECIFIED.);
#136=B_SPLINE_CURVE_WITH_KNOTS('',3,(#9152,#9153,#9154,#9155),
 .UNSPECIFIED.,.F.,.F.,(4,4),(5.98325759912397E-7,1.),.UNSPECIFIED.);
#137=B_SPLINE_CURVE_WITH_KNOTS('',3,(#9157,#9158,#9159,#9160),
 .UNSPECIFIED.,.F.,.F.,(4,4),(0.,1.),.UNSPECIFIED.);
#138=B_SPLINE_CURVE_WITH_KNOTS('',3,(#9162,#9163,#9164,#9165),
 .UNSPECIFIED.,.F.,.F.,(4,4),(0.,1.),.UNSPECIFIED.);
#139=B_SPLINE_CURVE_WITH_KNOTS('',3,(#9167,#9168,#9169,#9170),
 .UNSPECIFIED.,.F.,.F.,(4,4),(0.,0.999998820903687),.UNSPECIFIED.);
#140=B_SPLINE_CURVE_WITH_KNOTS('',3,(#9172,#9173,#9174,#9175),
 .UNSPECIFIED.,.F.,.F.,(4,4),(2.37473194977284E-6,0.999994324006778),
 .UNSPECIFIED.);
#141=B_SPLINE_CURVE_WITH_KNOTS('',3,(#9177,#9178,#9179,#9180),
 .UNSPECIFIED.,.F.,.F.,(4,4),(2.73971717919728E-6,1.),.UNSPECIFIED.);
#142=B_SPLINE_CURVE_WITH_KNOTS('',3,(#9182,#9183,#9184,#9185),
 .UNSPECIFIED.,.F.,.F.,(4,4),(0.,1.),.UNSPECIFIED.);
#143=B_SPLINE_CURVE_WITH_KNOTS('',3,(#9187,#9188,#9189,#9190),
 .UNSPECIFIED.,.F.,.F.,(4,4),(0.,0.99999921572704),.UNSPECIFIED.);
#144=B_SPLINE_CURVE_WITH_KNOTS('',3,(#9192,#9193,#9194,#9195),
 .UNSPECIFIED.,.F.,.F.,(4,4),(0.,1.),.UNSPECIFIED.);
#145=B_SPLINE_CURVE_WITH_KNOTS('',3,(#9197,#9198,#9199,#9200,#9201),
 .UNSPECIFIED.,.F.,.F.,(4,1,4),(0.,0.00643576618144675,0.0104802163104839),
 .UNSPECIFIED.);
#146=B_SPLINE_CURVE_WITH_KNOTS('',3,(#9202,#9203,#9204,#9205),
 .UNSPECIFIED.,.F.,.F.,(4,4),(1.027947155923E-6,0.999998972052841),
 .UNSPECIFIED.);
#147=B_SPLINE_CURVE_WITH_KNOTS('',3,(#9208,#9209,#9210,#9211),
 .UNSPECIFIED.,.F.,.F.,(4,4),(3.65923269671513E-6,0.999996340767303),
 .UNSPECIFIED.);
#148=B_SPLINE_CURVE_WITH_KNOTS('',3,(#9213,#9214,#9215,#9216),
 .UNSPECIFIED.,.F.,.F.,(4,4),(7.89441154087933E-7,0.999999210558844),
 .UNSPECIFIED.);
#149=B_SPLINE_CURVE_WITH_KNOTS('',3,(#9218,#9219,#9220,#9221),
 .UNSPECIFIED.,.F.,.F.,(4,4),(4.02363892688365E-7,0.999999597636107),
 .UNSPECIFIED.);
#150=B_SPLINE_CURVE_WITH_KNOTS('',3,(#9223,#9224,#9225,#9226),
 .UNSPECIFIED.,.F.,.F.,(4,4),(3.40244595697515E-6,0.999996597554052),
 .UNSPECIFIED.);
#151=B_SPLINE_CURVE_WITH_KNOTS('',3,(#9228,#9229,#9230,#9231),
 .UNSPECIFIED.,.F.,.F.,(4,4),(4.52073205700047E-7,0.999999547926794),
 .UNSPECIFIED.);
#152=B_SPLINE_CURVE_WITH_KNOTS('',3,(#9232,#9233,#9234,#9235),
 .UNSPECIFIED.,.F.,.F.,(4,4),(0.,1.),.UNSPECIFIED.);
#153=B_SPLINE_CURVE_WITH_KNOTS('',3,(#9238,#9239,#9240,#9241),
 .UNSPECIFIED.,.F.,.F.,(4,4),(0.,1.),.UNSPECIFIED.);
#154=B_SPLINE_CURVE_WITH_KNOTS('',3,(#9243,#9244,#9245,#9246),
 .UNSPECIFIED.,.F.,.F.,(4,4),(0.,1.),.UNSPECIFIED.);
#155=B_SPLINE_CURVE_WITH_KNOTS('',3,(#9248,#9249,#9250,#9251),
 .UNSPECIFIED.,.F.,.F.,(4,4),(0.,1.),.UNSPECIFIED.);
#156=B_SPLINE_CURVE_WITH_KNOTS('',3,(#9253,#9254,#9255,#9256),
 .UNSPECIFIED.,.F.,.F.,(4,4),(0.,1.),.UNSPECIFIED.);
#157=B_SPLINE_CURVE_WITH_KNOTS('',3,(#9258,#9259,#9260,#9261),
 .UNSPECIFIED.,.F.,.F.,(4,4),(0.,1.),.UNSPECIFIED.);
#158=B_SPLINE_CURVE_WITH_KNOTS('',3,(#9263,#9264,#9265,#9266),
 .UNSPECIFIED.,.F.,.F.,(4,4),(0.,1.),.UNSPECIFIED.);
#159=B_SPLINE_CURVE_WITH_KNOTS('',3,(#9268,#9269,#9270,#9271),
 .UNSPECIFIED.,.F.,.F.,(4,4),(0.,1.),.UNSPECIFIED.);
#160=B_SPLINE_CURVE_WITH_KNOTS('',3,(#9272,#9273,#9274,#9275,#9276,#9277),
 .UNSPECIFIED.,.F.,.F.,(4,1,1,4),(3.67890587155949E-7,0.499999809340144,
0.749999530064922,0.999999250789701),.UNSPECIFIED.);
#161=B_SPLINE_CURVE_WITH_KNOTS('',3,(#9280,#9281,#9282,#9283),
 .UNSPECIFIED.,.F.,.F.,(4,4),(0.,0.999997669562059),.UNSPECIFIED.);
#162=B_SPLINE_CURVE_WITH_KNOTS('',3,(#9285,#9286,#9287,#9288),
 .UNSPECIFIED.,.F.,.F.,(4,4),(8.20101656640112E-7,0.999997964441026),
 .UNSPECIFIED.);
#163=B_SPLINE_CURVE_WITH_KNOTS('',3,(#9290,#9291,#9292,#9293),
 .UNSPECIFIED.,.F.,.F.,(4,4),(3.23566230286758E-6,1.),.UNSPECIFIED.);
#164=B_SPLINE_CURVE_WITH_KNOTS('',3,(#9295,#9296,#9297,#9298),
 .UNSPECIFIED.,.F.,.F.,(4,4),(1.16639576627649E-6,1.),.UNSPECIFIED.);
#165=B_SPLINE_CURVE_WITH_KNOTS('',3,(#9300,#9301,#9302,#9303),
 .UNSPECIFIED.,.F.,.F.,(4,4),(0.,0.999978629804825),.UNSPECIFIED.);
#166=B_SPLINE_CURVE_WITH_KNOTS('',3,(#9305,#9306,#9307,#9308),
 .UNSPECIFIED.,.F.,.F.,(4,4),(0.,0.999999272892432),.UNSPECIFIED.);
#167=B_SPLINE_CURVE_WITH_KNOTS('',3,(#9310,#9311,#9312,#9313),
 .UNSPECIFIED.,.F.,.F.,(4,4),(1.1251769232047E-6,0.99999887482308),
 .UNSPECIFIED.);
#168=B_SPLINE_CURVE_WITH_KNOTS('',3,(#9315,#9316,#9317,#9318),
 .UNSPECIFIED.,.F.,.F.,(4,4),(3.47222208242088E-7,0.999999652777791),
 .UNSPECIFIED.);
#169=B_SPLINE_CURVE_WITH_KNOTS('',3,(#9320,#9321,#9322,#9323),
 .UNSPECIFIED.,.F.,.F.,(4,4),(1.12517692008171E-6,0.99999887482308),
 .UNSPECIFIED.);
#170=B_SPLINE_CURVE_WITH_KNOTS('',3,(#9325,#9326,#9327,#9328),
 .UNSPECIFIED.,.F.,.F.,(4,4),(1.87134519523992E-6,0.999998128654805),
 .UNSPECIFIED.);
#171=B_SPLINE_CURVE_WITH_KNOTS('',3,(#9330,#9331,#9332,#9333),
 .UNSPECIFIED.,.F.,.F.,(4,4),(0.000106652924122063,0.999954886330376),
 .UNSPECIFIED.);
#172=B_SPLINE_CURVE_WITH_KNOTS('',3,(#9334,#9335,#9336,#9337,#9338),
 .UNSPECIFIED.,.F.,.F.,(4,1,4),(0.,0.49999986583138,0.99999973166276),
 .UNSPECIFIED.);
#173=B_SPLINE_CURVE_WITH_KNOTS('',3,(#9341,#9342,#9343,#9344,#9345,#9346),
 .UNSPECIFIED.,.F.,.F.,(4,1,1,4),(0.,0.499999533999559,0.749999300999338,
0.999999067999118),.UNSPECIFIED.);
#174=B_SPLINE_CURVE_WITH_KNOTS('',3,(#9348,#9349,#9350,#9351),
 .UNSPECIFIED.,.F.,.F.,(4,4),(1.55613067033708E-6,0.999999352615358),
 .UNSPECIFIED.);
#175=B_SPLINE_CURVE_WITH_KNOTS('',3,(#9353,#9354,#9355,#9356,#9357,#9358,
#9359),.UNSPECIFIED.,.F.,.F.,(4,1,1,1,4),(3.60040405880206E-7,0.250000270030304,
0.500000180020203,0.750000090010101,1.),.UNSPECIFIED.);
#176=B_SPLINE_CURVE_WITH_KNOTS('',3,(#9361,#9362,#9363,#9364,#9365,#9366,
#9367),.UNSPECIFIED.,.F.,.F.,(4,1,1,1,4),(3.07074913141689E-7,0.250000230306185,
0.500000153537457,0.750000076768728,1.),.UNSPECIFIED.);
#177=B_SPLINE_CURVE_WITH_KNOTS('',3,(#9369,#9370,#9371,#9372,#9373,#9374,
#9375),.UNSPECIFIED.,.F.,.F.,(4,1,1,1,4),(0.,0.25,0.5,0.75,1.),
 .UNSPECIFIED.);
#178=B_SPLINE_CURVE_WITH_KNOTS('',3,(#9377,#9378,#9379,#9380,#9381,#9382,
#9383),.UNSPECIFIED.,.F.,.F.,(4,1,1,1,4),(0.,0.25,0.5,0.75,1.),
 .UNSPECIFIED.);
#179=B_SPLINE_CURVE_WITH_KNOTS('',3,(#9385,#9386,#9387,#9388,#9389,#9390,
#9391),.UNSPECIFIED.,.F.,.F.,(4,1,1,1,4),(0.,0.249999898820747,0.499999797641493,
0.74999969646224,0.999999595282987),.UNSPECIFIED.);
#180=B_SPLINE_CURVE_WITH_KNOTS('',3,(#9393,#9394,#9395,#9396),
 .UNSPECIFIED.,.F.,.F.,(4,4),(0.,0.999999553278969),.UNSPECIFIED.);
#181=B_SPLINE_CURVE_WITH_KNOTS('',3,(#9398,#9399,#9400,#9401),
 .UNSPECIFIED.,.F.,.F.,(4,4),(6.73066529262523E-7,0.999998523063389),
 .UNSPECIFIED.);
#182=B_SPLINE_CURVE_WITH_KNOTS('',3,(#9403,#9404,#9405,#9406,#9407),
 .UNSPECIFIED.,.F.,.F.,(4,1,4),(1.00693757793844E-6,0.500000503468789,1.),
 .UNSPECIFIED.);
#183=B_SPLINE_CURVE_WITH_KNOTS('',3,(#9409,#9410,#9411,#9412,#9413,#9414),
 .UNSPECIFIED.,.F.,.F.,(4,1,1,4),(2.54189452115181E-7,0.500000127094726,
0.750000063547363,1.),.UNSPECIFIED.);
#184=B_SPLINE_CURVE_WITH_KNOTS('',3,(#9416,#9417,#9418,#9419,#9420,#9421),
 .UNSPECIFIED.,.F.,.F.,(4,1,1,4),(0.,0.5,0.75,1.),.UNSPECIFIED.);
#185=B_SPLINE_CURVE_WITH_KNOTS('',3,(#9423,#9424,#9425,#9426,#9427,#9428),
 .UNSPECIFIED.,.F.,.F.,(4,1,1,4),(0.,0.5,0.75,1.),.UNSPECIFIED.);
#186=B_SPLINE_CURVE_WITH_KNOTS('',3,(#9429,#9430,#9431,#9432),
 .UNSPECIFIED.,.F.,.F.,(4,4),(8.69801732374889E-7,0.999999130198263),
 .UNSPECIFIED.);
#187=B_SPLINE_CURVE_WITH_KNOTS('',3,(#9435,#9436,#9437,#9438),
 .UNSPECIFIED.,.F.,.F.,(4,4),(3.09627278134419E-6,0.999996903727219),
 .UNSPECIFIED.);
#188=B_SPLINE_CURVE_WITH_KNOTS('',3,(#9440,#9441,#9442,#9443),
 .UNSPECIFIED.,.F.,.F.,(4,4),(6.67988745287163E-7,0.999999332011254),
 .UNSPECIFIED.);
#189=B_SPLINE_CURVE_WITH_KNOTS('',3,(#9445,#9446,#9447,#9448),
 .UNSPECIFIED.,.F.,.F.,(4,4),(3.40461758809035E-7,0.999999659538241),
 .UNSPECIFIED.);
#190=B_SPLINE_CURVE_WITH_KNOTS('',3,(#9450,#9451,#9452,#9453),
 .UNSPECIFIED.,.F.,.F.,(4,4),(2.87899092832993E-6,0.999997121009068),
 .UNSPECIFIED.);
#191=B_SPLINE_CURVE_WITH_KNOTS('',3,(#9455,#9456,#9457,#9458),
 .UNSPECIFIED.,.F.,.F.,(4,4),(3.82523501836859E-7,0.9999996174765),
 .UNSPECIFIED.);
#192=B_SPLINE_CURVE_WITH_KNOTS('',3,(#9459,#9460,#9461,#9462),
 .UNSPECIFIED.,.F.,.F.,(4,4),(8.51743245802577E-7,0.999999148256754),
 .UNSPECIFIED.);
#193=B_SPLINE_CURVE_WITH_KNOTS('',3,(#9465,#9466,#9467,#9468),
 .UNSPECIFIED.,.F.,.F.,(4,4),(3.32640501303224E-6,0.999996673594987),
 .UNSPECIFIED.);
#194=B_SPLINE_CURVE_WITH_KNOTS('',3,(#9470,#9471,#9472,#9473),
 .UNSPECIFIED.,.F.,.F.,(4,4),(8.51743246245839E-7,0.999999148256754),
 .UNSPECIFIED.);
#195=B_SPLINE_CURVE_WITH_KNOTS('',3,(#9475,#9476,#9477,#9478),
 .UNSPECIFIED.,.F.,.F.,(4,4),(3.32640501303224E-6,0.999996673594987),
 .UNSPECIFIED.);
#196=B_SPLINE_CURVE_WITH_KNOTS('',3,(#9479,#9480,#9481,#9482),
 .UNSPECIFIED.,.F.,.F.,(4,4),(8.51743245802585E-7,0.999999148256754),
 .UNSPECIFIED.);
#197=B_SPLINE_CURVE_WITH_KNOTS('',3,(#9485,#9486,#9487,#9488),
 .UNSPECIFIED.,.F.,.F.,(4,4),(3.32640501303192E-6,0.999996673594987),
 .UNSPECIFIED.);
#198=B_SPLINE_CURVE_WITH_KNOTS('',3,(#9490,#9491,#9492,#9493),
 .UNSPECIFIED.,.F.,.F.,(4,4),(8.51743246984616E-7,0.999999148256754),
 .UNSPECIFIED.);
#199=B_SPLINE_CURVE_WITH_KNOTS('',3,(#9495,#9496,#9497,#9498),
 .UNSPECIFIED.,.F.,.F.,(4,4),(3.32640501303192E-6,0.999996673594987),
 .UNSPECIFIED.);
#200=B_SPLINE_CURVE_WITH_KNOTS('',3,(#9499,#9500,#9501,#9502),
 .UNSPECIFIED.,.F.,.F.,(4,4),(0.,1.),.UNSPECIFIED.);
#201=B_SPLINE_CURVE_WITH_KNOTS('',3,(#9505,#9506,#9507,#9508),
 .UNSPECIFIED.,.F.,.F.,(4,4),(0.,1.),.UNSPECIFIED.);
#202=B_SPLINE_CURVE_WITH_KNOTS('',3,(#9510,#9511,#9512,#9513),
 .UNSPECIFIED.,.F.,.F.,(4,4),(0.,1.),.UNSPECIFIED.);
#203=B_SPLINE_CURVE_WITH_KNOTS('',3,(#9515,#9516,#9517,#9518),
 .UNSPECIFIED.,.F.,.F.,(4,4),(0.,1.),.UNSPECIFIED.);
#204=B_SPLINE_CURVE_WITH_KNOTS('',3,(#9520,#9521,#9522,#9523),
 .UNSPECIFIED.,.F.,.F.,(4,4),(0.,1.),.UNSPECIFIED.);
#205=B_SPLINE_CURVE_WITH_KNOTS('',3,(#9525,#9526,#9527,#9528),
 .UNSPECIFIED.,.F.,.F.,(4,4),(0.,1.),.UNSPECIFIED.);
#206=B_SPLINE_CURVE_WITH_KNOTS('',3,(#9530,#9531,#9532,#9533),
 .UNSPECIFIED.,.F.,.F.,(4,4),(0.,1.),.UNSPECIFIED.);
#207=B_SPLINE_CURVE_WITH_KNOTS('',3,(#9535,#9536,#9537,#9538),
 .UNSPECIFIED.,.F.,.F.,(4,4),(0.,1.),.UNSPECIFIED.);
#208=B_SPLINE_CURVE_WITH_KNOTS('',3,(#9539,#9540,#9541,#9542,#9543,#9544,
#9545),.UNSPECIFIED.,.F.,.F.,(4,1,1,1,4),(3.48528841806415E-7,0.250000083951201,
0.49999981937356,0.74999955479592,0.999999290218279),.UNSPECIFIED.);
#209=B_SPLINE_CURVE_WITH_KNOTS('',3,(#9548,#9549,#9550,#9551),
 .UNSPECIFIED.,.F.,.F.,(4,4),(0.,0.999997792221191),.UNSPECIFIED.);
#210=B_SPLINE_CURVE_WITH_KNOTS('',3,(#9553,#9554,#9555,#9556),
 .UNSPECIFIED.,.F.,.F.,(4,4),(7.76937387807733E-7,0.999998071555768),
 .UNSPECIFIED.);
#211=B_SPLINE_CURVE_WITH_KNOTS('',3,(#9558,#9559,#9560,#9561),
 .UNSPECIFIED.,.F.,.F.,(4,4),(3.0653990592751E-6,1.),.UNSPECIFIED.);
#212=B_SPLINE_CURVE_WITH_KNOTS('',3,(#9563,#9564,#9565,#9566),
 .UNSPECIFIED.,.F.,.F.,(4,4),(1.10496243418643E-6,1.),.UNSPECIFIED.);
#213=B_SPLINE_CURVE_WITH_KNOTS('',3,(#9568,#9569,#9570,#9571),
 .UNSPECIFIED.,.F.,.F.,(4,4),(0.,0.999979757069821),.UNSPECIFIED.);
#214=B_SPLINE_CURVE_WITH_KNOTS('',3,(#9573,#9574,#9575,#9576),
 .UNSPECIFIED.,.F.,.F.,(4,4),(0.,0.999999311161366),.UNSPECIFIED.);
#215=B_SPLINE_CURVE_WITH_KNOTS('',3,(#9578,#9579,#9580,#9581),
 .UNSPECIFIED.,.F.,.F.,(4,4),(1.06595533819232E-6,0.999998934044662),
 .UNSPECIFIED.);
#216=B_SPLINE_CURVE_WITH_KNOTS('',3,(#9583,#9584,#9585,#9586),
 .UNSPECIFIED.,.F.,.F.,(4,4),(3.28947372375655E-7,0.999999671052628),
 .UNSPECIFIED.);
#217=B_SPLINE_CURVE_WITH_KNOTS('',3,(#9588,#9589,#9590,#9591),
 .UNSPECIFIED.,.F.,.F.,(4,4),(1.06595533745267E-6,0.999998934044663),
 .UNSPECIFIED.);
#218=B_SPLINE_CURVE_WITH_KNOTS('',3,(#9593,#9594,#9595,#9596),
 .UNSPECIFIED.,.F.,.F.,(4,4),(1.77285288492185E-6,0.999998227147115),
 .UNSPECIFIED.);
#219=B_SPLINE_CURVE_WITH_KNOTS('',3,(#9598,#9599,#9600,#9601),
 .UNSPECIFIED.,.F.,.F.,(4,4),(0.000101051333066145,0.999957255685863),
 .UNSPECIFIED.);
#220=B_SPLINE_CURVE_WITH_KNOTS('',3,(#9602,#9603,#9604,#9605,#9606,#9607,
#9608),.UNSPECIFIED.,.F.,.F.,(4,1,1,1,4),(0.,0.25,0.5,0.75,1.),
 .UNSPECIFIED.);
#221=B_SPLINE_CURVE_WITH_KNOTS('',3,(#9611,#9612,#9613,#9614,#9615,#9616,
#9617),.UNSPECIFIED.,.F.,.F.,(4,1,1,1,4),(0.,0.25,0.5,0.75,1.),
 .UNSPECIFIED.);
#222=B_SPLINE_CURVE_WITH_KNOTS('',3,(#9619,#9620,#9621,#9622,#9623),
 .UNSPECIFIED.,.F.,.F.,(4,1,4),(0.,0.5,1.),.UNSPECIFIED.);
#223=B_SPLINE_CURVE_WITH_KNOTS('',3,(#9625,#9626,#9627,#9628),
 .UNSPECIFIED.,.F.,.F.,(4,4),(3.06677836390437E-5,0.9998989486667),
 .UNSPECIFIED.);
#224=B_SPLINE_CURVE_WITH_KNOTS('',3,(#9630,#9631,#9632,#9633),
 .UNSPECIFIED.,.F.,.F.,(4,4),(4.5673503287566E-7,0.999999543264969),
 .UNSPECIFIED.);
#225=B_SPLINE_CURVE_WITH_KNOTS('',3,(#9635,#9636,#9637,#9638),
 .UNSPECIFIED.,.F.,.F.,(4,4),(8.52765135086036E-7,0.999999147234865),
 .UNSPECIFIED.);
#226=B_SPLINE_CURVE_WITH_KNOTS('',3,(#9640,#9641,#9642,#9643),
 .UNSPECIFIED.,.F.,.F.,(4,4),(1.80249963645018E-7,0.999999819750036),
 .UNSPECIFIED.);
#227=B_SPLINE_CURVE_WITH_KNOTS('',3,(#9645,#9646,#9647,#9648),
 .UNSPECIFIED.,.F.,.F.,(4,4),(8.52765135086036E-7,0.999999147234865),
 .UNSPECIFIED.);
#228=B_SPLINE_CURVE_WITH_KNOTS('',3,(#9650,#9651,#9652,#9653),
 .UNSPECIFIED.,.F.,.F.,(4,4),(1.7498285272469E-6,0.999998250171473),
 .UNSPECIFIED.);
#229=B_SPLINE_CURVE_WITH_KNOTS('',3,(#9655,#9656,#9657,#9658),
 .UNSPECIFIED.,.F.,.F.,(4,4),(0.000101051333182743,0.99996814679984),
 .UNSPECIFIED.);
#230=B_SPLINE_CURVE_WITH_KNOTS('',3,(#9660,#9661,#9662,#9663,#9664,#9665,
#9666),.UNSPECIFIED.,.F.,.F.,(4,1,1,1,4),(0.,0.25,0.5,0.75,1.),
 .UNSPECIFIED.);
#231=B_SPLINE_CURVE_WITH_KNOTS('',3,(#9668,#9669,#9670,#9671,#9672,#9673),
 .UNSPECIFIED.,.F.,.F.,(4,1,1,4),(0.,0.5,0.75,1.),.UNSPECIFIED.);
#232=B_SPLINE_CURVE_WITH_KNOTS('',3,(#9675,#9676,#9677,#9678,#9679,#9680,
#9681),.UNSPECIFIED.,.F.,.F.,(4,1,1,1,4),(0.,0.25,0.5,0.75,1.),
 .UNSPECIFIED.);
#233=B_SPLINE_CURVE_WITH_KNOTS('',3,(#9682,#9683,#9684,#9685,#9686,#9687,
#9688,#9689,#9690,#9691),.UNSPECIFIED.,.F.,.F.,(4,1,1,1,1,1,1,4),(2.67125338275398E-7,
0.250000181210221,0.375000138252662,0.500000095295103,0.562500073816324,
0.625000052337544,0.750000009379986,0.999999923464868),.UNSPECIFIED.);
#234=B_SPLINE_CURVE_WITH_KNOTS('',3,(#9694,#9695,#9696,#9697,#9698,#9699,
#9700,#9701,#9702,#9703,#9704,#9705),.UNSPECIFIED.,.F.,.F.,(4,1,1,1,1,1,
1,1,1,4),(4.63992258846061E-8,0.124999962744348,0.187499920916909,0.24999987908947,
0.312499837262031,0.374999795434592,0.499999711779714,0.624999628124837,
0.749999544469959,0.999999377160203),.UNSPECIFIED.);
#235=B_SPLINE_CURVE_WITH_KNOTS('',3,(#9707,#9708,#9709,#9710,#9711,#9712,
#9713,#9714,#9715,#9716,#9717,#9718,#9719,#9720,#9721,#9722,#9723,#9724,
#9725,#9726),.UNSPECIFIED.,.F.,.F.,(4,1,1,1,1,1,1,1,1,1,1,1,1,1,1,1,1,4),
(2.88476364328509E-7,0.125000242411728,0.250000196347091,0.375000150282454,
0.437500127250136,0.500000104217818,0.562500081185499,0.59375006966934,
0.625000058153181,0.656250046637022,0.687500035120863,0.718750023604704,
0.750000012088544,0.812499989056226,0.874999966023908,0.906249954507748,
0.937499942991589,0.999999919959271),.UNSPECIFIED.);
#236=B_SPLINE_CURVE_WITH_KNOTS('',3,(#9728,#9729,#9730,#9731,#9732,#9733,
#9734,#9735,#9736,#9737,#9738,#9739,#9740,#9741,#9742,#9743,#9744,#9745,
#9746,#9747,#9748,#9749,#9750,#9751,#9752,#9753,#9754,#9755,#9756,#9757,
#9758,#9759,#9760,#9761,#9762,#9763,#9764,#9765,#9766,#9767,#9768,#9769,
#9770,#9771,#9772,#9773,#9774,#9775),.UNSPECIFIED.,.F.,.F.,(4,1,1,1,1,1,
1,1,1,1,1,1,1,1,1,1,1,1,1,1,1,1,1,1,1,1,1,1,1,1,1,1,1,1,1,1,1,1,1,1,1,1,
1,1,1,4),(2.39731879883839E-8,0.0625000215901952,0.125000019207202,0.156250018015706,
0.171875017419958,0.18750001682421,0.203125016228461,0.218750015632713,
0.234375015036965,0.250000014441217,0.28125001324972,0.296875012653972,
0.304687512356098,0.312500012058224,0.343750010866727,0.359375010270979,
0.367187509973105,0.375000009675231,0.390625009079483,0.406250008483735,
0.421875007887986,0.437500007292238,0.468750006100742,0.500000004909245,
0.515625004313497,0.523437504015623,0.531250003717749,0.546875003122001,
0.562500002526253,0.593750001334756,0.62500000014326,0.640624999547512,
0.656249998951763,0.687499997760267,0.749999995377274,0.765624994781526,
0.781249994185778,0.789062493887904,0.79687499359003,0.812499992994281,
0.874999990611289,0.906249989419792,0.921874988824044,0.937499988228296,
0.968749987036799,0.999999985845303),.UNSPECIFIED.);
#237=B_SPLINE_CURVE_WITH_KNOTS('',3,(#9777,#9778,#9779,#9780),
 .UNSPECIFIED.,.F.,.F.,(4,4),(1.68565452033562E-7,0.999998403717938),
 .UNSPECIFIED.);
#238=B_SPLINE_CURVE_WITH_KNOTS('',3,(#9782,#9783,#9784,#9785,#9786,#9787,
#9788,#9789,#9790,#9791,#9792,#9793,#9794,#9795),.UNSPECIFIED.,.F.,.F.,
(4,1,1,1,1,1,1,1,1,1,1,4),(2.17688343469094E-7,0.125000159396865,0.250000101105386,
0.375000042813907,0.437500013668168,0.468749999095298,0.499999984522429,
0.562499955376689,0.62499992623095,0.749999867939471,0.874999809647993,
0.999999751356514),.UNSPECIFIED.);
#239=B_SPLINE_CURVE_WITH_KNOTS('',3,(#9796,#9797,#9798,#9799),
 .UNSPECIFIED.,.F.,.F.,(4,4),(0.,0.999999009090529),.UNSPECIFIED.);
#240=B_SPLINE_CURVE_WITH_KNOTS('',3,(#9802,#9803,#9804,#9805),
 .UNSPECIFIED.,.F.,.F.,(4,4),(0.,1.),.UNSPECIFIED.);
#241=B_SPLINE_CURVE_WITH_KNOTS('',3,(#9807,#9808,#9809,#9810),
 .UNSPECIFIED.,.F.,.F.,(4,4),(5.45904125587537E-7,0.999999447671518),
 .UNSPECIFIED.);
#242=B_SPLINE_CURVE_WITH_KNOTS('',3,(#9812,#9813,#9814,#9815),
 .UNSPECIFIED.,.F.,.F.,(4,4),(8.96214363918612E-7,0.999997490259207),
 .UNSPECIFIED.);
#243=B_SPLINE_CURVE_WITH_KNOTS('',3,(#9817,#9818,#9819,#9820),
 .UNSPECIFIED.,.F.,.F.,(4,4),(2.84356031290436E-6,1.),.UNSPECIFIED.);
#244=B_SPLINE_CURVE_WITH_KNOTS('',3,(#9822,#9823,#9824,#9825),
 .UNSPECIFIED.,.F.,.F.,(4,4),(0.,1.),.UNSPECIFIED.);
#245=B_SPLINE_CURVE_WITH_KNOTS('',3,(#9827,#9828,#9829,#9830),
 .UNSPECIFIED.,.F.,.F.,(4,4),(9.40725939865011E-7,1.),.UNSPECIFIED.);
#246=B_SPLINE_CURVE_WITH_KNOTS('',3,(#9832,#9833,#9834,#9835),
 .UNSPECIFIED.,.F.,.F.,(4,4),(1.53868239588741E-6,1.),.UNSPECIFIED.);
#247=B_SPLINE_CURVE_WITH_KNOTS('',3,(#9837,#9838,#9839,#9840),
 .UNSPECIFIED.,.F.,.F.,(4,4),(0.,0.999997485526069),.UNSPECIFIED.);
#248=B_SPLINE_CURVE_WITH_KNOTS('',3,(#9842,#9843,#9844,#9845),
 .UNSPECIFIED.,.F.,.F.,(4,4),(0.,0.999988382317611),.UNSPECIFIED.);
#249=B_SPLINE_CURVE_WITH_KNOTS('',3,(#9847,#9848,#9849,#9850),
 .UNSPECIFIED.,.F.,.F.,(4,4),(0.,0.997730654582216),.UNSPECIFIED.);
#250=B_SPLINE_CURVE_WITH_KNOTS('',3,(#9852,#9853,#9854,#9855),
 .UNSPECIFIED.,.F.,.F.,(4,4),(0.,1.),.UNSPECIFIED.);
#251=B_SPLINE_CURVE_WITH_KNOTS('',3,(#9857,#9858,#9859,#9860),
 .UNSPECIFIED.,.F.,.F.,(4,4),(1.14776273335117E-5,1.),.UNSPECIFIED.);
#252=B_SPLINE_CURVE_WITH_KNOTS('',3,(#9862,#9863,#9864,#9865),
 .UNSPECIFIED.,.F.,.F.,(4,4),(2.71497505935338E-6,1.),.UNSPECIFIED.);
#253=B_SPLINE_CURVE_WITH_KNOTS('',3,(#9867,#9868,#9869,#9870),
 .UNSPECIFIED.,.F.,.F.,(4,4),(0.,1.),.UNSPECIFIED.);
#254=B_SPLINE_CURVE_WITH_KNOTS('',3,(#9872,#9873,#9874,#9875),
 .UNSPECIFIED.,.F.,.F.,(4,4),(0.,1.),.UNSPECIFIED.);
#255=B_SPLINE_CURVE_WITH_KNOTS('',3,(#9877,#9878,#9879,#9880),
 .UNSPECIFIED.,.F.,.F.,(4,4),(8.5465894940409E-7,1.),.UNSPECIFIED.);
#256=B_SPLINE_CURVE_WITH_KNOTS('',3,(#9882,#9883,#9884,#9885),
 .UNSPECIFIED.,.F.,.F.,(4,4),(0.,1.),.UNSPECIFIED.);
#257=B_SPLINE_CURVE_WITH_KNOTS('',3,(#9887,#9888,#9889,#9890),
 .UNSPECIFIED.,.F.,.F.,(4,4),(0.,0.999999121164746),.UNSPECIFIED.);
#258=B_SPLINE_CURVE_WITH_KNOTS('',3,(#9892,#9893,#9894,#9895),
 .UNSPECIFIED.,.F.,.F.,(4,4),(0.,0.999998828353058),.UNSPECIFIED.);
#259=B_SPLINE_CURVE_WITH_KNOTS('',3,(#9897,#9898,#9899,#9900),
 .UNSPECIFIED.,.F.,.F.,(4,4),(0.,1.),.UNSPECIFIED.);
#260=B_SPLINE_CURVE_WITH_KNOTS('',3,(#9902,#9903,#9904,#9905),
 .UNSPECIFIED.,.F.,.F.,(4,4),(0.,0.99999872217012),.UNSPECIFIED.);
#261=B_SPLINE_CURVE_WITH_KNOTS('',3,(#9907,#9908,#9909,#9910),
 .UNSPECIFIED.,.F.,.F.,(4,4),(9.86339425860751E-7,0.999997467172836),
 .UNSPECIFIED.);
#262=B_SPLINE_CURVE_WITH_KNOTS('',3,(#9912,#9913,#9914,#9915),
 .UNSPECIFIED.,.F.,.F.,(4,4),(3.35740340837649E-6,1.),.UNSPECIFIED.);
#263=B_SPLINE_CURVE_WITH_KNOTS('',3,(#9917,#9918,#9919,#9920),
 .UNSPECIFIED.,.F.,.F.,(4,4),(0.,0.999998352938804),.UNSPECIFIED.);
#264=B_SPLINE_CURVE_WITH_KNOTS('',3,(#9922,#9923,#9924,#9925),
 .UNSPECIFIED.,.F.,.F.,(4,4),(0.,1.),.UNSPECIFIED.);
#265=B_SPLINE_CURVE_WITH_KNOTS('',3,(#9927,#9928,#9929,#9930),
 .UNSPECIFIED.,.F.,.F.,(4,4),(4.68771301227532E-6,1.),.UNSPECIFIED.);
#266=B_SPLINE_CURVE_WITH_KNOTS('',3,(#9932,#9933,#9934,#9935),
 .UNSPECIFIED.,.F.,.F.,(4,4),(4.60705315958964E-6,1.),.UNSPECIFIED.);
#267=B_SPLINE_CURVE_WITH_KNOTS('',3,(#9937,#9938,#9939,#9940),
 .UNSPECIFIED.,.F.,.F.,(4,4),(0.,1.),.UNSPECIFIED.);
#268=B_SPLINE_CURVE_WITH_KNOTS('',3,(#9942,#9943,#9944,#9945),
 .UNSPECIFIED.,.F.,.F.,(4,4),(0.,0.999998187123801),.UNSPECIFIED.);
#269=B_SPLINE_CURVE_WITH_KNOTS('',3,(#9947,#9948,#9949,#9950),
 .UNSPECIFIED.,.F.,.F.,(4,4),(0.,0.999989739562149),.UNSPECIFIED.);
#270=B_SPLINE_CURVE_WITH_KNOTS('',3,(#9952,#9953,#9954,#9955),
 .UNSPECIFIED.,.F.,.F.,(4,4),(0.,1.),.UNSPECIFIED.);
#271=B_SPLINE_CURVE_WITH_KNOTS('',3,(#9957,#9958,#9959,#9960),
 .UNSPECIFIED.,.F.,.F.,(4,4),(0.,1.),.UNSPECIFIED.);
#272=B_SPLINE_CURVE_WITH_KNOTS('',3,(#9962,#9963,#9964,#9965),
 .UNSPECIFIED.,.F.,.F.,(4,4),(0.,1.),.UNSPECIFIED.);
#273=B_SPLINE_CURVE_WITH_KNOTS('',3,(#9967,#9968,#9969,#9970),
 .UNSPECIFIED.,.F.,.F.,(4,4),(3.26926802285029E-6,1.),.UNSPECIFIED.);
#274=B_SPLINE_CURVE_WITH_KNOTS('',3,(#9972,#9973,#9974,#9975),
 .UNSPECIFIED.,.F.,.F.,(4,4),(8.55092517229419E-7,1.),.UNSPECIFIED.);
#275=B_SPLINE_CURVE_WITH_KNOTS('',3,(#9977,#9978,#9979,#9980),
 .UNSPECIFIED.,.F.,.F.,(4,4),(0.,1.),.UNSPECIFIED.);
#276=B_SPLINE_CURVE_WITH_KNOTS('',3,(#9982,#9983,#9984,#9985),
 .UNSPECIFIED.,.F.,.F.,(4,4),(5.81714806020558E-7,1.),.UNSPECIFIED.);
#277=B_SPLINE_CURVE_WITH_KNOTS('',3,(#9987,#9988,#9989,#9990),
 .UNSPECIFIED.,.F.,.F.,(4,4),(0.,1.),.UNSPECIFIED.);
#278=B_SPLINE_CURVE_WITH_KNOTS('',3,(#9991,#9992,#9993,#9994,#9995,#9996,
#9997),.UNSPECIFIED.,.F.,.F.,(4,1,1,1,4),(3.12741198885832E-7,0.250000057110468,
0.499999801479737,0.749999545849006,0.999999290218275),.UNSPECIFIED.);
#279=B_SPLINE_CURVE_WITH_KNOTS('',3,(#10000,#10001,#10002,#10003),
 .UNSPECIFIED.,.F.,.F.,(4,4),(0.,0.999997792221197),.UNSPECIFIED.);
#280=B_SPLINE_CURVE_WITH_KNOTS('',3,(#10005,#10006,#10007,#10008),
 .UNSPECIFIED.,.F.,.F.,(4,4),(7.76937387807733E-7,0.99999807156521),
 .UNSPECIFIED.);
#281=B_SPLINE_CURVE_WITH_KNOTS('',3,(#10010,#10011,#10012,#10013),
 .UNSPECIFIED.,.F.,.F.,(4,4),(3.06538399168543E-6,1.),.UNSPECIFIED.);
#282=B_SPLINE_CURVE_WITH_KNOTS('',3,(#10015,#10016,#10017,#10018),
 .UNSPECIFIED.,.F.,.F.,(4,4),(1.10498836932068E-6,1.),.UNSPECIFIED.);
#283=B_SPLINE_CURVE_WITH_KNOTS('',3,(#10020,#10021,#10022,#10023),
 .UNSPECIFIED.,.F.,.F.,(4,4),(0.,0.999981066543884),.UNSPECIFIED.);
#284=B_SPLINE_CURVE_WITH_KNOTS('',3,(#10025,#10026,#10027,#10028),
 .UNSPECIFIED.,.F.,.F.,(4,4),(0.,0.999999311161366),.UNSPECIFIED.);
#285=B_SPLINE_CURVE_WITH_KNOTS('',3,(#10030,#10031,#10032,#10033),
 .UNSPECIFIED.,.F.,.F.,(4,4),(1.06595533671302E-6,0.999998934044663),
 .UNSPECIFIED.);
#286=B_SPLINE_CURVE_WITH_KNOTS('',3,(#10035,#10036,#10037,#10038),
 .UNSPECIFIED.,.F.,.F.,(4,4),(3.28947372375655E-7,0.999999671052628),
 .UNSPECIFIED.);
#287=B_SPLINE_CURVE_WITH_KNOTS('',3,(#10040,#10041,#10042,#10043),
 .UNSPECIFIED.,.F.,.F.,(4,4),(1.0659553363432E-6,0.999998934044663),
 .UNSPECIFIED.);
#288=B_SPLINE_CURVE_WITH_KNOTS('',3,(#10045,#10046,#10047,#10048),
 .UNSPECIFIED.,.F.,.F.,(4,4),(1.77285288492175E-6,0.999998227147115),
 .UNSPECIFIED.);
#289=B_SPLINE_CURVE_WITH_KNOTS('',3,(#10050,#10051,#10052,#10053),
 .UNSPECIFIED.,.F.,.F.,(4,4),(0.000101051333124577,0.999957255685513),
 .UNSPECIFIED.);
#290=B_SPLINE_CURVE_WITH_KNOTS('',3,(#10054,#10055,#10056,#10057),
 .UNSPECIFIED.,.F.,.F.,(4,4),(3.28947372375655E-7,0.999999671052628),
 .UNSPECIFIED.);
#291=B_SPLINE_CURVE_WITH_KNOTS('',3,(#10060,#10061,#10062,#10063),
 .UNSPECIFIED.,.F.,.F.,(4,4),(1.0659553352337E-6,0.999998934044665),
 .UNSPECIFIED.);
#292=B_SPLINE_CURVE_WITH_KNOTS('',3,(#10065,#10066,#10067,#10068),
 .UNSPECIFIED.,.F.,.F.,(4,4),(3.28947372375655E-7,0.999999671052628),
 .UNSPECIFIED.);
#293=B_SPLINE_CURVE_WITH_KNOTS('',3,(#10070,#10071,#10072,#10073),
 .UNSPECIFIED.,.F.,.F.,(4,4),(1.0659553352337E-6,0.999998934044665),
 .UNSPECIFIED.);
#294=B_SPLINE_CURVE_WITH_KNOTS('',3,(#10074,#10075,#10076,#10077),
 .UNSPECIFIED.,.F.,.F.,(4,4),(0.,1.),.UNSPECIFIED.);
#295=B_SPLINE_CURVE_WITH_KNOTS('',3,(#10080,#10081,#10082,#10083),
 .UNSPECIFIED.,.F.,.F.,(4,4),(0.,1.),.UNSPECIFIED.);
#296=B_SPLINE_CURVE_WITH_KNOTS('',3,(#10085,#10086,#10087,#10088),
 .UNSPECIFIED.,.F.,.F.,(4,4),(0.,0.999999247982966),.UNSPECIFIED.);
#297=B_SPLINE_CURVE_WITH_KNOTS('',3,(#10090,#10091,#10092,#10093),
 .UNSPECIFIED.,.F.,.F.,(4,4),(0.,1.),.UNSPECIFIED.);
#298=B_SPLINE_CURVE_WITH_KNOTS('',3,(#10095,#10096,#10097,#10098),
 .UNSPECIFIED.,.F.,.F.,(4,4),(0.,1.),.UNSPECIFIED.);
#299=B_SPLINE_CURVE_WITH_KNOTS('',3,(#10100,#10101,#10102,#10103),
 .UNSPECIFIED.,.F.,.F.,(4,4),(0.,1.),.UNSPECIFIED.);
#300=B_SPLINE_CURVE_WITH_KNOTS('',3,(#10105,#10106,#10107,#10108),
 .UNSPECIFIED.,.F.,.F.,(4,4),(1.91256538963857E-6,0.999980915798168),
 .UNSPECIFIED.);
#301=B_SPLINE_CURVE_WITH_KNOTS('',3,(#10110,#10111,#10112,#10113),
 .UNSPECIFIED.,.F.,.F.,(4,4),(1.17470403224719E-5,1.),.UNSPECIFIED.);
#302=B_SPLINE_CURVE_WITH_KNOTS('',3,(#10115,#10116,#10117,#10118),
 .UNSPECIFIED.,.F.,.F.,(4,4),(0.,0.999999431645081),.UNSPECIFIED.);
#303=B_SPLINE_CURVE_WITH_KNOTS('',3,(#10120,#10121,#10122,#10123),
 .UNSPECIFIED.,.F.,.F.,(4,4),(0.,1.),.UNSPECIFIED.);
#304=B_SPLINE_CURVE_WITH_KNOTS('',3,(#10125,#10126,#10127,#10128),
 .UNSPECIFIED.,.F.,.F.,(4,4),(0.,1.),.UNSPECIFIED.);
#305=B_SPLINE_CURVE_WITH_KNOTS('',3,(#10130,#10131,#10132,#10133),
 .UNSPECIFIED.,.F.,.F.,(4,4),(0.,1.),.UNSPECIFIED.);
#306=B_SPLINE_CURVE_WITH_KNOTS('',3,(#10135,#10136,#10137,#10138),
 .UNSPECIFIED.,.F.,.F.,(4,4),(0.,1.),.UNSPECIFIED.);
#307=B_SPLINE_CURVE_WITH_KNOTS('',3,(#10140,#10141,#10142,#10143),
 .UNSPECIFIED.,.F.,.F.,(4,4),(0.,1.),.UNSPECIFIED.);
#308=B_SPLINE_CURVE_WITH_KNOTS('',3,(#10145,#10146,#10147,#10148),
 .UNSPECIFIED.,.F.,.F.,(4,4),(0.,1.),.UNSPECIFIED.);
#309=B_SPLINE_CURVE_WITH_KNOTS('',3,(#10150,#10151,#10152,#10153),
 .UNSPECIFIED.,.F.,.F.,(4,4),(0.,1.),.UNSPECIFIED.);
#310=B_SPLINE_CURVE_WITH_KNOTS('',3,(#10155,#10156,#10157,#10158),
 .UNSPECIFIED.,.F.,.F.,(4,4),(0.,0.999999228294961),.UNSPECIFIED.);
#311=B_SPLINE_CURVE_WITH_KNOTS('',3,(#10160,#10161,#10162,#10163),
 .UNSPECIFIED.,.F.,.F.,(4,4),(0.,1.),.UNSPECIFIED.);
#312=B_SPLINE_CURVE_WITH_KNOTS('',3,(#10165,#10166,#10167,#10168),
 .UNSPECIFIED.,.F.,.F.,(4,4),(0.,1.),.UNSPECIFIED.);
#313=B_SPLINE_CURVE_WITH_KNOTS('',3,(#10170,#10171,#10172,#10173),
 .UNSPECIFIED.,.F.,.F.,(4,4),(0.,1.),.UNSPECIFIED.);
#314=B_SPLINE_CURVE_WITH_KNOTS('',3,(#10175,#10176,#10177,#10178),
 .UNSPECIFIED.,.F.,.F.,(4,4),(4.45411506918621E-6,0.999954655115089),
 .UNSPECIFIED.);
#315=B_SPLINE_CURVE_WITH_KNOTS('',3,(#10180,#10181,#10182,#10183),
 .UNSPECIFIED.,.F.,.F.,(4,4),(3.52599370383376E-5,0.999998145518365),
 .UNSPECIFIED.);
#316=B_SPLINE_CURVE_WITH_KNOTS('',3,(#10185,#10186,#10187,#10188),
 .UNSPECIFIED.,.F.,.F.,(4,4),(0.,1.),.UNSPECIFIED.);
#317=B_SPLINE_CURVE_WITH_KNOTS('',3,(#10190,#10191,#10192,#10193),
 .UNSPECIFIED.,.F.,.F.,(4,4),(0.,1.),.UNSPECIFIED.);
#318=B_SPLINE_CURVE_WITH_KNOTS('',3,(#10195,#10196,#10197,#10198),
 .UNSPECIFIED.,.F.,.F.,(4,4),(0.,1.),.UNSPECIFIED.);
#319=B_SPLINE_CURVE_WITH_KNOTS('',3,(#10200,#10201,#10202,#10203),
 .UNSPECIFIED.,.F.,.F.,(4,4),(7.02192656638263E-7,1.),.UNSPECIFIED.);
#320=B_SPLINE_CURVE_WITH_KNOTS('',3,(#10205,#10206,#10207,#10208),
 .UNSPECIFIED.,.F.,.F.,(4,4),(0.,1.),.UNSPECIFIED.);
#321=B_SPLINE_CURVE_WITH_KNOTS('',3,(#10210,#10211,#10212,#10213),
 .UNSPECIFIED.,.F.,.F.,(4,4),(0.,1.),.UNSPECIFIED.);
#322=B_SPLINE_CURVE_WITH_KNOTS('',3,(#10215,#10216,#10217,#10218),
 .UNSPECIFIED.,.F.,.F.,(4,4),(0.,1.),.UNSPECIFIED.);
#323=B_SPLINE_CURVE_WITH_KNOTS('',3,(#10220,#10221,#10222,#10223),
 .UNSPECIFIED.,.F.,.F.,(4,4),(0.,1.),.UNSPECIFIED.);
#324=B_SPLINE_CURVE_WITH_KNOTS('',3,(#10224,#10225,#10226,#10227,#10228),
 .UNSPECIFIED.,.F.,.F.,(4,1,4),(0.00337525345078881,0.0128648590031426,
0.0265946005150085),.UNSPECIFIED.);
#325=B_SPLINE_CURVE_WITH_KNOTS('',3,(#10231,#10232,#10233,#10234),
 .UNSPECIFIED.,.F.,.F.,(4,4),(0.,1.),.UNSPECIFIED.);
#326=B_SPLINE_CURVE_WITH_KNOTS('',3,(#10236,#10237,#10238,#10239),
 .UNSPECIFIED.,.F.,.F.,(4,4),(0.,1.),.UNSPECIFIED.);
#327=B_SPLINE_CURVE_WITH_KNOTS('',3,(#10241,#10242,#10243,#10244),
 .UNSPECIFIED.,.F.,.F.,(4,4),(0.,1.),.UNSPECIFIED.);
#328=B_SPLINE_CURVE_WITH_KNOTS('',3,(#10246,#10247,#10248,#10249),
 .UNSPECIFIED.,.F.,.F.,(4,4),(0.,1.),.UNSPECIFIED.);
#329=B_SPLINE_CURVE_WITH_KNOTS('',3,(#10251,#10252,#10253,#10254),
 .UNSPECIFIED.,.F.,.F.,(4,4),(0.,1.),.UNSPECIFIED.);
#330=B_SPLINE_CURVE_WITH_KNOTS('',3,(#10256,#10257,#10258,#10259),
 .UNSPECIFIED.,.F.,.F.,(4,4),(0.,1.),.UNSPECIFIED.);
#331=B_SPLINE_CURVE_WITH_KNOTS('',3,(#10261,#10262,#10263,#10264),
 .UNSPECIFIED.,.F.,.F.,(4,4),(0.,1.),.UNSPECIFIED.);
#332=B_SPLINE_CURVE_WITH_KNOTS('',3,(#10266,#10267,#10268,#10269),
 .UNSPECIFIED.,.F.,.F.,(4,4),(0.,1.),.UNSPECIFIED.);
#333=B_SPLINE_CURVE_WITH_KNOTS('',3,(#10271,#10272,#10273,#10274),
 .UNSPECIFIED.,.F.,.F.,(4,4),(0.,1.),.UNSPECIFIED.);
#334=B_SPLINE_CURVE_WITH_KNOTS('',3,(#10276,#10277,#10278,#10279),
 .UNSPECIFIED.,.F.,.F.,(4,4),(0.,1.),.UNSPECIFIED.);
#335=B_SPLINE_CURVE_WITH_KNOTS('',3,(#10281,#10282,#10283,#10284),
 .UNSPECIFIED.,.F.,.F.,(4,4),(0.,0.999999178896799),.UNSPECIFIED.);
#336=B_SPLINE_CURVE_WITH_KNOTS('',3,(#10286,#10287,#10288,#10289),
 .UNSPECIFIED.,.F.,.F.,(4,4),(0.,1.),.UNSPECIFIED.);
#337=B_SPLINE_CURVE_WITH_KNOTS('',3,(#10291,#10292,#10293,#10294),
 .UNSPECIFIED.,.F.,.F.,(4,4),(0.,1.),.UNSPECIFIED.);
#338=B_SPLINE_CURVE_WITH_KNOTS('',3,(#10296,#10297,#10298,#10299),
 .UNSPECIFIED.,.F.,.F.,(4,4),(6.51144090710539E-7,1.),.UNSPECIFIED.);
#339=B_SPLINE_CURVE_WITH_KNOTS('',3,(#10301,#10302,#10303,#10304),
 .UNSPECIFIED.,.F.,.F.,(4,4),(0.,1.),.UNSPECIFIED.);
#340=B_SPLINE_CURVE_WITH_KNOTS('',3,(#10306,#10307,#10308,#10309),
 .UNSPECIFIED.,.F.,.F.,(4,4),(0.,1.),.UNSPECIFIED.);
#341=B_SPLINE_CURVE_WITH_KNOTS('',3,(#10311,#10312,#10313,#10314),
 .UNSPECIFIED.,.F.,.F.,(4,4),(0.,0.999999029666611),.UNSPECIFIED.);
#342=B_SPLINE_CURVE_WITH_KNOTS('',3,(#10316,#10317,#10318,#10319),
 .UNSPECIFIED.,.F.,.F.,(4,4),(1.96566547616323E-6,0.999995154875317),
 .UNSPECIFIED.);
#343=B_SPLINE_CURVE_WITH_KNOTS('',3,(#10321,#10322,#10323,#10324),
 .UNSPECIFIED.,.F.,.F.,(4,4),(2.28756822260501E-6,1.),.UNSPECIFIED.);
#344=B_SPLINE_CURVE_WITH_KNOTS('',3,(#10326,#10327,#10328,#10329),
 .UNSPECIFIED.,.F.,.F.,(4,4),(9.09714954872059E-7,1.),.UNSPECIFIED.);
#345=B_SPLINE_CURVE_WITH_KNOTS('',3,(#10331,#10332,#10333,#10334,#10335),
 .UNSPECIFIED.,.F.,.F.,(4,1,4),(0.,0.0131616033239001,0.0266367938833026),
 .UNSPECIFIED.);
#346=B_SPLINE_CURVE_WITH_KNOTS('',3,(#10336,#10337,#10338,#10339),
 .UNSPECIFIED.,.F.,.F.,(4,4),(8.51743245802585E-7,0.999999148256752),
 .UNSPECIFIED.);
#347=B_SPLINE_CURVE_WITH_KNOTS('',3,(#10342,#10343,#10344,#10345),
 .UNSPECIFIED.,.F.,.F.,(4,4),(3.32640501303224E-6,0.999996673594987),
 .UNSPECIFIED.);
#348=B_SPLINE_CURVE_WITH_KNOTS('',3,(#10347,#10348,#10349,#10350),
 .UNSPECIFIED.,.F.,.F.,(4,4),(8.51743246984616E-7,0.999999148256754),
 .UNSPECIFIED.);
#349=B_SPLINE_CURVE_WITH_KNOTS('',3,(#10352,#10353,#10354,#10355),
 .UNSPECIFIED.,.F.,.F.,(4,4),(3.32640501303224E-6,0.999996673594987),
 .UNSPECIFIED.);
#350=B_SPLINE_CURVE_WITH_KNOTS('',3,(#10356,#10357,#10358,#10359),
 .UNSPECIFIED.,.F.,.F.,(4,4),(5.37677877196307E-7,0.999999462322122),
 .UNSPECIFIED.);
#351=B_SPLINE_CURVE_WITH_KNOTS('',3,(#10362,#10363,#10364,#10365),
 .UNSPECIFIED.,.F.,.F.,(4,4),(5.9571933331827E-7,0.999998869226957),
 .UNSPECIFIED.);
#352=B_SPLINE_CURVE_WITH_KNOTS('',3,(#10367,#10368,#10369,#10370),
 .UNSPECIFIED.,.F.,.F.,(4,4),(1.02060085821924E-6,0.999998852451095),
 .UNSPECIFIED.);
#353=B_SPLINE_CURVE_WITH_KNOTS('',3,(#10372,#10373,#10374,#10375),
 .UNSPECIFIED.,.F.,.F.,(4,4),(6.46800078469019E-5,1.),.UNSPECIFIED.);
#354=B_SPLINE_CURVE_WITH_KNOTS('',3,(#10377,#10378,#10379,#10380),
 .UNSPECIFIED.,.F.,.F.,(4,4),(0.000556811948333454,0.999296850923277),
 .UNSPECIFIED.);
#355=B_SPLINE_CURVE_WITH_KNOTS('',3,(#10382,#10383,#10384,#10385),
 .UNSPECIFIED.,.F.,.F.,(4,4),(0.,1.),.UNSPECIFIED.);
#356=B_SPLINE_CURVE_WITH_KNOTS('',3,(#10387,#10388,#10389,#10390),
 .UNSPECIFIED.,.F.,.F.,(4,4),(0.000333572650989213,0.99958131582224),
 .UNSPECIFIED.);
#357=B_SPLINE_CURVE_WITH_KNOTS('',3,(#10392,#10393,#10394,#10395),
 .UNSPECIFIED.,.F.,.F.,(4,4),(0.,0.999999699937361),.UNSPECIFIED.);
#358=B_SPLINE_CURVE_WITH_KNOTS('',3,(#10397,#10398,#10399,#10400),
 .UNSPECIFIED.,.F.,.F.,(4,4),(1.92395929419727E-7,0.999999807604071),
 .UNSPECIFIED.);
#359=B_SPLINE_CURVE_WITH_KNOTS('',3,(#10402,#10403,#10404,#10405),
 .UNSPECIFIED.,.F.,.F.,(4,4),(9.45771826002012E-7,0.999997502869372),
 .UNSPECIFIED.);
#360=B_SPLINE_CURVE_WITH_KNOTS('',3,(#10407,#10408,#10409,#10410),
 .UNSPECIFIED.,.F.,.F.,(4,4),(5.0798485076048E-7,0.999999492015149),
 .UNSPECIFIED.);
#361=B_SPLINE_CURVE_WITH_KNOTS('',3,(#10412,#10413,#10414,#10415),
 .UNSPECIFIED.,.F.,.F.,(4,4),(1.4559045005714E-6,0.999999448585746),
 .UNSPECIFIED.);
#362=B_SPLINE_CURVE_WITH_KNOTS('',3,(#10417,#10418,#10419,#10420),
 .UNSPECIFIED.,.F.,.F.,(4,4),(1.91399986645653E-7,1.),.UNSPECIFIED.);
#363=B_SPLINE_CURVE_WITH_KNOTS('',3,(#10422,#10423,#10424,#10425),
 .UNSPECIFIED.,.F.,.F.,(4,4),(0.000333572666895247,0.999581315826059),
 .UNSPECIFIED.);
#364=B_SPLINE_CURVE_WITH_KNOTS('',3,(#10427,#10428,#10429,#10430),
 .UNSPECIFIED.,.F.,.F.,(4,4),(0.,1.),.UNSPECIFIED.);
#365=B_SPLINE_CURVE_WITH_KNOTS('',3,(#10432,#10433,#10434,#10435),
 .UNSPECIFIED.,.F.,.F.,(4,4),(0.000556811948758443,0.999296850935411),
 .UNSPECIFIED.);
#366=B_SPLINE_CURVE_WITH_KNOTS('',3,(#10437,#10438,#10439,#10440),
 .UNSPECIFIED.,.F.,.F.,(4,4),(0.,0.999999205641531),.UNSPECIFIED.);
#367=B_SPLINE_CURVE_WITH_KNOTS('',3,(#10442,#10443,#10444,#10445),
 .UNSPECIFIED.,.F.,.F.,(4,4),(1.25487908181528E-6,0.999998517586823),
 .UNSPECIFIED.);
#368=B_SPLINE_CURVE_WITH_KNOTS('',3,(#10446,#10447,#10448,#10449,#10450,
#10451,#10452),.UNSPECIFIED.,.F.,.F.,(4,1,1,1,4),(0.,0.25,0.5,0.75,1.),
 .UNSPECIFIED.);
#369=B_SPLINE_CURVE_WITH_KNOTS('',3,(#10455,#10456,#10457,#10458,#10459,
#10460,#10461),.UNSPECIFIED.,.F.,.F.,(4,1,1,1,4),(0.,0.249998526954136,
0.499997053908272,0.749995580862407,0.999994107816543),.UNSPECIFIED.);
#370=B_SPLINE_CURVE_WITH_KNOTS('',3,(#10463,#10464,#10465,#10466),
 .UNSPECIFIED.,.F.,.F.,(4,4),(0.,0.999997326650225),.UNSPECIFIED.);
#371=B_SPLINE_CURVE_WITH_KNOTS('',3,(#10468,#10469,#10470,#10471),
 .UNSPECIFIED.,.F.,.F.,(4,4),(5.32268840353391E-7,0.999999258886531),
 .UNSPECIFIED.);
#372=B_SPLINE_CURVE_WITH_KNOTS('',3,(#10473,#10474,#10475,#10476,#10477,
#10478,#10479),.UNSPECIFIED.,.F.,.F.,(4,1,1,1,4),(8.67361182055582E-7,0.250000507117401,
0.50000014687362,0.74999978662984,0.999999426386059),.UNSPECIFIED.);
#373=B_SPLINE_CURVE_WITH_KNOTS('',3,(#10481,#10482,#10483,#10484),
 .UNSPECIFIED.,.F.,.F.,(4,4),(0.,0.999998496688674),.UNSPECIFIED.);
#374=B_SPLINE_CURVE_WITH_KNOTS('',3,(#10486,#10487,#10488,#10489),
 .UNSPECIFIED.,.F.,.F.,(4,4),(2.79542429286794E-6,0.999999083516525),
 .UNSPECIFIED.);
#375=B_SPLINE_CURVE_WITH_KNOTS('',3,(#10491,#10492,#10493,#10494,#10495,
#10496,#10497),.UNSPECIFIED.,.F.,.F.,(4,1,1,1,4),(4.45985295270676E-7,0.250000334488971,
0.500000222992648,0.750000111496324,1.),.UNSPECIFIED.);
#376=B_SPLINE_CURVE_WITH_KNOTS('',3,(#10499,#10500,#10501,#10502,#10503,
#10504,#10505),.UNSPECIFIED.,.F.,.F.,(4,1,1,1,4),(4.91718841470734E-7,0.250000368789131,
0.500000245859421,0.75000012292971,1.),.UNSPECIFIED.);
#377=B_SPLINE_CURVE_WITH_KNOTS('',3,(#10507,#10508,#10509,#10510,#10511,
#10512,#10513),.UNSPECIFIED.,.F.,.F.,(4,1,1,1,4),(0.,0.25,0.5,0.75,1.),
 .UNSPECIFIED.);
#378=B_SPLINE_CURVE_WITH_KNOTS('',3,(#10515,#10516,#10517,#10518,#10519,
#10520,#10521),.UNSPECIFIED.,.F.,.F.,(4,1,1,1,4),(0.,0.25,0.5,0.75,1.),
 .UNSPECIFIED.);
#379=B_SPLINE_CURVE_WITH_KNOTS('',3,(#10523,#10524,#10525,#10526,#10527,
#10528,#10529),.UNSPECIFIED.,.F.,.F.,(4,1,1,1,4),(0.,0.25,0.5,0.75,1.),
 .UNSPECIFIED.);
#380=B_SPLINE_CURVE_WITH_KNOTS('',3,(#10530,#10531,#10532,#10533),
 .UNSPECIFIED.,.F.,.F.,(4,4),(0.,1.),.UNSPECIFIED.);
#381=B_SPLINE_CURVE_WITH_KNOTS('',3,(#10536,#10537,#10538,#10539),
 .UNSPECIFIED.,.F.,.F.,(4,4),(5.35050900778966E-6,1.),.UNSPECIFIED.);
#382=B_SPLINE_CURVE_WITH_KNOTS('',3,(#10541,#10542,#10543,#10544),
 .UNSPECIFIED.,.F.,.F.,(4,4),(3.10578142241176E-6,0.999996317716149),
 .UNSPECIFIED.);
#383=B_SPLINE_CURVE_WITH_KNOTS('',3,(#10546,#10547,#10548,#10549),
 .UNSPECIFIED.,.F.,.F.,(4,4),(5.20800415119504E-7,0.999999532163492),
 .UNSPECIFIED.);
#384=B_SPLINE_CURVE_WITH_KNOTS('',3,(#10551,#10552,#10553,#10554),
 .UNSPECIFIED.,.F.,.F.,(4,4),(1.08566573361376E-6,0.999998914334266),
 .UNSPECIFIED.);
#385=B_SPLINE_CURVE_WITH_KNOTS('',3,(#10556,#10557,#10558,#10559),
 .UNSPECIFIED.,.F.,.F.,(4,4),(2.98159845726779E-7,0.999999701840154),
 .UNSPECIFIED.);
#386=B_SPLINE_CURVE_WITH_KNOTS('',3,(#10561,#10562,#10563,#10564),
 .UNSPECIFIED.,.F.,.F.,(4,4),(2.63374452381738E-6,1.),.UNSPECIFIED.);
#387=B_SPLINE_CURVE_WITH_KNOTS('',3,(#10566,#10567,#10568,#10569),
 .UNSPECIFIED.,.F.,.F.,(4,4),(2.00751586371599E-5,1.),.UNSPECIFIED.);
#388=B_SPLINE_CURVE_WITH_KNOTS('',3,(#10571,#10572,#10573,#10574),
 .UNSPECIFIED.,.F.,.F.,(4,4),(0.,1.),.UNSPECIFIED.);
#389=B_SPLINE_CURVE_WITH_KNOTS('',3,(#10576,#10577,#10578,#10579),
 .UNSPECIFIED.,.F.,.F.,(4,4),(0.,0.999991254049278),.UNSPECIFIED.);
#390=B_SPLINE_CURVE_WITH_KNOTS('',3,(#10581,#10582,#10583,#10584),
 .UNSPECIFIED.,.F.,.F.,(4,4),(0.,0.999766603588666),.UNSPECIFIED.);
#391=B_SPLINE_CURVE_WITH_KNOTS('',3,(#10586,#10587,#10588,#10589),
 .UNSPECIFIED.,.F.,.F.,(4,4),(0.,1.),.UNSPECIFIED.);
#392=B_SPLINE_CURVE_WITH_KNOTS('',3,(#10591,#10592,#10593,#10594),
 .UNSPECIFIED.,.F.,.F.,(4,4),(4.65018943795407E-6,1.),.UNSPECIFIED.);
#393=B_SPLINE_CURVE_WITH_KNOTS('',3,(#10596,#10597,#10598,#10599),
 .UNSPECIFIED.,.F.,.F.,(4,4),(1.48295427469441E-6,1.),.UNSPECIFIED.);
#394=B_SPLINE_CURVE_WITH_KNOTS('',3,(#10601,#10602,#10603,#10604),
 .UNSPECIFIED.,.F.,.F.,(4,4),(0.,1.),.UNSPECIFIED.);
#395=B_SPLINE_CURVE_WITH_KNOTS('',3,(#10606,#10607,#10608,#10609),
 .UNSPECIFIED.,.F.,.F.,(4,4),(9.56864710616208E-7,1.),.UNSPECIFIED.);
#396=B_SPLINE_CURVE_WITH_KNOTS('',3,(#10611,#10612,#10613,#10614),
 .UNSPECIFIED.,.F.,.F.,(4,4),(0.,1.),.UNSPECIFIED.);
#397=B_SPLINE_CURVE_WITH_KNOTS('',3,(#10616,#10617,#10618,#10619,#10620,
#10621,#10622),.UNSPECIFIED.,.F.,.F.,(4,1,1,1,4),(0.,0.249999729693654,
0.499999459387308,0.749999189080962,0.999998918774616),.UNSPECIFIED.);
#398=B_SPLINE_CURVE_WITH_KNOTS('',3,(#10624,#10625,#10626,#10627),
 .UNSPECIFIED.,.F.,.F.,(4,4),(2.08906157478983E-6,0.999999441975628),
 .UNSPECIFIED.);
#399=B_SPLINE_CURVE_WITH_KNOTS('',3,(#10629,#10630,#10631,#10632,#10633,
#10634,#10635),.UNSPECIFIED.,.F.,.F.,(4,1,1,1,4),(2.96646916343142E-7,0.250000100577894,
0.499999904508871,0.749999708439849,0.999999512370826),.UNSPECIFIED.);
#400=B_SPLINE_CURVE_WITH_KNOTS('',3,(#10637,#10638,#10639,#10640),
 .UNSPECIFIED.,.F.,.F.,(4,4),(0.,1.),.UNSPECIFIED.);
#401=B_SPLINE_CURVE_WITH_KNOTS('',3,(#10642,#10643,#10644,#10645),
 .UNSPECIFIED.,.F.,.F.,(4,4),(0.,1.),.UNSPECIFIED.);
#402=B_SPLINE_CURVE_WITH_KNOTS('',3,(#10647,#10648,#10649,#10650),
 .UNSPECIFIED.,.F.,.F.,(4,4),(0.,1.),.UNSPECIFIED.);
#403=B_SPLINE_CURVE_WITH_KNOTS('',3,(#10652,#10653,#10654,#10655),
 .UNSPECIFIED.,.F.,.F.,(4,4),(0.,1.),.UNSPECIFIED.);
#404=B_SPLINE_CURVE_WITH_KNOTS('',3,(#10657,#10658,#10659,#10660),
 .UNSPECIFIED.,.F.,.F.,(4,4),(0.,1.),.UNSPECIFIED.);
#405=B_SPLINE_CURVE_WITH_KNOTS('',3,(#10662,#10663,#10664,#10665),
 .UNSPECIFIED.,.F.,.F.,(4,4),(0.,1.),.UNSPECIFIED.);
#406=B_SPLINE_CURVE_WITH_KNOTS('',3,(#10667,#10668,#10669,#10670),
 .UNSPECIFIED.,.F.,.F.,(4,4),(0.,0.99999473605142),.UNSPECIFIED.);
#407=B_SPLINE_CURVE_WITH_KNOTS('',3,(#10672,#10673,#10674,#10675),
 .UNSPECIFIED.,.F.,.F.,(4,4),(0.,1.),.UNSPECIFIED.);
#408=B_SPLINE_CURVE_WITH_KNOTS('',3,(#10677,#10678,#10679,#10680),
 .UNSPECIFIED.,.F.,.F.,(4,4),(0.00290149314625023,1.),.UNSPECIFIED.);
#409=B_SPLINE_CURVE_WITH_KNOTS('',3,(#10681,#10682,#10683,#10684),
 .UNSPECIFIED.,.F.,.F.,(4,4),(0.,1.),.UNSPECIFIED.);
#410=B_SPLINE_CURVE_WITH_KNOTS('',3,(#10687,#10688,#10689,#10690),
 .UNSPECIFIED.,.F.,.F.,(4,4),(0.,0.999998232555464),.UNSPECIFIED.);
#411=B_SPLINE_CURVE_WITH_KNOTS('',3,(#10692,#10693,#10694,#10695),
 .UNSPECIFIED.,.F.,.F.,(4,4),(5.82361918577181E-6,0.999997812088539),
 .UNSPECIFIED.);
#412=B_SPLINE_CURVE_WITH_KNOTS('',3,(#10697,#10698,#10699,#10700),
 .UNSPECIFIED.,.F.,.F.,(4,4),(6.90687300101147E-7,1.),.UNSPECIFIED.);
#413=B_SPLINE_CURVE_WITH_KNOTS('',3,(#10702,#10703,#10704,#10705),
 .UNSPECIFIED.,.F.,.F.,(4,4),(0.,1.),.UNSPECIFIED.);
#414=B_SPLINE_CURVE_WITH_KNOTS('',3,(#10707,#10708,#10709,#10710),
 .UNSPECIFIED.,.F.,.F.,(4,4),(0.,1.),.UNSPECIFIED.);
#415=B_SPLINE_CURVE_WITH_KNOTS('',3,(#10712,#10713,#10714,#10715),
 .UNSPECIFIED.,.F.,.F.,(4,4),(0.,1.),.UNSPECIFIED.);
#416=B_SPLINE_CURVE_WITH_KNOTS('',3,(#10717,#10718,#10719,#10720),
 .UNSPECIFIED.,.F.,.F.,(4,4),(0.,1.),.UNSPECIFIED.);
#417=B_SPLINE_CURVE_WITH_KNOTS('',3,(#10722,#10723,#10724,#10725),
 .UNSPECIFIED.,.F.,.F.,(4,4),(0.,1.),.UNSPECIFIED.);
#418=B_SPLINE_CURVE_WITH_KNOTS('',3,(#10727,#10728,#10729,#10730),
 .UNSPECIFIED.,.F.,.F.,(4,4),(0.,1.),.UNSPECIFIED.);
#419=B_SPLINE_CURVE_WITH_KNOTS('',3,(#10732,#10733,#10734,#10735),
 .UNSPECIFIED.,.F.,.F.,(4,4),(0.,1.),.UNSPECIFIED.);
#420=B_SPLINE_CURVE_WITH_KNOTS('',3,(#10737,#10738,#10739,#10740),
 .UNSPECIFIED.,.F.,.F.,(4,4),(0.,1.),.UNSPECIFIED.);
#421=B_SPLINE_CURVE_WITH_KNOTS('',3,(#10742,#10743,#10744,#10745),
 .UNSPECIFIED.,.F.,.F.,(4,4),(0.,0.999999152825165),.UNSPECIFIED.);
#422=B_SPLINE_CURVE_WITH_KNOTS('',3,(#10747,#10748,#10749,#10750),
 .UNSPECIFIED.,.F.,.F.,(4,4),(2.22031778500785E-6,0.999994756479881),
 .UNSPECIFIED.);
#423=B_SPLINE_CURVE_WITH_KNOTS('',3,(#10752,#10753,#10754,#10755),
 .UNSPECIFIED.,.F.,.F.,(4,4),(1.91618831940054E-6,1.),.UNSPECIFIED.);
#424=B_SPLINE_CURVE_WITH_KNOTS('',3,(#10757,#10758,#10759,#10760),
 .UNSPECIFIED.,.F.,.F.,(4,4),(0.,1.),.UNSPECIFIED.);
#425=B_SPLINE_CURVE_WITH_KNOTS('',3,(#10762,#10763,#10764,#10765),
 .UNSPECIFIED.,.F.,.F.,(4,4),(0.,1.),.UNSPECIFIED.);
#426=B_SPLINE_CURVE_WITH_KNOTS('',3,(#10767,#10768,#10769,#10770),
 .UNSPECIFIED.,.F.,.F.,(4,4),(0.,1.),.UNSPECIFIED.);
#427=B_SPLINE_CURVE_WITH_KNOTS('',3,(#10772,#10773,#10774,#10775),
 .UNSPECIFIED.,.F.,.F.,(4,4),(0.,1.),.UNSPECIFIED.);
#428=B_SPLINE_CURVE_WITH_KNOTS('',3,(#10777,#10778,#10779,#10780),
 .UNSPECIFIED.,.F.,.F.,(4,4),(0.,1.),.UNSPECIFIED.);
#429=B_SPLINE_CURVE_WITH_KNOTS('',3,(#10782,#10783,#10784,#10785),
 .UNSPECIFIED.,.F.,.F.,(4,4),(0.,1.),.UNSPECIFIED.);
#430=B_SPLINE_CURVE_WITH_KNOTS('',3,(#10787,#10788,#10789,#10790),
 .UNSPECIFIED.,.F.,.F.,(4,4),(0.,1.),.UNSPECIFIED.);
#431=B_SPLINE_CURVE_WITH_KNOTS('',3,(#10791,#10792,#10793,#10794),
 .UNSPECIFIED.,.F.,.F.,(4,4),(0.,0.99998830738191),.UNSPECIFIED.);
#432=B_SPLINE_CURVE_WITH_KNOTS('',3,(#10797,#10798,#10799,#10800),
 .UNSPECIFIED.,.F.,.F.,(4,4),(3.93918873070844E-7,0.999999606081126),
 .UNSPECIFIED.);
#433=B_SPLINE_CURVE_WITH_KNOTS('',3,(#10802,#10803,#10804,#10805),
 .UNSPECIFIED.,.F.,.F.,(4,4),(3.48394213270248E-6,0.999996516057887),
 .UNSPECIFIED.);
#434=B_SPLINE_CURVE_WITH_KNOTS('',3,(#10807,#10808,#10809,#10810),
 .UNSPECIFIED.,.F.,.F.,(4,4),(4.63058218166957E-7,0.999995358838451),
 .UNSPECIFIED.);
#435=B_SPLINE_CURVE_WITH_KNOTS('',3,(#10812,#10813,#10814,#10815),
 .UNSPECIFIED.,.F.,.F.,(4,4),(6.6072074656444E-5,0.998847413166854),
 .UNSPECIFIED.);
#436=B_SPLINE_CURVE_WITH_KNOTS('',3,(#10817,#10818,#10819,#10820),
 .UNSPECIFIED.,.F.,.F.,(4,4),(0.00504332808701079,1.),.UNSPECIFIED.);
#437=B_SPLINE_CURVE_WITH_KNOTS('',3,(#10822,#10823,#10824,#10825),
 .UNSPECIFIED.,.F.,.F.,(4,4),(4.95866631862369E-6,1.),.UNSPECIFIED.);
#438=B_SPLINE_CURVE_WITH_KNOTS('',3,(#10827,#10828,#10829,#10830),
 .UNSPECIFIED.,.F.,.F.,(4,4),(1.58826815596732E-5,0.999993667438685),
 .UNSPECIFIED.);
#439=B_SPLINE_CURVE_WITH_KNOTS('',3,(#10832,#10833,#10834,#10835),
 .UNSPECIFIED.,.F.,.F.,(4,4),(5.23217872922541E-6,0.999997347139738),
 .UNSPECIFIED.);
#440=B_SPLINE_CURVE_WITH_KNOTS('',3,(#10837,#10838,#10839,#10840),
 .UNSPECIFIED.,.F.,.F.,(4,4),(1.14584007271767E-6,0.999998889661569),
 .UNSPECIFIED.);
#441=B_SPLINE_CURVE_WITH_KNOTS('',3,(#10842,#10843,#10844,#10845),
 .UNSPECIFIED.,.F.,.F.,(4,4),(0.,1.),.UNSPECIFIED.);
#442=B_SPLINE_CURVE_WITH_KNOTS('',3,(#10846,#10847,#10848,#10849),
 .UNSPECIFIED.,.F.,.F.,(4,4),(8.22357724738425E-7,0.999999177642275),
 .UNSPECIFIED.);
#443=B_SPLINE_CURVE_WITH_KNOTS('',3,(#10852,#10853,#10854,#10855),
 .UNSPECIFIED.,.F.,.F.,(4,4),(2.92738615737211E-6,0.999997072613843),
 .UNSPECIFIED.);
#444=B_SPLINE_CURVE_WITH_KNOTS('',3,(#10857,#10858,#10859,#10860),
 .UNSPECIFIED.,.F.,.F.,(4,4),(6.3155292151745E-7,0.999999368447078),
 .UNSPECIFIED.);
#445=B_SPLINE_CURVE_WITH_KNOTS('',3,(#10862,#10863,#10864,#10865),
 .UNSPECIFIED.,.F.,.F.,(4,4),(3.21891115044119E-7,0.999999678108885),
 .UNSPECIFIED.);
#446=B_SPLINE_CURVE_WITH_KNOTS('',3,(#10867,#10868,#10869,#10870),
 .UNSPECIFIED.,.F.,.F.,(4,4),(2.72195675802518E-6,0.999997278043242),
 .UNSPECIFIED.);
#447=B_SPLINE_CURVE_WITH_KNOTS('',3,(#10872,#10873,#10874,#10875),
 .UNSPECIFIED.,.F.,.F.,(4,4),(3.61658563556233E-7,0.999999638341436),
 .UNSPECIFIED.);
#448=B_SPLINE_CURVE_WITH_KNOTS('',3,(#10876,#10877,#10878,#10879),
 .UNSPECIFIED.,.F.,.F.,(4,4),(9.992084152325E-7,1.),.UNSPECIFIED.);
#449=B_SPLINE_CURVE_WITH_KNOTS('',3,(#10882,#10883,#10884,#10885),
 .UNSPECIFIED.,.F.,.F.,(4,4),(7.41769311849766E-7,1.),.UNSPECIFIED.);
#450=B_SPLINE_CURVE_WITH_KNOTS('',3,(#10887,#10888,#10889,#10890),
 .UNSPECIFIED.,.F.,.F.,(4,4),(0.,1.),.UNSPECIFIED.);
#451=B_SPLINE_CURVE_WITH_KNOTS('',3,(#10892,#10893,#10894,#10895),
 .UNSPECIFIED.,.F.,.F.,(4,4),(0.,1.),.UNSPECIFIED.);
#452=B_SPLINE_CURVE_WITH_KNOTS('',3,(#10897,#10898,#10899,#10900),
 .UNSPECIFIED.,.F.,.F.,(4,4),(0.,0.999999288894185),.UNSPECIFIED.);
#453=B_SPLINE_CURVE_WITH_KNOTS('',3,(#10902,#10903,#10904,#10905),
 .UNSPECIFIED.,.F.,.F.,(4,4),(0.,0.999998920556118),.UNSPECIFIED.);
#454=B_SPLINE_CURVE_WITH_KNOTS('',3,(#10907,#10908,#10909,#10910),
 .UNSPECIFIED.,.F.,.F.,(4,4),(0.,1.),.UNSPECIFIED.);
#455=B_SPLINE_CURVE_WITH_KNOTS('',3,(#10912,#10913,#10914,#10915,#10916,
#10917),.UNSPECIFIED.,.F.,.F.,(4,1,1,4),(2.18396276455046E-6,0.500001091981382,
0.750000545990691,1.),.UNSPECIFIED.);
#456=B_SPLINE_CURVE_WITH_KNOTS('',3,(#10919,#10920,#10921,#10922),
 .UNSPECIFIED.,.F.,.F.,(4,4),(4.80098498689437E-7,1.),.UNSPECIFIED.);
#457=B_SPLINE_CURVE_WITH_KNOTS('',3,(#10924,#10925,#10926,#10927,#10928,
#10929,#10930),.UNSPECIFIED.,.F.,.F.,(4,1,1,1,4),(0.,0.249999517594187,
0.499999035188374,0.749998552782562,0.999998070376749),.UNSPECIFIED.);
#458=B_SPLINE_CURVE_WITH_KNOTS('',3,(#10932,#10933,#10934,#10935),
 .UNSPECIFIED.,.F.,.F.,(4,4),(0.,1.),.UNSPECIFIED.);
#459=B_SPLINE_CURVE_WITH_KNOTS('',3,(#10936,#10937,#10938,#10939),
 .UNSPECIFIED.,.F.,.F.,(4,4),(0.,1.),.UNSPECIFIED.);
#460=B_SPLINE_CURVE_WITH_KNOTS('',3,(#10942,#10943,#10944,#10945),
 .UNSPECIFIED.,.F.,.F.,(4,4),(0.,0.999999232530236),.UNSPECIFIED.);
#461=B_SPLINE_CURVE_WITH_KNOTS('',3,(#10947,#10948,#10949,#10950),
 .UNSPECIFIED.,.F.,.F.,(4,4),(1.74030544268619E-6,0.999995659488412),
 .UNSPECIFIED.);
#462=B_SPLINE_CURVE_WITH_KNOTS('',3,(#10952,#10953,#10954,#10955),
 .UNSPECIFIED.,.F.,.F.,(4,4),(1.75978674910443E-6,1.),.UNSPECIFIED.);
#463=B_SPLINE_CURVE_WITH_KNOTS('',3,(#10957,#10958,#10959,#10960),
 .UNSPECIFIED.,.F.,.F.,(4,4),(0.,1.),.UNSPECIFIED.);
#464=B_SPLINE_CURVE_WITH_KNOTS('',3,(#10962,#10963,#10964,#10965),
 .UNSPECIFIED.,.F.,.F.,(4,4),(0.,1.),.UNSPECIFIED.);
#465=B_SPLINE_CURVE_WITH_KNOTS('',3,(#10967,#10968,#10969,#10970),
 .UNSPECIFIED.,.F.,.F.,(4,4),(0.,1.),.UNSPECIFIED.);
#466=B_SPLINE_CURVE_WITH_KNOTS('',3,(#10972,#10973,#10974,#10975),
 .UNSPECIFIED.,.F.,.F.,(4,4),(0.,1.),.UNSPECIFIED.);
#467=B_SPLINE_CURVE_WITH_KNOTS('',3,(#10977,#10978,#10979,#10980),
 .UNSPECIFIED.,.F.,.F.,(4,4),(9.25630688795884E-7,1.),.UNSPECIFIED.);
#468=B_SPLINE_CURVE_WITH_KNOTS('',3,(#10982,#10983,#10984,#10985),
 .UNSPECIFIED.,.F.,.F.,(4,4),(0.,0.999991412760125),.UNSPECIFIED.);
#469=B_SPLINE_CURVE_WITH_KNOTS('',3,(#10987,#10988,#10989,#10990),
 .UNSPECIFIED.,.F.,.F.,(4,4),(0.,0.999997860033132),.UNSPECIFIED.);
#470=B_SPLINE_CURVE_WITH_KNOTS('',3,(#10992,#10993,#10994,#10995),
 .UNSPECIFIED.,.F.,.F.,(4,4),(7.30117590330989E-7,0.999999399248954),
 .UNSPECIFIED.);
#471=B_SPLINE_CURVE_WITH_KNOTS('',3,(#10997,#10998,#10999,#11000),
 .UNSPECIFIED.,.F.,.F.,(4,4),(6.7205725781421E-7,0.999999285838875),
 .UNSPECIFIED.);
#472=B_SPLINE_CURVE_WITH_KNOTS('',3,(#11002,#11003,#11004,#11005),
 .UNSPECIFIED.,.F.,.F.,(4,4),(3.022431676155E-6,0.999996977568324),
 .UNSPECIFIED.);
#473=B_SPLINE_CURVE_WITH_KNOTS('',3,(#11007,#11008,#11009,#11010),
 .UNSPECIFIED.,.F.,.F.,(4,4),(9.1955849434687E-7,0.999999139917079),
 .UNSPECIFIED.);
#474=B_SPLINE_CURVE_WITH_KNOTS('',3,(#11012,#11013,#11014,#11015),
 .UNSPECIFIED.,.F.,.F.,(4,4),(1.04449252317475E-6,0.999998702738354),
 .UNSPECIFIED.);
#475=B_SPLINE_CURVE_WITH_KNOTS('',3,(#11017,#11018,#11019,#11020),
 .UNSPECIFIED.,.F.,.F.,(4,4),(4.59538209610274E-6,1.),.UNSPECIFIED.);
#476=B_SPLINE_CURVE_WITH_KNOTS('',3,(#11022,#11023,#11024,#11025),
 .UNSPECIFIED.,.F.,.F.,(4,4),(8.76902399940058E-6,1.),.UNSPECIFIED.);
#477=B_SPLINE_CURVE_WITH_KNOTS('',3,(#11027,#11028,#11029,#11030),
 .UNSPECIFIED.,.F.,.F.,(4,4),(0.,1.),.UNSPECIFIED.);
#478=B_SPLINE_CURVE_WITH_KNOTS('',3,(#11032,#11033,#11034,#11035),
 .UNSPECIFIED.,.F.,.F.,(4,4),(0.,1.),.UNSPECIFIED.);
#479=B_SPLINE_CURVE_WITH_KNOTS('',3,(#11037,#11038,#11039,#11040),
 .UNSPECIFIED.,.F.,.F.,(4,4),(0.,1.),.UNSPECIFIED.);
#480=B_SPLINE_CURVE_WITH_KNOTS('',3,(#11042,#11043,#11044,#11045),
 .UNSPECIFIED.,.F.,.F.,(4,4),(0.,1.),.UNSPECIFIED.);
#481=B_SPLINE_CURVE_WITH_KNOTS('',3,(#11047,#11048,#11049,#11050),
 .UNSPECIFIED.,.F.,.F.,(4,4),(0.,1.),.UNSPECIFIED.);
#482=B_SPLINE_CURVE_WITH_KNOTS('',3,(#11052,#11053,#11054,#11055),
 .UNSPECIFIED.,.F.,.F.,(4,4),(0.,1.),.UNSPECIFIED.);
#483=B_SPLINE_CURVE_WITH_KNOTS('',3,(#11056,#11057,#11058,#11059),
 .UNSPECIFIED.,.F.,.F.,(4,4),(2.72195620600785E-6,1.10887824829762),
 .UNSPECIFIED.);
#484=B_SPLINE_CURVE_WITH_KNOTS('',3,(#11066,#11067,#11068,#11069),
 .UNSPECIFIED.,.F.,.F.,(4,4),(0.,0.999994769933322),.UNSPECIFIED.);
#485=B_SPLINE_CURVE_WITH_KNOTS('',3,(#11071,#11072,#11073,#11074),
 .UNSPECIFIED.,.F.,.F.,(4,4),(1.10434958051987E-6,0.999999562683119),
 .UNSPECIFIED.);
#486=B_SPLINE_CURVE_WITH_KNOTS('',3,(#11076,#11077,#11078,#11079),
 .UNSPECIFIED.,.F.,.F.,(4,4),(4.09517408684757E-7,0.999998968437065),
 .UNSPECIFIED.);
#487=B_SPLINE_CURVE_WITH_KNOTS('',3,(#11081,#11082,#11083,#11084),
 .UNSPECIFIED.,.F.,.F.,(4,4),(4.79995835427805E-6,1.11591417621754),
 .UNSPECIFIED.);
#488=B_SPLINE_CURVE_WITH_KNOTS('',3,(#11090,#11091,#11092,#11093),
 .UNSPECIFIED.,.F.,.F.,(4,4),(0.,0.999997278043794),.UNSPECIFIED.);
#489=B_SPLINE_CURVE_WITH_KNOTS('',3,(#11095,#11096,#11097,#11098),
 .UNSPECIFIED.,.F.,.F.,(4,4),(3.21891115044119E-7,0.999999678108885),
 .UNSPECIFIED.);
#490=B_SPLINE_CURVE_WITH_KNOTS('',3,(#11099,#11100,#11101,#11102),
 .UNSPECIFIED.,.F.,.F.,(4,4),(9.99208362931299E-7,1.),.UNSPECIFIED.);
#491=B_SPLINE_CURVE_WITH_KNOTS('',3,(#11105,#11106,#11107,#11108),
 .UNSPECIFIED.,.F.,.F.,(4,4),(7.41759077180624E-7,1.),.UNSPECIFIED.);
#492=B_SPLINE_CURVE_WITH_KNOTS('',3,(#11110,#11111,#11112,#11113),
 .UNSPECIFIED.,.F.,.F.,(4,4),(0.,1.),.UNSPECIFIED.);
#493=B_SPLINE_CURVE_WITH_KNOTS('',3,(#11115,#11116,#11117,#11118),
 .UNSPECIFIED.,.F.,.F.,(4,4),(0.,1.),.UNSPECIFIED.);
#494=B_SPLINE_CURVE_WITH_KNOTS('',3,(#11120,#11121,#11122,#11123),
 .UNSPECIFIED.,.F.,.F.,(4,4),(0.,0.999999288883653),.UNSPECIFIED.);
#495=B_SPLINE_CURVE_WITH_KNOTS('',3,(#11125,#11126,#11127,#11128),
 .UNSPECIFIED.,.F.,.F.,(4,4),(0.,0.999998920556105),.UNSPECIFIED.);
#496=B_SPLINE_CURVE_WITH_KNOTS('',3,(#11130,#11131,#11132,#11133),
 .UNSPECIFIED.,.F.,.F.,(4,4),(0.,1.),.UNSPECIFIED.);
#497=B_SPLINE_CURVE_WITH_KNOTS('',3,(#11135,#11136,#11137,#11138,#11139,
#11140),.UNSPECIFIED.,.F.,.F.,(4,1,1,4),(2.18397378694267E-6,0.500001091986893,
0.750000545993447,1.),.UNSPECIFIED.);
#498=B_SPLINE_CURVE_WITH_KNOTS('',3,(#11142,#11143,#11144,#11145),
 .UNSPECIFIED.,.F.,.F.,(4,4),(4.80102533155719E-7,1.),.UNSPECIFIED.);
#499=B_SPLINE_CURVE_WITH_KNOTS('',3,(#11147,#11148,#11149,#11150,#11151,
#11152,#11153),.UNSPECIFIED.,.F.,.F.,(4,1,1,1,4),(0.,0.24999951759472,0.499999035189439,
0.749998552784159,0.999998070378878),.UNSPECIFIED.);
#500=B_SPLINE_CURVE_WITH_KNOTS('',3,(#11155,#11156,#11157,#11158),
 .UNSPECIFIED.,.F.,.F.,(4,4),(0.,1.),.UNSPECIFIED.);
#501=B_SPLINE_CURVE_WITH_KNOTS('',3,(#11159,#11160,#11161,#11162),
 .UNSPECIFIED.,.F.,.F.,(4,4),(6.28039634721355E-7,1.),.UNSPECIFIED.);
#502=B_SPLINE_CURVE_WITH_KNOTS('',3,(#11165,#11166,#11167,#11168),
 .UNSPECIFIED.,.F.,.F.,(4,4),(0.,1.),.UNSPECIFIED.);
#503=B_SPLINE_CURVE_WITH_KNOTS('',3,(#11170,#11171,#11172,#11173),
 .UNSPECIFIED.,.F.,.F.,(4,4),(0.,0.999998510756996),.UNSPECIFIED.);
#504=B_SPLINE_CURVE_WITH_KNOTS('',3,(#11175,#11176,#11177,#11178),
 .UNSPECIFIED.,.F.,.F.,(4,4),(1.94027585278482E-7,0.999999805972415),
 .UNSPECIFIED.);
#505=B_SPLINE_CURVE_WITH_KNOTS('',3,(#11180,#11181,#11182,#11183),
 .UNSPECIFIED.,.F.,.F.,(4,4),(9.02999019754341E-7,0.999999097000987),
 .UNSPECIFIED.);
#506=B_SPLINE_CURVE_WITH_KNOTS('',3,(#11185,#11186,#11187,#11188),
 .UNSPECIFIED.,.F.,.F.,(4,4),(2.56256252207301E-7,0.999999281336398),
 .UNSPECIFIED.);
#507=B_SPLINE_CURVE_WITH_KNOTS('',3,(#11190,#11191,#11192,#11193),
 .UNSPECIFIED.,.F.,.F.,(4,4),(9.16168671362307E-6,0.999995985127872),
 .UNSPECIFIED.);
#508=B_SPLINE_CURVE_WITH_KNOTS('',3,(#11195,#11196,#11197,#11198),
 .UNSPECIFIED.,.F.,.F.,(4,4),(0.,1.),.UNSPECIFIED.);
#509=B_SPLINE_CURVE_WITH_KNOTS('',3,(#11200,#11201,#11202,#11203),
 .UNSPECIFIED.,.F.,.F.,(4,4),(0.,1.),.UNSPECIFIED.);
#510=B_SPLINE_CURVE_WITH_KNOTS('',3,(#11205,#11206,#11207,#11208),
 .UNSPECIFIED.,.F.,.F.,(4,4),(0.,0.999996194260125),.UNSPECIFIED.);
#511=B_SPLINE_CURVE_WITH_KNOTS('',3,(#11210,#11211,#11212,#11213),
 .UNSPECIFIED.,.F.,.F.,(4,4),(1.23378566097902E-6,0.999999216832316),
 .UNSPECIFIED.);
#512=B_SPLINE_CURVE_WITH_KNOTS('',3,(#11214,#11215,#11216,#11217),
 .UNSPECIFIED.,.F.,.F.,(4,4),(0.,1.),.UNSPECIFIED.);
#513=B_SPLINE_CURVE_WITH_KNOTS('',3,(#11220,#11221,#11222,#11223,#11224,
#11225,#11226),.UNSPECIFIED.,.F.,.F.,(4,1,1,1,4),(5.82380599921302E-7,0.250000170579,
0.499999758777401,0.749999346975802,0.999998935174202),.UNSPECIFIED.);
#514=B_SPLINE_CURVE_WITH_KNOTS('',3,(#11228,#11229,#11230,#11231),
 .UNSPECIFIED.,.F.,.F.,(4,4),(0.,0.99999941902689),.UNSPECIFIED.);
#515=B_SPLINE_CURVE_WITH_KNOTS('',3,(#11233,#11234,#11235,#11236),
 .UNSPECIFIED.,.F.,.F.,(4,4),(1.18914750462909E-6,0.999998810852494),
 .UNSPECIFIED.);
#516=B_SPLINE_CURVE_WITH_KNOTS('',3,(#11238,#11239,#11240,#11241),
 .UNSPECIFIED.,.F.,.F.,(4,4),(2.41874605571839E-6,0.999997581253944),
 .UNSPECIFIED.);
#517=B_SPLINE_CURVE_WITH_KNOTS('',3,(#11243,#11244,#11245,#11246),
 .UNSPECIFIED.,.F.,.F.,(4,4),(0.000106671007111188,0.999964953557762),
 .UNSPECIFIED.);
#518=B_SPLINE_CURVE_WITH_KNOTS('',3,(#11248,#11249,#11250,#11251,#11252,
#11253),.UNSPECIFIED.,.F.,.F.,(4,1,1,4),(0.,0.499999888294528,0.749999832441791,
0.999999776589055),.UNSPECIFIED.);
#519=B_SPLINE_CURVE_WITH_KNOTS('',3,(#11255,#11256,#11257,#11258),
 .UNSPECIFIED.,.F.,.F.,(4,4),(0.,1.),.UNSPECIFIED.);
#520=B_SPLINE_CURVE_WITH_KNOTS('',3,(#11260,#11261,#11262,#11263),
 .UNSPECIFIED.,.F.,.F.,(4,4),(0.,1.),.UNSPECIFIED.);
#521=B_SPLINE_CURVE_WITH_KNOTS('',3,(#11265,#11266,#11267,#11268,#11269,
#11270,#11271),.UNSPECIFIED.,.F.,.F.,(4,1,1,1,4),(2.1691007584574E-7,0.249999501183975,
0.499998785457873,0.749998069731772,0.999997354005671),.UNSPECIFIED.);
#522=B_SPLINE_CURVE_WITH_KNOTS('',3,(#11273,#11274,#11275,#11276),
 .UNSPECIFIED.,.F.,.F.,(4,4),(0.,0.999998670443405),.UNSPECIFIED.);
#523=B_SPLINE_CURVE_WITH_KNOTS('',3,(#11278,#11279,#11280,#11281),
 .UNSPECIFIED.,.F.,.F.,(4,4),(9.18092938106968E-7,0.999999341874536),
 .UNSPECIFIED.);
#524=B_SPLINE_CURVE_WITH_KNOTS('',3,(#11283,#11284,#11285,#11286,#11287,
#11288),.UNSPECIFIED.,.F.,.F.,(4,1,1,4),(0.,0.499999328409133,0.7499989926137,
0.999998656818266),.UNSPECIFIED.);
#525=B_SPLINE_CURVE_WITH_KNOTS('',3,(#11290,#11291,#11292,#11293),
 .UNSPECIFIED.,.F.,.F.,(4,4),(2.84525754653772E-6,0.999999135257202),
 .UNSPECIFIED.);
#526=B_SPLINE_CURVE_WITH_KNOTS('',3,(#11295,#11296,#11297,#11298),
 .UNSPECIFIED.,.F.,.F.,(4,4),(8.67061398448069E-7,1.),.UNSPECIFIED.);
#527=B_SPLINE_CURVE_WITH_KNOTS('',3,(#11299,#11300,#11301,#11302),
 .UNSPECIFIED.,.F.,.F.,(4,4),(0.,1.),.UNSPECIFIED.);
#528=B_SPLINE_CURVE_WITH_KNOTS('',3,(#11305,#11306,#11307,#11308,#11309,
#11310,#11311),.UNSPECIFIED.,.F.,.F.,(4,1,1,1,4),(5.82381649465695E-7,0.25000017057755,
0.49999975877345,0.74999934696935,0.99999893516525),.UNSPECIFIED.);
#529=B_SPLINE_CURVE_WITH_KNOTS('',3,(#11313,#11314,#11315,#11316),
 .UNSPECIFIED.,.F.,.F.,(4,4),(0.,0.99999941902689),.UNSPECIFIED.);
#530=B_SPLINE_CURVE_WITH_KNOTS('',3,(#11318,#11319,#11320,#11321),
 .UNSPECIFIED.,.F.,.F.,(4,4),(1.1891488544323E-6,0.999998810851147),
 .UNSPECIFIED.);
#531=B_SPLINE_CURVE_WITH_KNOTS('',3,(#11323,#11324,#11325,#11326),
 .UNSPECIFIED.,.F.,.F.,(4,4),(2.41874605571839E-6,0.999997581253944),
 .UNSPECIFIED.);
#532=B_SPLINE_CURVE_WITH_KNOTS('',3,(#11328,#11329,#11330,#11331),
 .UNSPECIFIED.,.F.,.F.,(4,4),(0.000106666483668972,0.999964955043268),
 .UNSPECIFIED.);
#533=B_SPLINE_CURVE_WITH_KNOTS('',3,(#11333,#11334,#11335,#11336,#11337,
#11338),.UNSPECIFIED.,.F.,.F.,(4,1,1,4),(0.,0.499999888295377,0.749999832443065,
0.999999776590754),.UNSPECIFIED.);
#534=B_SPLINE_CURVE_WITH_KNOTS('',3,(#11340,#11341,#11342,#11343),
 .UNSPECIFIED.,.F.,.F.,(4,4),(0.,1.),.UNSPECIFIED.);
#535=B_SPLINE_CURVE_WITH_KNOTS('',3,(#11345,#11346,#11347,#11348),
 .UNSPECIFIED.,.F.,.F.,(4,4),(0.,1.),.UNSPECIFIED.);
#536=B_SPLINE_CURVE_WITH_KNOTS('',3,(#11350,#11351,#11352,#11353,#11354,
#11355,#11356),.UNSPECIFIED.,.F.,.F.,(4,1,1,1,4),(2.16909698382584E-7,0.249999501187946,
0.499998785466194,0.749998069744441,0.999997354022689),.UNSPECIFIED.);
#537=B_SPLINE_CURVE_WITH_KNOTS('',3,(#11358,#11359,#11360,#11361),
 .UNSPECIFIED.,.F.,.F.,(4,4),(0.,0.999998670441536),.UNSPECIFIED.);
#538=B_SPLINE_CURVE_WITH_KNOTS('',3,(#11363,#11364,#11365,#11366),
 .UNSPECIFIED.,.F.,.F.,(4,4),(9.1809693076988E-7,0.999999341876779),
 .UNSPECIFIED.);
#539=B_SPLINE_CURVE_WITH_KNOTS('',3,(#11368,#11369,#11370,#11371,#11372,
#11373),.UNSPECIFIED.,.F.,.F.,(4,1,1,4),(0.,0.499999328409709,0.749998992614563,
0.999998656819417),.UNSPECIFIED.);
#540=B_SPLINE_CURVE_WITH_KNOTS('',3,(#11375,#11376,#11377,#11378),
 .UNSPECIFIED.,.F.,.F.,(4,4),(2.84525924659881E-6,0.999999135257202),
 .UNSPECIFIED.);
#541=B_SPLINE_CURVE_WITH_KNOTS('',3,(#11380,#11381,#11382,#11383),
 .UNSPECIFIED.,.F.,.F.,(4,4),(8.67061391015007E-7,1.),.UNSPECIFIED.);
#542=B_SPLINE_CURVE_WITH_KNOTS('',3,(#11384,#11385,#11386,#11387),
 .UNSPECIFIED.,.F.,.F.,(4,4),(0.,1.),.UNSPECIFIED.);
#543=B_SPLINE_CURVE_WITH_KNOTS('',3,(#11390,#11391,#11392,#11393),
 .UNSPECIFIED.,.F.,.F.,(4,4),(0.,0.999998504468888),.UNSPECIFIED.);
#544=B_SPLINE_CURVE_WITH_KNOTS('',3,(#11395,#11396,#11397,#11398),
 .UNSPECIFIED.,.F.,.F.,(4,4),(4.92767259103165E-6,0.999998148693148),
 .UNSPECIFIED.);
#545=B_SPLINE_CURVE_WITH_KNOTS('',3,(#11400,#11401,#11402,#11403),
 .UNSPECIFIED.,.F.,.F.,(4,4),(5.84427585479732E-7,1.),.UNSPECIFIED.);
#546=B_SPLINE_CURVE_WITH_KNOTS('',3,(#11405,#11406,#11407,#11408),
 .UNSPECIFIED.,.F.,.F.,(4,4),(0.,1.),.UNSPECIFIED.);
#547=B_SPLINE_CURVE_WITH_KNOTS('',3,(#11410,#11411,#11412,#11413),
 .UNSPECIFIED.,.F.,.F.,(4,4),(0.,1.),.UNSPECIFIED.);
#548=B_SPLINE_CURVE_WITH_KNOTS('',3,(#11415,#11416,#11417,#11418),
 .UNSPECIFIED.,.F.,.F.,(4,4),(0.,1.),.UNSPECIFIED.);
#549=B_SPLINE_CURVE_WITH_KNOTS('',3,(#11420,#11421,#11422,#11423),
 .UNSPECIFIED.,.F.,.F.,(4,4),(0.,1.),.UNSPECIFIED.);
#550=B_SPLINE_CURVE_WITH_KNOTS('',3,(#11425,#11426,#11427,#11428),
 .UNSPECIFIED.,.F.,.F.,(4,4),(0.,1.),.UNSPECIFIED.);
#551=B_SPLINE_CURVE_WITH_KNOTS('',3,(#11430,#11431,#11432,#11433),
 .UNSPECIFIED.,.F.,.F.,(4,4),(0.,1.),.UNSPECIFIED.);
#552=B_SPLINE_CURVE_WITH_KNOTS('',3,(#11435,#11436,#11437,#11438),
 .UNSPECIFIED.,.F.,.F.,(4,4),(0.,1.),.UNSPECIFIED.);
#553=B_SPLINE_CURVE_WITH_KNOTS('',3,(#11440,#11441,#11442,#11443),
 .UNSPECIFIED.,.F.,.F.,(4,4),(0.,1.),.UNSPECIFIED.);
#554=B_SPLINE_CURVE_WITH_KNOTS('',3,(#11445,#11446,#11447,#11448),
 .UNSPECIFIED.,.F.,.F.,(4,4),(0.,0.999999283160634),.UNSPECIFIED.);
#555=B_SPLINE_CURVE_WITH_KNOTS('',3,(#11450,#11451,#11452,#11453),
 .UNSPECIFIED.,.F.,.F.,(4,4),(1.87872813149021E-6,0.999995563174093),
 .UNSPECIFIED.);
#556=B_SPLINE_CURVE_WITH_KNOTS('',3,(#11455,#11456,#11457,#11458),
 .UNSPECIFIED.,.F.,.F.,(4,4),(1.62139113851874E-6,1.),.UNSPECIFIED.);
#557=B_SPLINE_CURVE_WITH_KNOTS('',3,(#11460,#11461,#11462,#11463),
 .UNSPECIFIED.,.F.,.F.,(4,4),(0.,1.),.UNSPECIFIED.);
#558=B_SPLINE_CURVE_WITH_KNOTS('',3,(#11465,#11466,#11467,#11468),
 .UNSPECIFIED.,.F.,.F.,(4,4),(0.,1.),.UNSPECIFIED.);
#559=B_SPLINE_CURVE_WITH_KNOTS('',3,(#11470,#11471,#11472,#11473),
 .UNSPECIFIED.,.F.,.F.,(4,4),(0.,1.),.UNSPECIFIED.);
#560=B_SPLINE_CURVE_WITH_KNOTS('',3,(#11475,#11476,#11477,#11478),
 .UNSPECIFIED.,.F.,.F.,(4,4),(0.,1.),.UNSPECIFIED.);
#561=B_SPLINE_CURVE_WITH_KNOTS('',3,(#11480,#11481,#11482,#11483),
 .UNSPECIFIED.,.F.,.F.,(4,4),(0.,1.),.UNSPECIFIED.);
#562=B_SPLINE_CURVE_WITH_KNOTS('',3,(#11485,#11486,#11487,#11488),
 .UNSPECIFIED.,.F.,.F.,(4,4),(0.,1.),.UNSPECIFIED.);
#563=B_SPLINE_CURVE_WITH_KNOTS('',3,(#11490,#11491,#11492,#11493),
 .UNSPECIFIED.,.F.,.F.,(4,4),(0.,1.),.UNSPECIFIED.);
#564=B_SPLINE_CURVE_WITH_KNOTS('',3,(#11494,#11495,#11496,#11497),
 .UNSPECIFIED.,.F.,.F.,(4,4),(1.98968641956191E-6,0.999998006359633),
 .UNSPECIFIED.);
#565=B_SPLINE_CURVE_WITH_KNOTS('',3,(#11500,#11501,#11502,#11503),
 .UNSPECIFIED.,.F.,.F.,(4,4),(2.06079945031452E-7,0.999999508545255),
 .UNSPECIFIED.);
#566=B_SPLINE_CURVE_WITH_KNOTS('',3,(#11505,#11506,#11507,#11508),
 .UNSPECIFIED.,.F.,.F.,(4,4),(4.21186921405913E-6,0.99999823493014),
 .UNSPECIFIED.);
#567=B_SPLINE_CURVE_WITH_KNOTS('',3,(#11510,#11511,#11512,#11513),
 .UNSPECIFIED.,.F.,.F.,(4,4),(7.17484989546657E-7,0.999999282515017),
 .UNSPECIFIED.);
#568=B_SPLINE_CURVE_WITH_KNOTS('',3,(#11515,#11516,#11517,#11518),
 .UNSPECIFIED.,.F.,.F.,(4,4),(5.53653572142552E-7,0.999999440476954),
 .UNSPECIFIED.);
#569=B_SPLINE_CURVE_WITH_KNOTS('',3,(#11520,#11521,#11522,#11523),
 .UNSPECIFIED.,.F.,.F.,(4,4),(7.27318243896849E-7,0.999999272681744),
 .UNSPECIFIED.);
#570=B_SPLINE_CURVE_WITH_KNOTS('',3,(#11525,#11526,#11527,#11528),
 .UNSPECIFIED.,.F.,.F.,(4,4),(1.78440077152155E-6,0.999995778470778),
 .UNSPECIFIED.);
#571=B_SPLINE_CURVE_WITH_KNOTS('',3,(#11530,#11531,#11532,#11533),
 .UNSPECIFIED.,.F.,.F.,(4,4),(4.92123357640753E-7,0.999999794448961),
 .UNSPECIFIED.);
#572=B_SPLINE_CURVE_WITH_KNOTS('',3,(#11534,#11535,#11536,#11537,#11538),
 .UNSPECIFIED.,.F.,.F.,(4,1,4),(0.00012987769094286,0.0019195299882255,
0.00434954089070947),.UNSPECIFIED.);
#573=B_SPLINE_CURVE_WITH_KNOTS('',3,(#11541,#11542,#11543,#11544),
 .UNSPECIFIED.,.F.,.F.,(4,4),(0.,0.999999631409485),.UNSPECIFIED.);
#574=B_SPLINE_CURVE_WITH_KNOTS('',3,(#11546,#11547,#11548,#11549),
 .UNSPECIFIED.,.F.,.F.,(4,4),(1.58681036723781E-6,0.99999492339526),
 .UNSPECIFIED.);
#575=B_SPLINE_CURVE_WITH_KNOTS('',3,(#11551,#11552,#11553,#11554),
 .UNSPECIFIED.,.F.,.F.,(4,4),(8.63558860117365E-7,1.),.UNSPECIFIED.);
#576=B_SPLINE_CURVE_WITH_KNOTS('',3,(#11556,#11557,#11558,#11559),
 .UNSPECIFIED.,.F.,.F.,(4,4),(0.,0.999999091945055),.UNSPECIFIED.);
#577=B_SPLINE_CURVE_WITH_KNOTS('',3,(#11561,#11562,#11563,#11564),
 .UNSPECIFIED.,.F.,.F.,(4,4),(2.87899488064242E-6,0.999997121005119),
 .UNSPECIFIED.);
#578=B_SPLINE_CURVE_WITH_KNOTS('',3,(#11566,#11567,#11568,#11569),
 .UNSPECIFIED.,.F.,.F.,(4,4),(9.14618668529365E-7,1.),.UNSPECIFIED.);
#579=B_SPLINE_CURVE_WITH_KNOTS('',3,(#11571,#11572,#11573,#11574),
 .UNSPECIFIED.,.F.,.F.,(4,4),(0.,0.999999152542624),.UNSPECIFIED.);
#580=B_SPLINE_CURVE_WITH_KNOTS('',3,(#11576,#11577,#11578,#11579),
 .UNSPECIFIED.,.F.,.F.,(4,4),(4.7169541393874E-6,0.999998455490448),
 .UNSPECIFIED.);
#581=B_SPLINE_CURVE_WITH_KNOTS('',3,(#11581,#11582,#11583,#11584),
 .UNSPECIFIED.,.F.,.F.,(4,4),(3.76386851492568E-7,1.),.UNSPECIFIED.);
#582=B_SPLINE_CURVE_WITH_KNOTS('',3,(#11586,#11587,#11588,#11589),
 .UNSPECIFIED.,.F.,.F.,(4,4),(0.,1.),.UNSPECIFIED.);
#583=B_SPLINE_CURVE_WITH_KNOTS('',3,(#11592,#11593,#11594,#11595),
 .UNSPECIFIED.,.F.,.F.,(4,4),(0.,0.999999509462225),.UNSPECIFIED.);
#584=B_SPLINE_CURVE_WITH_KNOTS('',3,(#11598,#11599,#11600,#11601),
 .UNSPECIFIED.,.F.,.F.,(4,4),(2.67334934175284E-6,0.999997326650658),
 .UNSPECIFIED.);
#585=B_SPLINE_CURVE_WITH_KNOTS('',3,(#11603,#11604,#11605,#11606),
 .UNSPECIFIED.,.F.,.F.,(4,4),(4.90422602879874E-7,1.),.UNSPECIFIED.);
#586=B_SPLINE_CURVE_WITH_KNOTS('',3,(#11608,#11609,#11610,#11611),
 .UNSPECIFIED.,.F.,.F.,(4,4),(0.,1.),.UNSPECIFIED.);
#587=B_SPLINE_CURVE_WITH_KNOTS('',3,(#11613,#11614,#11615,#11616),
 .UNSPECIFIED.,.F.,.F.,(4,4),(0.,0.999997087226992),.UNSPECIFIED.);
#588=B_SPLINE_CURVE_WITH_KNOTS('',3,(#11618,#11619,#11620,#11621),
 .UNSPECIFIED.,.F.,.F.,(4,4),(0.,1.),.UNSPECIFIED.);
#589=B_SPLINE_CURVE_WITH_KNOTS('',3,(#11623,#11624,#11625,#11626),
 .UNSPECIFIED.,.F.,.F.,(4,4),(5.90795008629164E-6,0.999996089742201),
 .UNSPECIFIED.);
#590=B_SPLINE_CURVE_WITH_KNOTS('',3,(#11628,#11629,#11630,#11631),
 .UNSPECIFIED.,.F.,.F.,(4,4),(1.77430109515384E-6,0.999995807276894),
 .UNSPECIFIED.);
#591=B_SPLINE_CURVE_WITH_KNOTS('',3,(#11633,#11634,#11635,#11636),
 .UNSPECIFIED.,.F.,.F.,(4,4),(3.52656086520549E-6,1.),.UNSPECIFIED.);
#592=B_SPLINE_CURVE_WITH_KNOTS('',3,(#11638,#11639,#11640,#11641),
 .UNSPECIFIED.,.F.,.F.,(4,4),(1.84306615835548E-6,0.999999209607058),
 .UNSPECIFIED.);
#593=B_SPLINE_CURVE_WITH_KNOTS('',3,(#11643,#11644,#11645,#11646),
 .UNSPECIFIED.,.F.,.F.,(4,4),(0.,0.999998553851406),.UNSPECIFIED.);
#594=B_SPLINE_CURVE_WITH_KNOTS('',3,(#11647,#11648,#11649,#11650),
 .UNSPECIFIED.,.F.,.F.,(4,4),(1.05766916093499E-6,0.999999307321729),
 .UNSPECIFIED.);
#595=B_SPLINE_CURVE_WITH_KNOTS('',3,(#11653,#11654,#11655,#11656),
 .UNSPECIFIED.,.F.,.F.,(4,4),(0.,0.999999696056501),.UNSPECIFIED.);
#596=B_SPLINE_CURVE_WITH_KNOTS('',3,(#11658,#11659,#11660,#11661),
 .UNSPECIFIED.,.F.,.F.,(4,4),(6.35194573577344E-7,0.99999875634968),
 .UNSPECIFIED.);
#597=B_SPLINE_CURVE_WITH_KNOTS('',3,(#11663,#11664,#11665,#11666),
 .UNSPECIFIED.,.F.,.F.,(4,4),(3.29423259250615E-7,1.),.UNSPECIFIED.);
#598=B_SPLINE_CURVE_WITH_KNOTS('',3,(#11668,#11669,#11670,#11671,#11672,
#11673,#11674),.UNSPECIFIED.,.F.,.F.,(4,1,1,1,4),(3.13884916603101E-6,0.250002292240212,
0.500001445631259,0.750000599022305,0.999999752413351),.UNSPECIFIED.);
#599=B_SPLINE_CURVE_WITH_KNOTS('',3,(#11676,#11677,#11678,#11679),
 .UNSPECIFIED.,.F.,.F.,(4,4),(0.,0.999999189087657),.UNSPECIFIED.);
#600=B_SPLINE_CURVE_WITH_KNOTS('',3,(#11681,#11682,#11683,#11684),
 .UNSPECIFIED.,.F.,.F.,(4,4),(8.03991804997707E-7,0.999998266752673),
 .UNSPECIFIED.);
#601=B_SPLINE_CURVE_WITH_KNOTS('',3,(#11686,#11687,#11688,#11689),
 .UNSPECIFIED.,.F.,.F.,(4,4),(2.28677545864147E-6,1.),.UNSPECIFIED.);
#602=B_SPLINE_CURVE_WITH_KNOTS('',3,(#11691,#11692,#11693,#11694),
 .UNSPECIFIED.,.F.,.F.,(4,4),(6.00495101537359E-7,0.99999687846483),
 .UNSPECIFIED.);
#603=B_SPLINE_CURVE_WITH_KNOTS('',3,(#11696,#11697,#11698,#11699),
 .UNSPECIFIED.,.F.,.F.,(4,4),(0.,0.99999918751416),.UNSPECIFIED.);
#604=B_SPLINE_CURVE_WITH_KNOTS('',3,(#11701,#11702,#11703,#11704),
 .UNSPECIFIED.,.F.,.F.,(4,4),(1.01616520945158E-7,0.999999636920047),
 .UNSPECIFIED.);
#605=B_SPLINE_CURVE_WITH_KNOTS('',3,(#11706,#11707,#11708,#11709),
 .UNSPECIFIED.,.F.,.F.,(4,4),(1.14465837109586E-6,0.999999430748834),
 .UNSPECIFIED.);
#606=B_SPLINE_CURVE_WITH_KNOTS('',3,(#11711,#11712,#11713,#11714),
 .UNSPECIFIED.,.F.,.F.,(4,4),(3.05757269351336E-7,1.),.UNSPECIFIED.);
#607=B_SPLINE_CURVE_WITH_KNOTS('',3,(#11716,#11717,#11718,#11719),
 .UNSPECIFIED.,.F.,.F.,(4,4),(0.,0.999998886148793),.UNSPECIFIED.);
#608=B_SPLINE_CURVE_WITH_KNOTS('',3,(#11721,#11722,#11723,#11724),
 .UNSPECIFIED.,.F.,.F.,(4,4),(8.79622662948778E-5,0.999915995992781),
 .UNSPECIFIED.);
#609=B_SPLINE_CURVE_WITH_KNOTS('',3,(#11725,#11726,#11727,#11728,#11729,
#11730,#11731),.UNSPECIFIED.,.F.,.F.,(4,1,1,1,4),(0.,0.25,0.5,0.75,1.),
 .UNSPECIFIED.);
#610=B_SPLINE_CURVE_WITH_KNOTS('',3,(#11734,#11735,#11736,#11737,#11738,
#11739,#11740),.UNSPECIFIED.,.F.,.F.,(4,1,1,1,4),(0.,0.25,0.5,0.75,1.),
 .UNSPECIFIED.);
#611=B_SPLINE_CURVE_WITH_KNOTS('',3,(#11742,#11743,#11744,#11745,#11746),
 .UNSPECIFIED.,.F.,.F.,(4,1,4),(0.,0.5,1.),.UNSPECIFIED.);
#612=B_SPLINE_CURVE_WITH_KNOTS('',3,(#11748,#11749,#11750,#11751),
 .UNSPECIFIED.,.F.,.F.,(4,4),(3.04661320982576E-5,0.999898948666934),
 .UNSPECIFIED.);
#613=B_SPLINE_CURVE_WITH_KNOTS('',3,(#11753,#11754,#11755,#11756),
 .UNSPECIFIED.,.F.,.F.,(4,4),(2.2644831428579E-6,0.999997735516849),
 .UNSPECIFIED.);
#614=B_SPLINE_CURVE_WITH_KNOTS('',3,(#11758,#11759,#11760,#11761),
 .UNSPECIFIED.,.F.,.F.,(4,4),(8.52765135086037E-7,0.999999147234864),
 .UNSPECIFIED.);
#615=B_SPLINE_CURVE_WITH_KNOTS('',3,(#11763,#11764,#11765,#11766),
 .UNSPECIFIED.,.F.,.F.,(4,4),(1.77753084481893E-7,0.999999822246916),
 .UNSPECIFIED.);
#616=B_SPLINE_CURVE_WITH_KNOTS('',3,(#11768,#11769,#11770,#11771),
 .UNSPECIFIED.,.F.,.F.,(4,4),(8.52765135825693E-7,0.999999147234865),
 .UNSPECIFIED.);
#617=B_SPLINE_CURVE_WITH_KNOTS('',3,(#11773,#11774,#11775,#11776),
 .UNSPECIFIED.,.F.,.F.,(4,4),(4.17141958992195E-7,0.999999582858041),
 .UNSPECIFIED.);
#618=B_SPLINE_CURVE_WITH_KNOTS('',3,(#11778,#11779,#11780,#11781),
 .UNSPECIFIED.,.F.,.F.,(4,4),(0.000101051333066145,0.999968319297825),
 .UNSPECIFIED.);
#619=B_SPLINE_CURVE_WITH_KNOTS('',3,(#11783,#11784,#11785,#11786,#11787,
#11788,#11789),.UNSPECIFIED.,.F.,.F.,(4,1,1,1,4),(0.,0.25,0.5,0.75,1.),
 .UNSPECIFIED.);
#620=B_SPLINE_CURVE_WITH_KNOTS('',3,(#11791,#11792,#11793,#11794,#11795,
#11796),.UNSPECIFIED.,.F.,.F.,(4,1,1,4),(0.,0.5,0.75,1.),.UNSPECIFIED.);
#621=B_SPLINE_CURVE_WITH_KNOTS('',3,(#11798,#11799,#11800,#11801,#11802,
#11803,#11804),.UNSPECIFIED.,.F.,.F.,(4,1,1,1,4),(0.,0.25,0.5,0.75,1.),
 .UNSPECIFIED.);
#622=B_SPLINE_CURVE_WITH_KNOTS('',3,(#11805,#11806,#11807,#11808),
 .UNSPECIFIED.,.F.,.F.,(4,4),(0.,0.999986201586641),.UNSPECIFIED.);
#623=B_SPLINE_CURVE_WITH_KNOTS('',3,(#11811,#11812,#11813,#11814),
 .UNSPECIFIED.,.F.,.F.,(4,4),(0.,0.999997875720085),.UNSPECIFIED.);
#624=B_SPLINE_CURVE_WITH_KNOTS('',3,(#11816,#11817,#11818,#11819),
 .UNSPECIFIED.,.F.,.F.,(4,4),(0.,0.999999022175367),.UNSPECIFIED.);
#625=B_SPLINE_CURVE_WITH_KNOTS('',3,(#11821,#11822,#11823,#11824),
 .UNSPECIFIED.,.F.,.F.,(4,4),(1.32627498388394E-6,0.999999590275562),
 .UNSPECIFIED.);
#626=B_SPLINE_CURVE_WITH_KNOTS('',3,(#11826,#11827,#11828,#11829),
 .UNSPECIFIED.,.F.,.F.,(4,4),(3.52563630005848E-7,0.999917915805828),
 .UNSPECIFIED.);
#627=B_SPLINE_CURVE_WITH_KNOTS('',3,(#11831,#11832,#11833,#11834),
 .UNSPECIFIED.,.F.,.F.,(4,4),(0.,1.),.UNSPECIFIED.);
#628=B_SPLINE_CURVE_WITH_KNOTS('',3,(#11836,#11837,#11838,#11839),
 .UNSPECIFIED.,.F.,.F.,(4,4),(2.3837889614908E-5,1.),.UNSPECIFIED.);
#629=B_SPLINE_CURVE_WITH_KNOTS('',3,(#11841,#11842,#11843,#11844),
 .UNSPECIFIED.,.F.,.F.,(4,4),(4.09388714991906E-6,1.),.UNSPECIFIED.);
#630=B_SPLINE_CURVE_WITH_KNOTS('',3,(#11846,#11847,#11848,#11849),
 .UNSPECIFIED.,.F.,.F.,(4,4),(0.,0.999953803108603),.UNSPECIFIED.);
#631=B_SPLINE_CURVE_WITH_KNOTS('',3,(#11851,#11852,#11853,#11854),
 .UNSPECIFIED.,.F.,.F.,(4,4),(0.,0.999996902601104),.UNSPECIFIED.);
#632=B_SPLINE_CURVE_WITH_KNOTS('',3,(#11856,#11857,#11858,#11859),
 .UNSPECIFIED.,.F.,.F.,(4,4),(4.90844610766345E-7,0.999999509155391),
 .UNSPECIFIED.);
#633=B_SPLINE_CURVE_WITH_KNOTS('',3,(#11861,#11862,#11863,#11864),
 .UNSPECIFIED.,.F.,.F.,(4,4),(8.34283866126161E-7,0.999999165716134),
 .UNSPECIFIED.);
#634=B_SPLINE_CURVE_WITH_KNOTS('',3,(#11866,#11867,#11868,#11869),
 .UNSPECIFIED.,.F.,.F.,(4,4),(1.87917498270539E-7,0.999999812082502),
 .UNSPECIFIED.);
#635=B_SPLINE_CURVE_WITH_KNOTS('',3,(#11871,#11872,#11873,#11874),
 .UNSPECIFIED.,.F.,.F.,(4,4),(5.26315775162318E-7,1.),.UNSPECIFIED.);
#636=B_SPLINE_CURVE_WITH_KNOTS('',3,(#11876,#11877,#11878,#11879,#11880,
#11881,#11882,#11883),.UNSPECIFIED.,.F.,.F.,(4,1,1,1,1,4),(2.38727897764811E-6,
0.250001735983347,0.500001084687716,0.750000433392085,0.875000107744269,
0.999999782096454),.UNSPECIFIED.);
#637=B_SPLINE_CURVE_WITH_KNOTS('',3,(#11885,#11886,#11887,#11888),
 .UNSPECIFIED.,.F.,.F.,(4,4),(0.,1.),.UNSPECIFIED.);
#638=B_SPLINE_CURVE_WITH_KNOTS('',3,(#11890,#11891,#11892,#11893),
 .UNSPECIFIED.,.F.,.F.,(4,4),(0.,1.),.UNSPECIFIED.);
#639=B_SPLINE_CURVE_WITH_KNOTS('',3,(#11895,#11896,#11897,#11898),
 .UNSPECIFIED.,.F.,.F.,(4,4),(0.,1.),.UNSPECIFIED.);
#640=B_SPLINE_CURVE_WITH_KNOTS('',3,(#11900,#11901,#11902,#11903),
 .UNSPECIFIED.,.F.,.F.,(4,4),(0.,0.999999148976997),.UNSPECIFIED.);
#641=B_SPLINE_CURVE_WITH_KNOTS('',3,(#11905,#11906,#11907,#11908),
 .UNSPECIFIED.,.F.,.F.,(4,4),(4.9183228189083E-5,0.999953054440203),
 .UNSPECIFIED.);
#642=B_SPLINE_CURVE_WITH_KNOTS('',3,(#11910,#11911,#11912,#11913),
 .UNSPECIFIED.,.F.,.F.,(4,4),(1.67747628121646E-6,0.999997668906893),
 .UNSPECIFIED.);
#643=B_SPLINE_CURVE_WITH_KNOTS('',3,(#11915,#11916,#11917,#11918),
 .UNSPECIFIED.,.F.,.F.,(4,4),(0.,0.999995800330063),.UNSPECIFIED.);
#644=B_SPLINE_CURVE_WITH_KNOTS('',3,(#11919,#11920,#11921,#11922),
 .UNSPECIFIED.,.F.,.F.,(4,4),(0.,1.),.UNSPECIFIED.);
#645=B_SPLINE_CURVE_WITH_KNOTS('',3,(#11925,#11926,#11927,#11928,#11929,
#11930,#11931),.UNSPECIFIED.,.F.,.F.,(4,1,1,1,4),(4.13749154691134E-7,0.250000126058053,
0.499999838366952,0.74999955067585,0.999999262984749),.UNSPECIFIED.);
#646=B_SPLINE_CURVE_WITH_KNOTS('',3,(#11933,#11934,#11935,#11936),
 .UNSPECIFIED.,.F.,.F.,(4,4),(0.,0.999999559683518),.UNSPECIFIED.);
#647=B_SPLINE_CURVE_WITH_KNOTS('',3,(#11938,#11939,#11940,#11941),
 .UNSPECIFIED.,.F.,.F.,(4,4),(9.01249821351934E-7,0.999999098750182),
 .UNSPECIFIED.);
#648=B_SPLINE_CURVE_WITH_KNOTS('',3,(#11943,#11944,#11945,#11946),
 .UNSPECIFIED.,.F.,.F.,(4,4),(1.83315479410951E-6,0.999998166845206),
 .UNSPECIFIED.);
#649=B_SPLINE_CURVE_WITH_KNOTS('',3,(#11948,#11949,#11950,#11951),
 .UNSPECIFIED.,.F.,.F.,(4,4),(0.000101051333183015,0.999966799894223),
 .UNSPECIFIED.);
#650=B_SPLINE_CURVE_WITH_KNOTS('',3,(#11953,#11954,#11955,#11956,#11957,
#11958,#11959),.UNSPECIFIED.,.F.,.F.,(4,1,1,1,4),(0.,0.25,0.5,0.75,1.),
 .UNSPECIFIED.);
#651=B_SPLINE_CURVE_WITH_KNOTS('',3,(#11961,#11962,#11963,#11964),
 .UNSPECIFIED.,.F.,.F.,(4,4),(0.,1.),.UNSPECIFIED.);
#652=B_SPLINE_CURVE_WITH_KNOTS('',3,(#11966,#11967,#11968,#11969),
 .UNSPECIFIED.,.F.,.F.,(4,4),(0.,1.),.UNSPECIFIED.);
#653=B_SPLINE_CURVE_WITH_KNOTS('',3,(#11971,#11972,#11973,#11974,#11975,
#11976,#11977),.UNSPECIFIED.,.F.,.F.,(4,1,1,1,4),(1.49629733030508E-7,0.249999655844946,
0.499999162060159,0.749998668275372,0.999998174490585),.UNSPECIFIED.);
#654=B_SPLINE_CURVE_WITH_KNOTS('',3,(#11979,#11980,#11981,#11982),
 .UNSPECIFIED.,.F.,.F.,(4,4),(0.,0.999999000261226),.UNSPECIFIED.);
#655=B_SPLINE_CURVE_WITH_KNOTS('',3,(#11984,#11985,#11986,#11987),
 .UNSPECIFIED.,.F.,.F.,(4,4),(6.90347696118578E-7,0.999999538062072),
 .UNSPECIFIED.);
#656=B_SPLINE_CURVE_WITH_KNOTS('',3,(#11989,#11990,#11991,#11992,#11993,
#11994,#11995),.UNSPECIFIED.,.F.,.F.,(4,1,1,1,4),(0.,0.249999768628325,
0.499999537256649,0.749999305884974,0.999999074513299),.UNSPECIFIED.);
#657=B_SPLINE_CURVE_WITH_KNOTS('',3,(#11997,#11998,#11999,#12000),
 .UNSPECIFIED.,.F.,.F.,(4,4),(1.96045789471226E-6,0.99999928430359),
 .UNSPECIFIED.);
#658=B_SPLINE_CURVE_WITH_KNOTS('',3,(#12002,#12003,#12004,#12005),
 .UNSPECIFIED.,.F.,.F.,(4,4),(7.09129904013762E-7,1.),.UNSPECIFIED.);
#659=B_SPLINE_CURVE_WITH_KNOTS('',3,(#12006,#12007,#12008,#12009,#12010,
#12011,#12012),.UNSPECIFIED.,.F.,.F.,(4,1,1,1,4),(0.,0.25,0.5,0.75,1.),
 .UNSPECIFIED.);
#660=B_SPLINE_CURVE_WITH_KNOTS('',3,(#12015,#12016,#12017,#12018,#12019,
#12020,#12021),.UNSPECIFIED.,.F.,.F.,(4,1,1,1,4),(0.,0.249998984455625,
0.499997968911251,0.749996953366876,0.999995937822502),.UNSPECIFIED.);
#661=B_SPLINE_CURVE_WITH_KNOTS('',3,(#12023,#12024,#12025,#12026),
 .UNSPECIFIED.,.F.,.F.,(4,4),(0.,0.999997973881194),.UNSPECIFIED.);
#662=B_SPLINE_CURVE_WITH_KNOTS('',3,(#12028,#12029,#12030,#12031),
 .UNSPECIFIED.,.F.,.F.,(4,4),(4.03403579339452E-7,0.999999467213457),
 .UNSPECIFIED.);
#663=B_SPLINE_CURVE_WITH_KNOTS('',3,(#12033,#12034,#12035,#12036,#12037,
#12038,#12039),.UNSPECIFIED.,.F.,.F.,(4,1,1,1,4),(6.23546566972337E-7,0.250000369458381,
0.500000115370196,0.74999986128201,0.999999607193825),.UNSPECIFIED.);
#664=B_SPLINE_CURVE_WITH_KNOTS('',3,(#12041,#12042,#12043,#12044),
 .UNSPECIFIED.,.F.,.F.,(4,4),(0.,0.999998956416332),.UNSPECIFIED.);
#665=B_SPLINE_CURVE_WITH_KNOTS('',3,(#12046,#12047,#12048,#12049),
 .UNSPECIFIED.,.F.,.F.,(4,4),(1.94055570007499E-6,0.999999244101696),
 .UNSPECIFIED.);
#666=B_SPLINE_CURVE_WITH_KNOTS('',3,(#12051,#12052,#12053,#12054,#12055,
#12056,#12057),.UNSPECIFIED.,.F.,.F.,(4,1,1,1,4),(3.6402662619794E-7,0.25000027301997,
0.500000182013313,0.750000091006657,1.),.UNSPECIFIED.);
#667=B_SPLINE_CURVE_WITH_KNOTS('',3,(#12059,#12060,#12061,#12062,#12063,
#12064,#12065),.UNSPECIFIED.,.F.,.F.,(4,1,1,1,4),(3.25770830927655E-7,0.250000244328123,
0.500000162885415,0.750000081442708,1.),.UNSPECIFIED.);
#668=B_SPLINE_CURVE_WITH_KNOTS('',3,(#12067,#12068,#12069,#12070,#12071,
#12072,#12073),.UNSPECIFIED.,.F.,.F.,(4,1,1,1,4),(0.,0.25,0.5,0.75,1.),
 .UNSPECIFIED.);
#669=B_SPLINE_CURVE_WITH_KNOTS('',3,(#12075,#12076,#12077,#12078,#12079,
#12080,#12081),.UNSPECIFIED.,.F.,.F.,(4,1,1,1,4),(0.,0.25,0.5,0.75,1.),
 .UNSPECIFIED.);
#670=B_SPLINE_CURVE_WITH_KNOTS('',3,(#12083,#12084,#12085,#12086,#12087,
#12088,#12089),.UNSPECIFIED.,.F.,.F.,(4,1,1,1,4),(0.,0.25,0.5,0.75,1.),
 .UNSPECIFIED.);
#671=B_SPLINE_CURVE_WITH_KNOTS('',3,(#12090,#12091,#12092,#12093,#12094,
#12095,#12096),.UNSPECIFIED.,.F.,.F.,(4,1,1,1,4),(0.,0.25,0.5,0.75,1.),
 .UNSPECIFIED.);
#672=B_SPLINE_CURVE_WITH_KNOTS('',3,(#12099,#12100,#12101,#12102,#12103,
#12104,#12105),.UNSPECIFIED.,.F.,.F.,(4,1,1,1,4),(0.,0.249998708239458,
0.499997416478916,0.749996124718374,0.999994832957832),.UNSPECIFIED.);
#673=B_SPLINE_CURVE_WITH_KNOTS('',3,(#12107,#12108,#12109,#12110),
 .UNSPECIFIED.,.F.,.F.,(4,4),(0.,0.999997812705202),.UNSPECIFIED.);
#674=B_SPLINE_CURVE_WITH_KNOTS('',3,(#12112,#12113,#12114,#12115),
 .UNSPECIFIED.,.F.,.F.,(4,4),(6.81866511233738E-7,0.999999318133506),
 .UNSPECIFIED.);
#675=B_SPLINE_CURVE_WITH_KNOTS('',3,(#12117,#12118,#12119,#12120),
 .UNSPECIFIED.,.F.,.F.,(4,4),(1.04285489458597E-6,0.999998957145105),
 .UNSPECIFIED.);
#676=B_SPLINE_CURVE_WITH_KNOTS('',3,(#12122,#12123,#12124,#12125),
 .UNSPECIFIED.,.F.,.F.,(4,4),(2.34896872838173E-7,0.999999765103127),
 .UNSPECIFIED.);
#677=B_SPLINE_CURVE_WITH_KNOTS('',3,(#12127,#12128,#12129,#12130),
 .UNSPECIFIED.,.F.,.F.,(4,4),(6.65696601820825E-7,1.),.UNSPECIFIED.);
#678=B_SPLINE_CURVE_WITH_KNOTS('',3,(#12132,#12133,#12134,#12135,#12136,
#12137,#12138,#12139),.UNSPECIFIED.,.F.,.F.,(4,1,1,1,1,4),(1.79564922127081E-6,
0.250001313924751,0.50000083220028,0.750000350475809,0.875000109613574,
0.999999868751339),.UNSPECIFIED.);
#679=B_SPLINE_CURVE_WITH_KNOTS('',3,(#12140,#12141,#12142,#12143),
 .UNSPECIFIED.,.F.,.F.,(4,4),(1.29475463746933E-5,1.),.UNSPECIFIED.);
#680=B_SPLINE_CURVE_WITH_KNOTS('',3,(#12146,#12147,#12148,#12149),
 .UNSPECIFIED.,.F.,.F.,(4,4),(1.1730297071533E-6,1.),.UNSPECIFIED.);
#681=B_SPLINE_CURVE_WITH_KNOTS('',3,(#12151,#12152,#12153,#12154),
 .UNSPECIFIED.,.F.,.F.,(4,4),(0.,1.),.UNSPECIFIED.);
#682=B_SPLINE_CURVE_WITH_KNOTS('',3,(#12156,#12157,#12158,#12159),
 .UNSPECIFIED.,.F.,.F.,(4,4),(0.,1.),.UNSPECIFIED.);
#683=B_SPLINE_CURVE_WITH_KNOTS('',3,(#12161,#12162,#12163,#12164),
 .UNSPECIFIED.,.F.,.F.,(4,4),(0.,1.),.UNSPECIFIED.);
#684=B_SPLINE_CURVE_WITH_KNOTS('',3,(#12166,#12167,#12168,#12169),
 .UNSPECIFIED.,.F.,.F.,(4,4),(0.,1.),.UNSPECIFIED.);
#685=B_SPLINE_CURVE_WITH_KNOTS('',3,(#12171,#12172,#12173,#12174),
 .UNSPECIFIED.,.F.,.F.,(4,4),(0.,1.),.UNSPECIFIED.);
#686=B_SPLINE_CURVE_WITH_KNOTS('',3,(#12176,#12177,#12178,#12179),
 .UNSPECIFIED.,.F.,.F.,(4,4),(7.13515648436805E-7,0.999997399392929),
 .UNSPECIFIED.);
#687=B_SPLINE_CURVE_WITH_KNOTS('',3,(#12181,#12182,#12183,#12184),
 .UNSPECIFIED.,.F.,.F.,(4,4),(0.,0.999996791562538),.UNSPECIFIED.);
#688=B_SPLINE_CURVE_WITH_KNOTS('',3,(#12186,#12187,#12188,#12189),
 .UNSPECIFIED.,.F.,.F.,(4,4),(5.83907056268575E-6,0.999999013548789),
 .UNSPECIFIED.);
#689=B_SPLINE_CURVE_WITH_KNOTS('',3,(#12191,#12192,#12193,#12194),
 .UNSPECIFIED.,.F.,.F.,(4,4),(7.65855201081655E-7,1.),.UNSPECIFIED.);
#690=B_SPLINE_CURVE_WITH_KNOTS('',3,(#12196,#12197,#12198,#12199),
 .UNSPECIFIED.,.F.,.F.,(4,4),(0.,0.99999465912619),.UNSPECIFIED.);
#691=B_SPLINE_CURVE_WITH_KNOTS('',3,(#12201,#12202,#12203,#12204),
 .UNSPECIFIED.,.F.,.F.,(4,4),(0.,1.),.UNSPECIFIED.);
#692=B_SPLINE_CURVE_WITH_KNOTS('',3,(#12206,#12207,#12208,#12209),
 .UNSPECIFIED.,.F.,.F.,(4,4),(0.,0.99017329210885),.UNSPECIFIED.);
#693=B_SPLINE_CURVE_WITH_KNOTS('',3,(#12211,#12212,#12213,#12214),
 .UNSPECIFIED.,.F.,.F.,(4,4),(0.,1.),.UNSPECIFIED.);
#694=B_SPLINE_CURVE_WITH_KNOTS('',3,(#12216,#12217,#12218,#12219),
 .UNSPECIFIED.,.F.,.F.,(4,4),(0.,1.),.UNSPECIFIED.);
#695=B_SPLINE_CURVE_WITH_KNOTS('',3,(#12221,#12222,#12223,#12224),
 .UNSPECIFIED.,.F.,.F.,(4,4),(0.,1.),.UNSPECIFIED.);
#696=B_SPLINE_CURVE_WITH_KNOTS('',3,(#12226,#12227,#12228,#12229),
 .UNSPECIFIED.,.F.,.F.,(4,4),(0.,1.),.UNSPECIFIED.);
#697=B_SPLINE_CURVE_WITH_KNOTS('',3,(#12231,#12232,#12233,#12234),
 .UNSPECIFIED.,.F.,.F.,(4,4),(0.,1.),.UNSPECIFIED.);
#698=B_SPLINE_CURVE_WITH_KNOTS('',3,(#12236,#12237,#12238,#12239),
 .UNSPECIFIED.,.F.,.F.,(4,4),(0.,0.999999132563122),.UNSPECIFIED.);
#699=B_SPLINE_CURVE_WITH_KNOTS('',3,(#12241,#12242,#12243,#12244),
 .UNSPECIFIED.,.F.,.F.,(4,4),(0.,1.),.UNSPECIFIED.);
#700=B_SPLINE_CURVE_WITH_KNOTS('',3,(#12246,#12247,#12248,#12249),
 .UNSPECIFIED.,.F.,.F.,(4,4),(0.,1.),.UNSPECIFIED.);
#701=B_SPLINE_CURVE_WITH_KNOTS('',3,(#12251,#12252,#12253,#12254),
 .UNSPECIFIED.,.F.,.F.,(4,4),(0.,0.999791575096657),.UNSPECIFIED.);
#702=B_SPLINE_CURVE_WITH_KNOTS('',3,(#12256,#12257,#12258,#12259),
 .UNSPECIFIED.,.F.,.F.,(4,4),(0.,1.),.UNSPECIFIED.);
#703=B_SPLINE_CURVE_WITH_KNOTS('',3,(#12261,#12262,#12263,#12264),
 .UNSPECIFIED.,.F.,.F.,(4,4),(3.55438405570711E-6,1.),.UNSPECIFIED.);
#704=B_SPLINE_CURVE_WITH_KNOTS('',3,(#12266,#12267,#12268,#12269),
 .UNSPECIFIED.,.F.,.F.,(4,4),(0.,1.),.UNSPECIFIED.);
#705=B_SPLINE_CURVE_WITH_KNOTS('',3,(#12271,#12272,#12273,#12274),
 .UNSPECIFIED.,.F.,.F.,(4,4),(0.,0.999195979807206),.UNSPECIFIED.);
#706=B_SPLINE_CURVE_WITH_KNOTS('',3,(#12276,#12277,#12278,#12279),
 .UNSPECIFIED.,.F.,.F.,(4,4),(0.,0.999925461419296),.UNSPECIFIED.);
#707=B_SPLINE_CURVE_WITH_KNOTS('',3,(#12281,#12282,#12283,#12284),
 .UNSPECIFIED.,.F.,.F.,(4,4),(8.21341350392129E-7,0.999999346938877),
 .UNSPECIFIED.);
#708=B_SPLINE_CURVE_WITH_KNOTS('',3,(#12286,#12287,#12288,#12289),
 .UNSPECIFIED.,.F.,.F.,(4,4),(2.98785993679383E-6,0.99999701214006),
 .UNSPECIFIED.);
#709=B_SPLINE_CURVE_WITH_KNOTS('',3,(#12291,#12292,#12293,#12294),
 .UNSPECIFIED.,.F.,.F.,(4,4),(5.23645846277235E-7,0.999999476354157),
 .UNSPECIFIED.);
#710=B_SPLINE_CURVE_WITH_KNOTS('',3,(#12296,#12297,#12298,#12299),
 .UNSPECIFIED.,.F.,.F.,(4,4),(5.20867204901543E-6,1.),.UNSPECIFIED.);
#711=B_SPLINE_CURVE_WITH_KNOTS('',3,(#12301,#12302,#12303,#12304),
 .UNSPECIFIED.,.F.,.F.,(4,4),(0.,1.),.UNSPECIFIED.);
#712=B_SPLINE_CURVE_WITH_KNOTS('',3,(#12306,#12307,#12308,#12309),
 .UNSPECIFIED.,.F.,.F.,(4,4),(0.,0.999998833347347),.UNSPECIFIED.);
#713=B_SPLINE_CURVE_WITH_KNOTS('',3,(#12311,#12312,#12313,#12314),
 .UNSPECIFIED.,.F.,.F.,(4,4),(0.,0.999985107425461),.UNSPECIFIED.);
#714=B_SPLINE_CURVE_WITH_KNOTS('',3,(#12316,#12317,#12318,#12319),
 .UNSPECIFIED.,.F.,.F.,(4,4),(0.,1.),.UNSPECIFIED.);
#715=B_SPLINE_CURVE_WITH_KNOTS('',3,(#12321,#12322,#12323,#12324),
 .UNSPECIFIED.,.F.,.F.,(4,4),(0.000173491258439054,1.),.UNSPECIFIED.);
#716=B_SPLINE_CURVE_WITH_KNOTS('',3,(#12325,#12326,#12327,#12328),
 .UNSPECIFIED.,.F.,.F.,(4,4),(1.93167566813934E-6,1.),.UNSPECIFIED.);
#717=B_SPLINE_CURVE_WITH_KNOTS('',3,(#12331,#12332,#12333,#12334),
 .UNSPECIFIED.,.F.,.F.,(4,4),(4.02208818014071E-6,0.999999228289092),
 .UNSPECIFIED.);
#718=B_SPLINE_CURVE_WITH_KNOTS('',3,(#12336,#12337,#12338,#12339),
 .UNSPECIFIED.,.F.,.F.,(4,4),(1.66911887980336E-6,0.999997072325217),
 .UNSPECIFIED.);
#719=B_SPLINE_CURVE_WITH_KNOTS('',3,(#12341,#12342,#12343,#12344),
 .UNSPECIFIED.,.F.,.F.,(4,4),(5.22065436643882E-7,0.999999477934563),
 .UNSPECIFIED.);
#720=B_SPLINE_CURVE_WITH_KNOTS('',3,(#12346,#12347,#12348,#12349),
 .UNSPECIFIED.,.F.,.F.,(4,4),(2.24798264382122E-6,0.999997752017358),
 .UNSPECIFIED.);
#721=B_SPLINE_CURVE_WITH_KNOTS('',3,(#12351,#12352,#12353,#12354),
 .UNSPECIFIED.,.F.,.F.,(4,4),(3.19680251289195E-6,0.999996803197487),
 .UNSPECIFIED.);
#722=B_SPLINE_CURVE_WITH_KNOTS('',3,(#12356,#12357,#12358,#12359),
 .UNSPECIFIED.,.F.,.F.,(4,4),(2.24798264382122E-6,0.999997752017356),
 .UNSPECIFIED.);
#723=B_SPLINE_CURVE_WITH_KNOTS('',3,(#12361,#12362,#12363,#12364),
 .UNSPECIFIED.,.F.,.F.,(4,4),(1.41062391126572E-6,0.999998589376089),
 .UNSPECIFIED.);
#724=B_SPLINE_CURVE_WITH_KNOTS('',3,(#12366,#12367,#12368,#12369),
 .UNSPECIFIED.,.F.,.F.,(4,4),(2.9656982557903E-6,0.999997034301746),
 .UNSPECIFIED.);
#725=B_SPLINE_CURVE_WITH_KNOTS('',3,(#12371,#12372,#12373,#12374),
 .UNSPECIFIED.,.F.,.F.,(4,4),(1.41062391126572E-6,0.999998589376081),
 .UNSPECIFIED.);
#726=B_SPLINE_CURVE_WITH_KNOTS('',3,(#12376,#12377,#12378,#12379),
 .UNSPECIFIED.,.F.,.F.,(4,4),(7.39201115032976E-7,0.999999260798886),
 .UNSPECIFIED.);
#727=B_SPLINE_CURVE_WITH_KNOTS('',3,(#12381,#12382,#12383,#12384),
 .UNSPECIFIED.,.F.,.F.,(4,4),(3.47192201554879E-6,1.),.UNSPECIFIED.);
#728=B_SPLINE_CURVE_WITH_KNOTS('',3,(#12386,#12387,#12388,#12389),
 .UNSPECIFIED.,.F.,.F.,(4,4),(0.,1.),.UNSPECIFIED.);
#729=B_SPLINE_CURVE_WITH_KNOTS('',3,(#12391,#12392,#12393,#12394),
 .UNSPECIFIED.,.F.,.F.,(4,4),(3.15111681504546E-6,1.),.UNSPECIFIED.);
#730=B_SPLINE_CURVE_WITH_KNOTS('',3,(#12395,#12396,#12397,#12398),
 .UNSPECIFIED.,.F.,.F.,(4,4),(0.,1.),.UNSPECIFIED.);
#731=B_SPLINE_CURVE_WITH_KNOTS('',3,(#12401,#12402,#12403,#12404),
 .UNSPECIFIED.,.F.,.F.,(4,4),(0.,1.),.UNSPECIFIED.);
#732=B_SPLINE_CURVE_WITH_KNOTS('',3,(#12406,#12407,#12408,#12409),
 .UNSPECIFIED.,.F.,.F.,(4,4),(0.,0.999999247877909),.UNSPECIFIED.);
#733=B_SPLINE_CURVE_WITH_KNOTS('',3,(#12411,#12412,#12413,#12414),
 .UNSPECIFIED.,.F.,.F.,(4,4),(0.,1.),.UNSPECIFIED.);
#734=B_SPLINE_CURVE_WITH_KNOTS('',3,(#12416,#12417,#12418,#12419),
 .UNSPECIFIED.,.F.,.F.,(4,4),(0.,1.),.UNSPECIFIED.);
#735=B_SPLINE_CURVE_WITH_KNOTS('',3,(#12421,#12422,#12423,#12424),
 .UNSPECIFIED.,.F.,.F.,(4,4),(0.,1.),.UNSPECIFIED.);
#736=B_SPLINE_CURVE_WITH_KNOTS('',3,(#12426,#12427,#12428,#12429),
 .UNSPECIFIED.,.F.,.F.,(4,4),(1.91241098800867E-6,0.999980915764525),
 .UNSPECIFIED.);
#737=B_SPLINE_CURVE_WITH_KNOTS('',3,(#12431,#12432,#12433,#12434),
 .UNSPECIFIED.,.F.,.F.,(4,4),(1.17470760152812E-5,1.),.UNSPECIFIED.);
#738=B_SPLINE_CURVE_WITH_KNOTS('',3,(#12436,#12437,#12438,#12439),
 .UNSPECIFIED.,.F.,.F.,(4,4),(0.,0.999999431628662),.UNSPECIFIED.);
#739=B_SPLINE_CURVE_WITH_KNOTS('',3,(#12441,#12442,#12443,#12444),
 .UNSPECIFIED.,.F.,.F.,(4,4),(0.,1.),.UNSPECIFIED.);
#740=B_SPLINE_CURVE_WITH_KNOTS('',3,(#12446,#12447,#12448,#12449),
 .UNSPECIFIED.,.F.,.F.,(4,4),(0.,1.),.UNSPECIFIED.);
#741=B_SPLINE_CURVE_WITH_KNOTS('',3,(#12451,#12452,#12453,#12454),
 .UNSPECIFIED.,.F.,.F.,(4,4),(0.,1.),.UNSPECIFIED.);
#742=B_SPLINE_CURVE_WITH_KNOTS('',3,(#12456,#12457,#12458,#12459),
 .UNSPECIFIED.,.F.,.F.,(4,4),(0.,1.),.UNSPECIFIED.);
#743=B_SPLINE_CURVE_WITH_KNOTS('',3,(#12461,#12462,#12463,#12464),
 .UNSPECIFIED.,.F.,.F.,(4,4),(0.,1.),.UNSPECIFIED.);
#744=B_SPLINE_CURVE_WITH_KNOTS('',3,(#12466,#12467,#12468,#12469),
 .UNSPECIFIED.,.F.,.F.,(4,4),(0.,1.),.UNSPECIFIED.);
#745=B_SPLINE_CURVE_WITH_KNOTS('',3,(#12471,#12472,#12473,#12474),
 .UNSPECIFIED.,.F.,.F.,(4,4),(0.,1.),.UNSPECIFIED.);
#746=B_SPLINE_CURVE_WITH_KNOTS('',3,(#12476,#12477,#12478,#12479),
 .UNSPECIFIED.,.F.,.F.,(4,4),(0.,0.999999228542396),.UNSPECIFIED.);
#747=B_SPLINE_CURVE_WITH_KNOTS('',3,(#12481,#12482,#12483,#12484),
 .UNSPECIFIED.,.F.,.F.,(4,4),(0.,1.),.UNSPECIFIED.);
#748=B_SPLINE_CURVE_WITH_KNOTS('',3,(#12486,#12487,#12488,#12489),
 .UNSPECIFIED.,.F.,.F.,(4,4),(0.,1.),.UNSPECIFIED.);
#749=B_SPLINE_CURVE_WITH_KNOTS('',3,(#12491,#12492,#12493,#12494),
 .UNSPECIFIED.,.F.,.F.,(4,4),(0.,1.),.UNSPECIFIED.);
#750=B_SPLINE_CURVE_WITH_KNOTS('',3,(#12496,#12497,#12498,#12499),
 .UNSPECIFIED.,.F.,.F.,(4,4),(4.45514452384176E-6,0.999954654325968),
 .UNSPECIFIED.);
#751=B_SPLINE_CURVE_WITH_KNOTS('',3,(#12501,#12502,#12503,#12504),
 .UNSPECIFIED.,.F.,.F.,(4,4),(3.52608808594441E-5,0.99999814536868),
 .UNSPECIFIED.);
#752=B_SPLINE_CURVE_WITH_KNOTS('',3,(#12506,#12507,#12508,#12509),
 .UNSPECIFIED.,.F.,.F.,(4,4),(0.,1.),.UNSPECIFIED.);
#753=B_SPLINE_CURVE_WITH_KNOTS('',3,(#12511,#12512,#12513,#12514),
 .UNSPECIFIED.,.F.,.F.,(4,4),(0.,1.),.UNSPECIFIED.);
#754=B_SPLINE_CURVE_WITH_KNOTS('',3,(#12516,#12517,#12518,#12519),
 .UNSPECIFIED.,.F.,.F.,(4,4),(0.,1.),.UNSPECIFIED.);
#755=B_SPLINE_CURVE_WITH_KNOTS('',3,(#12521,#12522,#12523,#12524),
 .UNSPECIFIED.,.F.,.F.,(4,4),(7.02055113609721E-7,1.),.UNSPECIFIED.);
#756=B_SPLINE_CURVE_WITH_KNOTS('',3,(#12526,#12527,#12528,#12529),
 .UNSPECIFIED.,.F.,.F.,(4,4),(0.,1.),.UNSPECIFIED.);
#757=B_SPLINE_CURVE_WITH_KNOTS('',3,(#12531,#12532,#12533,#12534),
 .UNSPECIFIED.,.F.,.F.,(4,4),(0.,1.),.UNSPECIFIED.);
#758=B_SPLINE_CURVE_WITH_KNOTS('',3,(#12536,#12537,#12538,#12539),
 .UNSPECIFIED.,.F.,.F.,(4,4),(0.,1.),.UNSPECIFIED.);
#759=B_SPLINE_CURVE_WITH_KNOTS('',3,(#12541,#12542,#12543,#12544),
 .UNSPECIFIED.,.F.,.F.,(4,4),(0.,1.),.UNSPECIFIED.);
#760=B_SPLINE_CURVE_WITH_KNOTS('',3,(#12545,#12546,#12547,#12548),
 .UNSPECIFIED.,.F.,.F.,(4,4),(2.87899241044602E-6,1.09212775718276),
 .UNSPECIFIED.);
#761=B_SPLINE_CURVE_WITH_KNOTS('',3,(#12555,#12556,#12557,#12558),
 .UNSPECIFIED.,.F.,.F.,(4,4),(0.,0.999993740558542),.UNSPECIFIED.);
#762=B_SPLINE_CURVE_WITH_KNOTS('',3,(#12560,#12561,#12562,#12563),
 .UNSPECIFIED.,.F.,.F.,(4,4),(1.3217059965908E-6,0.99999955010529),
 .UNSPECIFIED.);
#763=B_SPLINE_CURVE_WITH_KNOTS('',3,(#12565,#12566,#12567,#12568),
 .UNSPECIFIED.,.F.,.F.,(4,4),(4.21295659664905E-7,0.999998765716933),
 .UNSPECIFIED.);
#764=B_SPLINE_CURVE_WITH_KNOTS('',3,(#12570,#12571,#12572,#12573),
 .UNSPECIFIED.,.F.,.F.,(4,4),(5.74323368845075E-6,1.),.UNSPECIFIED.);
#765=B_SPLINE_CURVE_WITH_KNOTS('',3,(#12579,#12580,#12581,#12582),
 .UNSPECIFIED.,.F.,.F.,(4,4),(0.,0.999997121007582),.UNSPECIFIED.);
#766=B_SPLINE_CURVE_WITH_KNOTS('',3,(#12584,#12585,#12586,#12587),
 .UNSPECIFIED.,.F.,.F.,(4,4),(3.40461758809035E-7,0.999999659538241),
 .UNSPECIFIED.);
#767=B_SPLINE_CURVE_WITH_KNOTS('',3,(#12588,#12589,#12590,#12591,#12592,
#12593,#12594),.UNSPECIFIED.,.F.,.F.,(4,1,1,1,4),(9.92970635754241E-7,0.250000744727977,
0.500000496485318,0.750000248242659,1.),.UNSPECIFIED.);
#768=B_SPLINE_CURVE_WITH_KNOTS('',3,(#12597,#12598,#12599,#12600,#12601,
#12602,#12603),.UNSPECIFIED.,.F.,.F.,(4,1,1,1,4),(1.33104959124695E-7,0.249999427671396,
0.499998722237833,0.749998016804269,0.999997311370706),.UNSPECIFIED.);
#769=B_SPLINE_CURVE_WITH_KNOTS('',3,(#12605,#12606,#12607,#12608),
 .UNSPECIFIED.,.F.,.F.,(4,4),(0.,0.999999441828031),.UNSPECIFIED.);
#770=B_SPLINE_CURVE_WITH_KNOTS('',3,(#12610,#12611,#12612,#12613),
 .UNSPECIFIED.,.F.,.F.,(4,4),(1.12874879662323E-6,0.99999887125123),
 .UNSPECIFIED.);
#771=B_SPLINE_CURVE_WITH_KNOTS('',3,(#12615,#12616,#12617,#12618),
 .UNSPECIFIED.,.F.,.F.,(4,4),(6.08828035737655E-7,1.),.UNSPECIFIED.);
#772=B_SPLINE_CURVE_WITH_KNOTS('',3,(#12620,#12621,#12622,#12623),
 .UNSPECIFIED.,.F.,.F.,(4,4),(1.30550473801354E-5,0.999999712892646),
 .UNSPECIFIED.);
#773=B_SPLINE_CURVE_WITH_KNOTS('',3,(#12625,#12626,#12627,#12628),
 .UNSPECIFIED.,.F.,.F.,(4,4),(0.,1.),.UNSPECIFIED.);
#774=B_SPLINE_CURVE_WITH_KNOTS('',3,(#12630,#12631,#12632,#12633),
 .UNSPECIFIED.,.F.,.F.,(4,4),(0.,0.999982850529167),.UNSPECIFIED.);
#775=B_SPLINE_CURVE_WITH_KNOTS('',3,(#12635,#12636,#12637,#12638),
 .UNSPECIFIED.,.F.,.F.,(4,4),(0.,0.999999379484286),.UNSPECIFIED.);
#776=B_SPLINE_CURVE_WITH_KNOTS('',3,(#12640,#12641,#12642,#12643),
 .UNSPECIFIED.,.F.,.F.,(4,4),(1.12517571309966E-6,0.999998874824285),
 .UNSPECIFIED.);
#777=B_SPLINE_CURVE_WITH_KNOTS('',3,(#12645,#12646,#12647,#12648),
 .UNSPECIFIED.,.F.,.F.,(4,4),(6.02636465253394E-7,1.),.UNSPECIFIED.);
#778=B_SPLINE_CURVE_WITH_KNOTS('',3,(#12650,#12651,#12652,#12653),
 .UNSPECIFIED.,.F.,.F.,(4,4),(1.26197940026944E-5,0.999999701891741),
 .UNSPECIFIED.);
#779=B_SPLINE_CURVE_WITH_KNOTS('',3,(#12655,#12656,#12657,#12658),
 .UNSPECIFIED.,.F.,.F.,(4,4),(0.,1.),.UNSPECIFIED.);
#780=B_SPLINE_CURVE_WITH_KNOTS('',3,(#12660,#12661,#12662,#12663),
 .UNSPECIFIED.,.F.,.F.,(4,4),(0.,0.999974375024052),.UNSPECIFIED.);
#781=B_SPLINE_CURVE_WITH_KNOTS('',3,(#12665,#12666,#12667,#12668),
 .UNSPECIFIED.,.F.,.F.,(4,4),(0.,0.999999375122127),.UNSPECIFIED.);
#782=B_SPLINE_CURVE_WITH_KNOTS('',3,(#12670,#12671,#12672,#12673),
 .UNSPECIFIED.,.F.,.F.,(4,4),(1.12517571153816E-6,0.999998874824289),
 .UNSPECIFIED.);
#783=B_SPLINE_CURVE_WITH_KNOTS('',3,(#12675,#12676,#12677,#12678),
 .UNSPECIFIED.,.F.,.F.,(4,4),(3.47222208242088E-7,0.999999652777792),
 .UNSPECIFIED.);
#784=B_SPLINE_CURVE_WITH_KNOTS('',3,(#12680,#12681,#12682,#12683),
 .UNSPECIFIED.,.F.,.F.,(4,4),(1.12517571309966E-6,0.999998874824287),
 .UNSPECIFIED.);
#785=B_SPLINE_CURVE_WITH_KNOTS('',3,(#12685,#12686,#12687,#12688),
 .UNSPECIFIED.,.F.,.F.,(4,4),(2.22222198557744E-6,0.999997777778014),
 .UNSPECIFIED.);
#786=B_SPLINE_CURVE_WITH_KNOTS('',3,(#12690,#12691,#12692,#12693),
 .UNSPECIFIED.,.F.,.F.,(4,4),(0.000106666485766056,0.999962848678549),
 .UNSPECIFIED.);
#787=B_SPLINE_CURVE_WITH_KNOTS('',3,(#12695,#12696,#12697,#12698),
 .UNSPECIFIED.,.F.,.F.,(4,4),(4.74437103634376E-7,1.),.UNSPECIFIED.);
#788=B_SPLINE_CURVE_WITH_KNOTS('',3,(#12700,#12701,#12702,#12703),
 .UNSPECIFIED.,.F.,.F.,(4,4),(0.,1.),.UNSPECIFIED.);
#789=B_SPLINE_CURVE_WITH_KNOTS('',3,(#12705,#12706,#12707,#12708,#12709,
#12710),.UNSPECIFIED.,.F.,.F.,(4,1,1,4),(5.61953406977861E-7,0.499999755672424,
0.749999352531933,0.999998949391441),.UNSPECIFIED.);
#790=B_SPLINE_CURVE_WITH_KNOTS('',3,(#12711,#12712,#12713,#12714),
 .UNSPECIFIED.,.F.,.F.,(4,4),(1.41415817533518E-6,1.),.UNSPECIFIED.);
#791=B_SPLINE_CURVE_WITH_KNOTS('',3,(#12717,#12718,#12719,#12720),
 .UNSPECIFIED.,.F.,.F.,(4,4),(0.,0.999999759321184),.UNSPECIFIED.);
#792=B_SPLINE_CURVE_WITH_KNOTS('',3,(#12722,#12723,#12724,#12725),
 .UNSPECIFIED.,.F.,.F.,(4,4),(7.38715251988981E-7,0.99999842892341),
 .UNSPECIFIED.);
#793=B_SPLINE_CURVE_WITH_KNOTS('',3,(#12727,#12728,#12729,#12730),
 .UNSPECIFIED.,.F.,.F.,(4,4),(3.50116738852623E-7,0.999999843702012),
 .UNSPECIFIED.);
#794=B_SPLINE_CURVE_WITH_KNOTS('',3,(#12732,#12733,#12734,#12735),
 .UNSPECIFIED.,.F.,.F.,(4,4),(6.47698965758941E-7,0.999999349238917),
 .UNSPECIFIED.);
#795=B_SPLINE_CURVE_WITH_KNOTS('',3,(#12737,#12738,#12739,#12740),
 .UNSPECIFIED.,.F.,.F.,(4,4),(1.57238424548793E-7,0.999999651051377),
 .UNSPECIFIED.);
#796=B_SPLINE_CURVE_WITH_KNOTS('',3,(#12742,#12743,#12744,#12745),
 .UNSPECIFIED.,.F.,.F.,(4,4),(1.51888939838262E-6,0.999999283174153),
 .UNSPECIFIED.);
#797=B_SPLINE_CURVE_WITH_KNOTS('',3,(#12747,#12748,#12749,#12750),
 .UNSPECIFIED.,.F.,.F.,(4,4),(2.39440255014717E-7,1.),.UNSPECIFIED.);
#798=B_SPLINE_CURVE_WITH_KNOTS('',3,(#12752,#12753,#12754,#12755),
 .UNSPECIFIED.,.F.,.F.,(4,4),(0.,0.999998529356045),.UNSPECIFIED.);
#799=B_SPLINE_CURVE_WITH_KNOTS('',3,(#12757,#12758,#12759,#12760),
 .UNSPECIFIED.,.F.,.F.,(4,4),(6.29584641707097E-5,0.999938006666276),
 .UNSPECIFIED.);
#800=B_SPLINE_CURVE_WITH_KNOTS('',3,(#12761,#12762,#12763,#12764),
 .UNSPECIFIED.,.F.,.F.,(4,4),(2.72195620600817E-6,1.10887824829763),
 .UNSPECIFIED.);
#801=B_SPLINE_CURVE_WITH_KNOTS('',3,(#12771,#12772,#12773,#12774),
 .UNSPECIFIED.,.F.,.F.,(4,4),(0.,0.999994769933322),.UNSPECIFIED.);
#802=B_SPLINE_CURVE_WITH_KNOTS('',3,(#12776,#12777,#12778,#12779),
 .UNSPECIFIED.,.F.,.F.,(4,4),(1.10434958051987E-6,0.999999562683119),
 .UNSPECIFIED.);
#803=B_SPLINE_CURVE_WITH_KNOTS('',3,(#12781,#12782,#12783,#12784),
 .UNSPECIFIED.,.F.,.F.,(4,4),(4.09517406384547E-7,0.999998968437065),
 .UNSPECIFIED.);
#804=B_SPLINE_CURVE_WITH_KNOTS('',3,(#12786,#12787,#12788,#12789),
 .UNSPECIFIED.,.F.,.F.,(4,4),(4.79995835427803E-6,1.),.UNSPECIFIED.);
#805=B_SPLINE_CURVE_WITH_KNOTS('',3,(#12795,#12796,#12797,#12798),
 .UNSPECIFIED.,.F.,.F.,(4,4),(0.,0.999997278043794),.UNSPECIFIED.);
#806=B_SPLINE_CURVE_WITH_KNOTS('',3,(#12800,#12801,#12802,#12803),
 .UNSPECIFIED.,.F.,.F.,(4,4),(3.21891116160903E-7,0.999999678108885),
 .UNSPECIFIED.);
#807=B_SPLINE_CURVE_WITH_KNOTS('',3,(#12804,#12805,#12806,#12807),
 .UNSPECIFIED.,.F.,.F.,(4,4),(1.64803544506727E-5,1.),.UNSPECIFIED.);
#808=B_SPLINE_CURVE_WITH_KNOTS('',3,(#12810,#12811,#12812,#12813),
 .UNSPECIFIED.,.F.,.F.,(4,4),(1.47148474354735E-6,1.),.UNSPECIFIED.);
#809=B_SPLINE_CURVE_WITH_KNOTS('',3,(#12815,#12816,#12817,#12818),
 .UNSPECIFIED.,.F.,.F.,(4,4),(0.,1.),.UNSPECIFIED.);
#810=B_SPLINE_CURVE_WITH_KNOTS('',3,(#12820,#12821,#12822,#12823),
 .UNSPECIFIED.,.F.,.F.,(4,4),(0.,1.),.UNSPECIFIED.);
#811=B_SPLINE_CURVE_WITH_KNOTS('',3,(#12825,#12826,#12827,#12828),
 .UNSPECIFIED.,.F.,.F.,(4,4),(0.,1.),.UNSPECIFIED.);
#812=B_SPLINE_CURVE_WITH_KNOTS('',3,(#12830,#12831,#12832,#12833),
 .UNSPECIFIED.,.F.,.F.,(4,4),(0.,1.),.UNSPECIFIED.);
#813=B_SPLINE_CURVE_WITH_KNOTS('',3,(#12835,#12836,#12837,#12838),
 .UNSPECIFIED.,.F.,.F.,(4,4),(0.,1.),.UNSPECIFIED.);
#814=B_SPLINE_CURVE_WITH_KNOTS('',3,(#12840,#12841,#12842,#12843),
 .UNSPECIFIED.,.F.,.F.,(4,4),(1.1385219201023E-6,0.999996690000611),
 .UNSPECIFIED.);
#815=B_SPLINE_CURVE_WITH_KNOTS('',3,(#12845,#12846,#12847,#12848),
 .UNSPECIFIED.,.F.,.F.,(4,4),(0.,0.999995916526722),.UNSPECIFIED.);
#816=B_SPLINE_CURVE_WITH_KNOTS('',3,(#12850,#12851,#12852,#12853),
 .UNSPECIFIED.,.F.,.F.,(4,4),(7.43155880414575E-6,0.999998744521174),
 .UNSPECIFIED.);
#817=B_SPLINE_CURVE_WITH_KNOTS('',3,(#12855,#12856,#12857,#12858),
 .UNSPECIFIED.,.F.,.F.,(4,4),(9.74726805349148E-7,1.),.UNSPECIFIED.);
#818=B_SPLINE_CURVE_WITH_KNOTS('',3,(#12860,#12861,#12862,#12863),
 .UNSPECIFIED.,.F.,.F.,(4,4),(0.,0.999993202552588),.UNSPECIFIED.);
#819=B_SPLINE_CURVE_WITH_KNOTS('',3,(#12865,#12866,#12867,#12868),
 .UNSPECIFIED.,.F.,.F.,(4,4),(0.,1.),.UNSPECIFIED.);
#820=B_SPLINE_CURVE_WITH_KNOTS('',3,(#12870,#12871,#12872,#12873),
 .UNSPECIFIED.,.F.,.F.,(4,4),(0.,0.988095644441794),.UNSPECIFIED.);
#821=B_SPLINE_CURVE_WITH_KNOTS('',3,(#12875,#12876,#12877,#12878),
 .UNSPECIFIED.,.F.,.F.,(4,4),(0.,1.),.UNSPECIFIED.);
#822=B_SPLINE_CURVE_WITH_KNOTS('',3,(#12880,#12881,#12882,#12883),
 .UNSPECIFIED.,.F.,.F.,(4,4),(0.,1.),.UNSPECIFIED.);
#823=B_SPLINE_CURVE_WITH_KNOTS('',3,(#12885,#12886,#12887,#12888),
 .UNSPECIFIED.,.F.,.F.,(4,4),(0.,1.),.UNSPECIFIED.);
#824=B_SPLINE_CURVE_WITH_KNOTS('',3,(#12890,#12891,#12892,#12893),
 .UNSPECIFIED.,.F.,.F.,(4,4),(0.,1.),.UNSPECIFIED.);
#825=B_SPLINE_CURVE_WITH_KNOTS('',3,(#12895,#12896,#12897,#12898),
 .UNSPECIFIED.,.F.,.F.,(4,4),(0.,1.),.UNSPECIFIED.);
#826=B_SPLINE_CURVE_WITH_KNOTS('',3,(#12900,#12901,#12902,#12903),
 .UNSPECIFIED.,.F.,.F.,(4,4),(0.,0.999998872338637),.UNSPECIFIED.);
#827=B_SPLINE_CURVE_WITH_KNOTS('',3,(#12905,#12906,#12907,#12908),
 .UNSPECIFIED.,.F.,.F.,(4,4),(0.,1.),.UNSPECIFIED.);
#828=B_SPLINE_CURVE_WITH_KNOTS('',3,(#12910,#12911,#12912,#12913),
 .UNSPECIFIED.,.F.,.F.,(4,4),(0.,1.),.UNSPECIFIED.);
#829=B_SPLINE_CURVE_WITH_KNOTS('',3,(#12915,#12916,#12917,#12918),
 .UNSPECIFIED.,.F.,.F.,(4,4),(0.,0.999805939797174),.UNSPECIFIED.);
#830=B_SPLINE_CURVE_WITH_KNOTS('',3,(#12920,#12921,#12922,#12923),
 .UNSPECIFIED.,.F.,.F.,(4,4),(0.,1.),.UNSPECIFIED.);
#831=B_SPLINE_CURVE_WITH_KNOTS('',3,(#12925,#12926,#12927,#12928),
 .UNSPECIFIED.,.F.,.F.,(4,4),(7.09113401175546E-6,1.),.UNSPECIFIED.);
#832=B_SPLINE_CURVE_WITH_KNOTS('',3,(#12930,#12931,#12932,#12933),
 .UNSPECIFIED.,.F.,.F.,(4,4),(0.,1.),.UNSPECIFIED.);
#833=B_SPLINE_CURVE_WITH_KNOTS('',3,(#12935,#12936,#12937,#12938),
 .UNSPECIFIED.,.F.,.F.,(4,4),(0.,0.998201443567575),.UNSPECIFIED.);
#834=B_SPLINE_CURVE_WITH_KNOTS('',3,(#12940,#12941,#12942,#12943),
 .UNSPECIFIED.,.F.,.F.,(4,4),(0.,0.99988299200453),.UNSPECIFIED.);
#835=B_SPLINE_CURVE_WITH_KNOTS('',3,(#12945,#12946,#12947,#12948),
 .UNSPECIFIED.,.F.,.F.,(4,4),(1.05828912386665E-6,0.999999168831169),
 .UNSPECIFIED.);
#836=B_SPLINE_CURVE_WITH_KNOTS('',3,(#12950,#12951,#12952,#12953),
 .UNSPECIFIED.,.F.,.F.,(4,4),(3.80273279877E-6,0.999996197267191),
 .UNSPECIFIED.);
#837=B_SPLINE_CURVE_WITH_KNOTS('',3,(#12955,#12956,#12957,#12958),
 .UNSPECIFIED.,.F.,.F.,(4,4),(6.66458194743002E-7,0.999999333541807),
 .UNSPECIFIED.);
#838=B_SPLINE_CURVE_WITH_KNOTS('',3,(#12960,#12961,#12962,#12963),
 .UNSPECIFIED.,.F.,.F.,(4,4),(6.6292249518213E-6,1.),.UNSPECIFIED.);
#839=B_SPLINE_CURVE_WITH_KNOTS('',3,(#12965,#12966,#12967,#12968),
 .UNSPECIFIED.,.F.,.F.,(4,4),(0.,1.),.UNSPECIFIED.);
#840=B_SPLINE_CURVE_WITH_KNOTS('',3,(#12970,#12971,#12972,#12973),
 .UNSPECIFIED.,.F.,.F.,(4,4),(0.,0.999998498621997),.UNSPECIFIED.);
#841=B_SPLINE_CURVE_WITH_KNOTS('',3,(#12975,#12976,#12977,#12978),
 .UNSPECIFIED.,.F.,.F.,(4,4),(0.,0.999981134010288),.UNSPECIFIED.);
#842=B_SPLINE_CURVE_WITH_KNOTS('',3,(#12980,#12981,#12982,#12983),
 .UNSPECIFIED.,.F.,.F.,(4,4),(0.,1.),.UNSPECIFIED.);
#843=B_SPLINE_CURVE_WITH_KNOTS('',3,(#12985,#12986,#12987,#12988),
 .UNSPECIFIED.,.F.,.F.,(4,4),(0.000228815778999491,1.),.UNSPECIFIED.);
#844=B_SPLINE_CURVE_WITH_KNOTS('',3,(#12989,#12990,#12991,#12992),
 .UNSPECIFIED.,.F.,.F.,(4,4),(0.,1.),.UNSPECIFIED.);
#845=B_SPLINE_CURVE_WITH_KNOTS('',3,(#12995,#12996,#12997,#12998),
 .UNSPECIFIED.,.F.,.F.,(4,4),(0.,0.99999868545059),.UNSPECIFIED.);
#846=B_SPLINE_CURVE_WITH_KNOTS('',3,(#13000,#13001,#13002,#13003),
 .UNSPECIFIED.,.F.,.F.,(4,4),(4.33135631288832E-6,0.999998101800524),
 .UNSPECIFIED.);
#847=B_SPLINE_CURVE_WITH_KNOTS('',3,(#13005,#13006,#13007,#13008),
 .UNSPECIFIED.,.F.,.F.,(4,4),(5.94062544376214E-7,1.),.UNSPECIFIED.);
#848=B_SPLINE_CURVE_WITH_KNOTS('',3,(#13010,#13011,#13012,#13013),
 .UNSPECIFIED.,.F.,.F.,(4,4),(0.,1.),.UNSPECIFIED.);
#849=B_SPLINE_CURVE_WITH_KNOTS('',3,(#13015,#13016,#13017,#13018),
 .UNSPECIFIED.,.F.,.F.,(4,4),(0.,1.),.UNSPECIFIED.);
#850=B_SPLINE_CURVE_WITH_KNOTS('',3,(#13020,#13021,#13022,#13023),
 .UNSPECIFIED.,.F.,.F.,(4,4),(0.,1.),.UNSPECIFIED.);
#851=B_SPLINE_CURVE_WITH_KNOTS('',3,(#13025,#13026,#13027,#13028),
 .UNSPECIFIED.,.F.,.F.,(4,4),(0.,1.),.UNSPECIFIED.);
#852=B_SPLINE_CURVE_WITH_KNOTS('',3,(#13030,#13031,#13032,#13033),
 .UNSPECIFIED.,.F.,.F.,(4,4),(0.,1.),.UNSPECIFIED.);
#853=B_SPLINE_CURVE_WITH_KNOTS('',3,(#13035,#13036,#13037,#13038),
 .UNSPECIFIED.,.F.,.F.,(4,4),(0.,1.),.UNSPECIFIED.);
#854=B_SPLINE_CURVE_WITH_KNOTS('',3,(#13040,#13041,#13042,#13043),
 .UNSPECIFIED.,.F.,.F.,(4,4),(0.,1.),.UNSPECIFIED.);
#855=B_SPLINE_CURVE_WITH_KNOTS('',3,(#13045,#13046,#13047,#13048),
 .UNSPECIFIED.,.F.,.F.,(4,4),(0.,1.),.UNSPECIFIED.);
#856=B_SPLINE_CURVE_WITH_KNOTS('',3,(#13050,#13051,#13052,#13053),
 .UNSPECIFIED.,.F.,.F.,(4,4),(0.,0.99999927848161),.UNSPECIFIED.);
#857=B_SPLINE_CURVE_WITH_KNOTS('',3,(#13055,#13056,#13057,#13058),
 .UNSPECIFIED.,.F.,.F.,(4,4),(1.89961805925696E-6,0.99999608418684),
 .UNSPECIFIED.);
#858=B_SPLINE_CURVE_WITH_KNOTS('',3,(#13060,#13061,#13062,#13063),
 .UNSPECIFIED.,.F.,.F.,(4,4),(1.43099264010514E-6,1.),.UNSPECIFIED.);
#859=B_SPLINE_CURVE_WITH_KNOTS('',3,(#13065,#13066,#13067,#13068),
 .UNSPECIFIED.,.F.,.F.,(4,4),(0.,1.),.UNSPECIFIED.);
#860=B_SPLINE_CURVE_WITH_KNOTS('',3,(#13070,#13071,#13072,#13073),
 .UNSPECIFIED.,.F.,.F.,(4,4),(0.,1.),.UNSPECIFIED.);
#861=B_SPLINE_CURVE_WITH_KNOTS('',3,(#13075,#13076,#13077,#13078),
 .UNSPECIFIED.,.F.,.F.,(4,4),(0.,1.),.UNSPECIFIED.);
#862=B_SPLINE_CURVE_WITH_KNOTS('',3,(#13080,#13081,#13082,#13083),
 .UNSPECIFIED.,.F.,.F.,(4,4),(0.,1.),.UNSPECIFIED.);
#863=B_SPLINE_CURVE_WITH_KNOTS('',3,(#13085,#13086,#13087,#13088),
 .UNSPECIFIED.,.F.,.F.,(4,4),(0.,1.),.UNSPECIFIED.);
#864=B_SPLINE_CURVE_WITH_KNOTS('',3,(#13090,#13091,#13092,#13093),
 .UNSPECIFIED.,.F.,.F.,(4,4),(0.,1.),.UNSPECIFIED.);
#865=B_SPLINE_CURVE_WITH_KNOTS('',3,(#13095,#13096,#13097,#13098),
 .UNSPECIFIED.,.F.,.F.,(4,4),(0.,1.),.UNSPECIFIED.);
#866=B_SPLINE_CURVE_WITH_KNOTS('',3,(#13099,#13100,#13101,#13102,#13103),
 .UNSPECIFIED.,.F.,.F.,(4,1,4),(0.00285595490970964,0.0108856838612988,
0.0225031111351981),.UNSPECIFIED.);
#867=B_SPLINE_CURVE_WITH_KNOTS('',3,(#13106,#13107,#13108,#13109),
 .UNSPECIFIED.,.F.,.F.,(4,4),(0.,1.),.UNSPECIFIED.);
#868=B_SPLINE_CURVE_WITH_KNOTS('',3,(#13111,#13112,#13113,#13114),
 .UNSPECIFIED.,.F.,.F.,(4,4),(0.,1.),.UNSPECIFIED.);
#869=B_SPLINE_CURVE_WITH_KNOTS('',3,(#13116,#13117,#13118,#13119),
 .UNSPECIFIED.,.F.,.F.,(4,4),(0.,1.),.UNSPECIFIED.);
#870=B_SPLINE_CURVE_WITH_KNOTS('',3,(#13121,#13122,#13123,#13124),
 .UNSPECIFIED.,.F.,.F.,(4,4),(0.,1.),.UNSPECIFIED.);
#871=B_SPLINE_CURVE_WITH_KNOTS('',3,(#13126,#13127,#13128,#13129),
 .UNSPECIFIED.,.F.,.F.,(4,4),(0.,1.),.UNSPECIFIED.);
#872=B_SPLINE_CURVE_WITH_KNOTS('',3,(#13131,#13132,#13133,#13134),
 .UNSPECIFIED.,.F.,.F.,(4,4),(0.,1.),.UNSPECIFIED.);
#873=B_SPLINE_CURVE_WITH_KNOTS('',3,(#13136,#13137,#13138,#13139),
 .UNSPECIFIED.,.F.,.F.,(4,4),(0.,1.),.UNSPECIFIED.);
#874=B_SPLINE_CURVE_WITH_KNOTS('',3,(#13141,#13142,#13143,#13144),
 .UNSPECIFIED.,.F.,.F.,(4,4),(0.,1.),.UNSPECIFIED.);
#875=B_SPLINE_CURVE_WITH_KNOTS('',3,(#13146,#13147,#13148,#13149),
 .UNSPECIFIED.,.F.,.F.,(4,4),(0.,1.),.UNSPECIFIED.);
#876=B_SPLINE_CURVE_WITH_KNOTS('',3,(#13151,#13152,#13153,#13154),
 .UNSPECIFIED.,.F.,.F.,(4,4),(0.,1.),.UNSPECIFIED.);
#877=B_SPLINE_CURVE_WITH_KNOTS('',3,(#13156,#13157,#13158,#13159),
 .UNSPECIFIED.,.F.,.F.,(4,4),(0.,0.999999027361793),.UNSPECIFIED.);
#878=B_SPLINE_CURVE_WITH_KNOTS('',3,(#13161,#13162,#13163,#13164),
 .UNSPECIFIED.,.F.,.F.,(4,4),(0.,1.),.UNSPECIFIED.);
#879=B_SPLINE_CURVE_WITH_KNOTS('',3,(#13166,#13167,#13168,#13169),
 .UNSPECIFIED.,.F.,.F.,(4,4),(0.,1.),.UNSPECIFIED.);
#880=B_SPLINE_CURVE_WITH_KNOTS('',3,(#13171,#13172,#13173,#13174),
 .UNSPECIFIED.,.F.,.F.,(4,4),(7.43800383414281E-7,1.),.UNSPECIFIED.);
#881=B_SPLINE_CURVE_WITH_KNOTS('',3,(#13176,#13177,#13178,#13179),
 .UNSPECIFIED.,.F.,.F.,(4,4),(0.,1.),.UNSPECIFIED.);
#882=B_SPLINE_CURVE_WITH_KNOTS('',3,(#13181,#13182,#13183,#13184),
 .UNSPECIFIED.,.F.,.F.,(4,4),(0.,1.),.UNSPECIFIED.);
#883=B_SPLINE_CURVE_WITH_KNOTS('',3,(#13186,#13187,#13188,#13189),
 .UNSPECIFIED.,.F.,.F.,(4,4),(0.,0.999998853244392),.UNSPECIFIED.);
#884=B_SPLINE_CURVE_WITH_KNOTS('',3,(#13191,#13192,#13193,#13194),
 .UNSPECIFIED.,.F.,.F.,(4,4),(2.32305421043781E-6,0.999992842414252),
 .UNSPECIFIED.);
#885=B_SPLINE_CURVE_WITH_KNOTS('',3,(#13196,#13197,#13198,#13199),
 .UNSPECIFIED.,.F.,.F.,(4,4),(2.95130336626031E-6,1.),.UNSPECIFIED.);
#886=B_SPLINE_CURVE_WITH_KNOTS('',3,(#13201,#13202,#13203,#13204),
 .UNSPECIFIED.,.F.,.F.,(4,4),(1.0808371091793E-6,1.),.UNSPECIFIED.);
#887=B_SPLINE_CURVE_WITH_KNOTS('',3,(#13206,#13207,#13208,#13209,#13210),
 .UNSPECIFIED.,.F.,.F.,(4,1,4),(0.,0.0111367494397536,0.022538866048609),
 .UNSPECIFIED.);
#888=B_SPLINE_CURVE_WITH_KNOTS('',3,(#13214,#13215,#13216,#13217,#13218),
 .UNSPECIFIED.,.F.,.F.,(4,1,4),(0.002822038658243,0.0111175277019954,0.0227877142986865),
 .UNSPECIFIED.);
#889=B_SPLINE_CURVE_WITH_KNOTS('',3,(#13221,#13222,#13223,#13224),
 .UNSPECIFIED.,.F.,.F.,(4,4),(-0.00282203865824296,0.),.UNSPECIFIED.);
#890=B_SPLINE_CURVE_WITH_KNOTS('',3,(#13225,#13226,#13227,#13228,#13229),
 .UNSPECIFIED.,.F.,.F.,(4,1,4),(0.,0.00643576618144675,0.0104802163104839),
 .UNSPECIFIED.);
#891=B_SPLINE_CURVE_WITH_KNOTS('',3,(#13282,#13283,#13284,#13285,#13286),
 .UNSPECIFIED.,.F.,.F.,(4,1,4),(0.00337525345078881,0.0128648590031426,
0.0265946005150085),.UNSPECIFIED.);
#892=B_SPLINE_CURVE_WITH_KNOTS('',3,(#13289,#13290,#13291,#13292),
 .UNSPECIFIED.,.F.,.F.,(4,4),(-0.00337525345078867,0.),.UNSPECIFIED.);
#893=B_SPLINE_CURVE_WITH_KNOTS('',3,(#13293,#13294,#13295,#13296,#13297),
 .UNSPECIFIED.,.F.,.F.,(4,1,4),(0.,0.0131616033239001,0.0266367938833026),
 .UNSPECIFIED.);
#894=B_SPLINE_CURVE_WITH_KNOTS('',3,(#13348,#13349,#13350,#13351,#13352),
 .UNSPECIFIED.,.F.,.F.,(4,1,4),(0.000958749193485772,0.00178165371390624,
0.00380245859607851),.UNSPECIFIED.);
#895=B_SPLINE_CURVE_WITH_KNOTS('',3,(#13356,#13357,#13358,#13359,#13360),
 .UNSPECIFIED.,.F.,.F.,(4,1,4),(0.,0.0013370878475341,0.0019262562425382),
 .UNSPECIFIED.);
#896=B_SPLINE_CURVE_WITH_KNOTS('',3,(#13400,#13401,#13402,#13403,#13404),
 .UNSPECIFIED.,.F.,.F.,(4,1,4),(0.00012987769094286,0.0019195299882255,
0.00434954089070947),.UNSPECIFIED.);
#897=B_SPLINE_CURVE_WITH_KNOTS('',3,(#13479,#13480,#13481,#13482,#13483),
 .UNSPECIFIED.,.F.,.F.,(4,1,4),(0.00285595490970964,0.0108856838612988,
0.0225031111351981),.UNSPECIFIED.);
#898=B_SPLINE_CURVE_WITH_KNOTS('',3,(#13486,#13487,#13488,#13489),
 .UNSPECIFIED.,.F.,.F.,(4,4),(-0.00285595490970957,0.),.UNSPECIFIED.);
#899=B_SPLINE_CURVE_WITH_KNOTS('',3,(#13490,#13491,#13492,#13493,#13494),
 .UNSPECIFIED.,.F.,.F.,(4,1,4),(0.,0.0111367494397536,0.022538866048609),
 .UNSPECIFIED.);
#900=SPHERICAL_SURFACE('',#7328,0.00075);
#901=CONICAL_SURFACE('',#7322,0.00225,0.785398163397448);
#902=CONICAL_SURFACE('',#7323,0.00225,0.785398163397448);
#903=CONICAL_SURFACE('',#7324,0.00225,0.785398163397448);
#904=CONICAL_SURFACE('',#7325,0.00225,0.785398163397448);
#905=(
BOUNDED_CURVE()
B_SPLINE_CURVE(2,(#8331,#8332,#8333),.UNSPECIFIED.,.F.,.F.)
B_SPLINE_CURVE_WITH_KNOTS((3,3),(0.,0.0729214361108478),.UNSPECIFIED.)
CURVE()
GEOMETRIC_REPRESENTATION_ITEM()
RATIONAL_B_SPLINE_CURVE((1.,1.00703016000062,1.))
REPRESENTATION_ITEM('')
);
#906=(
BOUNDED_CURVE()
B_SPLINE_CURVE(2,(#8335,#8336,#8337),.UNSPECIFIED.,.F.,.F.)
B_SPLINE_CURVE_WITH_KNOTS((3,3),(0.,0.0729214361108479),.UNSPECIFIED.)
CURVE()
GEOMETRIC_REPRESENTATION_ITEM()
RATIONAL_B_SPLINE_CURVE((1.,1.00703016000095,1.))
REPRESENTATION_ITEM('')
);
#907=(
BOUNDED_CURVE()
B_SPLINE_CURVE(2,(#8345,#8346,#8347),.UNSPECIFIED.,.F.,.F.)
B_SPLINE_CURVE_WITH_KNOTS((3,3),(0.,0.0729214361108479),.UNSPECIFIED.)
CURVE()
GEOMETRIC_REPRESENTATION_ITEM()
RATIONAL_B_SPLINE_CURVE((1.,1.0070301600006,1.))
REPRESENTATION_ITEM('')
);
#908=(
BOUNDED_CURVE()
B_SPLINE_CURVE(2,(#8349,#8350,#8351),.UNSPECIFIED.,.F.,.F.)
B_SPLINE_CURVE_WITH_KNOTS((3,3),(0.,0.0729214361108479),.UNSPECIFIED.)
CURVE()
GEOMETRIC_REPRESENTATION_ITEM()
RATIONAL_B_SPLINE_CURVE((1.,1.00703016000085,1.))
REPRESENTATION_ITEM('')
);
#909=(
BOUNDED_CURVE()
B_SPLINE_CURVE(2,(#8359,#8360,#8361),.UNSPECIFIED.,.F.,.F.)
B_SPLINE_CURVE_WITH_KNOTS((3,3),(0.,0.0729214361108479),.UNSPECIFIED.)
CURVE()
GEOMETRIC_REPRESENTATION_ITEM()
RATIONAL_B_SPLINE_CURVE((1.,1.0070301600008,1.))
REPRESENTATION_ITEM('')
);
#910=(
BOUNDED_CURVE()
B_SPLINE_CURVE(2,(#8363,#8364,#8365),.UNSPECIFIED.,.F.,.F.)
B_SPLINE_CURVE_WITH_KNOTS((3,3),(0.,0.0729214361108479),.UNSPECIFIED.)
CURVE()
GEOMETRIC_REPRESENTATION_ITEM()
RATIONAL_B_SPLINE_CURVE((1.,1.00703016000129,1.))
REPRESENTATION_ITEM('')
);
#911=(
BOUNDED_CURVE()
B_SPLINE_CURVE(2,(#8373,#8374,#8375),.UNSPECIFIED.,.F.,.F.)
B_SPLINE_CURVE_WITH_KNOTS((3,3),(0.,0.0729214361108479),.UNSPECIFIED.)
CURVE()
GEOMETRIC_REPRESENTATION_ITEM()
RATIONAL_B_SPLINE_CURVE((1.,1.0070301600006,1.))
REPRESENTATION_ITEM('')
);
#912=(
BOUNDED_CURVE()
B_SPLINE_CURVE(2,(#8377,#8378,#8379),.UNSPECIFIED.,.F.,.F.)
B_SPLINE_CURVE_WITH_KNOTS((3,3),(0.,0.0729214361108479),.UNSPECIFIED.)
CURVE()
GEOMETRIC_REPRESENTATION_ITEM()
RATIONAL_B_SPLINE_CURVE((1.,1.00703016000085,1.))
REPRESENTATION_ITEM('')
);
#913=CYLINDRICAL_SURFACE('',#7255,0.002);
#914=CYLINDRICAL_SURFACE('',#7258,0.002);
#915=CYLINDRICAL_SURFACE('',#7261,0.002);
#916=CYLINDRICAL_SURFACE('',#7264,0.002);
#917=CYLINDRICAL_SURFACE('',#7267,0.001);
#918=CYLINDRICAL_SURFACE('',#7269,0.001);
#919=CYLINDRICAL_SURFACE('',#7271,0.001);
#920=CYLINDRICAL_SURFACE('',#7273,0.001);
#921=CYLINDRICAL_SURFACE('',#7288,0.003625);
#922=CYLINDRICAL_SURFACE('',#7290,0.003125);
#923=CYLINDRICAL_SURFACE('',#7301,0.003);
#924=CYLINDRICAL_SURFACE('',#7326,0.00075);
#925=CYLINDRICAL_SURFACE('',#7353,0.0005);
#926=CYLINDRICAL_SURFACE('',#7357,0.0005);
#927=CYLINDRICAL_SURFACE('',#7363,0.0005);
#928=CYLINDRICAL_SURFACE('',#7368,0.0005);
#929=LINE('',#8102,#1122);
#930=LINE('',#8106,#1123);
#931=LINE('',#8110,#1124);
#932=LINE('',#8114,#1125);
#933=LINE('',#8116,#1126);
#934=LINE('',#8120,#1127);
#935=LINE('',#8122,#1128);
#936=LINE('',#8124,#1129);
#937=LINE('',#8126,#1130);
#938=LINE('',#8130,#1131);
#939=LINE('',#8132,#1132);
#940=LINE('',#8134,#1133);
#941=LINE('',#8136,#1134);
#942=LINE('',#8138,#1135);
#943=LINE('',#8140,#1136);
#944=LINE('',#8144,#1137);
#945=LINE('',#8146,#1138);
#946=LINE('',#8148,#1139);
#947=LINE('',#8150,#1140);
#948=LINE('',#8152,#1141);
#949=LINE('',#8156,#1142);
#950=LINE('',#8158,#1143);
#951=LINE('',#8160,#1144);
#952=LINE('',#8162,#1145);
#953=LINE('',#8176,#1146);
#954=LINE('',#8179,#1147);
#955=LINE('',#8181,#1148);
#956=LINE('',#8183,#1149);
#957=LINE('',#8185,#1150);
#958=LINE('',#8187,#1151);
#959=LINE('',#8189,#1152);
#960=LINE('',#8191,#1153);
#961=LINE('',#8193,#1154);
#962=LINE('',#8195,#1155);
#963=LINE('',#8197,#1156);
#964=LINE('',#8198,#1157);
#965=LINE('',#8205,#1158);
#966=LINE('',#8208,#1159);
#967=LINE('',#8210,#1160);
#968=LINE('',#8212,#1161);
#969=LINE('',#8214,#1162);
#970=LINE('',#8216,#1163);
#971=LINE('',#8218,#1164);
#972=LINE('',#8220,#1165);
#973=LINE('',#8222,#1166);
#974=LINE('',#8225,#1167);
#975=LINE('',#8227,#1168);
#976=LINE('',#8228,#1169);
#977=LINE('',#8230,#1170);
#978=LINE('',#8232,#1171);
#979=LINE('',#8234,#1172);
#980=LINE('',#8236,#1173);
#981=LINE('',#8239,#1174);
#982=LINE('',#8241,#1175);
#983=LINE('',#8243,#1176);
#984=LINE('',#8244,#1177);
#985=LINE('',#8246,#1178);
#986=LINE('',#8248,#1179);
#987=LINE('',#8250,#1180);
#988=LINE('',#8252,#1181);
#989=LINE('',#8254,#1182);
#990=LINE('',#8256,#1183);
#991=LINE('',#8258,#1184);
#992=LINE('',#8271,#1185);
#993=LINE('',#8276,#1186);
#994=LINE('',#8280,#1187);
#995=LINE('',#8284,#1188);
#996=LINE('',#8288,#1189);
#997=LINE('',#8292,#1190);
#998=LINE('',#8296,#1191);
#999=LINE('',#8300,#1192);
#1000=LINE('',#8304,#1193);
#1001=LINE('',#8308,#1194);
#1002=LINE('',#8309,#1195);
#1003=LINE('',#8313,#1196);
#1004=LINE('',#8314,#1197);
#1005=LINE('',#8318,#1198);
#1006=LINE('',#8319,#1199);
#1007=LINE('',#8323,#1200);
#1008=LINE('',#8325,#1201);
#1009=LINE('',#8329,#1202);
#1010=LINE('',#8339,#1203);
#1011=LINE('',#8343,#1204);
#1012=LINE('',#8353,#1205);
#1013=LINE('',#8357,#1206);
#1014=LINE('',#8367,#1207);
#1015=LINE('',#8371,#1208);
#1016=LINE('',#8389,#1209);
#1017=LINE('',#8391,#1210);
#1018=LINE('',#8393,#1211);
#1019=LINE('',#8395,#1212);
#1020=LINE('',#8397,#1213);
#1021=LINE('',#8399,#1214);
#1022=LINE('',#8401,#1215);
#1023=LINE('',#8403,#1216);
#1024=LINE('',#8405,#1217);
#1025=LINE('',#8407,#1218);
#1026=LINE('',#8409,#1219);
#1027=LINE('',#8411,#1220);
#1028=LINE('',#8413,#1221);
#1029=LINE('',#8414,#1222);
#1030=LINE('',#8417,#1223);
#1031=LINE('',#8419,#1224);
#1032=LINE('',#8421,#1225);
#1033=LINE('',#8423,#1226);
#1034=LINE('',#8425,#1227);
#1035=LINE('',#8427,#1228);
#1036=LINE('',#8429,#1229);
#1037=LINE('',#8431,#1230);
#1038=LINE('',#8473,#1231);
#1039=LINE('',#8478,#1232);
#1040=LINE('',#8479,#1233);
#1041=LINE('',#8483,#1234);
#1042=LINE('',#8484,#1235);
#1043=LINE('',#8488,#1236);
#1044=LINE('',#8490,#1237);
#1045=LINE('',#8492,#1238);
#1046=LINE('',#8496,#1239);
#1047=LINE('',#8498,#1240);
#1048=LINE('',#8500,#1241);
#1049=LINE('',#8503,#1242);
#1050=LINE('',#8504,#1243);
#1051=LINE('',#8506,#1244);
#1052=LINE('',#8507,#1245);
#1053=LINE('',#8509,#1246);
#1054=LINE('',#8511,#1247);
#1055=LINE('',#8512,#1248);
#1056=LINE('',#8514,#1249);
#1057=LINE('',#8515,#1250);
#1058=LINE('',#8517,#1251);
#1059=LINE('',#8521,#1252);
#1060=LINE('',#8523,#1253);
#1061=LINE('',#8525,#1254);
#1062=LINE('',#8531,#1255);
#1063=LINE('',#8532,#1256);
#1064=LINE('',#8534,#1257);
#1065=LINE('',#8535,#1258);
#1066=LINE('',#8539,#1259);
#1067=LINE('',#8543,#1260);
#1068=LINE('',#8545,#1261);
#1069=LINE('',#8547,#1262);
#1070=LINE('',#8550,#1263);
#1071=LINE('',#8554,#1264);
#1072=LINE('',#8556,#1265);
#1073=LINE('',#8558,#1266);
#1074=LINE('',#8616,#1267);
#1075=LINE('',#8629,#1268);
#1076=LINE('',#8631,#1269);
#1077=LINE('',#8649,#1270);
#1078=LINE('',#8651,#1271);
#1079=LINE('',#8664,#1272);
#1080=LINE('',#8666,#1273);
#1081=LINE('',#8684,#1274);
#1082=LINE('',#8689,#1275);
#1083=LINE('',#8749,#1276);
#1084=LINE('',#8762,#1277);
#1085=LINE('',#8764,#1278);
#1086=LINE('',#8782,#1279);
#1087=LINE('',#11062,#1280);
#1088=LINE('',#11064,#1281);
#1089=LINE('',#11086,#1282);
#1090=LINE('',#11088,#1283);
#1091=LINE('',#12551,#1284);
#1092=LINE('',#12553,#1285);
#1093=LINE('',#12575,#1286);
#1094=LINE('',#12577,#1287);
#1095=LINE('',#12767,#1288);
#1096=LINE('',#12769,#1289);
#1097=LINE('',#12791,#1290);
#1098=LINE('',#12793,#1291);
#1099=LINE('',#13238,#1292);
#1100=LINE('',#13257,#1293);
#1101=LINE('',#13306,#1294);
#1102=LINE('',#13323,#1295);
#1103=LINE('',#13371,#1296);
#1104=LINE('',#13380,#1297);
#1105=LINE('',#13407,#1298);
#1106=LINE('',#13419,#1299);
#1107=LINE('',#13429,#1300);
#1108=LINE('',#13451,#1301);
#1109=LINE('',#13453,#1302);
#1110=LINE('',#13454,#1303);
#1111=LINE('',#13455,#1304);
#1112=LINE('',#13457,#1305);
#1113=LINE('',#13459,#1306);
#1114=LINE('',#13465,#1307);
#1115=LINE('',#13467,#1308);
#1116=LINE('',#13468,#1309);
#1117=LINE('',#13469,#1310);
#1118=LINE('',#13471,#1311);
#1119=LINE('',#13473,#1312);
#1120=LINE('',#13503,#1313);
#1121=LINE('',#13520,#1314);
#1122=VECTOR('',#7476,1.);
#1123=VECTOR('',#7479,1.);
#1124=VECTOR('',#7482,1.);
#1125=VECTOR('',#7485,1.);
#1126=VECTOR('',#7488,1.);
#1127=VECTOR('',#7491,1.);
#1128=VECTOR('',#7494,1.);
#1129=VECTOR('',#7495,1.);
#1130=VECTOR('',#7498,1.);
#1131=VECTOR('',#7503,1.);
#1132=VECTOR('',#7504,1.);
#1133=VECTOR('',#7505,1.);
#1134=VECTOR('',#7506,1.);
#1135=VECTOR('',#7507,1.);
#1136=VECTOR('',#7510,1.);
#1137=VECTOR('',#7515,1.);
#1138=VECTOR('',#7516,1.);
#1139=VECTOR('',#7517,1.);
#1140=VECTOR('',#7518,1.);
#1141=VECTOR('',#7521,1.);
#1142=VECTOR('',#7526,1.);
#1143=VECTOR('',#7527,1.);
#1144=VECTOR('',#7528,1.);
#1145=VECTOR('',#7529,1.);
#1146=VECTOR('',#7548,1.);
#1147=VECTOR('',#7549,1.);
#1148=VECTOR('',#7550,1.);
#1149=VECTOR('',#7551,1.);
#1150=VECTOR('',#7554,1.);
#1151=VECTOR('',#7555,1.);
#1152=VECTOR('',#7556,1.);
#1153=VECTOR('',#7559,1.);
#1154=VECTOR('',#7560,1.);
#1155=VECTOR('',#7561,1.);
#1156=VECTOR('',#7564,1.);
#1157=VECTOR('',#7565,1.);
#1158=VECTOR('',#7574,1.);
#1159=VECTOR('',#7575,1.);
#1160=VECTOR('',#7576,1.);
#1161=VECTOR('',#7577,1.);
#1162=VECTOR('',#7578,1.);
#1163=VECTOR('',#7579,1.);
#1164=VECTOR('',#7580,1.);
#1165=VECTOR('',#7581,1.);
#1166=VECTOR('',#7584,1.);
#1167=VECTOR('',#7585,1.);
#1168=VECTOR('',#7586,1.);
#1169=VECTOR('',#7587,1.);
#1170=VECTOR('',#7588,1.);
#1171=VECTOR('',#7589,1.);
#1172=VECTOR('',#7590,1.);
#1173=VECTOR('',#7593,1.);
#1174=VECTOR('',#7594,1.);
#1175=VECTOR('',#7595,1.);
#1176=VECTOR('',#7596,1.);
#1177=VECTOR('',#7597,1.);
#1178=VECTOR('',#7598,1.);
#1179=VECTOR('',#7599,1.);
#1180=VECTOR('',#7600,1.);
#1181=VECTOR('',#7601,1.);
#1182=VECTOR('',#7602,1.);
#1183=VECTOR('',#7603,1.);
#1184=VECTOR('',#7604,1.);
#1185=VECTOR('',#7621,1.);
#1186=VECTOR('',#7624,1.);
#1187=VECTOR('',#7627,1.);
#1188=VECTOR('',#7630,1.);
#1189=VECTOR('',#7633,1.);
#1190=VECTOR('',#7636,1.);
#1191=VECTOR('',#7639,1.);
#1192=VECTOR('',#7642,1.);
#1193=VECTOR('',#7647,1.);
#1194=VECTOR('',#7650,1.);
#1195=VECTOR('',#7651,1.);
#1196=VECTOR('',#7654,1.);
#1197=VECTOR('',#7655,1.);
#1198=VECTOR('',#7658,1.);
#1199=VECTOR('',#7659,1.);
#1200=VECTOR('',#7662,1.);
#1201=VECTOR('',#7665,1.);
#1202=VECTOR('',#7668,1.);
#1203=VECTOR('',#7675,1.);
#1204=VECTOR('',#7678,1.);
#1205=VECTOR('',#7685,1.);
#1206=VECTOR('',#7688,1.);
#1207=VECTOR('',#7695,1.);
#1208=VECTOR('',#7698,1.);
#1209=VECTOR('',#7719,1.);
#1210=VECTOR('',#7720,1.);
#1211=VECTOR('',#7721,1.);
#1212=VECTOR('',#7724,1.);
#1213=VECTOR('',#7725,1.);
#1214=VECTOR('',#7726,1.);
#1215=VECTOR('',#7727,1.);
#1216=VECTOR('',#7728,1.);
#1217=VECTOR('',#7731,1.);
#1218=VECTOR('',#7732,1.);
#1219=VECTOR('',#7735,1.);
#1220=VECTOR('',#7736,1.);
#1221=VECTOR('',#7739,1.);
#1222=VECTOR('',#7740,1.);
#1223=VECTOR('',#7745,1.);
#1224=VECTOR('',#7746,1.);
#1225=VECTOR('',#7747,1.);
#1226=VECTOR('',#7750,1.);
#1227=VECTOR('',#7751,1.);
#1228=VECTOR('',#7754,1.);
#1229=VECTOR('',#7755,1.);
#1230=VECTOR('',#7758,1.);
#1231=VECTOR('',#7769,1.);
#1232=VECTOR('',#7772,1.);
#1233=VECTOR('',#7773,1.);
#1234=VECTOR('',#7776,1.);
#1235=VECTOR('',#7777,1.);
#1236=VECTOR('',#7780,1.);
#1237=VECTOR('',#7781,1.);
#1238=VECTOR('',#7782,1.);
#1239=VECTOR('',#7785,1.);
#1240=VECTOR('',#7786,1.);
#1241=VECTOR('',#7789,1.);
#1242=VECTOR('',#7790,1.);
#1243=VECTOR('',#7791,1.);
#1244=VECTOR('',#7792,1.);
#1245=VECTOR('',#7793,1.);
#1246=VECTOR('',#7796,1.);
#1247=VECTOR('',#7797,1.);
#1248=VECTOR('',#7798,1.);
#1249=VECTOR('',#7799,1.);
#1250=VECTOR('',#7800,1.);
#1251=VECTOR('',#7803,1.);
#1252=VECTOR('',#7806,1.);
#1253=VECTOR('',#7809,1.);
#1254=VECTOR('',#7812,1.);
#1255=VECTOR('',#7819,1.);
#1256=VECTOR('',#7820,1.);
#1257=VECTOR('',#7823,1.);
#1258=VECTOR('',#7824,1.);
#1259=VECTOR('',#7831,1.);
#1260=VECTOR('',#7834,1.);
#1261=VECTOR('',#7837,1.);
#1262=VECTOR('',#7840,1.);
#1263=VECTOR('',#7845,1.);
#1264=VECTOR('',#7848,1.);
#1265=VECTOR('',#7851,1.);
#1266=VECTOR('',#7854,1.);
#1267=VECTOR('',#7867,1.);
#1268=VECTOR('',#7868,1.);
#1269=VECTOR('',#7871,1.);
#1270=VECTOR('',#7872,1.);
#1271=VECTOR('',#7875,1.);
#1272=VECTOR('',#7876,1.);
#1273=VECTOR('',#7879,1.);
#1274=VECTOR('',#7880,1.);
#1275=VECTOR('',#7885,1.);
#1276=VECTOR('',#7896,1.);
#1277=VECTOR('',#7897,1.);
#1278=VECTOR('',#7900,1.);
#1279=VECTOR('',#7901,1.);
#1280=VECTOR('',#7912,1.);
#1281=VECTOR('',#7913,1.);
#1282=VECTOR('',#7914,1.);
#1283=VECTOR('',#7915,1.);
#1284=VECTOR('',#7918,1.);
#1285=VECTOR('',#7919,1.);
#1286=VECTOR('',#7920,1.);
#1287=VECTOR('',#7921,1.);
#1288=VECTOR('',#7922,1.);
#1289=VECTOR('',#7923,1.);
#1290=VECTOR('',#7924,1.);
#1291=VECTOR('',#7925,1.);
#1292=VECTOR('',#7934,1.);
#1293=VECTOR('',#7935,1.);
#1294=VECTOR('',#7970,1.);
#1295=VECTOR('',#7971,1.);
#1296=VECTOR('',#8008,1.);
#1297=VECTOR('',#8009,1.);
#1298=VECTOR('',#8014,1.);
#1299=VECTOR('',#8017,1.);
#1300=VECTOR('',#8020,1.);
#1301=VECTOR('',#8043,1.);
#1302=VECTOR('',#8044,1.);
#1303=VECTOR('',#8045,1.);
#1304=VECTOR('',#8046,1.);
#1305=VECTOR('',#8049,1.);
#1306=VECTOR('',#8052,1.);
#1307=VECTOR('',#8063,1.);
#1308=VECTOR('',#8064,1.);
#1309=VECTOR('',#8065,1.);
#1310=VECTOR('',#8066,1.);
#1311=VECTOR('',#8069,1.);
#1312=VECTOR('',#8072,1.);
#1313=VECTOR('',#8085,1.);
#1314=VECTOR('',#8086,1.);
#1315=ORIENTED_EDGE('',*,*,#3577,.F.);
#1316=ORIENTED_EDGE('',*,*,#3578,.F.);
#1317=ORIENTED_EDGE('',*,*,#3579,.F.);
#1318=ORIENTED_EDGE('',*,*,#3580,.F.);
#1319=ORIENTED_EDGE('',*,*,#3581,.F.);
#1320=ORIENTED_EDGE('',*,*,#3582,.F.);
#1321=ORIENTED_EDGE('',*,*,#3583,.F.);
#1322=ORIENTED_EDGE('',*,*,#3584,.F.);
#1323=ORIENTED_EDGE('',*,*,#3585,.F.);
#1324=ORIENTED_EDGE('',*,*,#3586,.F.);
#1325=ORIENTED_EDGE('',*,*,#3587,.F.);
#1326=ORIENTED_EDGE('',*,*,#3588,.F.);
#1327=ORIENTED_EDGE('',*,*,#3581,.T.);
#1328=ORIENTED_EDGE('',*,*,#3589,.T.);
#1329=ORIENTED_EDGE('',*,*,#3590,.F.);
#1330=ORIENTED_EDGE('',*,*,#3591,.F.);
#1331=ORIENTED_EDGE('',*,*,#3588,.T.);
#1332=ORIENTED_EDGE('',*,*,#3592,.T.);
#1333=ORIENTED_EDGE('',*,*,#3593,.F.);
#1334=ORIENTED_EDGE('',*,*,#3589,.F.);
#1335=ORIENTED_EDGE('',*,*,#3587,.T.);
#1336=ORIENTED_EDGE('',*,*,#3594,.T.);
#1337=ORIENTED_EDGE('',*,*,#3595,.F.);
#1338=ORIENTED_EDGE('',*,*,#3592,.F.);
#1339=ORIENTED_EDGE('',*,*,#3586,.T.);
#1340=ORIENTED_EDGE('',*,*,#3596,.T.);
#1341=ORIENTED_EDGE('',*,*,#3597,.F.);
#1342=ORIENTED_EDGE('',*,*,#3598,.F.);
#1343=ORIENTED_EDGE('',*,*,#3599,.F.);
#1344=ORIENTED_EDGE('',*,*,#3600,.F.);
#1345=ORIENTED_EDGE('',*,*,#3594,.F.);
#1346=ORIENTED_EDGE('',*,*,#3585,.T.);
#1347=ORIENTED_EDGE('',*,*,#3601,.T.);
#1348=ORIENTED_EDGE('',*,*,#3602,.F.);
#1349=ORIENTED_EDGE('',*,*,#3596,.F.);
#1350=ORIENTED_EDGE('',*,*,#3584,.T.);
#1351=ORIENTED_EDGE('',*,*,#3603,.T.);
#1352=ORIENTED_EDGE('',*,*,#3604,.F.);
#1353=ORIENTED_EDGE('',*,*,#3605,.F.);
#1354=ORIENTED_EDGE('',*,*,#3606,.F.);
#1355=ORIENTED_EDGE('',*,*,#3601,.F.);
#1356=ORIENTED_EDGE('',*,*,#3583,.T.);
#1357=ORIENTED_EDGE('',*,*,#3607,.T.);
#1358=ORIENTED_EDGE('',*,*,#3608,.F.);
#1359=ORIENTED_EDGE('',*,*,#3603,.F.);
#1360=ORIENTED_EDGE('',*,*,#3582,.T.);
#1361=ORIENTED_EDGE('',*,*,#3591,.T.);
#1362=ORIENTED_EDGE('',*,*,#3609,.F.);
#1363=ORIENTED_EDGE('',*,*,#3610,.F.);
#1364=ORIENTED_EDGE('',*,*,#3611,.F.);
#1365=ORIENTED_EDGE('',*,*,#3612,.F.);
#1366=ORIENTED_EDGE('',*,*,#3607,.F.);
#1367=ORIENTED_EDGE('',*,*,#3580,.T.);
#1368=ORIENTED_EDGE('',*,*,#3613,.F.);
#1369=ORIENTED_EDGE('',*,*,#3579,.T.);
#1370=ORIENTED_EDGE('',*,*,#3614,.F.);
#1371=ORIENTED_EDGE('',*,*,#3578,.T.);
#1372=ORIENTED_EDGE('',*,*,#3615,.F.);
#1373=ORIENTED_EDGE('',*,*,#3577,.T.);
#1374=ORIENTED_EDGE('',*,*,#3616,.F.);
#1375=ORIENTED_EDGE('',*,*,#3617,.F.);
#1376=ORIENTED_EDGE('',*,*,#3618,.T.);
#1377=ORIENTED_EDGE('',*,*,#3619,.F.);
#1378=ORIENTED_EDGE('',*,*,#3620,.F.);
#1379=ORIENTED_EDGE('',*,*,#3621,.F.);
#1380=ORIENTED_EDGE('',*,*,#3622,.T.);
#1381=ORIENTED_EDGE('',*,*,#3623,.F.);
#1382=ORIENTED_EDGE('',*,*,#3618,.F.);
#1383=ORIENTED_EDGE('',*,*,#3624,.F.);
#1384=ORIENTED_EDGE('',*,*,#3625,.T.);
#1385=ORIENTED_EDGE('',*,*,#3626,.F.);
#1386=ORIENTED_EDGE('',*,*,#3622,.F.);
#1387=ORIENTED_EDGE('',*,*,#3627,.F.);
#1388=ORIENTED_EDGE('',*,*,#3620,.T.);
#1389=ORIENTED_EDGE('',*,*,#3628,.F.);
#1390=ORIENTED_EDGE('',*,*,#3625,.F.);
#1391=ORIENTED_EDGE('',*,*,#3629,.T.);
#1392=ORIENTED_EDGE('',*,*,#3630,.T.);
#1393=ORIENTED_EDGE('',*,*,#3631,.T.);
#1394=ORIENTED_EDGE('',*,*,#3632,.F.);
#1395=ORIENTED_EDGE('',*,*,#3633,.F.);
#1396=ORIENTED_EDGE('',*,*,#3634,.T.);
#1397=ORIENTED_EDGE('',*,*,#3635,.T.);
#1398=ORIENTED_EDGE('',*,*,#3636,.T.);
#1399=ORIENTED_EDGE('',*,*,#3637,.F.);
#1400=ORIENTED_EDGE('',*,*,#3638,.T.);
#1401=ORIENTED_EDGE('',*,*,#3639,.T.);
#1402=ORIENTED_EDGE('',*,*,#3640,.F.);
#1403=ORIENTED_EDGE('',*,*,#3641,.F.);
#1404=ORIENTED_EDGE('',*,*,#3632,.T.);
#1405=ORIENTED_EDGE('',*,*,#3642,.T.);
#1406=ORIENTED_EDGE('',*,*,#3643,.T.);
#1407=ORIENTED_EDGE('',*,*,#3644,.F.);
#1408=ORIENTED_EDGE('',*,*,#3645,.T.);
#1409=ORIENTED_EDGE('',*,*,#3628,.T.);
#1410=ORIENTED_EDGE('',*,*,#3619,.T.);
#1411=ORIENTED_EDGE('',*,*,#3623,.T.);
#1412=ORIENTED_EDGE('',*,*,#3626,.T.);
#1413=ORIENTED_EDGE('',*,*,#3646,.T.);
#1414=ORIENTED_EDGE('',*,*,#3647,.T.);
#1415=ORIENTED_EDGE('',*,*,#3648,.T.);
#1416=ORIENTED_EDGE('',*,*,#3649,.T.);
#1417=ORIENTED_EDGE('',*,*,#3633,.T.);
#1418=ORIENTED_EDGE('',*,*,#3641,.T.);
#1419=ORIENTED_EDGE('',*,*,#3650,.T.);
#1420=ORIENTED_EDGE('',*,*,#3651,.T.);
#1421=ORIENTED_EDGE('',*,*,#3652,.T.);
#1422=ORIENTED_EDGE('',*,*,#3653,.T.);
#1423=ORIENTED_EDGE('',*,*,#3654,.T.);
#1424=ORIENTED_EDGE('',*,*,#3655,.T.);
#1425=ORIENTED_EDGE('',*,*,#3656,.T.);
#1426=ORIENTED_EDGE('',*,*,#3657,.T.);
#1427=ORIENTED_EDGE('',*,*,#3658,.T.);
#1428=ORIENTED_EDGE('',*,*,#3659,.T.);
#1429=ORIENTED_EDGE('',*,*,#3660,.F.);
#1430=ORIENTED_EDGE('',*,*,#3659,.F.);
#1431=ORIENTED_EDGE('',*,*,#3630,.F.);
#1432=ORIENTED_EDGE('',*,*,#3658,.F.);
#1433=ORIENTED_EDGE('',*,*,#3661,.T.);
#1434=ORIENTED_EDGE('',*,*,#3662,.T.);
#1435=ORIENTED_EDGE('',*,*,#3663,.T.);
#1436=ORIENTED_EDGE('',*,*,#3664,.T.);
#1437=ORIENTED_EDGE('',*,*,#3665,.F.);
#1438=ORIENTED_EDGE('',*,*,#3666,.T.);
#1439=ORIENTED_EDGE('',*,*,#3667,.T.);
#1440=ORIENTED_EDGE('',*,*,#3668,.T.);
#1441=ORIENTED_EDGE('',*,*,#3669,.F.);
#1442=ORIENTED_EDGE('',*,*,#3670,.T.);
#1443=ORIENTED_EDGE('',*,*,#3671,.T.);
#1444=ORIENTED_EDGE('',*,*,#3672,.T.);
#1445=ORIENTED_EDGE('',*,*,#3673,.F.);
#1446=ORIENTED_EDGE('',*,*,#3674,.T.);
#1447=ORIENTED_EDGE('',*,*,#3675,.T.);
#1448=ORIENTED_EDGE('',*,*,#3676,.T.);
#1449=ORIENTED_EDGE('',*,*,#3677,.F.);
#1450=ORIENTED_EDGE('',*,*,#3629,.F.);
#1451=ORIENTED_EDGE('',*,*,#3678,.T.);
#1452=ORIENTED_EDGE('',*,*,#3679,.T.);
#1453=ORIENTED_EDGE('',*,*,#3680,.T.);
#1454=ORIENTED_EDGE('',*,*,#3667,.F.);
#1455=ORIENTED_EDGE('',*,*,#3681,.T.);
#1456=ORIENTED_EDGE('',*,*,#3682,.T.);
#1457=ORIENTED_EDGE('',*,*,#3683,.T.);
#1458=ORIENTED_EDGE('',*,*,#3663,.F.);
#1459=ORIENTED_EDGE('',*,*,#3684,.T.);
#1460=ORIENTED_EDGE('',*,*,#3685,.T.);
#1461=ORIENTED_EDGE('',*,*,#3686,.T.);
#1462=ORIENTED_EDGE('',*,*,#3675,.F.);
#1463=ORIENTED_EDGE('',*,*,#3687,.T.);
#1464=ORIENTED_EDGE('',*,*,#3688,.T.);
#1465=ORIENTED_EDGE('',*,*,#3689,.T.);
#1466=ORIENTED_EDGE('',*,*,#3671,.F.);
#1467=ORIENTED_EDGE('',*,*,#3685,.F.);
#1468=ORIENTED_EDGE('',*,*,#3690,.F.);
#1469=ORIENTED_EDGE('',*,*,#3691,.F.);
#1470=ORIENTED_EDGE('',*,*,#3692,.F.);
#1471=ORIENTED_EDGE('',*,*,#3676,.F.);
#1472=ORIENTED_EDGE('',*,*,#3686,.F.);
#1473=ORIENTED_EDGE('',*,*,#3692,.T.);
#1474=ORIENTED_EDGE('',*,*,#3693,.T.);
#1475=ORIENTED_EDGE('',*,*,#3662,.F.);
#1476=ORIENTED_EDGE('',*,*,#3694,.T.);
#1477=ORIENTED_EDGE('',*,*,#3690,.T.);
#1478=ORIENTED_EDGE('',*,*,#3684,.F.);
#1479=ORIENTED_EDGE('',*,*,#3688,.F.);
#1480=ORIENTED_EDGE('',*,*,#3695,.F.);
#1481=ORIENTED_EDGE('',*,*,#3696,.F.);
#1482=ORIENTED_EDGE('',*,*,#3697,.F.);
#1483=ORIENTED_EDGE('',*,*,#3672,.F.);
#1484=ORIENTED_EDGE('',*,*,#3689,.F.);
#1485=ORIENTED_EDGE('',*,*,#3697,.T.);
#1486=ORIENTED_EDGE('',*,*,#3698,.T.);
#1487=ORIENTED_EDGE('',*,*,#3674,.F.);
#1488=ORIENTED_EDGE('',*,*,#3699,.T.);
#1489=ORIENTED_EDGE('',*,*,#3695,.T.);
#1490=ORIENTED_EDGE('',*,*,#3687,.F.);
#1491=ORIENTED_EDGE('',*,*,#3682,.F.);
#1492=ORIENTED_EDGE('',*,*,#3700,.F.);
#1493=ORIENTED_EDGE('',*,*,#3701,.F.);
#1494=ORIENTED_EDGE('',*,*,#3702,.F.);
#1495=ORIENTED_EDGE('',*,*,#3664,.F.);
#1496=ORIENTED_EDGE('',*,*,#3683,.F.);
#1497=ORIENTED_EDGE('',*,*,#3702,.T.);
#1498=ORIENTED_EDGE('',*,*,#3703,.T.);
#1499=ORIENTED_EDGE('',*,*,#3666,.F.);
#1500=ORIENTED_EDGE('',*,*,#3704,.T.);
#1501=ORIENTED_EDGE('',*,*,#3700,.T.);
#1502=ORIENTED_EDGE('',*,*,#3681,.F.);
#1503=ORIENTED_EDGE('',*,*,#3705,.F.);
#1504=ORIENTED_EDGE('',*,*,#3706,.F.);
#1505=ORIENTED_EDGE('',*,*,#3707,.F.);
#1506=ORIENTED_EDGE('',*,*,#3679,.F.);
#1507=ORIENTED_EDGE('',*,*,#3670,.F.);
#1508=ORIENTED_EDGE('',*,*,#3708,.T.);
#1509=ORIENTED_EDGE('',*,*,#3705,.T.);
#1510=ORIENTED_EDGE('',*,*,#3678,.F.);
#1511=ORIENTED_EDGE('',*,*,#3668,.F.);
#1512=ORIENTED_EDGE('',*,*,#3680,.F.);
#1513=ORIENTED_EDGE('',*,*,#3707,.T.);
#1514=ORIENTED_EDGE('',*,*,#3709,.T.);
#1515=ORIENTED_EDGE('',*,*,#3698,.F.);
#1516=ORIENTED_EDGE('',*,*,#3696,.T.);
#1517=ORIENTED_EDGE('',*,*,#3699,.F.);
#1518=ORIENTED_EDGE('',*,*,#3673,.T.);
#1519=ORIENTED_EDGE('',*,*,#3709,.F.);
#1520=ORIENTED_EDGE('',*,*,#3706,.T.);
#1521=ORIENTED_EDGE('',*,*,#3708,.F.);
#1522=ORIENTED_EDGE('',*,*,#3669,.T.);
#1523=ORIENTED_EDGE('',*,*,#3703,.F.);
#1524=ORIENTED_EDGE('',*,*,#3701,.T.);
#1525=ORIENTED_EDGE('',*,*,#3704,.F.);
#1526=ORIENTED_EDGE('',*,*,#3665,.T.);
#1527=ORIENTED_EDGE('',*,*,#3693,.F.);
#1528=ORIENTED_EDGE('',*,*,#3691,.T.);
#1529=ORIENTED_EDGE('',*,*,#3694,.F.);
#1530=ORIENTED_EDGE('',*,*,#3677,.T.);
#1531=ORIENTED_EDGE('',*,*,#3710,.T.);
#1532=ORIENTED_EDGE('',*,*,#3661,.F.);
#1533=ORIENTED_EDGE('',*,*,#3710,.F.);
#1534=ORIENTED_EDGE('',*,*,#3651,.F.);
#1535=ORIENTED_EDGE('',*,*,#3711,.F.);
#1536=ORIENTED_EDGE('',*,*,#3712,.F.);
#1537=ORIENTED_EDGE('',*,*,#3713,.F.);
#1538=ORIENTED_EDGE('',*,*,#3655,.F.);
#1539=ORIENTED_EDGE('',*,*,#3714,.T.);
#1540=ORIENTED_EDGE('',*,*,#3715,.F.);
#1541=ORIENTED_EDGE('',*,*,#3716,.F.);
#1542=ORIENTED_EDGE('',*,*,#3717,.F.);
#1543=ORIENTED_EDGE('',*,*,#3718,.F.);
#1544=ORIENTED_EDGE('',*,*,#3654,.F.);
#1545=ORIENTED_EDGE('',*,*,#3719,.T.);
#1546=ORIENTED_EDGE('',*,*,#3720,.F.);
#1547=ORIENTED_EDGE('',*,*,#3714,.F.);
#1548=ORIENTED_EDGE('',*,*,#3653,.F.);
#1549=ORIENTED_EDGE('',*,*,#3721,.T.);
#1550=ORIENTED_EDGE('',*,*,#3722,.F.);
#1551=ORIENTED_EDGE('',*,*,#3719,.F.);
#1552=ORIENTED_EDGE('',*,*,#3652,.F.);
#1553=ORIENTED_EDGE('',*,*,#3713,.T.);
#1554=ORIENTED_EDGE('',*,*,#3723,.F.);
#1555=ORIENTED_EDGE('',*,*,#3716,.T.);
#1556=ORIENTED_EDGE('',*,*,#3724,.F.);
#1557=ORIENTED_EDGE('',*,*,#3721,.F.);
#1558=ORIENTED_EDGE('',*,*,#3724,.T.);
#1559=ORIENTED_EDGE('',*,*,#3715,.T.);
#1560=ORIENTED_EDGE('',*,*,#3720,.T.);
#1561=ORIENTED_EDGE('',*,*,#3722,.T.);
#1562=ORIENTED_EDGE('',*,*,#3649,.F.);
#1563=ORIENTED_EDGE('',*,*,#3725,.T.);
#1564=ORIENTED_EDGE('',*,*,#3726,.F.);
#1565=ORIENTED_EDGE('',*,*,#3727,.F.);
#1566=ORIENTED_EDGE('',*,*,#3648,.F.);
#1567=ORIENTED_EDGE('',*,*,#3728,.T.);
#1568=ORIENTED_EDGE('',*,*,#3729,.F.);
#1569=ORIENTED_EDGE('',*,*,#3725,.F.);
#1570=ORIENTED_EDGE('',*,*,#3647,.F.);
#1571=ORIENTED_EDGE('',*,*,#3730,.T.);
#1572=ORIENTED_EDGE('',*,*,#3731,.F.);
#1573=ORIENTED_EDGE('',*,*,#3728,.F.);
#1574=ORIENTED_EDGE('',*,*,#3646,.F.);
#1575=ORIENTED_EDGE('',*,*,#3727,.T.);
#1576=ORIENTED_EDGE('',*,*,#3732,.F.);
#1577=ORIENTED_EDGE('',*,*,#3730,.F.);
#1578=ORIENTED_EDGE('',*,*,#3613,.T.);
#1579=ORIENTED_EDGE('',*,*,#3733,.F.);
#1580=ORIENTED_EDGE('',*,*,#3597,.T.);
#1581=ORIENTED_EDGE('',*,*,#3602,.T.);
#1582=ORIENTED_EDGE('',*,*,#3606,.T.);
#1583=ORIENTED_EDGE('',*,*,#3614,.T.);
#1584=ORIENTED_EDGE('',*,*,#3734,.F.);
#1585=ORIENTED_EDGE('',*,*,#3599,.T.);
#1586=ORIENTED_EDGE('',*,*,#3615,.T.);
#1587=ORIENTED_EDGE('',*,*,#3735,.F.);
#1588=ORIENTED_EDGE('',*,*,#3610,.T.);
#1589=ORIENTED_EDGE('',*,*,#3616,.T.);
#1590=ORIENTED_EDGE('',*,*,#3736,.F.);
#1591=ORIENTED_EDGE('',*,*,#3604,.T.);
#1592=ORIENTED_EDGE('',*,*,#3608,.T.);
#1593=ORIENTED_EDGE('',*,*,#3612,.T.);
#1594=ORIENTED_EDGE('',*,*,#3660,.T.);
#1595=ORIENTED_EDGE('',*,*,#3737,.T.);
#1596=ORIENTED_EDGE('',*,*,#3738,.T.);
#1597=ORIENTED_EDGE('',*,*,#3739,.T.);
#1598=ORIENTED_EDGE('',*,*,#3644,.T.);
#1599=ORIENTED_EDGE('',*,*,#3740,.T.);
#1600=ORIENTED_EDGE('',*,*,#3741,.T.);
#1601=ORIENTED_EDGE('',*,*,#3742,.T.);
#1602=ORIENTED_EDGE('',*,*,#3637,.T.);
#1603=ORIENTED_EDGE('',*,*,#3743,.T.);
#1604=ORIENTED_EDGE('',*,*,#3744,.T.);
#1605=ORIENTED_EDGE('',*,*,#3745,.T.);
#1606=ORIENTED_EDGE('',*,*,#3746,.T.);
#1607=ORIENTED_EDGE('',*,*,#3747,.T.);
#1608=ORIENTED_EDGE('',*,*,#3748,.T.);
#1609=ORIENTED_EDGE('',*,*,#3749,.T.);
#1610=ORIENTED_EDGE('',*,*,#3750,.T.);
#1611=ORIENTED_EDGE('',*,*,#3751,.T.);
#1612=ORIENTED_EDGE('',*,*,#3752,.T.);
#1613=ORIENTED_EDGE('',*,*,#3746,.F.);
#1614=ORIENTED_EDGE('',*,*,#3753,.T.);
#1615=ORIENTED_EDGE('',*,*,#3754,.T.);
#1616=ORIENTED_EDGE('',*,*,#3634,.F.);
#1617=ORIENTED_EDGE('',*,*,#3657,.F.);
#1618=ORIENTED_EDGE('',*,*,#3755,.T.);
#1619=ORIENTED_EDGE('',*,*,#3756,.T.);
#1620=ORIENTED_EDGE('',*,*,#3757,.T.);
#1621=ORIENTED_EDGE('',*,*,#3750,.F.);
#1622=ORIENTED_EDGE('',*,*,#3758,.T.);
#1623=ORIENTED_EDGE('',*,*,#3759,.T.);
#1624=ORIENTED_EDGE('',*,*,#3755,.F.);
#1625=ORIENTED_EDGE('',*,*,#3656,.F.);
#1626=ORIENTED_EDGE('',*,*,#3718,.T.);
#1627=ORIENTED_EDGE('',*,*,#3760,.T.);
#1628=ORIENTED_EDGE('',*,*,#3711,.T.);
#1629=ORIENTED_EDGE('',*,*,#3650,.F.);
#1630=ORIENTED_EDGE('',*,*,#3640,.T.);
#1631=ORIENTED_EDGE('',*,*,#3635,.F.);
#1632=ORIENTED_EDGE('',*,*,#3754,.F.);
#1633=ORIENTED_EDGE('',*,*,#3761,.F.);
#1634=ORIENTED_EDGE('',*,*,#3762,.F.);
#1635=ORIENTED_EDGE('',*,*,#3763,.F.);
#1636=ORIENTED_EDGE('',*,*,#3743,.F.);
#1637=ORIENTED_EDGE('',*,*,#3636,.F.);
#1638=ORIENTED_EDGE('',*,*,#3763,.T.);
#1639=ORIENTED_EDGE('',*,*,#3764,.F.);
#1640=ORIENTED_EDGE('',*,*,#3744,.F.);
#1641=ORIENTED_EDGE('',*,*,#3764,.T.);
#1642=ORIENTED_EDGE('',*,*,#3762,.T.);
#1643=ORIENTED_EDGE('',*,*,#3765,.F.);
#1644=ORIENTED_EDGE('',*,*,#3745,.F.);
#1645=ORIENTED_EDGE('',*,*,#3765,.T.);
#1646=ORIENTED_EDGE('',*,*,#3761,.T.);
#1647=ORIENTED_EDGE('',*,*,#3753,.F.);
#1648=ORIENTED_EDGE('',*,*,#3766,.F.);
#1649=ORIENTED_EDGE('',*,*,#3767,.F.);
#1650=ORIENTED_EDGE('',*,*,#3751,.F.);
#1651=ORIENTED_EDGE('',*,*,#3759,.F.);
#1652=ORIENTED_EDGE('',*,*,#3768,.F.);
#1653=ORIENTED_EDGE('',*,*,#3748,.F.);
#1654=ORIENTED_EDGE('',*,*,#3769,.T.);
#1655=ORIENTED_EDGE('',*,*,#3766,.T.);
#1656=ORIENTED_EDGE('',*,*,#3770,.F.);
#1657=ORIENTED_EDGE('',*,*,#3749,.F.);
#1658=ORIENTED_EDGE('',*,*,#3770,.T.);
#1659=ORIENTED_EDGE('',*,*,#3768,.T.);
#1660=ORIENTED_EDGE('',*,*,#3758,.F.);
#1661=ORIENTED_EDGE('',*,*,#3747,.F.);
#1662=ORIENTED_EDGE('',*,*,#3752,.F.);
#1663=ORIENTED_EDGE('',*,*,#3767,.T.);
#1664=ORIENTED_EDGE('',*,*,#3769,.F.);
#1665=ORIENTED_EDGE('',*,*,#3642,.F.);
#1666=ORIENTED_EDGE('',*,*,#3631,.F.);
#1667=ORIENTED_EDGE('',*,*,#3771,.F.);
#1668=ORIENTED_EDGE('',*,*,#3772,.F.);
#1669=ORIENTED_EDGE('',*,*,#3773,.F.);
#1670=ORIENTED_EDGE('',*,*,#3740,.F.);
#1671=ORIENTED_EDGE('',*,*,#3643,.F.);
#1672=ORIENTED_EDGE('',*,*,#3773,.T.);
#1673=ORIENTED_EDGE('',*,*,#3774,.F.);
#1674=ORIENTED_EDGE('',*,*,#3741,.F.);
#1675=ORIENTED_EDGE('',*,*,#3774,.T.);
#1676=ORIENTED_EDGE('',*,*,#3772,.T.);
#1677=ORIENTED_EDGE('',*,*,#3775,.F.);
#1678=ORIENTED_EDGE('',*,*,#3742,.F.);
#1679=ORIENTED_EDGE('',*,*,#3775,.T.);
#1680=ORIENTED_EDGE('',*,*,#3771,.T.);
#1681=ORIENTED_EDGE('',*,*,#3638,.F.);
#1682=ORIENTED_EDGE('',*,*,#3756,.F.);
#1683=ORIENTED_EDGE('',*,*,#3639,.F.);
#1684=ORIENTED_EDGE('',*,*,#3776,.F.);
#1685=ORIENTED_EDGE('',*,*,#3777,.F.);
#1686=ORIENTED_EDGE('',*,*,#3778,.F.);
#1687=ORIENTED_EDGE('',*,*,#3737,.F.);
#1688=ORIENTED_EDGE('',*,*,#3757,.F.);
#1689=ORIENTED_EDGE('',*,*,#3778,.T.);
#1690=ORIENTED_EDGE('',*,*,#3779,.F.);
#1691=ORIENTED_EDGE('',*,*,#3738,.F.);
#1692=ORIENTED_EDGE('',*,*,#3779,.T.);
#1693=ORIENTED_EDGE('',*,*,#3777,.T.);
#1694=ORIENTED_EDGE('',*,*,#3780,.F.);
#1695=ORIENTED_EDGE('',*,*,#3739,.F.);
#1696=ORIENTED_EDGE('',*,*,#3780,.T.);
#1697=ORIENTED_EDGE('',*,*,#3776,.T.);
#1698=ORIENTED_EDGE('',*,*,#3645,.F.);
#1699=ORIENTED_EDGE('',*,*,#3781,.F.);
#1700=ORIENTED_EDGE('',*,*,#3782,.F.);
#1701=ORIENTED_EDGE('',*,*,#3783,.T.);
#1702=ORIENTED_EDGE('',*,*,#3784,.T.);
#1703=ORIENTED_EDGE('',*,*,#3785,.T.);
#1704=ORIENTED_EDGE('',*,*,#3786,.T.);
#1705=ORIENTED_EDGE('',*,*,#3787,.T.);
#1706=ORIENTED_EDGE('',*,*,#3788,.T.);
#1707=ORIENTED_EDGE('',*,*,#3789,.T.);
#1708=ORIENTED_EDGE('',*,*,#3790,.T.);
#1709=ORIENTED_EDGE('',*,*,#3791,.T.);
#1710=ORIENTED_EDGE('',*,*,#3792,.T.);
#1711=ORIENTED_EDGE('',*,*,#3793,.T.);
#1712=ORIENTED_EDGE('',*,*,#3794,.T.);
#1713=ORIENTED_EDGE('',*,*,#3795,.T.);
#1714=ORIENTED_EDGE('',*,*,#3796,.T.);
#1715=ORIENTED_EDGE('',*,*,#3797,.T.);
#1716=ORIENTED_EDGE('',*,*,#3798,.T.);
#1717=ORIENTED_EDGE('',*,*,#3799,.T.);
#1718=ORIENTED_EDGE('',*,*,#3800,.T.);
#1719=ORIENTED_EDGE('',*,*,#3801,.T.);
#1720=ORIENTED_EDGE('',*,*,#3802,.T.);
#1721=ORIENTED_EDGE('',*,*,#3803,.T.);
#1722=ORIENTED_EDGE('',*,*,#3804,.T.);
#1723=ORIENTED_EDGE('',*,*,#3805,.T.);
#1724=ORIENTED_EDGE('',*,*,#3806,.T.);
#1725=ORIENTED_EDGE('',*,*,#3807,.T.);
#1726=ORIENTED_EDGE('',*,*,#3808,.T.);
#1727=ORIENTED_EDGE('',*,*,#3809,.T.);
#1728=ORIENTED_EDGE('',*,*,#3810,.T.);
#1729=ORIENTED_EDGE('',*,*,#3811,.T.);
#1730=ORIENTED_EDGE('',*,*,#3812,.T.);
#1731=ORIENTED_EDGE('',*,*,#3813,.T.);
#1732=ORIENTED_EDGE('',*,*,#3814,.T.);
#1733=ORIENTED_EDGE('',*,*,#3815,.T.);
#1734=ORIENTED_EDGE('',*,*,#3816,.T.);
#1735=ORIENTED_EDGE('',*,*,#3817,.T.);
#1736=ORIENTED_EDGE('',*,*,#3818,.T.);
#1737=ORIENTED_EDGE('',*,*,#3819,.T.);
#1738=ORIENTED_EDGE('',*,*,#3820,.T.);
#1739=ORIENTED_EDGE('',*,*,#3821,.T.);
#1740=ORIENTED_EDGE('',*,*,#3822,.T.);
#1741=ORIENTED_EDGE('',*,*,#3823,.T.);
#1742=ORIENTED_EDGE('',*,*,#3824,.T.);
#1743=ORIENTED_EDGE('',*,*,#3825,.T.);
#1744=ORIENTED_EDGE('',*,*,#3826,.T.);
#1745=ORIENTED_EDGE('',*,*,#3827,.T.);
#1746=ORIENTED_EDGE('',*,*,#3828,.T.);
#1747=ORIENTED_EDGE('',*,*,#3829,.T.);
#1748=ORIENTED_EDGE('',*,*,#3830,.T.);
#1749=ORIENTED_EDGE('',*,*,#3831,.T.);
#1750=ORIENTED_EDGE('',*,*,#3832,.T.);
#1751=ORIENTED_EDGE('',*,*,#3627,.T.);
#1752=ORIENTED_EDGE('',*,*,#3624,.T.);
#1753=ORIENTED_EDGE('',*,*,#3621,.T.);
#1754=ORIENTED_EDGE('',*,*,#3617,.T.);
#1755=ORIENTED_EDGE('',*,*,#3732,.T.);
#1756=ORIENTED_EDGE('',*,*,#3726,.T.);
#1757=ORIENTED_EDGE('',*,*,#3729,.T.);
#1758=ORIENTED_EDGE('',*,*,#3731,.T.);
#1759=ORIENTED_EDGE('',*,*,#3781,.T.);
#1760=ORIENTED_EDGE('',*,*,#3782,.T.);
#1761=ORIENTED_EDGE('',*,*,#3833,.T.);
#1762=ORIENTED_EDGE('',*,*,#3834,.T.);
#1763=ORIENTED_EDGE('',*,*,#3835,.T.);
#1764=ORIENTED_EDGE('',*,*,#3836,.T.);
#1765=ORIENTED_EDGE('',*,*,#3837,.T.);
#1766=ORIENTED_EDGE('',*,*,#3838,.T.);
#1767=ORIENTED_EDGE('',*,*,#3839,.T.);
#1768=ORIENTED_EDGE('',*,*,#3840,.T.);
#1769=ORIENTED_EDGE('',*,*,#3841,.T.);
#1770=ORIENTED_EDGE('',*,*,#3842,.T.);
#1771=ORIENTED_EDGE('',*,*,#3843,.T.);
#1772=ORIENTED_EDGE('',*,*,#3844,.T.);
#1773=ORIENTED_EDGE('',*,*,#3845,.T.);
#1774=ORIENTED_EDGE('',*,*,#3846,.T.);
#1775=ORIENTED_EDGE('',*,*,#3847,.T.);
#1776=ORIENTED_EDGE('',*,*,#3848,.T.);
#1777=ORIENTED_EDGE('',*,*,#3849,.T.);
#1778=ORIENTED_EDGE('',*,*,#3850,.T.);
#1779=ORIENTED_EDGE('',*,*,#3851,.T.);
#1780=ORIENTED_EDGE('',*,*,#3852,.T.);
#1781=ORIENTED_EDGE('',*,*,#3853,.T.);
#1782=ORIENTED_EDGE('',*,*,#3854,.T.);
#1783=ORIENTED_EDGE('',*,*,#3855,.T.);
#1784=ORIENTED_EDGE('',*,*,#3856,.T.);
#1785=ORIENTED_EDGE('',*,*,#3857,.T.);
#1786=ORIENTED_EDGE('',*,*,#3858,.T.);
#1787=ORIENTED_EDGE('',*,*,#3859,.T.);
#1788=ORIENTED_EDGE('',*,*,#3860,.T.);
#1789=ORIENTED_EDGE('',*,*,#3861,.T.);
#1790=ORIENTED_EDGE('',*,*,#3862,.T.);
#1791=ORIENTED_EDGE('',*,*,#3863,.T.);
#1792=ORIENTED_EDGE('',*,*,#3864,.T.);
#1793=ORIENTED_EDGE('',*,*,#3865,.T.);
#1794=ORIENTED_EDGE('',*,*,#3866,.T.);
#1795=ORIENTED_EDGE('',*,*,#3867,.T.);
#1796=ORIENTED_EDGE('',*,*,#3868,.T.);
#1797=ORIENTED_EDGE('',*,*,#3869,.T.);
#1798=ORIENTED_EDGE('',*,*,#3870,.T.);
#1799=ORIENTED_EDGE('',*,*,#3871,.T.);
#1800=ORIENTED_EDGE('',*,*,#3872,.T.);
#1801=ORIENTED_EDGE('',*,*,#3873,.T.);
#1802=ORIENTED_EDGE('',*,*,#3874,.T.);
#1803=ORIENTED_EDGE('',*,*,#3875,.T.);
#1804=ORIENTED_EDGE('',*,*,#3876,.T.);
#1805=ORIENTED_EDGE('',*,*,#3877,.T.);
#1806=ORIENTED_EDGE('',*,*,#3878,.T.);
#1807=ORIENTED_EDGE('',*,*,#3879,.T.);
#1808=ORIENTED_EDGE('',*,*,#3880,.T.);
#1809=ORIENTED_EDGE('',*,*,#3881,.T.);
#1810=ORIENTED_EDGE('',*,*,#3882,.T.);
#1811=ORIENTED_EDGE('',*,*,#3883,.T.);
#1812=ORIENTED_EDGE('',*,*,#3884,.T.);
#1813=ORIENTED_EDGE('',*,*,#3885,.T.);
#1814=ORIENTED_EDGE('',*,*,#3886,.T.);
#1815=ORIENTED_EDGE('',*,*,#3887,.T.);
#1816=ORIENTED_EDGE('',*,*,#3888,.T.);
#1817=ORIENTED_EDGE('',*,*,#3889,.T.);
#1818=ORIENTED_EDGE('',*,*,#3890,.T.);
#1819=ORIENTED_EDGE('',*,*,#3891,.T.);
#1820=ORIENTED_EDGE('',*,*,#3892,.T.);
#1821=ORIENTED_EDGE('',*,*,#3893,.T.);
#1822=ORIENTED_EDGE('',*,*,#3894,.T.);
#1823=ORIENTED_EDGE('',*,*,#3895,.T.);
#1824=ORIENTED_EDGE('',*,*,#3896,.T.);
#1825=ORIENTED_EDGE('',*,*,#3897,.T.);
#1826=ORIENTED_EDGE('',*,*,#3898,.T.);
#1827=ORIENTED_EDGE('',*,*,#3899,.T.);
#1828=ORIENTED_EDGE('',*,*,#3900,.T.);
#1829=ORIENTED_EDGE('',*,*,#3901,.T.);
#1830=ORIENTED_EDGE('',*,*,#3902,.T.);
#1831=ORIENTED_EDGE('',*,*,#3903,.T.);
#1832=ORIENTED_EDGE('',*,*,#3904,.T.);
#1833=ORIENTED_EDGE('',*,*,#3905,.T.);
#1834=ORIENTED_EDGE('',*,*,#3906,.T.);
#1835=ORIENTED_EDGE('',*,*,#3907,.T.);
#1836=ORIENTED_EDGE('',*,*,#3908,.T.);
#1837=ORIENTED_EDGE('',*,*,#3909,.T.);
#1838=ORIENTED_EDGE('',*,*,#3910,.T.);
#1839=ORIENTED_EDGE('',*,*,#3911,.T.);
#1840=ORIENTED_EDGE('',*,*,#3912,.T.);
#1841=ORIENTED_EDGE('',*,*,#3913,.T.);
#1842=ORIENTED_EDGE('',*,*,#3914,.T.);
#1843=ORIENTED_EDGE('',*,*,#3915,.T.);
#1844=ORIENTED_EDGE('',*,*,#3916,.T.);
#1845=ORIENTED_EDGE('',*,*,#3917,.T.);
#1846=ORIENTED_EDGE('',*,*,#3918,.T.);
#1847=ORIENTED_EDGE('',*,*,#3919,.T.);
#1848=ORIENTED_EDGE('',*,*,#3920,.T.);
#1849=ORIENTED_EDGE('',*,*,#3921,.T.);
#1850=ORIENTED_EDGE('',*,*,#3922,.T.);
#1851=ORIENTED_EDGE('',*,*,#3923,.T.);
#1852=ORIENTED_EDGE('',*,*,#3924,.T.);
#1853=ORIENTED_EDGE('',*,*,#3925,.T.);
#1854=ORIENTED_EDGE('',*,*,#3926,.T.);
#1855=ORIENTED_EDGE('',*,*,#3927,.T.);
#1856=ORIENTED_EDGE('',*,*,#3928,.T.);
#1857=ORIENTED_EDGE('',*,*,#3929,.T.);
#1858=ORIENTED_EDGE('',*,*,#3930,.T.);
#1859=ORIENTED_EDGE('',*,*,#3931,.T.);
#1860=ORIENTED_EDGE('',*,*,#3932,.T.);
#1861=ORIENTED_EDGE('',*,*,#3933,.T.);
#1862=ORIENTED_EDGE('',*,*,#3934,.T.);
#1863=ORIENTED_EDGE('',*,*,#3935,.T.);
#1864=ORIENTED_EDGE('',*,*,#3936,.T.);
#1865=ORIENTED_EDGE('',*,*,#3937,.T.);
#1866=ORIENTED_EDGE('',*,*,#3938,.T.);
#1867=ORIENTED_EDGE('',*,*,#3939,.T.);
#1868=ORIENTED_EDGE('',*,*,#3940,.T.);
#1869=ORIENTED_EDGE('',*,*,#3941,.T.);
#1870=ORIENTED_EDGE('',*,*,#3942,.T.);
#1871=ORIENTED_EDGE('',*,*,#3943,.T.);
#1872=ORIENTED_EDGE('',*,*,#3944,.T.);
#1873=ORIENTED_EDGE('',*,*,#3945,.T.);
#1874=ORIENTED_EDGE('',*,*,#3946,.T.);
#1875=ORIENTED_EDGE('',*,*,#3947,.T.);
#1876=ORIENTED_EDGE('',*,*,#3948,.T.);
#1877=ORIENTED_EDGE('',*,*,#3949,.T.);
#1878=ORIENTED_EDGE('',*,*,#3950,.T.);
#1879=ORIENTED_EDGE('',*,*,#3951,.T.);
#1880=ORIENTED_EDGE('',*,*,#3952,.T.);
#1881=ORIENTED_EDGE('',*,*,#3953,.T.);
#1882=ORIENTED_EDGE('',*,*,#3954,.T.);
#1883=ORIENTED_EDGE('',*,*,#3955,.T.);
#1884=ORIENTED_EDGE('',*,*,#3956,.T.);
#1885=ORIENTED_EDGE('',*,*,#3957,.T.);
#1886=ORIENTED_EDGE('',*,*,#3958,.T.);
#1887=ORIENTED_EDGE('',*,*,#3959,.T.);
#1888=ORIENTED_EDGE('',*,*,#3960,.T.);
#1889=ORIENTED_EDGE('',*,*,#3961,.T.);
#1890=ORIENTED_EDGE('',*,*,#3962,.T.);
#1891=ORIENTED_EDGE('',*,*,#3963,.T.);
#1892=ORIENTED_EDGE('',*,*,#3964,.T.);
#1893=ORIENTED_EDGE('',*,*,#3965,.T.);
#1894=ORIENTED_EDGE('',*,*,#3966,.T.);
#1895=ORIENTED_EDGE('',*,*,#3967,.T.);
#1896=ORIENTED_EDGE('',*,*,#3968,.T.);
#1897=ORIENTED_EDGE('',*,*,#3969,.T.);
#1898=ORIENTED_EDGE('',*,*,#3970,.T.);
#1899=ORIENTED_EDGE('',*,*,#3971,.T.);
#1900=ORIENTED_EDGE('',*,*,#3972,.T.);
#1901=ORIENTED_EDGE('',*,*,#3973,.T.);
#1902=ORIENTED_EDGE('',*,*,#3974,.T.);
#1903=ORIENTED_EDGE('',*,*,#3975,.T.);
#1904=ORIENTED_EDGE('',*,*,#3976,.T.);
#1905=ORIENTED_EDGE('',*,*,#3977,.T.);
#1906=ORIENTED_EDGE('',*,*,#3978,.T.);
#1907=ORIENTED_EDGE('',*,*,#3979,.T.);
#1908=ORIENTED_EDGE('',*,*,#3980,.T.);
#1909=ORIENTED_EDGE('',*,*,#3981,.T.);
#1910=ORIENTED_EDGE('',*,*,#3982,.T.);
#1911=ORIENTED_EDGE('',*,*,#3983,.T.);
#1912=ORIENTED_EDGE('',*,*,#3984,.T.);
#1913=ORIENTED_EDGE('',*,*,#3985,.T.);
#1914=ORIENTED_EDGE('',*,*,#3986,.T.);
#1915=ORIENTED_EDGE('',*,*,#3987,.T.);
#1916=ORIENTED_EDGE('',*,*,#3988,.T.);
#1917=ORIENTED_EDGE('',*,*,#3989,.T.);
#1918=ORIENTED_EDGE('',*,*,#3990,.T.);
#1919=ORIENTED_EDGE('',*,*,#3991,.T.);
#1920=ORIENTED_EDGE('',*,*,#3992,.T.);
#1921=ORIENTED_EDGE('',*,*,#3993,.T.);
#1922=ORIENTED_EDGE('',*,*,#3994,.T.);
#1923=ORIENTED_EDGE('',*,*,#3995,.T.);
#1924=ORIENTED_EDGE('',*,*,#3996,.T.);
#1925=ORIENTED_EDGE('',*,*,#3997,.T.);
#1926=ORIENTED_EDGE('',*,*,#3998,.T.);
#1927=ORIENTED_EDGE('',*,*,#3999,.T.);
#1928=ORIENTED_EDGE('',*,*,#4000,.T.);
#1929=ORIENTED_EDGE('',*,*,#4001,.T.);
#1930=ORIENTED_EDGE('',*,*,#4002,.T.);
#1931=ORIENTED_EDGE('',*,*,#4003,.T.);
#1932=ORIENTED_EDGE('',*,*,#4004,.T.);
#1933=ORIENTED_EDGE('',*,*,#4005,.T.);
#1934=ORIENTED_EDGE('',*,*,#4006,.T.);
#1935=ORIENTED_EDGE('',*,*,#4007,.T.);
#1936=ORIENTED_EDGE('',*,*,#4008,.T.);
#1937=ORIENTED_EDGE('',*,*,#4009,.T.);
#1938=ORIENTED_EDGE('',*,*,#4010,.T.);
#1939=ORIENTED_EDGE('',*,*,#4011,.T.);
#1940=ORIENTED_EDGE('',*,*,#4012,.T.);
#1941=ORIENTED_EDGE('',*,*,#4013,.T.);
#1942=ORIENTED_EDGE('',*,*,#4014,.T.);
#1943=ORIENTED_EDGE('',*,*,#4015,.T.);
#1944=ORIENTED_EDGE('',*,*,#4016,.T.);
#1945=ORIENTED_EDGE('',*,*,#4017,.T.);
#1946=ORIENTED_EDGE('',*,*,#4018,.T.);
#1947=ORIENTED_EDGE('',*,*,#4019,.T.);
#1948=ORIENTED_EDGE('',*,*,#4020,.T.);
#1949=ORIENTED_EDGE('',*,*,#4021,.T.);
#1950=ORIENTED_EDGE('',*,*,#4022,.T.);
#1951=ORIENTED_EDGE('',*,*,#4023,.T.);
#1952=ORIENTED_EDGE('',*,*,#4024,.T.);
#1953=ORIENTED_EDGE('',*,*,#4025,.T.);
#1954=ORIENTED_EDGE('',*,*,#4026,.T.);
#1955=ORIENTED_EDGE('',*,*,#4027,.T.);
#1956=ORIENTED_EDGE('',*,*,#4028,.T.);
#1957=ORIENTED_EDGE('',*,*,#4029,.T.);
#1958=ORIENTED_EDGE('',*,*,#4030,.T.);
#1959=ORIENTED_EDGE('',*,*,#4031,.T.);
#1960=ORIENTED_EDGE('',*,*,#4032,.T.);
#1961=ORIENTED_EDGE('',*,*,#4033,.T.);
#1962=ORIENTED_EDGE('',*,*,#4034,.T.);
#1963=ORIENTED_EDGE('',*,*,#4035,.T.);
#1964=ORIENTED_EDGE('',*,*,#4036,.T.);
#1965=ORIENTED_EDGE('',*,*,#4037,.T.);
#1966=ORIENTED_EDGE('',*,*,#4038,.T.);
#1967=ORIENTED_EDGE('',*,*,#4039,.T.);
#1968=ORIENTED_EDGE('',*,*,#4040,.T.);
#1969=ORIENTED_EDGE('',*,*,#4041,.T.);
#1970=ORIENTED_EDGE('',*,*,#4042,.T.);
#1971=ORIENTED_EDGE('',*,*,#4043,.T.);
#1972=ORIENTED_EDGE('',*,*,#4044,.T.);
#1973=ORIENTED_EDGE('',*,*,#4045,.T.);
#1974=ORIENTED_EDGE('',*,*,#4046,.T.);
#1975=ORIENTED_EDGE('',*,*,#4047,.T.);
#1976=ORIENTED_EDGE('',*,*,#4048,.T.);
#1977=ORIENTED_EDGE('',*,*,#4049,.T.);
#1978=ORIENTED_EDGE('',*,*,#4050,.T.);
#1979=ORIENTED_EDGE('',*,*,#4051,.T.);
#1980=ORIENTED_EDGE('',*,*,#4052,.T.);
#1981=ORIENTED_EDGE('',*,*,#4053,.T.);
#1982=ORIENTED_EDGE('',*,*,#4054,.T.);
#1983=ORIENTED_EDGE('',*,*,#4055,.T.);
#1984=ORIENTED_EDGE('',*,*,#4056,.T.);
#1985=ORIENTED_EDGE('',*,*,#4057,.T.);
#1986=ORIENTED_EDGE('',*,*,#4058,.T.);
#1987=ORIENTED_EDGE('',*,*,#4059,.T.);
#1988=ORIENTED_EDGE('',*,*,#4060,.T.);
#1989=ORIENTED_EDGE('',*,*,#4061,.T.);
#1990=ORIENTED_EDGE('',*,*,#4062,.T.);
#1991=ORIENTED_EDGE('',*,*,#4063,.T.);
#1992=ORIENTED_EDGE('',*,*,#4064,.T.);
#1993=ORIENTED_EDGE('',*,*,#4065,.T.);
#1994=ORIENTED_EDGE('',*,*,#4066,.T.);
#1995=ORIENTED_EDGE('',*,*,#4067,.T.);
#1996=ORIENTED_EDGE('',*,*,#4068,.T.);
#1997=ORIENTED_EDGE('',*,*,#4069,.T.);
#1998=ORIENTED_EDGE('',*,*,#4070,.T.);
#1999=ORIENTED_EDGE('',*,*,#4071,.T.);
#2000=ORIENTED_EDGE('',*,*,#4072,.T.);
#2001=ORIENTED_EDGE('',*,*,#4073,.T.);
#2002=ORIENTED_EDGE('',*,*,#4074,.T.);
#2003=ORIENTED_EDGE('',*,*,#4075,.T.);
#2004=ORIENTED_EDGE('',*,*,#4076,.T.);
#2005=ORIENTED_EDGE('',*,*,#4077,.T.);
#2006=ORIENTED_EDGE('',*,*,#4078,.T.);
#2007=ORIENTED_EDGE('',*,*,#4079,.T.);
#2008=ORIENTED_EDGE('',*,*,#4080,.T.);
#2009=ORIENTED_EDGE('',*,*,#4081,.T.);
#2010=ORIENTED_EDGE('',*,*,#4082,.T.);
#2011=ORIENTED_EDGE('',*,*,#4083,.T.);
#2012=ORIENTED_EDGE('',*,*,#4084,.T.);
#2013=ORIENTED_EDGE('',*,*,#4085,.T.);
#2014=ORIENTED_EDGE('',*,*,#4086,.T.);
#2015=ORIENTED_EDGE('',*,*,#4087,.T.);
#2016=ORIENTED_EDGE('',*,*,#4088,.T.);
#2017=ORIENTED_EDGE('',*,*,#4089,.T.);
#2018=ORIENTED_EDGE('',*,*,#4090,.T.);
#2019=ORIENTED_EDGE('',*,*,#4091,.T.);
#2020=ORIENTED_EDGE('',*,*,#4092,.T.);
#2021=ORIENTED_EDGE('',*,*,#4093,.T.);
#2022=ORIENTED_EDGE('',*,*,#4094,.T.);
#2023=ORIENTED_EDGE('',*,*,#4095,.T.);
#2024=ORIENTED_EDGE('',*,*,#4096,.T.);
#2025=ORIENTED_EDGE('',*,*,#4097,.T.);
#2026=ORIENTED_EDGE('',*,*,#4098,.T.);
#2027=ORIENTED_EDGE('',*,*,#4099,.T.);
#2028=ORIENTED_EDGE('',*,*,#4100,.T.);
#2029=ORIENTED_EDGE('',*,*,#4101,.T.);
#2030=ORIENTED_EDGE('',*,*,#4102,.T.);
#2031=ORIENTED_EDGE('',*,*,#4103,.T.);
#2032=ORIENTED_EDGE('',*,*,#4104,.T.);
#2033=ORIENTED_EDGE('',*,*,#4105,.T.);
#2034=ORIENTED_EDGE('',*,*,#4106,.T.);
#2035=ORIENTED_EDGE('',*,*,#4107,.T.);
#2036=ORIENTED_EDGE('',*,*,#4108,.T.);
#2037=ORIENTED_EDGE('',*,*,#4109,.T.);
#2038=ORIENTED_EDGE('',*,*,#4110,.T.);
#2039=ORIENTED_EDGE('',*,*,#4111,.T.);
#2040=ORIENTED_EDGE('',*,*,#4112,.T.);
#2041=ORIENTED_EDGE('',*,*,#4113,.T.);
#2042=ORIENTED_EDGE('',*,*,#4114,.T.);
#2043=ORIENTED_EDGE('',*,*,#4115,.T.);
#2044=ORIENTED_EDGE('',*,*,#4116,.T.);
#2045=ORIENTED_EDGE('',*,*,#4117,.T.);
#2046=ORIENTED_EDGE('',*,*,#4118,.T.);
#2047=ORIENTED_EDGE('',*,*,#4119,.T.);
#2048=ORIENTED_EDGE('',*,*,#4120,.T.);
#2049=ORIENTED_EDGE('',*,*,#4121,.T.);
#2050=ORIENTED_EDGE('',*,*,#4122,.T.);
#2051=ORIENTED_EDGE('',*,*,#4123,.T.);
#2052=ORIENTED_EDGE('',*,*,#4124,.T.);
#2053=ORIENTED_EDGE('',*,*,#4125,.T.);
#2054=ORIENTED_EDGE('',*,*,#4126,.T.);
#2055=ORIENTED_EDGE('',*,*,#4127,.T.);
#2056=ORIENTED_EDGE('',*,*,#4128,.T.);
#2057=ORIENTED_EDGE('',*,*,#4129,.T.);
#2058=ORIENTED_EDGE('',*,*,#4130,.T.);
#2059=ORIENTED_EDGE('',*,*,#4131,.T.);
#2060=ORIENTED_EDGE('',*,*,#4132,.T.);
#2061=ORIENTED_EDGE('',*,*,#4133,.T.);
#2062=ORIENTED_EDGE('',*,*,#4134,.T.);
#2063=ORIENTED_EDGE('',*,*,#4135,.T.);
#2064=ORIENTED_EDGE('',*,*,#4136,.T.);
#2065=ORIENTED_EDGE('',*,*,#4137,.T.);
#2066=ORIENTED_EDGE('',*,*,#4138,.T.);
#2067=ORIENTED_EDGE('',*,*,#4139,.T.);
#2068=ORIENTED_EDGE('',*,*,#4140,.T.);
#2069=ORIENTED_EDGE('',*,*,#4141,.T.);
#2070=ORIENTED_EDGE('',*,*,#4142,.T.);
#2071=ORIENTED_EDGE('',*,*,#4143,.T.);
#2072=ORIENTED_EDGE('',*,*,#4144,.T.);
#2073=ORIENTED_EDGE('',*,*,#4145,.T.);
#2074=ORIENTED_EDGE('',*,*,#4146,.T.);
#2075=ORIENTED_EDGE('',*,*,#4147,.T.);
#2076=ORIENTED_EDGE('',*,*,#4148,.T.);
#2077=ORIENTED_EDGE('',*,*,#4149,.T.);
#2078=ORIENTED_EDGE('',*,*,#4150,.T.);
#2079=ORIENTED_EDGE('',*,*,#4151,.T.);
#2080=ORIENTED_EDGE('',*,*,#4152,.T.);
#2081=ORIENTED_EDGE('',*,*,#4153,.T.);
#2082=ORIENTED_EDGE('',*,*,#4154,.T.);
#2083=ORIENTED_EDGE('',*,*,#4155,.T.);
#2084=ORIENTED_EDGE('',*,*,#4156,.T.);
#2085=ORIENTED_EDGE('',*,*,#4157,.T.);
#2086=ORIENTED_EDGE('',*,*,#4158,.T.);
#2087=ORIENTED_EDGE('',*,*,#4159,.T.);
#2088=ORIENTED_EDGE('',*,*,#4160,.T.);
#2089=ORIENTED_EDGE('',*,*,#4161,.T.);
#2090=ORIENTED_EDGE('',*,*,#4162,.T.);
#2091=ORIENTED_EDGE('',*,*,#4163,.T.);
#2092=ORIENTED_EDGE('',*,*,#4164,.T.);
#2093=ORIENTED_EDGE('',*,*,#4165,.T.);
#2094=ORIENTED_EDGE('',*,*,#4166,.T.);
#2095=ORIENTED_EDGE('',*,*,#4167,.T.);
#2096=ORIENTED_EDGE('',*,*,#4168,.T.);
#2097=ORIENTED_EDGE('',*,*,#4169,.T.);
#2098=ORIENTED_EDGE('',*,*,#4170,.T.);
#2099=ORIENTED_EDGE('',*,*,#4171,.T.);
#2100=ORIENTED_EDGE('',*,*,#4172,.T.);
#2101=ORIENTED_EDGE('',*,*,#4173,.T.);
#2102=ORIENTED_EDGE('',*,*,#4174,.T.);
#2103=ORIENTED_EDGE('',*,*,#4175,.T.);
#2104=ORIENTED_EDGE('',*,*,#4176,.T.);
#2105=ORIENTED_EDGE('',*,*,#4177,.T.);
#2106=ORIENTED_EDGE('',*,*,#4178,.T.);
#2107=ORIENTED_EDGE('',*,*,#4179,.T.);
#2108=ORIENTED_EDGE('',*,*,#4180,.T.);
#2109=ORIENTED_EDGE('',*,*,#4181,.T.);
#2110=ORIENTED_EDGE('',*,*,#4182,.T.);
#2111=ORIENTED_EDGE('',*,*,#4183,.T.);
#2112=ORIENTED_EDGE('',*,*,#4184,.T.);
#2113=ORIENTED_EDGE('',*,*,#4185,.T.);
#2114=ORIENTED_EDGE('',*,*,#4186,.T.);
#2115=ORIENTED_EDGE('',*,*,#4187,.T.);
#2116=ORIENTED_EDGE('',*,*,#4188,.T.);
#2117=ORIENTED_EDGE('',*,*,#4189,.T.);
#2118=ORIENTED_EDGE('',*,*,#4190,.T.);
#2119=ORIENTED_EDGE('',*,*,#4191,.T.);
#2120=ORIENTED_EDGE('',*,*,#4192,.T.);
#2121=ORIENTED_EDGE('',*,*,#4193,.T.);
#2122=ORIENTED_EDGE('',*,*,#4194,.T.);
#2123=ORIENTED_EDGE('',*,*,#4195,.T.);
#2124=ORIENTED_EDGE('',*,*,#4196,.T.);
#2125=ORIENTED_EDGE('',*,*,#4197,.T.);
#2126=ORIENTED_EDGE('',*,*,#4198,.T.);
#2127=ORIENTED_EDGE('',*,*,#4199,.T.);
#2128=ORIENTED_EDGE('',*,*,#4200,.T.);
#2129=ORIENTED_EDGE('',*,*,#4201,.T.);
#2130=ORIENTED_EDGE('',*,*,#4202,.T.);
#2131=ORIENTED_EDGE('',*,*,#4203,.T.);
#2132=ORIENTED_EDGE('',*,*,#4204,.T.);
#2133=ORIENTED_EDGE('',*,*,#4205,.T.);
#2134=ORIENTED_EDGE('',*,*,#4206,.T.);
#2135=ORIENTED_EDGE('',*,*,#4207,.T.);
#2136=ORIENTED_EDGE('',*,*,#4208,.T.);
#2137=ORIENTED_EDGE('',*,*,#4209,.T.);
#2138=ORIENTED_EDGE('',*,*,#4210,.T.);
#2139=ORIENTED_EDGE('',*,*,#4211,.T.);
#2140=ORIENTED_EDGE('',*,*,#4212,.T.);
#2141=ORIENTED_EDGE('',*,*,#4213,.T.);
#2142=ORIENTED_EDGE('',*,*,#4214,.T.);
#2143=ORIENTED_EDGE('',*,*,#4215,.T.);
#2144=ORIENTED_EDGE('',*,*,#4216,.T.);
#2145=ORIENTED_EDGE('',*,*,#4217,.T.);
#2146=ORIENTED_EDGE('',*,*,#4218,.T.);
#2147=ORIENTED_EDGE('',*,*,#4219,.T.);
#2148=ORIENTED_EDGE('',*,*,#4220,.T.);
#2149=ORIENTED_EDGE('',*,*,#4221,.T.);
#2150=ORIENTED_EDGE('',*,*,#4222,.T.);
#2151=ORIENTED_EDGE('',*,*,#4223,.T.);
#2152=ORIENTED_EDGE('',*,*,#4224,.T.);
#2153=ORIENTED_EDGE('',*,*,#4225,.T.);
#2154=ORIENTED_EDGE('',*,*,#4226,.T.);
#2155=ORIENTED_EDGE('',*,*,#4227,.T.);
#2156=ORIENTED_EDGE('',*,*,#4228,.T.);
#2157=ORIENTED_EDGE('',*,*,#4229,.T.);
#2158=ORIENTED_EDGE('',*,*,#4230,.T.);
#2159=ORIENTED_EDGE('',*,*,#4231,.T.);
#2160=ORIENTED_EDGE('',*,*,#4232,.T.);
#2161=ORIENTED_EDGE('',*,*,#4233,.T.);
#2162=ORIENTED_EDGE('',*,*,#4234,.T.);
#2163=ORIENTED_EDGE('',*,*,#4235,.T.);
#2164=ORIENTED_EDGE('',*,*,#4236,.T.);
#2165=ORIENTED_EDGE('',*,*,#4237,.T.);
#2166=ORIENTED_EDGE('',*,*,#4238,.T.);
#2167=ORIENTED_EDGE('',*,*,#4239,.T.);
#2168=ORIENTED_EDGE('',*,*,#4240,.T.);
#2169=ORIENTED_EDGE('',*,*,#4241,.T.);
#2170=ORIENTED_EDGE('',*,*,#4242,.T.);
#2171=ORIENTED_EDGE('',*,*,#4243,.T.);
#2172=ORIENTED_EDGE('',*,*,#4244,.T.);
#2173=ORIENTED_EDGE('',*,*,#4245,.T.);
#2174=ORIENTED_EDGE('',*,*,#4246,.T.);
#2175=ORIENTED_EDGE('',*,*,#4247,.T.);
#2176=ORIENTED_EDGE('',*,*,#4248,.T.);
#2177=ORIENTED_EDGE('',*,*,#4249,.T.);
#2178=ORIENTED_EDGE('',*,*,#4250,.T.);
#2179=ORIENTED_EDGE('',*,*,#4251,.T.);
#2180=ORIENTED_EDGE('',*,*,#4252,.T.);
#2181=ORIENTED_EDGE('',*,*,#4253,.T.);
#2182=ORIENTED_EDGE('',*,*,#4254,.T.);
#2183=ORIENTED_EDGE('',*,*,#4255,.T.);
#2184=ORIENTED_EDGE('',*,*,#4256,.T.);
#2185=ORIENTED_EDGE('',*,*,#4257,.T.);
#2186=ORIENTED_EDGE('',*,*,#4258,.T.);
#2187=ORIENTED_EDGE('',*,*,#4259,.T.);
#2188=ORIENTED_EDGE('',*,*,#4260,.T.);
#2189=ORIENTED_EDGE('',*,*,#4261,.T.);
#2190=ORIENTED_EDGE('',*,*,#4262,.T.);
#2191=ORIENTED_EDGE('',*,*,#4263,.T.);
#2192=ORIENTED_EDGE('',*,*,#4264,.T.);
#2193=ORIENTED_EDGE('',*,*,#4265,.T.);
#2194=ORIENTED_EDGE('',*,*,#4266,.T.);
#2195=ORIENTED_EDGE('',*,*,#4267,.T.);
#2196=ORIENTED_EDGE('',*,*,#4268,.T.);
#2197=ORIENTED_EDGE('',*,*,#4269,.T.);
#2198=ORIENTED_EDGE('',*,*,#4270,.T.);
#2199=ORIENTED_EDGE('',*,*,#4271,.T.);
#2200=ORIENTED_EDGE('',*,*,#4272,.T.);
#2201=ORIENTED_EDGE('',*,*,#4273,.T.);
#2202=ORIENTED_EDGE('',*,*,#4274,.T.);
#2203=ORIENTED_EDGE('',*,*,#4275,.T.);
#2204=ORIENTED_EDGE('',*,*,#4276,.T.);
#2205=ORIENTED_EDGE('',*,*,#4277,.T.);
#2206=ORIENTED_EDGE('',*,*,#4278,.T.);
#2207=ORIENTED_EDGE('',*,*,#4279,.T.);
#2208=ORIENTED_EDGE('',*,*,#4280,.T.);
#2209=ORIENTED_EDGE('',*,*,#4281,.T.);
#2210=ORIENTED_EDGE('',*,*,#4282,.T.);
#2211=ORIENTED_EDGE('',*,*,#4283,.T.);
#2212=ORIENTED_EDGE('',*,*,#4284,.T.);
#2213=ORIENTED_EDGE('',*,*,#4285,.T.);
#2214=ORIENTED_EDGE('',*,*,#4286,.T.);
#2215=ORIENTED_EDGE('',*,*,#4287,.T.);
#2216=ORIENTED_EDGE('',*,*,#4288,.T.);
#2217=ORIENTED_EDGE('',*,*,#4289,.T.);
#2218=ORIENTED_EDGE('',*,*,#4290,.T.);
#2219=ORIENTED_EDGE('',*,*,#4291,.T.);
#2220=ORIENTED_EDGE('',*,*,#4292,.T.);
#2221=ORIENTED_EDGE('',*,*,#4293,.T.);
#2222=ORIENTED_EDGE('',*,*,#4294,.T.);
#2223=ORIENTED_EDGE('',*,*,#4295,.T.);
#2224=ORIENTED_EDGE('',*,*,#4296,.T.);
#2225=ORIENTED_EDGE('',*,*,#4297,.T.);
#2226=ORIENTED_EDGE('',*,*,#4298,.T.);
#2227=ORIENTED_EDGE('',*,*,#4299,.T.);
#2228=ORIENTED_EDGE('',*,*,#4300,.T.);
#2229=ORIENTED_EDGE('',*,*,#4301,.T.);
#2230=ORIENTED_EDGE('',*,*,#4302,.T.);
#2231=ORIENTED_EDGE('',*,*,#4303,.T.);
#2232=ORIENTED_EDGE('',*,*,#4304,.T.);
#2233=ORIENTED_EDGE('',*,*,#4305,.T.);
#2234=ORIENTED_EDGE('',*,*,#4306,.T.);
#2235=ORIENTED_EDGE('',*,*,#4307,.T.);
#2236=ORIENTED_EDGE('',*,*,#4308,.T.);
#2237=ORIENTED_EDGE('',*,*,#4309,.T.);
#2238=ORIENTED_EDGE('',*,*,#4310,.T.);
#2239=ORIENTED_EDGE('',*,*,#4311,.T.);
#2240=ORIENTED_EDGE('',*,*,#4312,.T.);
#2241=ORIENTED_EDGE('',*,*,#4313,.T.);
#2242=ORIENTED_EDGE('',*,*,#4314,.T.);
#2243=ORIENTED_EDGE('',*,*,#4315,.T.);
#2244=ORIENTED_EDGE('',*,*,#4316,.T.);
#2245=ORIENTED_EDGE('',*,*,#4317,.T.);
#2246=ORIENTED_EDGE('',*,*,#4318,.T.);
#2247=ORIENTED_EDGE('',*,*,#4319,.T.);
#2248=ORIENTED_EDGE('',*,*,#4320,.T.);
#2249=ORIENTED_EDGE('',*,*,#4321,.T.);
#2250=ORIENTED_EDGE('',*,*,#4322,.T.);
#2251=ORIENTED_EDGE('',*,*,#4323,.T.);
#2252=ORIENTED_EDGE('',*,*,#4324,.T.);
#2253=ORIENTED_EDGE('',*,*,#4325,.T.);
#2254=ORIENTED_EDGE('',*,*,#4326,.T.);
#2255=ORIENTED_EDGE('',*,*,#4327,.T.);
#2256=ORIENTED_EDGE('',*,*,#4328,.T.);
#2257=ORIENTED_EDGE('',*,*,#4329,.T.);
#2258=ORIENTED_EDGE('',*,*,#4330,.T.);
#2259=ORIENTED_EDGE('',*,*,#4331,.T.);
#2260=ORIENTED_EDGE('',*,*,#4332,.T.);
#2261=ORIENTED_EDGE('',*,*,#4333,.T.);
#2262=ORIENTED_EDGE('',*,*,#4334,.T.);
#2263=ORIENTED_EDGE('',*,*,#4335,.T.);
#2264=ORIENTED_EDGE('',*,*,#4336,.T.);
#2265=ORIENTED_EDGE('',*,*,#4337,.T.);
#2266=ORIENTED_EDGE('',*,*,#4338,.T.);
#2267=ORIENTED_EDGE('',*,*,#4339,.T.);
#2268=ORIENTED_EDGE('',*,*,#4340,.T.);
#2269=ORIENTED_EDGE('',*,*,#4341,.T.);
#2270=ORIENTED_EDGE('',*,*,#4342,.T.);
#2271=ORIENTED_EDGE('',*,*,#4343,.T.);
#2272=ORIENTED_EDGE('',*,*,#4344,.T.);
#2273=ORIENTED_EDGE('',*,*,#4345,.T.);
#2274=ORIENTED_EDGE('',*,*,#4346,.T.);
#2275=ORIENTED_EDGE('',*,*,#4347,.T.);
#2276=ORIENTED_EDGE('',*,*,#4348,.T.);
#2277=ORIENTED_EDGE('',*,*,#4349,.T.);
#2278=ORIENTED_EDGE('',*,*,#4350,.T.);
#2279=ORIENTED_EDGE('',*,*,#4351,.T.);
#2280=ORIENTED_EDGE('',*,*,#4352,.T.);
#2281=ORIENTED_EDGE('',*,*,#4353,.T.);
#2282=ORIENTED_EDGE('',*,*,#4354,.T.);
#2283=ORIENTED_EDGE('',*,*,#4355,.T.);
#2284=ORIENTED_EDGE('',*,*,#4356,.T.);
#2285=ORIENTED_EDGE('',*,*,#4357,.T.);
#2286=ORIENTED_EDGE('',*,*,#4358,.T.);
#2287=ORIENTED_EDGE('',*,*,#4359,.T.);
#2288=ORIENTED_EDGE('',*,*,#4360,.T.);
#2289=ORIENTED_EDGE('',*,*,#4361,.T.);
#2290=ORIENTED_EDGE('',*,*,#4362,.T.);
#2291=ORIENTED_EDGE('',*,*,#4363,.T.);
#2292=ORIENTED_EDGE('',*,*,#4364,.T.);
#2293=ORIENTED_EDGE('',*,*,#4365,.T.);
#2294=ORIENTED_EDGE('',*,*,#4366,.T.);
#2295=ORIENTED_EDGE('',*,*,#4367,.T.);
#2296=ORIENTED_EDGE('',*,*,#4368,.T.);
#2297=ORIENTED_EDGE('',*,*,#4369,.T.);
#2298=ORIENTED_EDGE('',*,*,#4370,.T.);
#2299=ORIENTED_EDGE('',*,*,#4371,.T.);
#2300=ORIENTED_EDGE('',*,*,#4372,.T.);
#2301=ORIENTED_EDGE('',*,*,#4373,.T.);
#2302=ORIENTED_EDGE('',*,*,#4374,.T.);
#2303=ORIENTED_EDGE('',*,*,#4375,.T.);
#2304=ORIENTED_EDGE('',*,*,#4376,.T.);
#2305=ORIENTED_EDGE('',*,*,#4377,.T.);
#2306=ORIENTED_EDGE('',*,*,#4378,.T.);
#2307=ORIENTED_EDGE('',*,*,#4379,.T.);
#2308=ORIENTED_EDGE('',*,*,#4380,.T.);
#2309=ORIENTED_EDGE('',*,*,#4381,.T.);
#2310=ORIENTED_EDGE('',*,*,#4382,.T.);
#2311=ORIENTED_EDGE('',*,*,#4383,.T.);
#2312=ORIENTED_EDGE('',*,*,#4384,.T.);
#2313=ORIENTED_EDGE('',*,*,#4385,.T.);
#2314=ORIENTED_EDGE('',*,*,#4386,.T.);
#2315=ORIENTED_EDGE('',*,*,#4387,.T.);
#2316=ORIENTED_EDGE('',*,*,#4388,.T.);
#2317=ORIENTED_EDGE('',*,*,#4389,.T.);
#2318=ORIENTED_EDGE('',*,*,#4390,.T.);
#2319=ORIENTED_EDGE('',*,*,#4391,.T.);
#2320=ORIENTED_EDGE('',*,*,#4392,.T.);
#2321=ORIENTED_EDGE('',*,*,#4393,.T.);
#2322=ORIENTED_EDGE('',*,*,#4394,.T.);
#2323=ORIENTED_EDGE('',*,*,#4395,.T.);
#2324=ORIENTED_EDGE('',*,*,#4396,.T.);
#2325=ORIENTED_EDGE('',*,*,#4397,.T.);
#2326=ORIENTED_EDGE('',*,*,#4398,.T.);
#2327=ORIENTED_EDGE('',*,*,#4399,.T.);
#2328=ORIENTED_EDGE('',*,*,#4400,.T.);
#2329=ORIENTED_EDGE('',*,*,#4401,.T.);
#2330=ORIENTED_EDGE('',*,*,#4402,.T.);
#2331=ORIENTED_EDGE('',*,*,#4403,.T.);
#2332=ORIENTED_EDGE('',*,*,#4404,.T.);
#2333=ORIENTED_EDGE('',*,*,#4405,.T.);
#2334=ORIENTED_EDGE('',*,*,#4406,.T.);
#2335=ORIENTED_EDGE('',*,*,#4407,.T.);
#2336=ORIENTED_EDGE('',*,*,#4408,.T.);
#2337=ORIENTED_EDGE('',*,*,#4409,.T.);
#2338=ORIENTED_EDGE('',*,*,#4410,.T.);
#2339=ORIENTED_EDGE('',*,*,#4411,.T.);
#2340=ORIENTED_EDGE('',*,*,#4412,.T.);
#2341=ORIENTED_EDGE('',*,*,#4413,.T.);
#2342=ORIENTED_EDGE('',*,*,#4414,.T.);
#2343=ORIENTED_EDGE('',*,*,#4415,.T.);
#2344=ORIENTED_EDGE('',*,*,#4416,.T.);
#2345=ORIENTED_EDGE('',*,*,#4417,.T.);
#2346=ORIENTED_EDGE('',*,*,#4418,.T.);
#2347=ORIENTED_EDGE('',*,*,#4419,.T.);
#2348=ORIENTED_EDGE('',*,*,#4420,.T.);
#2349=ORIENTED_EDGE('',*,*,#4421,.T.);
#2350=ORIENTED_EDGE('',*,*,#4422,.T.);
#2351=ORIENTED_EDGE('',*,*,#4423,.T.);
#2352=ORIENTED_EDGE('',*,*,#4424,.T.);
#2353=ORIENTED_EDGE('',*,*,#4425,.T.);
#2354=ORIENTED_EDGE('',*,*,#4426,.T.);
#2355=ORIENTED_EDGE('',*,*,#4427,.T.);
#2356=ORIENTED_EDGE('',*,*,#4428,.T.);
#2357=ORIENTED_EDGE('',*,*,#4429,.T.);
#2358=ORIENTED_EDGE('',*,*,#4430,.T.);
#2359=ORIENTED_EDGE('',*,*,#4431,.T.);
#2360=ORIENTED_EDGE('',*,*,#4432,.T.);
#2361=ORIENTED_EDGE('',*,*,#4433,.T.);
#2362=ORIENTED_EDGE('',*,*,#4434,.T.);
#2363=ORIENTED_EDGE('',*,*,#4435,.T.);
#2364=ORIENTED_EDGE('',*,*,#4436,.T.);
#2365=ORIENTED_EDGE('',*,*,#4437,.T.);
#2366=ORIENTED_EDGE('',*,*,#4438,.T.);
#2367=ORIENTED_EDGE('',*,*,#4439,.T.);
#2368=ORIENTED_EDGE('',*,*,#4440,.T.);
#2369=ORIENTED_EDGE('',*,*,#4441,.T.);
#2370=ORIENTED_EDGE('',*,*,#4442,.T.);
#2371=ORIENTED_EDGE('',*,*,#4443,.T.);
#2372=ORIENTED_EDGE('',*,*,#4444,.T.);
#2373=ORIENTED_EDGE('',*,*,#4445,.T.);
#2374=ORIENTED_EDGE('',*,*,#4446,.T.);
#2375=ORIENTED_EDGE('',*,*,#4447,.T.);
#2376=ORIENTED_EDGE('',*,*,#4448,.T.);
#2377=ORIENTED_EDGE('',*,*,#4449,.T.);
#2378=ORIENTED_EDGE('',*,*,#4450,.T.);
#2379=ORIENTED_EDGE('',*,*,#4451,.T.);
#2380=ORIENTED_EDGE('',*,*,#4452,.T.);
#2381=ORIENTED_EDGE('',*,*,#4453,.T.);
#2382=ORIENTED_EDGE('',*,*,#4454,.T.);
#2383=ORIENTED_EDGE('',*,*,#4455,.T.);
#2384=ORIENTED_EDGE('',*,*,#4456,.T.);
#2385=ORIENTED_EDGE('',*,*,#4457,.T.);
#2386=ORIENTED_EDGE('',*,*,#4458,.T.);
#2387=ORIENTED_EDGE('',*,*,#4459,.T.);
#2388=ORIENTED_EDGE('',*,*,#4460,.T.);
#2389=ORIENTED_EDGE('',*,*,#4461,.T.);
#2390=ORIENTED_EDGE('',*,*,#4462,.T.);
#2391=ORIENTED_EDGE('',*,*,#4463,.T.);
#2392=ORIENTED_EDGE('',*,*,#4464,.T.);
#2393=ORIENTED_EDGE('',*,*,#4465,.T.);
#2394=ORIENTED_EDGE('',*,*,#4466,.T.);
#2395=ORIENTED_EDGE('',*,*,#4467,.T.);
#2396=ORIENTED_EDGE('',*,*,#4468,.T.);
#2397=ORIENTED_EDGE('',*,*,#4469,.T.);
#2398=ORIENTED_EDGE('',*,*,#4470,.T.);
#2399=ORIENTED_EDGE('',*,*,#4471,.T.);
#2400=ORIENTED_EDGE('',*,*,#4472,.T.);
#2401=ORIENTED_EDGE('',*,*,#4473,.T.);
#2402=ORIENTED_EDGE('',*,*,#4474,.T.);
#2403=ORIENTED_EDGE('',*,*,#4475,.T.);
#2404=ORIENTED_EDGE('',*,*,#4476,.T.);
#2405=ORIENTED_EDGE('',*,*,#4477,.T.);
#2406=ORIENTED_EDGE('',*,*,#4478,.T.);
#2407=ORIENTED_EDGE('',*,*,#4479,.T.);
#2408=ORIENTED_EDGE('',*,*,#4480,.T.);
#2409=ORIENTED_EDGE('',*,*,#4481,.T.);
#2410=ORIENTED_EDGE('',*,*,#4482,.T.);
#2411=ORIENTED_EDGE('',*,*,#4483,.T.);
#2412=ORIENTED_EDGE('',*,*,#4484,.T.);
#2413=ORIENTED_EDGE('',*,*,#4485,.T.);
#2414=ORIENTED_EDGE('',*,*,#4486,.T.);
#2415=ORIENTED_EDGE('',*,*,#4487,.T.);
#2416=ORIENTED_EDGE('',*,*,#4488,.T.);
#2417=ORIENTED_EDGE('',*,*,#4489,.T.);
#2418=ORIENTED_EDGE('',*,*,#4490,.T.);
#2419=ORIENTED_EDGE('',*,*,#4491,.T.);
#2420=ORIENTED_EDGE('',*,*,#4492,.T.);
#2421=ORIENTED_EDGE('',*,*,#4493,.T.);
#2422=ORIENTED_EDGE('',*,*,#4494,.T.);
#2423=ORIENTED_EDGE('',*,*,#4495,.T.);
#2424=ORIENTED_EDGE('',*,*,#4496,.T.);
#2425=ORIENTED_EDGE('',*,*,#4497,.T.);
#2426=ORIENTED_EDGE('',*,*,#4498,.T.);
#2427=ORIENTED_EDGE('',*,*,#4499,.T.);
#2428=ORIENTED_EDGE('',*,*,#4500,.T.);
#2429=ORIENTED_EDGE('',*,*,#4501,.T.);
#2430=ORIENTED_EDGE('',*,*,#4502,.T.);
#2431=ORIENTED_EDGE('',*,*,#4503,.T.);
#2432=ORIENTED_EDGE('',*,*,#4504,.T.);
#2433=ORIENTED_EDGE('',*,*,#4505,.T.);
#2434=ORIENTED_EDGE('',*,*,#4506,.T.);
#2435=ORIENTED_EDGE('',*,*,#4507,.T.);
#2436=ORIENTED_EDGE('',*,*,#4508,.T.);
#2437=ORIENTED_EDGE('',*,*,#4509,.T.);
#2438=ORIENTED_EDGE('',*,*,#4510,.T.);
#2439=ORIENTED_EDGE('',*,*,#4511,.T.);
#2440=ORIENTED_EDGE('',*,*,#4512,.T.);
#2441=ORIENTED_EDGE('',*,*,#4513,.T.);
#2442=ORIENTED_EDGE('',*,*,#4514,.T.);
#2443=ORIENTED_EDGE('',*,*,#4515,.T.);
#2444=ORIENTED_EDGE('',*,*,#4516,.T.);
#2445=ORIENTED_EDGE('',*,*,#4517,.T.);
#2446=ORIENTED_EDGE('',*,*,#4518,.T.);
#2447=ORIENTED_EDGE('',*,*,#4519,.T.);
#2448=ORIENTED_EDGE('',*,*,#4520,.T.);
#2449=ORIENTED_EDGE('',*,*,#4521,.T.);
#2450=ORIENTED_EDGE('',*,*,#4522,.T.);
#2451=ORIENTED_EDGE('',*,*,#4523,.T.);
#2452=ORIENTED_EDGE('',*,*,#4524,.T.);
#2453=ORIENTED_EDGE('',*,*,#4525,.T.);
#2454=ORIENTED_EDGE('',*,*,#4526,.T.);
#2455=ORIENTED_EDGE('',*,*,#4527,.T.);
#2456=ORIENTED_EDGE('',*,*,#4528,.T.);
#2457=ORIENTED_EDGE('',*,*,#4529,.T.);
#2458=ORIENTED_EDGE('',*,*,#4530,.T.);
#2459=ORIENTED_EDGE('',*,*,#4531,.T.);
#2460=ORIENTED_EDGE('',*,*,#4532,.T.);
#2461=ORIENTED_EDGE('',*,*,#4533,.T.);
#2462=ORIENTED_EDGE('',*,*,#4534,.T.);
#2463=ORIENTED_EDGE('',*,*,#4535,.T.);
#2464=ORIENTED_EDGE('',*,*,#4536,.T.);
#2465=ORIENTED_EDGE('',*,*,#4537,.T.);
#2466=ORIENTED_EDGE('',*,*,#4538,.T.);
#2467=ORIENTED_EDGE('',*,*,#4539,.T.);
#2468=ORIENTED_EDGE('',*,*,#4540,.T.);
#2469=ORIENTED_EDGE('',*,*,#4541,.T.);
#2470=ORIENTED_EDGE('',*,*,#4542,.T.);
#2471=ORIENTED_EDGE('',*,*,#4543,.T.);
#2472=ORIENTED_EDGE('',*,*,#4544,.T.);
#2473=ORIENTED_EDGE('',*,*,#4545,.T.);
#2474=ORIENTED_EDGE('',*,*,#4546,.T.);
#2475=ORIENTED_EDGE('',*,*,#4547,.T.);
#2476=ORIENTED_EDGE('',*,*,#4548,.T.);
#2477=ORIENTED_EDGE('',*,*,#4549,.T.);
#2478=ORIENTED_EDGE('',*,*,#4550,.T.);
#2479=ORIENTED_EDGE('',*,*,#4551,.T.);
#2480=ORIENTED_EDGE('',*,*,#4552,.T.);
#2481=ORIENTED_EDGE('',*,*,#4553,.T.);
#2482=ORIENTED_EDGE('',*,*,#4554,.T.);
#2483=ORIENTED_EDGE('',*,*,#4555,.T.);
#2484=ORIENTED_EDGE('',*,*,#4556,.T.);
#2485=ORIENTED_EDGE('',*,*,#4557,.T.);
#2486=ORIENTED_EDGE('',*,*,#4558,.T.);
#2487=ORIENTED_EDGE('',*,*,#4559,.T.);
#2488=ORIENTED_EDGE('',*,*,#4560,.T.);
#2489=ORIENTED_EDGE('',*,*,#4561,.T.);
#2490=ORIENTED_EDGE('',*,*,#4562,.T.);
#2491=ORIENTED_EDGE('',*,*,#4563,.T.);
#2492=ORIENTED_EDGE('',*,*,#4564,.T.);
#2493=ORIENTED_EDGE('',*,*,#4565,.T.);
#2494=ORIENTED_EDGE('',*,*,#4566,.T.);
#2495=ORIENTED_EDGE('',*,*,#4567,.T.);
#2496=ORIENTED_EDGE('',*,*,#4568,.T.);
#2497=ORIENTED_EDGE('',*,*,#4569,.T.);
#2498=ORIENTED_EDGE('',*,*,#4570,.T.);
#2499=ORIENTED_EDGE('',*,*,#4571,.T.);
#2500=ORIENTED_EDGE('',*,*,#4572,.T.);
#2501=ORIENTED_EDGE('',*,*,#4573,.T.);
#2502=ORIENTED_EDGE('',*,*,#4574,.T.);
#2503=ORIENTED_EDGE('',*,*,#4575,.T.);
#2504=ORIENTED_EDGE('',*,*,#4576,.T.);
#2505=ORIENTED_EDGE('',*,*,#4577,.T.);
#2506=ORIENTED_EDGE('',*,*,#4578,.T.);
#2507=ORIENTED_EDGE('',*,*,#4579,.T.);
#2508=ORIENTED_EDGE('',*,*,#4580,.T.);
#2509=ORIENTED_EDGE('',*,*,#4581,.T.);
#2510=ORIENTED_EDGE('',*,*,#4582,.T.);
#2511=ORIENTED_EDGE('',*,*,#4583,.T.);
#2512=ORIENTED_EDGE('',*,*,#4584,.T.);
#2513=ORIENTED_EDGE('',*,*,#4585,.T.);
#2514=ORIENTED_EDGE('',*,*,#4586,.T.);
#2515=ORIENTED_EDGE('',*,*,#4587,.T.);
#2516=ORIENTED_EDGE('',*,*,#4588,.T.);
#2517=ORIENTED_EDGE('',*,*,#4589,.T.);
#2518=ORIENTED_EDGE('',*,*,#4590,.T.);
#2519=ORIENTED_EDGE('',*,*,#4591,.T.);
#2520=ORIENTED_EDGE('',*,*,#4592,.T.);
#2521=ORIENTED_EDGE('',*,*,#4593,.T.);
#2522=ORIENTED_EDGE('',*,*,#4594,.T.);
#2523=ORIENTED_EDGE('',*,*,#4595,.T.);
#2524=ORIENTED_EDGE('',*,*,#4596,.T.);
#2525=ORIENTED_EDGE('',*,*,#4597,.T.);
#2526=ORIENTED_EDGE('',*,*,#4598,.T.);
#2527=ORIENTED_EDGE('',*,*,#4599,.T.);
#2528=ORIENTED_EDGE('',*,*,#4600,.T.);
#2529=ORIENTED_EDGE('',*,*,#4601,.T.);
#2530=ORIENTED_EDGE('',*,*,#4602,.T.);
#2531=ORIENTED_EDGE('',*,*,#4603,.T.);
#2532=ORIENTED_EDGE('',*,*,#4604,.T.);
#2533=ORIENTED_EDGE('',*,*,#4605,.T.);
#2534=ORIENTED_EDGE('',*,*,#4606,.T.);
#2535=ORIENTED_EDGE('',*,*,#4607,.T.);
#2536=ORIENTED_EDGE('',*,*,#4608,.T.);
#2537=ORIENTED_EDGE('',*,*,#4609,.T.);
#2538=ORIENTED_EDGE('',*,*,#4610,.T.);
#2539=ORIENTED_EDGE('',*,*,#4611,.T.);
#2540=ORIENTED_EDGE('',*,*,#4612,.T.);
#2541=ORIENTED_EDGE('',*,*,#4613,.T.);
#2542=ORIENTED_EDGE('',*,*,#4614,.T.);
#2543=ORIENTED_EDGE('',*,*,#4615,.T.);
#2544=ORIENTED_EDGE('',*,*,#4616,.T.);
#2545=ORIENTED_EDGE('',*,*,#4617,.T.);
#2546=ORIENTED_EDGE('',*,*,#4618,.T.);
#2547=ORIENTED_EDGE('',*,*,#4619,.T.);
#2548=ORIENTED_EDGE('',*,*,#4620,.T.);
#2549=ORIENTED_EDGE('',*,*,#4621,.T.);
#2550=ORIENTED_EDGE('',*,*,#4622,.T.);
#2551=ORIENTED_EDGE('',*,*,#4623,.T.);
#2552=ORIENTED_EDGE('',*,*,#4624,.T.);
#2553=ORIENTED_EDGE('',*,*,#4625,.T.);
#2554=ORIENTED_EDGE('',*,*,#4626,.T.);
#2555=ORIENTED_EDGE('',*,*,#4627,.T.);
#2556=ORIENTED_EDGE('',*,*,#4628,.T.);
#2557=ORIENTED_EDGE('',*,*,#4629,.T.);
#2558=ORIENTED_EDGE('',*,*,#4630,.T.);
#2559=ORIENTED_EDGE('',*,*,#4631,.T.);
#2560=ORIENTED_EDGE('',*,*,#4632,.T.);
#2561=ORIENTED_EDGE('',*,*,#4633,.T.);
#2562=ORIENTED_EDGE('',*,*,#4634,.T.);
#2563=ORIENTED_EDGE('',*,*,#4635,.T.);
#2564=ORIENTED_EDGE('',*,*,#4636,.T.);
#2565=ORIENTED_EDGE('',*,*,#4637,.T.);
#2566=ORIENTED_EDGE('',*,*,#4638,.T.);
#2567=ORIENTED_EDGE('',*,*,#4639,.T.);
#2568=ORIENTED_EDGE('',*,*,#4640,.T.);
#2569=ORIENTED_EDGE('',*,*,#4641,.T.);
#2570=ORIENTED_EDGE('',*,*,#4642,.T.);
#2571=ORIENTED_EDGE('',*,*,#4643,.T.);
#2572=ORIENTED_EDGE('',*,*,#4644,.T.);
#2573=ORIENTED_EDGE('',*,*,#4645,.T.);
#2574=ORIENTED_EDGE('',*,*,#4646,.T.);
#2575=ORIENTED_EDGE('',*,*,#4647,.T.);
#2576=ORIENTED_EDGE('',*,*,#4648,.T.);
#2577=ORIENTED_EDGE('',*,*,#4649,.T.);
#2578=ORIENTED_EDGE('',*,*,#4650,.T.);
#2579=ORIENTED_EDGE('',*,*,#4651,.T.);
#2580=ORIENTED_EDGE('',*,*,#4652,.T.);
#2581=ORIENTED_EDGE('',*,*,#4653,.T.);
#2582=ORIENTED_EDGE('',*,*,#4654,.T.);
#2583=ORIENTED_EDGE('',*,*,#4655,.T.);
#2584=ORIENTED_EDGE('',*,*,#4656,.T.);
#2585=ORIENTED_EDGE('',*,*,#4657,.T.);
#2586=ORIENTED_EDGE('',*,*,#4658,.T.);
#2587=ORIENTED_EDGE('',*,*,#4659,.T.);
#2588=ORIENTED_EDGE('',*,*,#4660,.T.);
#2589=ORIENTED_EDGE('',*,*,#4661,.T.);
#2590=ORIENTED_EDGE('',*,*,#4662,.T.);
#2591=ORIENTED_EDGE('',*,*,#4663,.T.);
#2592=ORIENTED_EDGE('',*,*,#4664,.T.);
#2593=ORIENTED_EDGE('',*,*,#4665,.T.);
#2594=ORIENTED_EDGE('',*,*,#3736,.T.);
#2595=ORIENTED_EDGE('',*,*,#3611,.T.);
#2596=ORIENTED_EDGE('',*,*,#3735,.T.);
#2597=ORIENTED_EDGE('',*,*,#3609,.T.);
#2598=ORIENTED_EDGE('',*,*,#3590,.T.);
#2599=ORIENTED_EDGE('',*,*,#3593,.T.);
#2600=ORIENTED_EDGE('',*,*,#3595,.T.);
#2601=ORIENTED_EDGE('',*,*,#3600,.T.);
#2602=ORIENTED_EDGE('',*,*,#3734,.T.);
#2603=ORIENTED_EDGE('',*,*,#3598,.T.);
#2604=ORIENTED_EDGE('',*,*,#3733,.T.);
#2605=ORIENTED_EDGE('',*,*,#3605,.T.);
#2606=ORIENTED_EDGE('',*,*,#3834,.F.);
#2607=ORIENTED_EDGE('',*,*,#3833,.F.);
#2608=ORIENTED_EDGE('',*,*,#3856,.F.);
#2609=ORIENTED_EDGE('',*,*,#3855,.F.);
#2610=ORIENTED_EDGE('',*,*,#3854,.F.);
#2611=ORIENTED_EDGE('',*,*,#3853,.F.);
#2612=ORIENTED_EDGE('',*,*,#3852,.F.);
#2613=ORIENTED_EDGE('',*,*,#3851,.F.);
#2614=ORIENTED_EDGE('',*,*,#3850,.F.);
#2615=ORIENTED_EDGE('',*,*,#3849,.F.);
#2616=ORIENTED_EDGE('',*,*,#3848,.F.);
#2617=ORIENTED_EDGE('',*,*,#3847,.F.);
#2618=ORIENTED_EDGE('',*,*,#3846,.F.);
#2619=ORIENTED_EDGE('',*,*,#3845,.F.);
#2620=ORIENTED_EDGE('',*,*,#3844,.F.);
#2621=ORIENTED_EDGE('',*,*,#3843,.F.);
#2622=ORIENTED_EDGE('',*,*,#3842,.F.);
#2623=ORIENTED_EDGE('',*,*,#3841,.F.);
#2624=ORIENTED_EDGE('',*,*,#3840,.F.);
#2625=ORIENTED_EDGE('',*,*,#3839,.F.);
#2626=ORIENTED_EDGE('',*,*,#3838,.F.);
#2627=ORIENTED_EDGE('',*,*,#3837,.F.);
#2628=ORIENTED_EDGE('',*,*,#3836,.F.);
#2629=ORIENTED_EDGE('',*,*,#3835,.F.);
#2630=ORIENTED_EDGE('',*,*,#3858,.F.);
#2631=ORIENTED_EDGE('',*,*,#3857,.F.);
#2632=ORIENTED_EDGE('',*,*,#3886,.F.);
#2633=ORIENTED_EDGE('',*,*,#3885,.F.);
#2634=ORIENTED_EDGE('',*,*,#3884,.F.);
#2635=ORIENTED_EDGE('',*,*,#3883,.F.);
#2636=ORIENTED_EDGE('',*,*,#3882,.F.);
#2637=ORIENTED_EDGE('',*,*,#3881,.F.);
#2638=ORIENTED_EDGE('',*,*,#3880,.F.);
#2639=ORIENTED_EDGE('',*,*,#3879,.F.);
#2640=ORIENTED_EDGE('',*,*,#3878,.F.);
#2641=ORIENTED_EDGE('',*,*,#3877,.F.);
#2642=ORIENTED_EDGE('',*,*,#3876,.F.);
#2643=ORIENTED_EDGE('',*,*,#3875,.F.);
#2644=ORIENTED_EDGE('',*,*,#3874,.F.);
#2645=ORIENTED_EDGE('',*,*,#3873,.F.);
#2646=ORIENTED_EDGE('',*,*,#3872,.F.);
#2647=ORIENTED_EDGE('',*,*,#3871,.F.);
#2648=ORIENTED_EDGE('',*,*,#3870,.F.);
#2649=ORIENTED_EDGE('',*,*,#3869,.F.);
#2650=ORIENTED_EDGE('',*,*,#3868,.F.);
#2651=ORIENTED_EDGE('',*,*,#3867,.F.);
#2652=ORIENTED_EDGE('',*,*,#3866,.F.);
#2653=ORIENTED_EDGE('',*,*,#3865,.F.);
#2654=ORIENTED_EDGE('',*,*,#3864,.F.);
#2655=ORIENTED_EDGE('',*,*,#3863,.F.);
#2656=ORIENTED_EDGE('',*,*,#3862,.F.);
#2657=ORIENTED_EDGE('',*,*,#3861,.F.);
#2658=ORIENTED_EDGE('',*,*,#3860,.F.);
#2659=ORIENTED_EDGE('',*,*,#3859,.F.);
#2660=ORIENTED_EDGE('',*,*,#4666,.F.);
#2661=ORIENTED_EDGE('',*,*,#4667,.F.);
#2662=ORIENTED_EDGE('',*,*,#3832,.F.);
#2663=ORIENTED_EDGE('',*,*,#4668,.F.);
#2664=ORIENTED_EDGE('',*,*,#4669,.F.);
#2665=ORIENTED_EDGE('',*,*,#3909,.F.);
#2666=ORIENTED_EDGE('',*,*,#3908,.F.);
#2667=ORIENTED_EDGE('',*,*,#3907,.F.);
#2668=ORIENTED_EDGE('',*,*,#3906,.F.);
#2669=ORIENTED_EDGE('',*,*,#3905,.F.);
#2670=ORIENTED_EDGE('',*,*,#3904,.F.);
#2671=ORIENTED_EDGE('',*,*,#3903,.F.);
#2672=ORIENTED_EDGE('',*,*,#3902,.F.);
#2673=ORIENTED_EDGE('',*,*,#3901,.F.);
#2674=ORIENTED_EDGE('',*,*,#3900,.F.);
#2675=ORIENTED_EDGE('',*,*,#3899,.F.);
#2676=ORIENTED_EDGE('',*,*,#3898,.F.);
#2677=ORIENTED_EDGE('',*,*,#3897,.F.);
#2678=ORIENTED_EDGE('',*,*,#3896,.F.);
#2679=ORIENTED_EDGE('',*,*,#3895,.F.);
#2680=ORIENTED_EDGE('',*,*,#3894,.F.);
#2681=ORIENTED_EDGE('',*,*,#3893,.F.);
#2682=ORIENTED_EDGE('',*,*,#3892,.F.);
#2683=ORIENTED_EDGE('',*,*,#3891,.F.);
#2684=ORIENTED_EDGE('',*,*,#3890,.F.);
#2685=ORIENTED_EDGE('',*,*,#3889,.F.);
#2686=ORIENTED_EDGE('',*,*,#3888,.F.);
#2687=ORIENTED_EDGE('',*,*,#3887,.F.);
#2688=ORIENTED_EDGE('',*,*,#4670,.T.);
#2689=ORIENTED_EDGE('',*,*,#4666,.T.);
#2690=ORIENTED_EDGE('',*,*,#4669,.T.);
#2691=ORIENTED_EDGE('',*,*,#4670,.F.);
#2692=ORIENTED_EDGE('',*,*,#3910,.F.);
#2693=ORIENTED_EDGE('',*,*,#3831,.F.);
#2694=ORIENTED_EDGE('',*,*,#4671,.T.);
#2695=ORIENTED_EDGE('',*,*,#4668,.T.);
#2696=ORIENTED_EDGE('',*,*,#4667,.T.);
#2697=ORIENTED_EDGE('',*,*,#4671,.F.);
#2698=ORIENTED_EDGE('',*,*,#3830,.F.);
#2699=ORIENTED_EDGE('',*,*,#3912,.F.);
#2700=ORIENTED_EDGE('',*,*,#3911,.F.);
#2701=ORIENTED_EDGE('',*,*,#3916,.F.);
#2702=ORIENTED_EDGE('',*,*,#3915,.F.);
#2703=ORIENTED_EDGE('',*,*,#3914,.F.);
#2704=ORIENTED_EDGE('',*,*,#3913,.F.);
#2705=ORIENTED_EDGE('',*,*,#3918,.F.);
#2706=ORIENTED_EDGE('',*,*,#3917,.F.);
#2707=ORIENTED_EDGE('',*,*,#3924,.F.);
#2708=ORIENTED_EDGE('',*,*,#3923,.F.);
#2709=ORIENTED_EDGE('',*,*,#3922,.F.);
#2710=ORIENTED_EDGE('',*,*,#3921,.F.);
#2711=ORIENTED_EDGE('',*,*,#3920,.F.);
#2712=ORIENTED_EDGE('',*,*,#3919,.F.);
#2713=ORIENTED_EDGE('',*,*,#3926,.F.);
#2714=ORIENTED_EDGE('',*,*,#3925,.F.);
#2715=ORIENTED_EDGE('',*,*,#3936,.F.);
#2716=ORIENTED_EDGE('',*,*,#3935,.F.);
#2717=ORIENTED_EDGE('',*,*,#3934,.F.);
#2718=ORIENTED_EDGE('',*,*,#3933,.F.);
#2719=ORIENTED_EDGE('',*,*,#3932,.F.);
#2720=ORIENTED_EDGE('',*,*,#3931,.F.);
#2721=ORIENTED_EDGE('',*,*,#3930,.F.);
#2722=ORIENTED_EDGE('',*,*,#3929,.F.);
#2723=ORIENTED_EDGE('',*,*,#3928,.F.);
#2724=ORIENTED_EDGE('',*,*,#3927,.F.);
#2725=ORIENTED_EDGE('',*,*,#3938,.F.);
#2726=ORIENTED_EDGE('',*,*,#3937,.F.);
#2727=ORIENTED_EDGE('',*,*,#3950,.F.);
#2728=ORIENTED_EDGE('',*,*,#3949,.F.);
#2729=ORIENTED_EDGE('',*,*,#3948,.F.);
#2730=ORIENTED_EDGE('',*,*,#3947,.F.);
#2731=ORIENTED_EDGE('',*,*,#3946,.F.);
#2732=ORIENTED_EDGE('',*,*,#3945,.F.);
#2733=ORIENTED_EDGE('',*,*,#3944,.F.);
#2734=ORIENTED_EDGE('',*,*,#3943,.F.);
#2735=ORIENTED_EDGE('',*,*,#3942,.F.);
#2736=ORIENTED_EDGE('',*,*,#3941,.F.);
#2737=ORIENTED_EDGE('',*,*,#3940,.F.);
#2738=ORIENTED_EDGE('',*,*,#3939,.F.);
#2739=ORIENTED_EDGE('',*,*,#3952,.F.);
#2740=ORIENTED_EDGE('',*,*,#3951,.F.);
#2741=ORIENTED_EDGE('',*,*,#3956,.F.);
#2742=ORIENTED_EDGE('',*,*,#3955,.F.);
#2743=ORIENTED_EDGE('',*,*,#3954,.F.);
#2744=ORIENTED_EDGE('',*,*,#3953,.F.);
#2745=ORIENTED_EDGE('',*,*,#3958,.F.);
#2746=ORIENTED_EDGE('',*,*,#3957,.F.);
#2747=ORIENTED_EDGE('',*,*,#3960,.F.);
#2748=ORIENTED_EDGE('',*,*,#3959,.F.);
#2749=ORIENTED_EDGE('',*,*,#3962,.F.);
#2750=ORIENTED_EDGE('',*,*,#3961,.F.);
#2751=ORIENTED_EDGE('',*,*,#3964,.F.);
#2752=ORIENTED_EDGE('',*,*,#3963,.F.);
#2753=ORIENTED_EDGE('',*,*,#3966,.F.);
#2754=ORIENTED_EDGE('',*,*,#3965,.F.);
#2755=ORIENTED_EDGE('',*,*,#3972,.F.);
#2756=ORIENTED_EDGE('',*,*,#3971,.F.);
#2757=ORIENTED_EDGE('',*,*,#3970,.F.);
#2758=ORIENTED_EDGE('',*,*,#3969,.F.);
#2759=ORIENTED_EDGE('',*,*,#3968,.F.);
#2760=ORIENTED_EDGE('',*,*,#3967,.F.);
#2761=ORIENTED_EDGE('',*,*,#3974,.F.);
#2762=ORIENTED_EDGE('',*,*,#3973,.F.);
#2763=ORIENTED_EDGE('',*,*,#3984,.F.);
#2764=ORIENTED_EDGE('',*,*,#3983,.F.);
#2765=ORIENTED_EDGE('',*,*,#3982,.F.);
#2766=ORIENTED_EDGE('',*,*,#3981,.F.);
#2767=ORIENTED_EDGE('',*,*,#3980,.F.);
#2768=ORIENTED_EDGE('',*,*,#3979,.F.);
#2769=ORIENTED_EDGE('',*,*,#3978,.F.);
#2770=ORIENTED_EDGE('',*,*,#3977,.F.);
#2771=ORIENTED_EDGE('',*,*,#3976,.F.);
#2772=ORIENTED_EDGE('',*,*,#3975,.F.);
#2773=ORIENTED_EDGE('',*,*,#3986,.F.);
#2774=ORIENTED_EDGE('',*,*,#3985,.F.);
#2775=ORIENTED_EDGE('',*,*,#3997,.F.);
#2776=ORIENTED_EDGE('',*,*,#3996,.F.);
#2777=ORIENTED_EDGE('',*,*,#3995,.F.);
#2778=ORIENTED_EDGE('',*,*,#3994,.F.);
#2779=ORIENTED_EDGE('',*,*,#3993,.F.);
#2780=ORIENTED_EDGE('',*,*,#3992,.F.);
#2781=ORIENTED_EDGE('',*,*,#3991,.F.);
#2782=ORIENTED_EDGE('',*,*,#3990,.F.);
#2783=ORIENTED_EDGE('',*,*,#3989,.F.);
#2784=ORIENTED_EDGE('',*,*,#3988,.F.);
#2785=ORIENTED_EDGE('',*,*,#3987,.F.);
#2786=ORIENTED_EDGE('',*,*,#3999,.F.);
#2787=ORIENTED_EDGE('',*,*,#3998,.F.);
#2788=ORIENTED_EDGE('',*,*,#4003,.F.);
#2789=ORIENTED_EDGE('',*,*,#4002,.F.);
#2790=ORIENTED_EDGE('',*,*,#4001,.F.);
#2791=ORIENTED_EDGE('',*,*,#4000,.F.);
#2792=ORIENTED_EDGE('',*,*,#4005,.F.);
#2793=ORIENTED_EDGE('',*,*,#4004,.F.);
#2794=ORIENTED_EDGE('',*,*,#4042,.F.);
#2795=ORIENTED_EDGE('',*,*,#4041,.F.);
#2796=ORIENTED_EDGE('',*,*,#4040,.F.);
#2797=ORIENTED_EDGE('',*,*,#4039,.F.);
#2798=ORIENTED_EDGE('',*,*,#4038,.F.);
#2799=ORIENTED_EDGE('',*,*,#4037,.F.);
#2800=ORIENTED_EDGE('',*,*,#4036,.F.);
#2801=ORIENTED_EDGE('',*,*,#4035,.F.);
#2802=ORIENTED_EDGE('',*,*,#4034,.F.);
#2803=ORIENTED_EDGE('',*,*,#4033,.F.);
#2804=ORIENTED_EDGE('',*,*,#4032,.F.);
#2805=ORIENTED_EDGE('',*,*,#4031,.F.);
#2806=ORIENTED_EDGE('',*,*,#4030,.F.);
#2807=ORIENTED_EDGE('',*,*,#4029,.F.);
#2808=ORIENTED_EDGE('',*,*,#4028,.F.);
#2809=ORIENTED_EDGE('',*,*,#4027,.F.);
#2810=ORIENTED_EDGE('',*,*,#4026,.F.);
#2811=ORIENTED_EDGE('',*,*,#4025,.F.);
#2812=ORIENTED_EDGE('',*,*,#4024,.F.);
#2813=ORIENTED_EDGE('',*,*,#4023,.F.);
#2814=ORIENTED_EDGE('',*,*,#4022,.F.);
#2815=ORIENTED_EDGE('',*,*,#4021,.F.);
#2816=ORIENTED_EDGE('',*,*,#4020,.F.);
#2817=ORIENTED_EDGE('',*,*,#4019,.F.);
#2818=ORIENTED_EDGE('',*,*,#4018,.F.);
#2819=ORIENTED_EDGE('',*,*,#4017,.F.);
#2820=ORIENTED_EDGE('',*,*,#4016,.F.);
#2821=ORIENTED_EDGE('',*,*,#4015,.F.);
#2822=ORIENTED_EDGE('',*,*,#4014,.F.);
#2823=ORIENTED_EDGE('',*,*,#4013,.F.);
#2824=ORIENTED_EDGE('',*,*,#4012,.F.);
#2825=ORIENTED_EDGE('',*,*,#4011,.F.);
#2826=ORIENTED_EDGE('',*,*,#4010,.F.);
#2827=ORIENTED_EDGE('',*,*,#4009,.F.);
#2828=ORIENTED_EDGE('',*,*,#4008,.F.);
#2829=ORIENTED_EDGE('',*,*,#4007,.F.);
#2830=ORIENTED_EDGE('',*,*,#4006,.F.);
#2831=ORIENTED_EDGE('',*,*,#4044,.F.);
#2832=ORIENTED_EDGE('',*,*,#4043,.F.);
#2833=ORIENTED_EDGE('',*,*,#4054,.F.);
#2834=ORIENTED_EDGE('',*,*,#4053,.F.);
#2835=ORIENTED_EDGE('',*,*,#4052,.F.);
#2836=ORIENTED_EDGE('',*,*,#4051,.F.);
#2837=ORIENTED_EDGE('',*,*,#4050,.F.);
#2838=ORIENTED_EDGE('',*,*,#4049,.F.);
#2839=ORIENTED_EDGE('',*,*,#4048,.F.);
#2840=ORIENTED_EDGE('',*,*,#4047,.F.);
#2841=ORIENTED_EDGE('',*,*,#4046,.F.);
#2842=ORIENTED_EDGE('',*,*,#4045,.F.);
#2843=ORIENTED_EDGE('',*,*,#4056,.F.);
#2844=ORIENTED_EDGE('',*,*,#4055,.F.);
#2845=ORIENTED_EDGE('',*,*,#4058,.F.);
#2846=ORIENTED_EDGE('',*,*,#4057,.F.);
#2847=ORIENTED_EDGE('',*,*,#4060,.F.);
#2848=ORIENTED_EDGE('',*,*,#4059,.F.);
#2849=ORIENTED_EDGE('',*,*,#4088,.F.);
#2850=ORIENTED_EDGE('',*,*,#4087,.F.);
#2851=ORIENTED_EDGE('',*,*,#4086,.F.);
#2852=ORIENTED_EDGE('',*,*,#4085,.F.);
#2853=ORIENTED_EDGE('',*,*,#4084,.F.);
#2854=ORIENTED_EDGE('',*,*,#4083,.F.);
#2855=ORIENTED_EDGE('',*,*,#4082,.F.);
#2856=ORIENTED_EDGE('',*,*,#4081,.F.);
#2857=ORIENTED_EDGE('',*,*,#4080,.F.);
#2858=ORIENTED_EDGE('',*,*,#4079,.F.);
#2859=ORIENTED_EDGE('',*,*,#4078,.F.);
#2860=ORIENTED_EDGE('',*,*,#4077,.F.);
#2861=ORIENTED_EDGE('',*,*,#4076,.F.);
#2862=ORIENTED_EDGE('',*,*,#4075,.F.);
#2863=ORIENTED_EDGE('',*,*,#4074,.F.);
#2864=ORIENTED_EDGE('',*,*,#4073,.F.);
#2865=ORIENTED_EDGE('',*,*,#4072,.F.);
#2866=ORIENTED_EDGE('',*,*,#4071,.F.);
#2867=ORIENTED_EDGE('',*,*,#4070,.F.);
#2868=ORIENTED_EDGE('',*,*,#4069,.F.);
#2869=ORIENTED_EDGE('',*,*,#4068,.F.);
#2870=ORIENTED_EDGE('',*,*,#4067,.F.);
#2871=ORIENTED_EDGE('',*,*,#4066,.F.);
#2872=ORIENTED_EDGE('',*,*,#4065,.F.);
#2873=ORIENTED_EDGE('',*,*,#4064,.F.);
#2874=ORIENTED_EDGE('',*,*,#4063,.F.);
#2875=ORIENTED_EDGE('',*,*,#4062,.F.);
#2876=ORIENTED_EDGE('',*,*,#4061,.F.);
#2877=ORIENTED_EDGE('',*,*,#4672,.F.);
#2878=ORIENTED_EDGE('',*,*,#4673,.F.);
#2879=ORIENTED_EDGE('',*,*,#3829,.F.);
#2880=ORIENTED_EDGE('',*,*,#4674,.F.);
#2881=ORIENTED_EDGE('',*,*,#4675,.F.);
#2882=ORIENTED_EDGE('',*,*,#4109,.F.);
#2883=ORIENTED_EDGE('',*,*,#4108,.F.);
#2884=ORIENTED_EDGE('',*,*,#4107,.F.);
#2885=ORIENTED_EDGE('',*,*,#4106,.F.);
#2886=ORIENTED_EDGE('',*,*,#4105,.F.);
#2887=ORIENTED_EDGE('',*,*,#4104,.F.);
#2888=ORIENTED_EDGE('',*,*,#4103,.F.);
#2889=ORIENTED_EDGE('',*,*,#4102,.F.);
#2890=ORIENTED_EDGE('',*,*,#4101,.F.);
#2891=ORIENTED_EDGE('',*,*,#4100,.F.);
#2892=ORIENTED_EDGE('',*,*,#4099,.F.);
#2893=ORIENTED_EDGE('',*,*,#4098,.F.);
#2894=ORIENTED_EDGE('',*,*,#4097,.F.);
#2895=ORIENTED_EDGE('',*,*,#4096,.F.);
#2896=ORIENTED_EDGE('',*,*,#4095,.F.);
#2897=ORIENTED_EDGE('',*,*,#4094,.F.);
#2898=ORIENTED_EDGE('',*,*,#4093,.F.);
#2899=ORIENTED_EDGE('',*,*,#4092,.F.);
#2900=ORIENTED_EDGE('',*,*,#4091,.F.);
#2901=ORIENTED_EDGE('',*,*,#4090,.F.);
#2902=ORIENTED_EDGE('',*,*,#4089,.F.);
#2903=ORIENTED_EDGE('',*,*,#4676,.T.);
#2904=ORIENTED_EDGE('',*,*,#4672,.T.);
#2905=ORIENTED_EDGE('',*,*,#4675,.T.);
#2906=ORIENTED_EDGE('',*,*,#4676,.F.);
#2907=ORIENTED_EDGE('',*,*,#4110,.F.);
#2908=ORIENTED_EDGE('',*,*,#3828,.F.);
#2909=ORIENTED_EDGE('',*,*,#4677,.T.);
#2910=ORIENTED_EDGE('',*,*,#4674,.T.);
#2911=ORIENTED_EDGE('',*,*,#4673,.T.);
#2912=ORIENTED_EDGE('',*,*,#4677,.F.);
#2913=ORIENTED_EDGE('',*,*,#3827,.F.);
#2914=ORIENTED_EDGE('',*,*,#4112,.F.);
#2915=ORIENTED_EDGE('',*,*,#4111,.F.);
#2916=ORIENTED_EDGE('',*,*,#4114,.F.);
#2917=ORIENTED_EDGE('',*,*,#4113,.F.);
#2918=ORIENTED_EDGE('',*,*,#4116,.F.);
#2919=ORIENTED_EDGE('',*,*,#4115,.F.);
#2920=ORIENTED_EDGE('',*,*,#4132,.F.);
#2921=ORIENTED_EDGE('',*,*,#4131,.F.);
#2922=ORIENTED_EDGE('',*,*,#4130,.F.);
#2923=ORIENTED_EDGE('',*,*,#4129,.F.);
#2924=ORIENTED_EDGE('',*,*,#4128,.F.);
#2925=ORIENTED_EDGE('',*,*,#4127,.F.);
#2926=ORIENTED_EDGE('',*,*,#4126,.F.);
#2927=ORIENTED_EDGE('',*,*,#4125,.F.);
#2928=ORIENTED_EDGE('',*,*,#4124,.F.);
#2929=ORIENTED_EDGE('',*,*,#4123,.F.);
#2930=ORIENTED_EDGE('',*,*,#4122,.F.);
#2931=ORIENTED_EDGE('',*,*,#4121,.F.);
#2932=ORIENTED_EDGE('',*,*,#4120,.F.);
#2933=ORIENTED_EDGE('',*,*,#4119,.F.);
#2934=ORIENTED_EDGE('',*,*,#4118,.F.);
#2935=ORIENTED_EDGE('',*,*,#4117,.F.);
#2936=ORIENTED_EDGE('',*,*,#4134,.F.);
#2937=ORIENTED_EDGE('',*,*,#4133,.F.);
#2938=ORIENTED_EDGE('',*,*,#4144,.F.);
#2939=ORIENTED_EDGE('',*,*,#4143,.F.);
#2940=ORIENTED_EDGE('',*,*,#4142,.F.);
#2941=ORIENTED_EDGE('',*,*,#4141,.F.);
#2942=ORIENTED_EDGE('',*,*,#4140,.F.);
#2943=ORIENTED_EDGE('',*,*,#4139,.F.);
#2944=ORIENTED_EDGE('',*,*,#4138,.F.);
#2945=ORIENTED_EDGE('',*,*,#4137,.F.);
#2946=ORIENTED_EDGE('',*,*,#4136,.F.);
#2947=ORIENTED_EDGE('',*,*,#4135,.F.);
#2948=ORIENTED_EDGE('',*,*,#4146,.F.);
#2949=ORIENTED_EDGE('',*,*,#4145,.F.);
#2950=ORIENTED_EDGE('',*,*,#4173,.F.);
#2951=ORIENTED_EDGE('',*,*,#4172,.F.);
#2952=ORIENTED_EDGE('',*,*,#4171,.F.);
#2953=ORIENTED_EDGE('',*,*,#4170,.F.);
#2954=ORIENTED_EDGE('',*,*,#4169,.F.);
#2955=ORIENTED_EDGE('',*,*,#4168,.F.);
#2956=ORIENTED_EDGE('',*,*,#4167,.F.);
#2957=ORIENTED_EDGE('',*,*,#4166,.F.);
#2958=ORIENTED_EDGE('',*,*,#4165,.F.);
#2959=ORIENTED_EDGE('',*,*,#4164,.F.);
#2960=ORIENTED_EDGE('',*,*,#4163,.F.);
#2961=ORIENTED_EDGE('',*,*,#4162,.F.);
#2962=ORIENTED_EDGE('',*,*,#4161,.F.);
#2963=ORIENTED_EDGE('',*,*,#4160,.F.);
#2964=ORIENTED_EDGE('',*,*,#4159,.F.);
#2965=ORIENTED_EDGE('',*,*,#4158,.F.);
#2966=ORIENTED_EDGE('',*,*,#4157,.F.);
#2967=ORIENTED_EDGE('',*,*,#4156,.F.);
#2968=ORIENTED_EDGE('',*,*,#4155,.F.);
#2969=ORIENTED_EDGE('',*,*,#4154,.F.);
#2970=ORIENTED_EDGE('',*,*,#4153,.F.);
#2971=ORIENTED_EDGE('',*,*,#4152,.F.);
#2972=ORIENTED_EDGE('',*,*,#4151,.F.);
#2973=ORIENTED_EDGE('',*,*,#4150,.F.);
#2974=ORIENTED_EDGE('',*,*,#4149,.F.);
#2975=ORIENTED_EDGE('',*,*,#4148,.F.);
#2976=ORIENTED_EDGE('',*,*,#4147,.F.);
#2977=ORIENTED_EDGE('',*,*,#4175,.F.);
#2978=ORIENTED_EDGE('',*,*,#4174,.F.);
#2979=ORIENTED_EDGE('',*,*,#4195,.F.);
#2980=ORIENTED_EDGE('',*,*,#4194,.F.);
#2981=ORIENTED_EDGE('',*,*,#4193,.F.);
#2982=ORIENTED_EDGE('',*,*,#4192,.F.);
#2983=ORIENTED_EDGE('',*,*,#4191,.F.);
#2984=ORIENTED_EDGE('',*,*,#4190,.F.);
#2985=ORIENTED_EDGE('',*,*,#4189,.F.);
#2986=ORIENTED_EDGE('',*,*,#4188,.F.);
#2987=ORIENTED_EDGE('',*,*,#4187,.F.);
#2988=ORIENTED_EDGE('',*,*,#4186,.F.);
#2989=ORIENTED_EDGE('',*,*,#4185,.F.);
#2990=ORIENTED_EDGE('',*,*,#4184,.F.);
#2991=ORIENTED_EDGE('',*,*,#4183,.F.);
#2992=ORIENTED_EDGE('',*,*,#4182,.F.);
#2993=ORIENTED_EDGE('',*,*,#4181,.F.);
#2994=ORIENTED_EDGE('',*,*,#4180,.F.);
#2995=ORIENTED_EDGE('',*,*,#4179,.F.);
#2996=ORIENTED_EDGE('',*,*,#4178,.F.);
#2997=ORIENTED_EDGE('',*,*,#4177,.F.);
#2998=ORIENTED_EDGE('',*,*,#4176,.F.);
#2999=ORIENTED_EDGE('',*,*,#4197,.F.);
#3000=ORIENTED_EDGE('',*,*,#4196,.F.);
#3001=ORIENTED_EDGE('',*,*,#4206,.F.);
#3002=ORIENTED_EDGE('',*,*,#4205,.F.);
#3003=ORIENTED_EDGE('',*,*,#4204,.F.);
#3004=ORIENTED_EDGE('',*,*,#4203,.F.);
#3005=ORIENTED_EDGE('',*,*,#4202,.F.);
#3006=ORIENTED_EDGE('',*,*,#4201,.F.);
#3007=ORIENTED_EDGE('',*,*,#4200,.F.);
#3008=ORIENTED_EDGE('',*,*,#4199,.F.);
#3009=ORIENTED_EDGE('',*,*,#4198,.F.);
#3010=ORIENTED_EDGE('',*,*,#4208,.F.);
#3011=ORIENTED_EDGE('',*,*,#4207,.F.);
#3012=ORIENTED_EDGE('',*,*,#4212,.F.);
#3013=ORIENTED_EDGE('',*,*,#4211,.F.);
#3014=ORIENTED_EDGE('',*,*,#4210,.F.);
#3015=ORIENTED_EDGE('',*,*,#4209,.F.);
#3016=ORIENTED_EDGE('',*,*,#4214,.F.);
#3017=ORIENTED_EDGE('',*,*,#4213,.F.);
#3018=ORIENTED_EDGE('',*,*,#4223,.F.);
#3019=ORIENTED_EDGE('',*,*,#4222,.F.);
#3020=ORIENTED_EDGE('',*,*,#4221,.F.);
#3021=ORIENTED_EDGE('',*,*,#4220,.F.);
#3022=ORIENTED_EDGE('',*,*,#4219,.F.);
#3023=ORIENTED_EDGE('',*,*,#4218,.F.);
#3024=ORIENTED_EDGE('',*,*,#4217,.F.);
#3025=ORIENTED_EDGE('',*,*,#4216,.F.);
#3026=ORIENTED_EDGE('',*,*,#4215,.F.);
#3027=ORIENTED_EDGE('',*,*,#4225,.F.);
#3028=ORIENTED_EDGE('',*,*,#4224,.F.);
#3029=ORIENTED_EDGE('',*,*,#4247,.F.);
#3030=ORIENTED_EDGE('',*,*,#4246,.F.);
#3031=ORIENTED_EDGE('',*,*,#4245,.F.);
#3032=ORIENTED_EDGE('',*,*,#4244,.F.);
#3033=ORIENTED_EDGE('',*,*,#4243,.F.);
#3034=ORIENTED_EDGE('',*,*,#4242,.F.);
#3035=ORIENTED_EDGE('',*,*,#4241,.F.);
#3036=ORIENTED_EDGE('',*,*,#4240,.F.);
#3037=ORIENTED_EDGE('',*,*,#4239,.F.);
#3038=ORIENTED_EDGE('',*,*,#4238,.F.);
#3039=ORIENTED_EDGE('',*,*,#4237,.F.);
#3040=ORIENTED_EDGE('',*,*,#4236,.F.);
#3041=ORIENTED_EDGE('',*,*,#4235,.F.);
#3042=ORIENTED_EDGE('',*,*,#4234,.F.);
#3043=ORIENTED_EDGE('',*,*,#4233,.F.);
#3044=ORIENTED_EDGE('',*,*,#4232,.F.);
#3045=ORIENTED_EDGE('',*,*,#4231,.F.);
#3046=ORIENTED_EDGE('',*,*,#4230,.F.);
#3047=ORIENTED_EDGE('',*,*,#4229,.F.);
#3048=ORIENTED_EDGE('',*,*,#4228,.F.);
#3049=ORIENTED_EDGE('',*,*,#4227,.F.);
#3050=ORIENTED_EDGE('',*,*,#4226,.F.);
#3051=ORIENTED_EDGE('',*,*,#4256,.F.);
#3052=ORIENTED_EDGE('',*,*,#4255,.F.);
#3053=ORIENTED_EDGE('',*,*,#4254,.F.);
#3054=ORIENTED_EDGE('',*,*,#4253,.F.);
#3055=ORIENTED_EDGE('',*,*,#4252,.F.);
#3056=ORIENTED_EDGE('',*,*,#4251,.F.);
#3057=ORIENTED_EDGE('',*,*,#4250,.F.);
#3058=ORIENTED_EDGE('',*,*,#4249,.F.);
#3059=ORIENTED_EDGE('',*,*,#4248,.F.);
#3060=ORIENTED_EDGE('',*,*,#4258,.F.);
#3061=ORIENTED_EDGE('',*,*,#4257,.F.);
#3062=ORIENTED_EDGE('',*,*,#3818,.F.);
#3063=ORIENTED_EDGE('',*,*,#3821,.F.);
#3064=ORIENTED_EDGE('',*,*,#3820,.F.);
#3065=ORIENTED_EDGE('',*,*,#3819,.F.);
#3066=ORIENTED_EDGE('',*,*,#3822,.F.);
#3067=ORIENTED_EDGE('',*,*,#3826,.F.);
#3068=ORIENTED_EDGE('',*,*,#3825,.F.);
#3069=ORIENTED_EDGE('',*,*,#3824,.F.);
#3070=ORIENTED_EDGE('',*,*,#3823,.F.);
#3071=ORIENTED_EDGE('',*,*,#4260,.F.);
#3072=ORIENTED_EDGE('',*,*,#4259,.F.);
#3073=ORIENTED_EDGE('',*,*,#4269,.F.);
#3074=ORIENTED_EDGE('',*,*,#4268,.F.);
#3075=ORIENTED_EDGE('',*,*,#4267,.F.);
#3076=ORIENTED_EDGE('',*,*,#4266,.F.);
#3077=ORIENTED_EDGE('',*,*,#4265,.F.);
#3078=ORIENTED_EDGE('',*,*,#4264,.F.);
#3079=ORIENTED_EDGE('',*,*,#4263,.F.);
#3080=ORIENTED_EDGE('',*,*,#4262,.F.);
#3081=ORIENTED_EDGE('',*,*,#4261,.F.);
#3082=ORIENTED_EDGE('',*,*,#4271,.F.);
#3083=ORIENTED_EDGE('',*,*,#4270,.F.);
#3084=ORIENTED_EDGE('',*,*,#4280,.F.);
#3085=ORIENTED_EDGE('',*,*,#4279,.F.);
#3086=ORIENTED_EDGE('',*,*,#4278,.F.);
#3087=ORIENTED_EDGE('',*,*,#4277,.F.);
#3088=ORIENTED_EDGE('',*,*,#4276,.F.);
#3089=ORIENTED_EDGE('',*,*,#4275,.F.);
#3090=ORIENTED_EDGE('',*,*,#4274,.F.);
#3091=ORIENTED_EDGE('',*,*,#4273,.F.);
#3092=ORIENTED_EDGE('',*,*,#4272,.F.);
#3093=ORIENTED_EDGE('',*,*,#4282,.F.);
#3094=ORIENTED_EDGE('',*,*,#4281,.F.);
#3095=ORIENTED_EDGE('',*,*,#4295,.F.);
#3096=ORIENTED_EDGE('',*,*,#4294,.F.);
#3097=ORIENTED_EDGE('',*,*,#4293,.F.);
#3098=ORIENTED_EDGE('',*,*,#4292,.F.);
#3099=ORIENTED_EDGE('',*,*,#4291,.F.);
#3100=ORIENTED_EDGE('',*,*,#4290,.F.);
#3101=ORIENTED_EDGE('',*,*,#4289,.F.);
#3102=ORIENTED_EDGE('',*,*,#4288,.F.);
#3103=ORIENTED_EDGE('',*,*,#4287,.F.);
#3104=ORIENTED_EDGE('',*,*,#4286,.F.);
#3105=ORIENTED_EDGE('',*,*,#4285,.F.);
#3106=ORIENTED_EDGE('',*,*,#4284,.F.);
#3107=ORIENTED_EDGE('',*,*,#4283,.F.);
#3108=ORIENTED_EDGE('',*,*,#4297,.F.);
#3109=ORIENTED_EDGE('',*,*,#4296,.F.);
#3110=ORIENTED_EDGE('',*,*,#4310,.F.);
#3111=ORIENTED_EDGE('',*,*,#4309,.F.);
#3112=ORIENTED_EDGE('',*,*,#4308,.F.);
#3113=ORIENTED_EDGE('',*,*,#4307,.F.);
#3114=ORIENTED_EDGE('',*,*,#4306,.F.);
#3115=ORIENTED_EDGE('',*,*,#4305,.F.);
#3116=ORIENTED_EDGE('',*,*,#4304,.F.);
#3117=ORIENTED_EDGE('',*,*,#4303,.F.);
#3118=ORIENTED_EDGE('',*,*,#4302,.F.);
#3119=ORIENTED_EDGE('',*,*,#4301,.F.);
#3120=ORIENTED_EDGE('',*,*,#4300,.F.);
#3121=ORIENTED_EDGE('',*,*,#4299,.F.);
#3122=ORIENTED_EDGE('',*,*,#4298,.F.);
#3123=ORIENTED_EDGE('',*,*,#4312,.F.);
#3124=ORIENTED_EDGE('',*,*,#4311,.F.);
#3125=ORIENTED_EDGE('',*,*,#4332,.F.);
#3126=ORIENTED_EDGE('',*,*,#4331,.F.);
#3127=ORIENTED_EDGE('',*,*,#4330,.F.);
#3128=ORIENTED_EDGE('',*,*,#4329,.F.);
#3129=ORIENTED_EDGE('',*,*,#4328,.F.);
#3130=ORIENTED_EDGE('',*,*,#4327,.F.);
#3131=ORIENTED_EDGE('',*,*,#4326,.F.);
#3132=ORIENTED_EDGE('',*,*,#4325,.F.);
#3133=ORIENTED_EDGE('',*,*,#4324,.F.);
#3134=ORIENTED_EDGE('',*,*,#4323,.F.);
#3135=ORIENTED_EDGE('',*,*,#4322,.F.);
#3136=ORIENTED_EDGE('',*,*,#4321,.F.);
#3137=ORIENTED_EDGE('',*,*,#4320,.F.);
#3138=ORIENTED_EDGE('',*,*,#4319,.F.);
#3139=ORIENTED_EDGE('',*,*,#4318,.F.);
#3140=ORIENTED_EDGE('',*,*,#4317,.F.);
#3141=ORIENTED_EDGE('',*,*,#4316,.F.);
#3142=ORIENTED_EDGE('',*,*,#4315,.F.);
#3143=ORIENTED_EDGE('',*,*,#4314,.F.);
#3144=ORIENTED_EDGE('',*,*,#4313,.F.);
#3145=ORIENTED_EDGE('',*,*,#3809,.F.);
#3146=ORIENTED_EDGE('',*,*,#4678,.F.);
#3147=ORIENTED_EDGE('',*,*,#4679,.F.);
#3148=ORIENTED_EDGE('',*,*,#3816,.F.);
#3149=ORIENTED_EDGE('',*,*,#3815,.F.);
#3150=ORIENTED_EDGE('',*,*,#3814,.F.);
#3151=ORIENTED_EDGE('',*,*,#4680,.F.);
#3152=ORIENTED_EDGE('',*,*,#4681,.F.);
#3153=ORIENTED_EDGE('',*,*,#3811,.F.);
#3154=ORIENTED_EDGE('',*,*,#3810,.F.);
#3155=ORIENTED_EDGE('',*,*,#4334,.F.);
#3156=ORIENTED_EDGE('',*,*,#4333,.F.);
#3157=ORIENTED_EDGE('',*,*,#4340,.F.);
#3158=ORIENTED_EDGE('',*,*,#4339,.F.);
#3159=ORIENTED_EDGE('',*,*,#4338,.F.);
#3160=ORIENTED_EDGE('',*,*,#4337,.F.);
#3161=ORIENTED_EDGE('',*,*,#4336,.F.);
#3162=ORIENTED_EDGE('',*,*,#4335,.F.);
#3163=ORIENTED_EDGE('',*,*,#4681,.T.);
#3164=ORIENTED_EDGE('',*,*,#4682,.F.);
#3165=ORIENTED_EDGE('',*,*,#3812,.F.);
#3166=ORIENTED_EDGE('',*,*,#3813,.F.);
#3167=ORIENTED_EDGE('',*,*,#4683,.T.);
#3168=ORIENTED_EDGE('',*,*,#4680,.T.);
#3169=ORIENTED_EDGE('',*,*,#4679,.T.);
#3170=ORIENTED_EDGE('',*,*,#4683,.F.);
#3171=ORIENTED_EDGE('',*,*,#3817,.F.);
#3172=ORIENTED_EDGE('',*,*,#3808,.F.);
#3173=ORIENTED_EDGE('',*,*,#4682,.T.);
#3174=ORIENTED_EDGE('',*,*,#4678,.T.);
#3175=ORIENTED_EDGE('',*,*,#4684,.F.);
#3176=ORIENTED_EDGE('',*,*,#4685,.F.);
#3177=ORIENTED_EDGE('',*,*,#3807,.F.);
#3178=ORIENTED_EDGE('',*,*,#3806,.F.);
#3179=ORIENTED_EDGE('',*,*,#4686,.F.);
#3180=ORIENTED_EDGE('',*,*,#4687,.F.);
#3181=ORIENTED_EDGE('',*,*,#4351,.F.);
#3182=ORIENTED_EDGE('',*,*,#4350,.F.);
#3183=ORIENTED_EDGE('',*,*,#4349,.F.);
#3184=ORIENTED_EDGE('',*,*,#4348,.F.);
#3185=ORIENTED_EDGE('',*,*,#4347,.F.);
#3186=ORIENTED_EDGE('',*,*,#4346,.F.);
#3187=ORIENTED_EDGE('',*,*,#4345,.F.);
#3188=ORIENTED_EDGE('',*,*,#4344,.F.);
#3189=ORIENTED_EDGE('',*,*,#4343,.F.);
#3190=ORIENTED_EDGE('',*,*,#4342,.F.);
#3191=ORIENTED_EDGE('',*,*,#4341,.F.);
#3192=ORIENTED_EDGE('',*,*,#4688,.T.);
#3193=ORIENTED_EDGE('',*,*,#4684,.T.);
#3194=ORIENTED_EDGE('',*,*,#4687,.T.);
#3195=ORIENTED_EDGE('',*,*,#4688,.F.);
#3196=ORIENTED_EDGE('',*,*,#4352,.F.);
#3197=ORIENTED_EDGE('',*,*,#3805,.F.);
#3198=ORIENTED_EDGE('',*,*,#4689,.T.);
#3199=ORIENTED_EDGE('',*,*,#4686,.T.);
#3200=ORIENTED_EDGE('',*,*,#4685,.T.);
#3201=ORIENTED_EDGE('',*,*,#4689,.F.);
#3202=ORIENTED_EDGE('',*,*,#3804,.F.);
#3203=ORIENTED_EDGE('',*,*,#4354,.F.);
#3204=ORIENTED_EDGE('',*,*,#4353,.F.);
#3205=ORIENTED_EDGE('',*,*,#4363,.F.);
#3206=ORIENTED_EDGE('',*,*,#4362,.F.);
#3207=ORIENTED_EDGE('',*,*,#4361,.F.);
#3208=ORIENTED_EDGE('',*,*,#4360,.F.);
#3209=ORIENTED_EDGE('',*,*,#4359,.F.);
#3210=ORIENTED_EDGE('',*,*,#4358,.F.);
#3211=ORIENTED_EDGE('',*,*,#4357,.F.);
#3212=ORIENTED_EDGE('',*,*,#4356,.F.);
#3213=ORIENTED_EDGE('',*,*,#4355,.F.);
#3214=ORIENTED_EDGE('',*,*,#4365,.F.);
#3215=ORIENTED_EDGE('',*,*,#4364,.F.);
#3216=ORIENTED_EDGE('',*,*,#4378,.F.);
#3217=ORIENTED_EDGE('',*,*,#4377,.F.);
#3218=ORIENTED_EDGE('',*,*,#4376,.F.);
#3219=ORIENTED_EDGE('',*,*,#4375,.F.);
#3220=ORIENTED_EDGE('',*,*,#4374,.F.);
#3221=ORIENTED_EDGE('',*,*,#4373,.F.);
#3222=ORIENTED_EDGE('',*,*,#4372,.F.);
#3223=ORIENTED_EDGE('',*,*,#4371,.F.);
#3224=ORIENTED_EDGE('',*,*,#4370,.F.);
#3225=ORIENTED_EDGE('',*,*,#4369,.F.);
#3226=ORIENTED_EDGE('',*,*,#4368,.F.);
#3227=ORIENTED_EDGE('',*,*,#4367,.F.);
#3228=ORIENTED_EDGE('',*,*,#4366,.F.);
#3229=ORIENTED_EDGE('',*,*,#4380,.F.);
#3230=ORIENTED_EDGE('',*,*,#4379,.F.);
#3231=ORIENTED_EDGE('',*,*,#4391,.F.);
#3232=ORIENTED_EDGE('',*,*,#4390,.F.);
#3233=ORIENTED_EDGE('',*,*,#4389,.F.);
#3234=ORIENTED_EDGE('',*,*,#4388,.F.);
#3235=ORIENTED_EDGE('',*,*,#4387,.F.);
#3236=ORIENTED_EDGE('',*,*,#4386,.F.);
#3237=ORIENTED_EDGE('',*,*,#4385,.F.);
#3238=ORIENTED_EDGE('',*,*,#4384,.F.);
#3239=ORIENTED_EDGE('',*,*,#4383,.F.);
#3240=ORIENTED_EDGE('',*,*,#4382,.F.);
#3241=ORIENTED_EDGE('',*,*,#4381,.F.);
#3242=ORIENTED_EDGE('',*,*,#4393,.F.);
#3243=ORIENTED_EDGE('',*,*,#4392,.F.);
#3244=ORIENTED_EDGE('',*,*,#4413,.F.);
#3245=ORIENTED_EDGE('',*,*,#4412,.F.);
#3246=ORIENTED_EDGE('',*,*,#4411,.F.);
#3247=ORIENTED_EDGE('',*,*,#4410,.F.);
#3248=ORIENTED_EDGE('',*,*,#4409,.F.);
#3249=ORIENTED_EDGE('',*,*,#4408,.F.);
#3250=ORIENTED_EDGE('',*,*,#4407,.F.);
#3251=ORIENTED_EDGE('',*,*,#4406,.F.);
#3252=ORIENTED_EDGE('',*,*,#4405,.F.);
#3253=ORIENTED_EDGE('',*,*,#4404,.F.);
#3254=ORIENTED_EDGE('',*,*,#4403,.F.);
#3255=ORIENTED_EDGE('',*,*,#4402,.F.);
#3256=ORIENTED_EDGE('',*,*,#4401,.F.);
#3257=ORIENTED_EDGE('',*,*,#4400,.F.);
#3258=ORIENTED_EDGE('',*,*,#4399,.F.);
#3259=ORIENTED_EDGE('',*,*,#4398,.F.);
#3260=ORIENTED_EDGE('',*,*,#4397,.F.);
#3261=ORIENTED_EDGE('',*,*,#4396,.F.);
#3262=ORIENTED_EDGE('',*,*,#4395,.F.);
#3263=ORIENTED_EDGE('',*,*,#4394,.F.);
#3264=ORIENTED_EDGE('',*,*,#4415,.F.);
#3265=ORIENTED_EDGE('',*,*,#4414,.F.);
#3266=ORIENTED_EDGE('',*,*,#4428,.F.);
#3267=ORIENTED_EDGE('',*,*,#4427,.F.);
#3268=ORIENTED_EDGE('',*,*,#4426,.F.);
#3269=ORIENTED_EDGE('',*,*,#4425,.F.);
#3270=ORIENTED_EDGE('',*,*,#4424,.F.);
#3271=ORIENTED_EDGE('',*,*,#4423,.F.);
#3272=ORIENTED_EDGE('',*,*,#4422,.F.);
#3273=ORIENTED_EDGE('',*,*,#4421,.F.);
#3274=ORIENTED_EDGE('',*,*,#4420,.F.);
#3275=ORIENTED_EDGE('',*,*,#4419,.F.);
#3276=ORIENTED_EDGE('',*,*,#4418,.F.);
#3277=ORIENTED_EDGE('',*,*,#4417,.F.);
#3278=ORIENTED_EDGE('',*,*,#4416,.F.);
#3279=ORIENTED_EDGE('',*,*,#4430,.F.);
#3280=ORIENTED_EDGE('',*,*,#4429,.F.);
#3281=ORIENTED_EDGE('',*,*,#4440,.F.);
#3282=ORIENTED_EDGE('',*,*,#4439,.F.);
#3283=ORIENTED_EDGE('',*,*,#4438,.F.);
#3284=ORIENTED_EDGE('',*,*,#4437,.F.);
#3285=ORIENTED_EDGE('',*,*,#4436,.F.);
#3286=ORIENTED_EDGE('',*,*,#4435,.F.);
#3287=ORIENTED_EDGE('',*,*,#4434,.F.);
#3288=ORIENTED_EDGE('',*,*,#4433,.F.);
#3289=ORIENTED_EDGE('',*,*,#4432,.F.);
#3290=ORIENTED_EDGE('',*,*,#4431,.F.);
#3291=ORIENTED_EDGE('',*,*,#4442,.F.);
#3292=ORIENTED_EDGE('',*,*,#4441,.F.);
#3293=ORIENTED_EDGE('',*,*,#4448,.F.);
#3294=ORIENTED_EDGE('',*,*,#4447,.F.);
#3295=ORIENTED_EDGE('',*,*,#4446,.F.);
#3296=ORIENTED_EDGE('',*,*,#4445,.F.);
#3297=ORIENTED_EDGE('',*,*,#4444,.F.);
#3298=ORIENTED_EDGE('',*,*,#4443,.F.);
#3299=ORIENTED_EDGE('',*,*,#4450,.F.);
#3300=ORIENTED_EDGE('',*,*,#4449,.F.);
#3301=ORIENTED_EDGE('',*,*,#4485,.F.);
#3302=ORIENTED_EDGE('',*,*,#4484,.F.);
#3303=ORIENTED_EDGE('',*,*,#4483,.F.);
#3304=ORIENTED_EDGE('',*,*,#4482,.F.);
#3305=ORIENTED_EDGE('',*,*,#4481,.F.);
#3306=ORIENTED_EDGE('',*,*,#4480,.F.);
#3307=ORIENTED_EDGE('',*,*,#4479,.F.);
#3308=ORIENTED_EDGE('',*,*,#4478,.F.);
#3309=ORIENTED_EDGE('',*,*,#4477,.F.);
#3310=ORIENTED_EDGE('',*,*,#4476,.F.);
#3311=ORIENTED_EDGE('',*,*,#4475,.F.);
#3312=ORIENTED_EDGE('',*,*,#4474,.F.);
#3313=ORIENTED_EDGE('',*,*,#4473,.F.);
#3314=ORIENTED_EDGE('',*,*,#4472,.F.);
#3315=ORIENTED_EDGE('',*,*,#4471,.F.);
#3316=ORIENTED_EDGE('',*,*,#4470,.F.);
#3317=ORIENTED_EDGE('',*,*,#4469,.F.);
#3318=ORIENTED_EDGE('',*,*,#4468,.F.);
#3319=ORIENTED_EDGE('',*,*,#4467,.F.);
#3320=ORIENTED_EDGE('',*,*,#4466,.F.);
#3321=ORIENTED_EDGE('',*,*,#4465,.F.);
#3322=ORIENTED_EDGE('',*,*,#4464,.F.);
#3323=ORIENTED_EDGE('',*,*,#4463,.F.);
#3324=ORIENTED_EDGE('',*,*,#4462,.F.);
#3325=ORIENTED_EDGE('',*,*,#4461,.F.);
#3326=ORIENTED_EDGE('',*,*,#4460,.F.);
#3327=ORIENTED_EDGE('',*,*,#4459,.F.);
#3328=ORIENTED_EDGE('',*,*,#4458,.F.);
#3329=ORIENTED_EDGE('',*,*,#4457,.F.);
#3330=ORIENTED_EDGE('',*,*,#4456,.F.);
#3331=ORIENTED_EDGE('',*,*,#4455,.F.);
#3332=ORIENTED_EDGE('',*,*,#4454,.F.);
#3333=ORIENTED_EDGE('',*,*,#4453,.F.);
#3334=ORIENTED_EDGE('',*,*,#4452,.F.);
#3335=ORIENTED_EDGE('',*,*,#4451,.F.);
#3336=ORIENTED_EDGE('',*,*,#4487,.F.);
#3337=ORIENTED_EDGE('',*,*,#4486,.F.);
#3338=ORIENTED_EDGE('',*,*,#4499,.F.);
#3339=ORIENTED_EDGE('',*,*,#4498,.F.);
#3340=ORIENTED_EDGE('',*,*,#4497,.F.);
#3341=ORIENTED_EDGE('',*,*,#4496,.F.);
#3342=ORIENTED_EDGE('',*,*,#4495,.F.);
#3343=ORIENTED_EDGE('',*,*,#4494,.F.);
#3344=ORIENTED_EDGE('',*,*,#4493,.F.);
#3345=ORIENTED_EDGE('',*,*,#4492,.F.);
#3346=ORIENTED_EDGE('',*,*,#4491,.F.);
#3347=ORIENTED_EDGE('',*,*,#4490,.F.);
#3348=ORIENTED_EDGE('',*,*,#4489,.F.);
#3349=ORIENTED_EDGE('',*,*,#4488,.F.);
#3350=ORIENTED_EDGE('',*,*,#4501,.F.);
#3351=ORIENTED_EDGE('',*,*,#4500,.F.);
#3352=ORIENTED_EDGE('',*,*,#4529,.F.);
#3353=ORIENTED_EDGE('',*,*,#4528,.F.);
#3354=ORIENTED_EDGE('',*,*,#4527,.F.);
#3355=ORIENTED_EDGE('',*,*,#4526,.F.);
#3356=ORIENTED_EDGE('',*,*,#4525,.F.);
#3357=ORIENTED_EDGE('',*,*,#4524,.F.);
#3358=ORIENTED_EDGE('',*,*,#4523,.F.);
#3359=ORIENTED_EDGE('',*,*,#4522,.F.);
#3360=ORIENTED_EDGE('',*,*,#4521,.F.);
#3361=ORIENTED_EDGE('',*,*,#4520,.F.);
#3362=ORIENTED_EDGE('',*,*,#4519,.F.);
#3363=ORIENTED_EDGE('',*,*,#4518,.F.);
#3364=ORIENTED_EDGE('',*,*,#4517,.F.);
#3365=ORIENTED_EDGE('',*,*,#4516,.F.);
#3366=ORIENTED_EDGE('',*,*,#4515,.F.);
#3367=ORIENTED_EDGE('',*,*,#4514,.F.);
#3368=ORIENTED_EDGE('',*,*,#4513,.F.);
#3369=ORIENTED_EDGE('',*,*,#4512,.F.);
#3370=ORIENTED_EDGE('',*,*,#4511,.F.);
#3371=ORIENTED_EDGE('',*,*,#4510,.F.);
#3372=ORIENTED_EDGE('',*,*,#4509,.F.);
#3373=ORIENTED_EDGE('',*,*,#4508,.F.);
#3374=ORIENTED_EDGE('',*,*,#4507,.F.);
#3375=ORIENTED_EDGE('',*,*,#4506,.F.);
#3376=ORIENTED_EDGE('',*,*,#4505,.F.);
#3377=ORIENTED_EDGE('',*,*,#4504,.F.);
#3378=ORIENTED_EDGE('',*,*,#4503,.F.);
#3379=ORIENTED_EDGE('',*,*,#4502,.F.);
#3380=ORIENTED_EDGE('',*,*,#4532,.F.);
#3381=ORIENTED_EDGE('',*,*,#4531,.F.);
#3382=ORIENTED_EDGE('',*,*,#4530,.F.);
#3383=ORIENTED_EDGE('',*,*,#4540,.F.);
#3384=ORIENTED_EDGE('',*,*,#4539,.F.);
#3385=ORIENTED_EDGE('',*,*,#4690,.F.);
#3386=ORIENTED_EDGE('',*,*,#4691,.F.);
#3387=ORIENTED_EDGE('',*,*,#3797,.F.);
#3388=ORIENTED_EDGE('',*,*,#3796,.F.);
#3389=ORIENTED_EDGE('',*,*,#4692,.F.);
#3390=ORIENTED_EDGE('',*,*,#4693,.F.);
#3391=ORIENTED_EDGE('',*,*,#4536,.F.);
#3392=ORIENTED_EDGE('',*,*,#4535,.F.);
#3393=ORIENTED_EDGE('',*,*,#4534,.F.);
#3394=ORIENTED_EDGE('',*,*,#4533,.F.);
#3395=ORIENTED_EDGE('',*,*,#3799,.F.);
#3396=ORIENTED_EDGE('',*,*,#3803,.F.);
#3397=ORIENTED_EDGE('',*,*,#3802,.F.);
#3398=ORIENTED_EDGE('',*,*,#3801,.F.);
#3399=ORIENTED_EDGE('',*,*,#3800,.F.);
#3400=ORIENTED_EDGE('',*,*,#4693,.T.);
#3401=ORIENTED_EDGE('',*,*,#4694,.F.);
#3402=ORIENTED_EDGE('',*,*,#4537,.F.);
#3403=ORIENTED_EDGE('',*,*,#3795,.F.);
#3404=ORIENTED_EDGE('',*,*,#4695,.T.);
#3405=ORIENTED_EDGE('',*,*,#4692,.T.);
#3406=ORIENTED_EDGE('',*,*,#4691,.T.);
#3407=ORIENTED_EDGE('',*,*,#4695,.F.);
#3408=ORIENTED_EDGE('',*,*,#3798,.F.);
#3409=ORIENTED_EDGE('',*,*,#4538,.F.);
#3410=ORIENTED_EDGE('',*,*,#4694,.T.);
#3411=ORIENTED_EDGE('',*,*,#4690,.T.);
#3412=ORIENTED_EDGE('',*,*,#4542,.F.);
#3413=ORIENTED_EDGE('',*,*,#4541,.F.);
#3414=ORIENTED_EDGE('',*,*,#4563,.F.);
#3415=ORIENTED_EDGE('',*,*,#4562,.F.);
#3416=ORIENTED_EDGE('',*,*,#4561,.F.);
#3417=ORIENTED_EDGE('',*,*,#4560,.F.);
#3418=ORIENTED_EDGE('',*,*,#4559,.F.);
#3419=ORIENTED_EDGE('',*,*,#4558,.F.);
#3420=ORIENTED_EDGE('',*,*,#4557,.F.);
#3421=ORIENTED_EDGE('',*,*,#4556,.F.);
#3422=ORIENTED_EDGE('',*,*,#4555,.F.);
#3423=ORIENTED_EDGE('',*,*,#4554,.F.);
#3424=ORIENTED_EDGE('',*,*,#4553,.F.);
#3425=ORIENTED_EDGE('',*,*,#4552,.F.);
#3426=ORIENTED_EDGE('',*,*,#4551,.F.);
#3427=ORIENTED_EDGE('',*,*,#4550,.F.);
#3428=ORIENTED_EDGE('',*,*,#4549,.F.);
#3429=ORIENTED_EDGE('',*,*,#4548,.F.);
#3430=ORIENTED_EDGE('',*,*,#4547,.F.);
#3431=ORIENTED_EDGE('',*,*,#4546,.F.);
#3432=ORIENTED_EDGE('',*,*,#4545,.F.);
#3433=ORIENTED_EDGE('',*,*,#4544,.F.);
#3434=ORIENTED_EDGE('',*,*,#4543,.F.);
#3435=ORIENTED_EDGE('',*,*,#4565,.F.);
#3436=ORIENTED_EDGE('',*,*,#4564,.F.);
#3437=ORIENTED_EDGE('',*,*,#4573,.F.);
#3438=ORIENTED_EDGE('',*,*,#4572,.F.);
#3439=ORIENTED_EDGE('',*,*,#4571,.F.);
#3440=ORIENTED_EDGE('',*,*,#4570,.F.);
#3441=ORIENTED_EDGE('',*,*,#4569,.F.);
#3442=ORIENTED_EDGE('',*,*,#4568,.F.);
#3443=ORIENTED_EDGE('',*,*,#4567,.F.);
#3444=ORIENTED_EDGE('',*,*,#4566,.F.);
#3445=ORIENTED_EDGE('',*,*,#4576,.F.);
#3446=ORIENTED_EDGE('',*,*,#4575,.F.);
#3447=ORIENTED_EDGE('',*,*,#4574,.F.);
#3448=ORIENTED_EDGE('',*,*,#4584,.F.);
#3449=ORIENTED_EDGE('',*,*,#4583,.F.);
#3450=ORIENTED_EDGE('',*,*,#4696,.F.);
#3451=ORIENTED_EDGE('',*,*,#4697,.F.);
#3452=ORIENTED_EDGE('',*,*,#3788,.F.);
#3453=ORIENTED_EDGE('',*,*,#3787,.F.);
#3454=ORIENTED_EDGE('',*,*,#4698,.F.);
#3455=ORIENTED_EDGE('',*,*,#4699,.F.);
#3456=ORIENTED_EDGE('',*,*,#4580,.F.);
#3457=ORIENTED_EDGE('',*,*,#4579,.F.);
#3458=ORIENTED_EDGE('',*,*,#4578,.F.);
#3459=ORIENTED_EDGE('',*,*,#4577,.F.);
#3460=ORIENTED_EDGE('',*,*,#3790,.F.);
#3461=ORIENTED_EDGE('',*,*,#3794,.F.);
#3462=ORIENTED_EDGE('',*,*,#3793,.F.);
#3463=ORIENTED_EDGE('',*,*,#3792,.F.);
#3464=ORIENTED_EDGE('',*,*,#3791,.F.);
#3465=ORIENTED_EDGE('',*,*,#4699,.T.);
#3466=ORIENTED_EDGE('',*,*,#4700,.F.);
#3467=ORIENTED_EDGE('',*,*,#4581,.F.);
#3468=ORIENTED_EDGE('',*,*,#3786,.F.);
#3469=ORIENTED_EDGE('',*,*,#4701,.T.);
#3470=ORIENTED_EDGE('',*,*,#4698,.T.);
#3471=ORIENTED_EDGE('',*,*,#4697,.T.);
#3472=ORIENTED_EDGE('',*,*,#4701,.F.);
#3473=ORIENTED_EDGE('',*,*,#3789,.F.);
#3474=ORIENTED_EDGE('',*,*,#4582,.F.);
#3475=ORIENTED_EDGE('',*,*,#4700,.T.);
#3476=ORIENTED_EDGE('',*,*,#4696,.T.);
#3477=ORIENTED_EDGE('',*,*,#4586,.F.);
#3478=ORIENTED_EDGE('',*,*,#4585,.F.);
#3479=ORIENTED_EDGE('',*,*,#4621,.F.);
#3480=ORIENTED_EDGE('',*,*,#4620,.F.);
#3481=ORIENTED_EDGE('',*,*,#4619,.F.);
#3482=ORIENTED_EDGE('',*,*,#4618,.F.);
#3483=ORIENTED_EDGE('',*,*,#4617,.F.);
#3484=ORIENTED_EDGE('',*,*,#4616,.F.);
#3485=ORIENTED_EDGE('',*,*,#4615,.F.);
#3486=ORIENTED_EDGE('',*,*,#4614,.F.);
#3487=ORIENTED_EDGE('',*,*,#4613,.F.);
#3488=ORIENTED_EDGE('',*,*,#4612,.F.);
#3489=ORIENTED_EDGE('',*,*,#4611,.F.);
#3490=ORIENTED_EDGE('',*,*,#4610,.F.);
#3491=ORIENTED_EDGE('',*,*,#4609,.F.);
#3492=ORIENTED_EDGE('',*,*,#4608,.F.);
#3493=ORIENTED_EDGE('',*,*,#4607,.F.);
#3494=ORIENTED_EDGE('',*,*,#4606,.F.);
#3495=ORIENTED_EDGE('',*,*,#4605,.F.);
#3496=ORIENTED_EDGE('',*,*,#4604,.F.);
#3497=ORIENTED_EDGE('',*,*,#4603,.F.);
#3498=ORIENTED_EDGE('',*,*,#4602,.F.);
#3499=ORIENTED_EDGE('',*,*,#4601,.F.);
#3500=ORIENTED_EDGE('',*,*,#4600,.F.);
#3501=ORIENTED_EDGE('',*,*,#4599,.F.);
#3502=ORIENTED_EDGE('',*,*,#4598,.F.);
#3503=ORIENTED_EDGE('',*,*,#4597,.F.);
#3504=ORIENTED_EDGE('',*,*,#4596,.F.);
#3505=ORIENTED_EDGE('',*,*,#4595,.F.);
#3506=ORIENTED_EDGE('',*,*,#4594,.F.);
#3507=ORIENTED_EDGE('',*,*,#4593,.F.);
#3508=ORIENTED_EDGE('',*,*,#4592,.F.);
#3509=ORIENTED_EDGE('',*,*,#4591,.F.);
#3510=ORIENTED_EDGE('',*,*,#4590,.F.);
#3511=ORIENTED_EDGE('',*,*,#4589,.F.);
#3512=ORIENTED_EDGE('',*,*,#4588,.F.);
#3513=ORIENTED_EDGE('',*,*,#4587,.F.);
#3514=ORIENTED_EDGE('',*,*,#4623,.F.);
#3515=ORIENTED_EDGE('',*,*,#4622,.F.);
#3516=ORIENTED_EDGE('',*,*,#4643,.F.);
#3517=ORIENTED_EDGE('',*,*,#4642,.F.);
#3518=ORIENTED_EDGE('',*,*,#4641,.F.);
#3519=ORIENTED_EDGE('',*,*,#4640,.F.);
#3520=ORIENTED_EDGE('',*,*,#4639,.F.);
#3521=ORIENTED_EDGE('',*,*,#4638,.F.);
#3522=ORIENTED_EDGE('',*,*,#4637,.F.);
#3523=ORIENTED_EDGE('',*,*,#4636,.F.);
#3524=ORIENTED_EDGE('',*,*,#4635,.F.);
#3525=ORIENTED_EDGE('',*,*,#4634,.F.);
#3526=ORIENTED_EDGE('',*,*,#4633,.F.);
#3527=ORIENTED_EDGE('',*,*,#4632,.F.);
#3528=ORIENTED_EDGE('',*,*,#4631,.F.);
#3529=ORIENTED_EDGE('',*,*,#4630,.F.);
#3530=ORIENTED_EDGE('',*,*,#4629,.F.);
#3531=ORIENTED_EDGE('',*,*,#4628,.F.);
#3532=ORIENTED_EDGE('',*,*,#4627,.F.);
#3533=ORIENTED_EDGE('',*,*,#4626,.F.);
#3534=ORIENTED_EDGE('',*,*,#4625,.F.);
#3535=ORIENTED_EDGE('',*,*,#4624,.F.);
#3536=ORIENTED_EDGE('',*,*,#4702,.F.);
#3537=ORIENTED_EDGE('',*,*,#4703,.F.);
#3538=ORIENTED_EDGE('',*,*,#3785,.F.);
#3539=ORIENTED_EDGE('',*,*,#4704,.F.);
#3540=ORIENTED_EDGE('',*,*,#4705,.F.);
#3541=ORIENTED_EDGE('',*,*,#4664,.F.);
#3542=ORIENTED_EDGE('',*,*,#4663,.F.);
#3543=ORIENTED_EDGE('',*,*,#4662,.F.);
#3544=ORIENTED_EDGE('',*,*,#4661,.F.);
#3545=ORIENTED_EDGE('',*,*,#4660,.F.);
#3546=ORIENTED_EDGE('',*,*,#4659,.F.);
#3547=ORIENTED_EDGE('',*,*,#4658,.F.);
#3548=ORIENTED_EDGE('',*,*,#4657,.F.);
#3549=ORIENTED_EDGE('',*,*,#4656,.F.);
#3550=ORIENTED_EDGE('',*,*,#4655,.F.);
#3551=ORIENTED_EDGE('',*,*,#4654,.F.);
#3552=ORIENTED_EDGE('',*,*,#4653,.F.);
#3553=ORIENTED_EDGE('',*,*,#4652,.F.);
#3554=ORIENTED_EDGE('',*,*,#4651,.F.);
#3555=ORIENTED_EDGE('',*,*,#4650,.F.);
#3556=ORIENTED_EDGE('',*,*,#4649,.F.);
#3557=ORIENTED_EDGE('',*,*,#4648,.F.);
#3558=ORIENTED_EDGE('',*,*,#4647,.F.);
#3559=ORIENTED_EDGE('',*,*,#4646,.F.);
#3560=ORIENTED_EDGE('',*,*,#4645,.F.);
#3561=ORIENTED_EDGE('',*,*,#4644,.F.);
#3562=ORIENTED_EDGE('',*,*,#4706,.T.);
#3563=ORIENTED_EDGE('',*,*,#4702,.T.);
#3564=ORIENTED_EDGE('',*,*,#4705,.T.);
#3565=ORIENTED_EDGE('',*,*,#4706,.F.);
#3566=ORIENTED_EDGE('',*,*,#4665,.F.);
#3567=ORIENTED_EDGE('',*,*,#3784,.F.);
#3568=ORIENTED_EDGE('',*,*,#4707,.T.);
#3569=ORIENTED_EDGE('',*,*,#4704,.T.);
#3570=ORIENTED_EDGE('',*,*,#4703,.T.);
#3571=ORIENTED_EDGE('',*,*,#4707,.F.);
#3572=ORIENTED_EDGE('',*,*,#3783,.F.);
#3573=ORIENTED_EDGE('',*,*,#3723,.T.);
#3574=ORIENTED_EDGE('',*,*,#3712,.T.);
#3575=ORIENTED_EDGE('',*,*,#3760,.F.);
#3576=ORIENTED_EDGE('',*,*,#3717,.T.);
#3577=EDGE_CURVE('',#4708,#4708,#5741,.T.);
#3578=EDGE_CURVE('',#4709,#4709,#5742,.T.);
#3579=EDGE_CURVE('',#4710,#4710,#5743,.T.);
#3580=EDGE_CURVE('',#4711,#4711,#5744,.T.);
#3581=EDGE_CURVE('',#4712,#4713,#5745,.T.);
#3582=EDGE_CURVE('',#4714,#4712,#929,.T.);
#3583=EDGE_CURVE('',#4715,#4714,#5746,.T.);
#3584=EDGE_CURVE('',#4716,#4715,#930,.T.);
#3585=EDGE_CURVE('',#4717,#4716,#5747,.T.);
#3586=EDGE_CURVE('',#4718,#4717,#931,.T.);
#3587=EDGE_CURVE('',#4719,#4718,#5748,.T.);
#3588=EDGE_CURVE('',#4713,#4719,#932,.T.);
#3589=EDGE_CURVE('',#4713,#4720,#933,.T.);
#3590=EDGE_CURVE('',#4721,#4720,#5749,.T.);
#3591=EDGE_CURVE('',#4712,#4721,#934,.T.);
#3592=EDGE_CURVE('',#4719,#4722,#935,.T.);
#3593=EDGE_CURVE('',#4720,#4722,#936,.T.);
#3594=EDGE_CURVE('',#4718,#4723,#937,.T.);
#3595=EDGE_CURVE('',#4722,#4723,#5750,.T.);
#3596=EDGE_CURVE('',#4717,#4724,#938,.T.);
#3597=EDGE_CURVE('',#4725,#4724,#939,.T.);
#3598=EDGE_CURVE('',#4726,#4725,#940,.T.);
#3599=EDGE_CURVE('',#4727,#4726,#941,.T.);
#3600=EDGE_CURVE('',#4723,#4727,#942,.T.);
#3601=EDGE_CURVE('',#4716,#4728,#943,.T.);
#3602=EDGE_CURVE('',#4724,#4728,#5751,.T.);
#3603=EDGE_CURVE('',#4715,#4729,#944,.T.);
#3604=EDGE_CURVE('',#4730,#4729,#945,.T.);
#3605=EDGE_CURVE('',#4731,#4730,#946,.T.);
#3606=EDGE_CURVE('',#4728,#4731,#947,.T.);
#3607=EDGE_CURVE('',#4714,#4732,#948,.T.);
#3608=EDGE_CURVE('',#4729,#4732,#5752,.T.);
#3609=EDGE_CURVE('',#4733,#4721,#949,.T.);
#3610=EDGE_CURVE('',#4734,#4733,#950,.T.);
#3611=EDGE_CURVE('',#4735,#4734,#951,.T.);
#3612=EDGE_CURVE('',#4732,#4735,#952,.T.);
#3613=EDGE_CURVE('',#4736,#4736,#5753,.F.);
#3614=EDGE_CURVE('',#4737,#4737,#5754,.F.);
#3615=EDGE_CURVE('',#4738,#4738,#5755,.F.);
#3616=EDGE_CURVE('',#4739,#4739,#5756,.F.);
#3617=EDGE_CURVE('',#4740,#4741,#953,.T.);
#3618=EDGE_CURVE('',#4740,#4742,#954,.T.);
#3619=EDGE_CURVE('',#4743,#4742,#955,.T.);
#3620=EDGE_CURVE('',#4741,#4743,#956,.T.);
#3621=EDGE_CURVE('',#4744,#4740,#957,.T.);
#3622=EDGE_CURVE('',#4744,#4745,#958,.T.);
#3623=EDGE_CURVE('',#4742,#4745,#959,.T.);
#3624=EDGE_CURVE('',#4746,#4744,#960,.T.);
#3625=EDGE_CURVE('',#4746,#4747,#961,.T.);
#3626=EDGE_CURVE('',#4745,#4747,#962,.T.);
#3627=EDGE_CURVE('',#4741,#4746,#963,.T.);
#3628=EDGE_CURVE('',#4747,#4743,#964,.T.);
#3629=EDGE_CURVE('',#4748,#4748,#5757,.T.);
#3630=EDGE_CURVE('',#4749,#4749,#5758,.T.);
#3631=EDGE_CURVE('',#4750,#4751,#965,.T.);
#3632=EDGE_CURVE('',#4752,#4751,#966,.T.);
#3633=EDGE_CURVE('',#4753,#4752,#967,.T.);
#3634=EDGE_CURVE('',#4753,#4754,#968,.T.);
#3635=EDGE_CURVE('',#4754,#4755,#969,.T.);
#3636=EDGE_CURVE('',#4755,#4756,#970,.T.);
#3637=EDGE_CURVE('',#4757,#4756,#971,.T.);
#3638=EDGE_CURVE('',#4757,#4750,#972,.T.);
#3639=EDGE_CURVE('',#4758,#4759,#973,.T.);
#3640=EDGE_CURVE('',#4760,#4759,#974,.T.);
#3641=EDGE_CURVE('',#4752,#4760,#975,.T.);
#3642=EDGE_CURVE('',#4751,#4761,#976,.T.);
#3643=EDGE_CURVE('',#4761,#4762,#977,.T.);
#3644=EDGE_CURVE('',#4763,#4762,#978,.T.);
#3645=EDGE_CURVE('',#4763,#4758,#979,.T.);
#3646=EDGE_CURVE('',#4764,#4765,#980,.T.);
#3647=EDGE_CURVE('',#4765,#4766,#981,.T.);
#3648=EDGE_CURVE('',#4766,#4767,#982,.T.);
#3649=EDGE_CURVE('',#4767,#4764,#983,.T.);
#3650=EDGE_CURVE('',#4760,#4768,#984,.T.);
#3651=EDGE_CURVE('',#4768,#4769,#985,.T.);
#3652=EDGE_CURVE('',#4769,#4770,#986,.T.);
#3653=EDGE_CURVE('',#4770,#4771,#987,.T.);
#3654=EDGE_CURVE('',#4771,#4772,#988,.T.);
#3655=EDGE_CURVE('',#4772,#4773,#989,.T.);
#3656=EDGE_CURVE('',#4773,#4774,#990,.T.);
#3657=EDGE_CURVE('',#4774,#4753,#991,.T.);
#3658=EDGE_CURVE('',#4775,#4775,#5759,.T.);
#3659=EDGE_CURVE('',#4776,#4776,#5760,.T.);
#3660=EDGE_CURVE('',#4777,#4777,#5761,.T.);
#3661=EDGE_CURVE('',#4778,#4778,#5762,.T.);
#3662=EDGE_CURVE('',#4779,#4780,#992,.T.);
#3663=EDGE_CURVE('',#4780,#4781,#5763,.T.);
#3664=EDGE_CURVE('',#4781,#4782,#993,.T.);
#3665=EDGE_CURVE('',#4783,#4782,#5764,.T.);
#3666=EDGE_CURVE('',#4783,#4784,#994,.T.);
#3667=EDGE_CURVE('',#4784,#4785,#5765,.T.);
#3668=EDGE_CURVE('',#4785,#4786,#995,.T.);
#3669=EDGE_CURVE('',#4787,#4786,#5766,.T.);
#3670=EDGE_CURVE('',#4787,#4788,#996,.T.);
#3671=EDGE_CURVE('',#4788,#4789,#5767,.T.);
#3672=EDGE_CURVE('',#4789,#4790,#997,.T.);
#3673=EDGE_CURVE('',#4791,#4790,#5768,.T.);
#3674=EDGE_CURVE('',#4791,#4792,#998,.T.);
#3675=EDGE_CURVE('',#4792,#4793,#5769,.T.);
#3676=EDGE_CURVE('',#4793,#4794,#999,.T.);
#3677=EDGE_CURVE('',#4779,#4794,#5770,.T.);
#3678=EDGE_CURVE('',#4788,#4795,#1000,.T.);
#3679=EDGE_CURVE('',#4795,#4796,#5771,.T.);
#3680=EDGE_CURVE('',#4796,#4785,#1001,.T.);
#3681=EDGE_CURVE('',#4784,#4797,#1002,.T.);
#3682=EDGE_CURVE('',#4797,#4798,#5772,.T.);
#3683=EDGE_CURVE('',#4798,#4781,#1003,.T.);
#3684=EDGE_CURVE('',#4780,#4799,#1004,.T.);
#3685=EDGE_CURVE('',#4799,#4800,#5773,.T.);
#3686=EDGE_CURVE('',#4800,#4793,#1005,.T.);
#3687=EDGE_CURVE('',#4792,#4801,#1006,.T.);
#3688=EDGE_CURVE('',#4801,#4802,#5774,.T.);
#3689=EDGE_CURVE('',#4802,#4789,#1007,.T.);
#3690=EDGE_CURVE('',#4803,#4799,#1008,.T.);
#3691=EDGE_CURVE('',#4804,#4803,#5775,.T.);
#3692=EDGE_CURVE('',#4800,#4804,#1009,.T.);
#3693=EDGE_CURVE('',#4804,#4794,#905,.T.);
#3694=EDGE_CURVE('',#4779,#4803,#906,.T.);
#3695=EDGE_CURVE('',#4805,#4801,#1010,.T.);
#3696=EDGE_CURVE('',#4806,#4805,#5776,.T.);
#3697=EDGE_CURVE('',#4802,#4806,#1011,.T.);
#3698=EDGE_CURVE('',#4806,#4790,#907,.T.);
#3699=EDGE_CURVE('',#4791,#4805,#908,.T.);
#3700=EDGE_CURVE('',#4807,#4797,#1012,.T.);
#3701=EDGE_CURVE('',#4808,#4807,#5777,.T.);
#3702=EDGE_CURVE('',#4798,#4808,#1013,.T.);
#3703=EDGE_CURVE('',#4808,#4782,#909,.T.);
#3704=EDGE_CURVE('',#4783,#4807,#910,.T.);
#3705=EDGE_CURVE('',#4809,#4795,#1014,.T.);
#3706=EDGE_CURVE('',#4810,#4809,#5778,.T.);
#3707=EDGE_CURVE('',#4796,#4810,#1015,.T.);
#3708=EDGE_CURVE('',#4787,#4809,#911,.T.);
#3709=EDGE_CURVE('',#4810,#4786,#912,.T.);
#3710=EDGE_CURVE('',#4811,#4811,#5779,.T.);
#3711=EDGE_CURVE('',#4812,#4768,#1016,.T.);
#3712=EDGE_CURVE('',#4813,#4812,#1017,.T.);
#3713=EDGE_CURVE('',#4769,#4813,#1018,.T.);
#3714=EDGE_CURVE('',#4772,#4814,#1019,.T.);
#3715=EDGE_CURVE('',#4815,#4814,#1020,.T.);
#3716=EDGE_CURVE('',#4816,#4815,#1021,.T.);
#3717=EDGE_CURVE('',#4817,#4816,#1022,.T.);
#3718=EDGE_CURVE('',#4773,#4817,#1023,.T.);
#3719=EDGE_CURVE('',#4771,#4818,#1024,.T.);
#3720=EDGE_CURVE('',#4814,#4818,#1025,.T.);
#3721=EDGE_CURVE('',#4770,#4819,#1026,.T.);
#3722=EDGE_CURVE('',#4818,#4819,#1027,.T.);
#3723=EDGE_CURVE('',#4816,#4813,#1028,.T.);
#3724=EDGE_CURVE('',#4819,#4815,#1029,.T.);
#3725=EDGE_CURVE('',#4767,#4820,#1030,.T.);
#3726=EDGE_CURVE('',#4821,#4820,#1031,.T.);
#3727=EDGE_CURVE('',#4764,#4821,#1032,.T.);
#3728=EDGE_CURVE('',#4766,#4822,#1033,.T.);
#3729=EDGE_CURVE('',#4820,#4822,#1034,.T.);
#3730=EDGE_CURVE('',#4765,#4823,#1035,.T.);
#3731=EDGE_CURVE('',#4822,#4823,#1036,.T.);
#3732=EDGE_CURVE('',#4823,#4821,#1037,.T.);
#3733=EDGE_CURVE('',#4725,#4731,#31,.F.);
#3734=EDGE_CURVE('',#4727,#4726,#32,.F.);
#3735=EDGE_CURVE('',#4734,#4733,#33,.F.);
#3736=EDGE_CURVE('',#4730,#4735,#34,.F.);
#3737=EDGE_CURVE('',#4824,#4825,#1038,.T.);
#3738=EDGE_CURVE('',#4825,#4826,#5780,.T.);
#3739=EDGE_CURVE('',#4826,#4763,#1039,.T.);
#3740=EDGE_CURVE('',#4762,#4827,#1040,.T.);
#3741=EDGE_CURVE('',#4827,#4828,#5781,.T.);
#3742=EDGE_CURVE('',#4828,#4757,#1041,.T.);
#3743=EDGE_CURVE('',#4756,#4829,#1042,.T.);
#3744=EDGE_CURVE('',#4829,#4830,#5782,.T.);
#3745=EDGE_CURVE('',#4830,#4831,#1043,.T.);
#3746=EDGE_CURVE('',#4831,#4832,#1044,.T.);
#3747=EDGE_CURVE('',#4832,#4833,#1045,.T.);
#3748=EDGE_CURVE('',#4833,#4834,#5783,.T.);
#3749=EDGE_CURVE('',#4834,#4835,#1046,.T.);
#3750=EDGE_CURVE('',#4835,#4824,#1047,.T.);
#3751=EDGE_CURVE('',#4836,#4837,#1048,.T.);
#3752=EDGE_CURVE('',#4837,#4832,#1049,.T.);
#3753=EDGE_CURVE('',#4831,#4838,#1050,.T.);
#3754=EDGE_CURVE('',#4838,#4754,#1051,.T.);
#3755=EDGE_CURVE('',#4774,#4836,#1052,.T.);
#3756=EDGE_CURVE('',#4759,#4839,#1053,.T.);
#3757=EDGE_CURVE('',#4839,#4824,#1054,.T.);
#3758=EDGE_CURVE('',#4835,#4840,#1055,.T.);
#3759=EDGE_CURVE('',#4840,#4836,#1056,.T.);
#3760=EDGE_CURVE('',#4817,#4812,#1057,.T.);
#3761=EDGE_CURVE('',#4841,#4838,#1058,.T.);
#3762=EDGE_CURVE('',#4842,#4841,#5784,.T.);
#3763=EDGE_CURVE('',#4755,#4842,#1059,.T.);
#3764=EDGE_CURVE('',#4829,#4842,#1060,.T.);
#3765=EDGE_CURVE('',#4830,#4841,#1061,.T.);
#3766=EDGE_CURVE('',#4843,#4844,#5785,.T.);
#3767=EDGE_CURVE('',#4837,#4843,#1062,.T.);
#3768=EDGE_CURVE('',#4844,#4840,#1063,.T.);
#3769=EDGE_CURVE('',#4833,#4843,#1064,.T.);
#3770=EDGE_CURVE('',#4834,#4844,#1065,.T.);
#3771=EDGE_CURVE('',#4845,#4750,#1066,.T.);
#3772=EDGE_CURVE('',#4846,#4845,#5786,.T.);
#3773=EDGE_CURVE('',#4761,#4846,#1067,.T.);
#3774=EDGE_CURVE('',#4827,#4846,#1068,.T.);
#3775=EDGE_CURVE('',#4828,#4845,#1069,.T.);
#3776=EDGE_CURVE('',#4847,#4758,#1070,.T.);
#3777=EDGE_CURVE('',#4848,#4847,#5787,.T.);
#3778=EDGE_CURVE('',#4839,#4848,#1071,.T.);
#3779=EDGE_CURVE('',#4825,#4848,#1072,.T.);
#3780=EDGE_CURVE('',#4826,#4847,#1073,.T.);
#3781=EDGE_CURVE('',#4849,#4849,#35,.F.);
#3782=EDGE_CURVE('',#4850,#4850,#36,.F.);
#3783=EDGE_CURVE('',#4851,#4852,#5788,.T.);
#3784=EDGE_CURVE('',#4852,#4853,#37,.T.);
#3785=EDGE_CURVE('',#4853,#4851,#38,.T.);
#3786=EDGE_CURVE('',#4854,#4855,#1074,.T.);
#3787=EDGE_CURVE('',#4855,#4856,#39,.T.);
#3788=EDGE_CURVE('',#4856,#4857,#40,.T.);
#3789=EDGE_CURVE('',#4857,#4854,#1075,.T.);
#3790=EDGE_CURVE('',#4858,#4859,#1076,.T.);
#3791=EDGE_CURVE('',#4859,#4860,#41,.T.);
#3792=EDGE_CURVE('',#4860,#4861,#42,.T.);
#3793=EDGE_CURVE('',#4861,#4862,#43,.T.);
#3794=EDGE_CURVE('',#4862,#4858,#1077,.T.);
#3795=EDGE_CURVE('',#4863,#4864,#1078,.T.);
#3796=EDGE_CURVE('',#4864,#4865,#44,.T.);
#3797=EDGE_CURVE('',#4865,#4866,#45,.T.);
#3798=EDGE_CURVE('',#4866,#4863,#1079,.T.);
#3799=EDGE_CURVE('',#4867,#4868,#1080,.T.);
#3800=EDGE_CURVE('',#4868,#4869,#46,.T.);
#3801=EDGE_CURVE('',#4869,#4870,#47,.T.);
#3802=EDGE_CURVE('',#4870,#4871,#48,.T.);
#3803=EDGE_CURVE('',#4871,#4867,#1081,.T.);
#3804=EDGE_CURVE('',#4872,#4873,#5789,.T.);
#3805=EDGE_CURVE('',#4873,#4874,#1082,.T.);
#3806=EDGE_CURVE('',#4874,#4875,#49,.T.);
#3807=EDGE_CURVE('',#4875,#4872,#50,.T.);
#3808=EDGE_CURVE('',#4876,#4877,#51,.T.);
#3809=EDGE_CURVE('',#4877,#4878,#52,.T.);
#3810=EDGE_CURVE('',#4878,#4879,#53,.T.);
#3811=EDGE_CURVE('',#4879,#4880,#54,.T.);
#3812=EDGE_CURVE('',#4880,#4876,#55,.T.);
#3813=EDGE_CURVE('',#4881,#4882,#5790,.T.);
#3814=EDGE_CURVE('',#4882,#4883,#56,.T.);
#3815=EDGE_CURVE('',#4883,#4884,#57,.T.);
#3816=EDGE_CURVE('',#4884,#4885,#58,.T.);
#3817=EDGE_CURVE('',#4885,#4881,#5791,.T.);
#3818=EDGE_CURVE('',#4886,#4887,#1083,.T.);
#3819=EDGE_CURVE('',#4887,#4888,#59,.T.);
#3820=EDGE_CURVE('',#4888,#4889,#60,.T.);
#3821=EDGE_CURVE('',#4889,#4886,#1084,.T.);
#3822=EDGE_CURVE('',#4890,#4891,#1085,.T.);
#3823=EDGE_CURVE('',#4891,#4892,#61,.T.);
#3824=EDGE_CURVE('',#4892,#4893,#62,.T.);
#3825=EDGE_CURVE('',#4893,#4894,#63,.T.);
#3826=EDGE_CURVE('',#4894,#4890,#1086,.T.);
#3827=EDGE_CURVE('',#4895,#4896,#5792,.T.);
#3828=EDGE_CURVE('',#4896,#4897,#64,.T.);
#3829=EDGE_CURVE('',#4897,#4895,#65,.T.);
#3830=EDGE_CURVE('',#4898,#4899,#5793,.T.);
#3831=EDGE_CURVE('',#4899,#4900,#66,.T.);
#3832=EDGE_CURVE('',#4900,#4898,#67,.T.);
#3833=EDGE_CURVE('',#4901,#4902,#68,.T.);
#3834=EDGE_CURVE('',#4902,#4903,#69,.T.);
#3835=EDGE_CURVE('',#4903,#4904,#70,.T.);
#3836=EDGE_CURVE('',#4904,#4905,#71,.T.);
#3837=EDGE_CURVE('',#4905,#4906,#72,.T.);
#3838=EDGE_CURVE('',#4906,#4907,#73,.T.);
#3839=EDGE_CURVE('',#4907,#4908,#74,.T.);
#3840=EDGE_CURVE('',#4908,#4909,#75,.T.);
#3841=EDGE_CURVE('',#4909,#4910,#76,.T.);
#3842=EDGE_CURVE('',#4910,#4911,#77,.T.);
#3843=EDGE_CURVE('',#4911,#4912,#78,.T.);
#3844=EDGE_CURVE('',#4912,#4913,#79,.T.);
#3845=EDGE_CURVE('',#4913,#4914,#80,.T.);
#3846=EDGE_CURVE('',#4914,#4915,#81,.T.);
#3847=EDGE_CURVE('',#4915,#4916,#82,.T.);
#3848=EDGE_CURVE('',#4916,#4917,#83,.T.);
#3849=EDGE_CURVE('',#4917,#4918,#84,.T.);
#3850=EDGE_CURVE('',#4918,#4919,#85,.T.);
#3851=EDGE_CURVE('',#4919,#4920,#86,.T.);
#3852=EDGE_CURVE('',#4920,#4921,#87,.T.);
#3853=EDGE_CURVE('',#4921,#4922,#88,.T.);
#3854=EDGE_CURVE('',#4922,#4923,#89,.T.);
#3855=EDGE_CURVE('',#4923,#4924,#90,.T.);
#3856=EDGE_CURVE('',#4924,#4901,#91,.T.);
#3857=EDGE_CURVE('',#4925,#4926,#92,.T.);
#3858=EDGE_CURVE('',#4926,#4927,#93,.T.);
#3859=EDGE_CURVE('',#4927,#4928,#94,.T.);
#3860=EDGE_CURVE('',#4928,#4929,#95,.T.);
#3861=EDGE_CURVE('',#4929,#4930,#96,.T.);
#3862=EDGE_CURVE('',#4930,#4931,#97,.T.);
#3863=EDGE_CURVE('',#4931,#4932,#98,.T.);
#3864=EDGE_CURVE('',#4932,#4933,#99,.T.);
#3865=EDGE_CURVE('',#4933,#4934,#100,.T.);
#3866=EDGE_CURVE('',#4934,#4935,#101,.T.);
#3867=EDGE_CURVE('',#4935,#4936,#102,.T.);
#3868=EDGE_CURVE('',#4936,#4937,#103,.T.);
#3869=EDGE_CURVE('',#4937,#4938,#104,.T.);
#3870=EDGE_CURVE('',#4938,#4939,#105,.T.);
#3871=EDGE_CURVE('',#4939,#4940,#106,.T.);
#3872=EDGE_CURVE('',#4940,#4941,#107,.T.);
#3873=EDGE_CURVE('',#4941,#4942,#108,.T.);
#3874=EDGE_CURVE('',#4942,#4943,#109,.T.);
#3875=EDGE_CURVE('',#4943,#4944,#110,.T.);
#3876=EDGE_CURVE('',#4944,#4945,#111,.T.);
#3877=EDGE_CURVE('',#4945,#4946,#112,.T.);
#3878=EDGE_CURVE('',#4946,#4947,#113,.T.);
#3879=EDGE_CURVE('',#4947,#4948,#114,.T.);
#3880=EDGE_CURVE('',#4948,#4949,#115,.T.);
#3881=EDGE_CURVE('',#4949,#4950,#116,.T.);
#3882=EDGE_CURVE('',#4950,#4951,#117,.T.);
#3883=EDGE_CURVE('',#4951,#4952,#118,.T.);
#3884=EDGE_CURVE('',#4952,#4953,#119,.T.);
#3885=EDGE_CURVE('',#4953,#4954,#120,.T.);
#3886=EDGE_CURVE('',#4954,#4925,#121,.T.);
#3887=EDGE_CURVE('',#4955,#4956,#122,.T.);
#3888=EDGE_CURVE('',#4956,#4957,#123,.T.);
#3889=EDGE_CURVE('',#4957,#4958,#124,.T.);
#3890=EDGE_CURVE('',#4958,#4959,#125,.T.);
#3891=EDGE_CURVE('',#4959,#4960,#126,.T.);
#3892=EDGE_CURVE('',#4960,#4961,#127,.T.);
#3893=EDGE_CURVE('',#4961,#4962,#128,.T.);
#3894=EDGE_CURVE('',#4962,#4963,#129,.T.);
#3895=EDGE_CURVE('',#4963,#4964,#130,.T.);
#3896=EDGE_CURVE('',#4964,#4965,#131,.T.);
#3897=EDGE_CURVE('',#4965,#4966,#132,.T.);
#3898=EDGE_CURVE('',#4966,#4967,#133,.T.);
#3899=EDGE_CURVE('',#4967,#4968,#134,.T.);
#3900=EDGE_CURVE('',#4968,#4969,#135,.T.);
#3901=EDGE_CURVE('',#4969,#4970,#136,.T.);
#3902=EDGE_CURVE('',#4970,#4971,#137,.T.);
#3903=EDGE_CURVE('',#4971,#4972,#138,.T.);
#3904=EDGE_CURVE('',#4972,#4973,#139,.T.);
#3905=EDGE_CURVE('',#4973,#4974,#140,.T.);
#3906=EDGE_CURVE('',#4974,#4975,#141,.T.);
#3907=EDGE_CURVE('',#4975,#4976,#142,.T.);
#3908=EDGE_CURVE('',#4976,#4977,#143,.T.);
#3909=EDGE_CURVE('',#4977,#4978,#144,.T.);
#3910=EDGE_CURVE('',#4978,#4955,#145,.T.);
#3911=EDGE_CURVE('',#4979,#4980,#146,.T.);
#3912=EDGE_CURVE('',#4980,#4981,#147,.T.);
#3913=EDGE_CURVE('',#4981,#4982,#148,.T.);
#3914=EDGE_CURVE('',#4982,#4983,#149,.T.);
#3915=EDGE_CURVE('',#4983,#4984,#150,.T.);
#3916=EDGE_CURVE('',#4984,#4979,#151,.T.);
#3917=EDGE_CURVE('',#4985,#4986,#152,.T.);
#3918=EDGE_CURVE('',#4986,#4987,#153,.T.);
#3919=EDGE_CURVE('',#4987,#4988,#154,.T.);
#3920=EDGE_CURVE('',#4988,#4989,#155,.T.);
#3921=EDGE_CURVE('',#4989,#4990,#156,.T.);
#3922=EDGE_CURVE('',#4990,#4991,#157,.T.);
#3923=EDGE_CURVE('',#4991,#4992,#158,.T.);
#3924=EDGE_CURVE('',#4992,#4985,#159,.T.);
#3925=EDGE_CURVE('',#4993,#4994,#160,.T.);
#3926=EDGE_CURVE('',#4994,#4995,#161,.T.);
#3927=EDGE_CURVE('',#4995,#4996,#162,.T.);
#3928=EDGE_CURVE('',#4996,#4997,#163,.T.);
#3929=EDGE_CURVE('',#4997,#4998,#164,.T.);
#3930=EDGE_CURVE('',#4998,#4999,#165,.T.);
#3931=EDGE_CURVE('',#4999,#5000,#166,.T.);
#3932=EDGE_CURVE('',#5000,#5001,#167,.T.);
#3933=EDGE_CURVE('',#5001,#5002,#168,.T.);
#3934=EDGE_CURVE('',#5002,#5003,#169,.T.);
#3935=EDGE_CURVE('',#5003,#5004,#170,.T.);
#3936=EDGE_CURVE('',#5004,#4993,#171,.T.);
#3937=EDGE_CURVE('',#5005,#5006,#172,.T.);
#3938=EDGE_CURVE('',#5006,#5007,#173,.T.);
#3939=EDGE_CURVE('',#5007,#5008,#174,.T.);
#3940=EDGE_CURVE('',#5008,#5009,#175,.T.);
#3941=EDGE_CURVE('',#5009,#5010,#176,.T.);
#3942=EDGE_CURVE('',#5010,#5011,#177,.T.);
#3943=EDGE_CURVE('',#5011,#5012,#178,.T.);
#3944=EDGE_CURVE('',#5012,#5013,#179,.T.);
#3945=EDGE_CURVE('',#5013,#5014,#180,.T.);
#3946=EDGE_CURVE('',#5014,#5015,#181,.T.);
#3947=EDGE_CURVE('',#5015,#5016,#182,.T.);
#3948=EDGE_CURVE('',#5016,#5017,#183,.T.);
#3949=EDGE_CURVE('',#5017,#5018,#184,.T.);
#3950=EDGE_CURVE('',#5018,#5005,#185,.T.);
#3951=EDGE_CURVE('',#5019,#5020,#186,.T.);
#3952=EDGE_CURVE('',#5020,#5021,#187,.T.);
#3953=EDGE_CURVE('',#5021,#5022,#188,.T.);
#3954=EDGE_CURVE('',#5022,#5023,#189,.T.);
#3955=EDGE_CURVE('',#5023,#5024,#190,.T.);
#3956=EDGE_CURVE('',#5024,#5019,#191,.T.);
#3957=EDGE_CURVE('',#5025,#5026,#192,.T.);
#3958=EDGE_CURVE('',#5026,#5027,#193,.T.);
#3959=EDGE_CURVE('',#5027,#5028,#194,.T.);
#3960=EDGE_CURVE('',#5028,#5025,#195,.T.);
#3961=EDGE_CURVE('',#5029,#5030,#196,.T.);
#3962=EDGE_CURVE('',#5030,#5031,#197,.T.);
#3963=EDGE_CURVE('',#5031,#5032,#198,.T.);
#3964=EDGE_CURVE('',#5032,#5029,#199,.T.);
#3965=EDGE_CURVE('',#5033,#5034,#200,.T.);
#3966=EDGE_CURVE('',#5034,#5035,#201,.T.);
#3967=EDGE_CURVE('',#5035,#5036,#202,.T.);
#3968=EDGE_CURVE('',#5036,#5037,#203,.T.);
#3969=EDGE_CURVE('',#5037,#5038,#204,.T.);
#3970=EDGE_CURVE('',#5038,#5039,#205,.T.);
#3971=EDGE_CURVE('',#5039,#5040,#206,.T.);
#3972=EDGE_CURVE('',#5040,#5033,#207,.T.);
#3973=EDGE_CURVE('',#5041,#5042,#208,.T.);
#3974=EDGE_CURVE('',#5042,#5043,#209,.T.);
#3975=EDGE_CURVE('',#5043,#5044,#210,.T.);
#3976=EDGE_CURVE('',#5044,#5045,#211,.T.);
#3977=EDGE_CURVE('',#5045,#5046,#212,.T.);
#3978=EDGE_CURVE('',#5046,#5047,#213,.T.);
#3979=EDGE_CURVE('',#5047,#5048,#214,.T.);
#3980=EDGE_CURVE('',#5048,#5049,#215,.T.);
#3981=EDGE_CURVE('',#5049,#5050,#216,.T.);
#3982=EDGE_CURVE('',#5050,#5051,#217,.T.);
#3983=EDGE_CURVE('',#5051,#5052,#218,.T.);
#3984=EDGE_CURVE('',#5052,#5041,#219,.T.);
#3985=EDGE_CURVE('',#5053,#5054,#220,.T.);
#3986=EDGE_CURVE('',#5054,#5055,#221,.T.);
#3987=EDGE_CURVE('',#5055,#5056,#222,.T.);
#3988=EDGE_CURVE('',#5056,#5057,#223,.T.);
#3989=EDGE_CURVE('',#5057,#5058,#224,.T.);
#3990=EDGE_CURVE('',#5058,#5059,#225,.T.);
#3991=EDGE_CURVE('',#5059,#5060,#226,.T.);
#3992=EDGE_CURVE('',#5060,#5061,#227,.T.);
#3993=EDGE_CURVE('',#5061,#5062,#228,.T.);
#3994=EDGE_CURVE('',#5062,#5063,#229,.T.);
#3995=EDGE_CURVE('',#5063,#5064,#230,.T.);
#3996=EDGE_CURVE('',#5064,#5065,#231,.T.);
#3997=EDGE_CURVE('',#5065,#5053,#232,.T.);
#3998=EDGE_CURVE('',#5066,#5067,#233,.T.);
#3999=EDGE_CURVE('',#5067,#5068,#234,.T.);
#4000=EDGE_CURVE('',#5068,#5069,#235,.T.);
#4001=EDGE_CURVE('',#5069,#5070,#236,.T.);
#4002=EDGE_CURVE('',#5070,#5071,#237,.T.);
#4003=EDGE_CURVE('',#5071,#5066,#238,.T.);
#4004=EDGE_CURVE('',#5072,#5073,#239,.T.);
#4005=EDGE_CURVE('',#5073,#5074,#240,.T.);
#4006=EDGE_CURVE('',#5074,#5075,#241,.T.);
#4007=EDGE_CURVE('',#5075,#5076,#242,.T.);
#4008=EDGE_CURVE('',#5076,#5077,#243,.T.);
#4009=EDGE_CURVE('',#5077,#5078,#244,.T.);
#4010=EDGE_CURVE('',#5078,#5079,#245,.T.);
#4011=EDGE_CURVE('',#5079,#5080,#246,.T.);
#4012=EDGE_CURVE('',#5080,#5081,#247,.T.);
#4013=EDGE_CURVE('',#5081,#5082,#248,.T.);
#4014=EDGE_CURVE('',#5082,#5083,#249,.T.);
#4015=EDGE_CURVE('',#5083,#5084,#250,.T.);
#4016=EDGE_CURVE('',#5084,#5085,#251,.T.);
#4017=EDGE_CURVE('',#5085,#5086,#252,.T.);
#4018=EDGE_CURVE('',#5086,#5087,#253,.T.);
#4019=EDGE_CURVE('',#5087,#5088,#254,.T.);
#4020=EDGE_CURVE('',#5088,#5089,#255,.T.);
#4021=EDGE_CURVE('',#5089,#5090,#256,.T.);
#4022=EDGE_CURVE('',#5090,#5091,#257,.T.);
#4023=EDGE_CURVE('',#5091,#5092,#258,.T.);
#4024=EDGE_CURVE('',#5092,#5093,#259,.T.);
#4025=EDGE_CURVE('',#5093,#5094,#260,.T.);
#4026=EDGE_CURVE('',#5094,#5095,#261,.T.);
#4027=EDGE_CURVE('',#5095,#5096,#262,.T.);
#4028=EDGE_CURVE('',#5096,#5097,#263,.T.);
#4029=EDGE_CURVE('',#5097,#5098,#264,.T.);
#4030=EDGE_CURVE('',#5098,#5099,#265,.T.);
#4031=EDGE_CURVE('',#5099,#5100,#266,.T.);
#4032=EDGE_CURVE('',#5100,#5101,#267,.T.);
#4033=EDGE_CURVE('',#5101,#5102,#268,.T.);
#4034=EDGE_CURVE('',#5102,#5103,#269,.T.);
#4035=EDGE_CURVE('',#5103,#5104,#270,.T.);
#4036=EDGE_CURVE('',#5104,#5105,#271,.T.);
#4037=EDGE_CURVE('',#5105,#5106,#272,.T.);
#4038=EDGE_CURVE('',#5106,#5107,#273,.T.);
#4039=EDGE_CURVE('',#5107,#5108,#274,.T.);
#4040=EDGE_CURVE('',#5108,#5109,#275,.T.);
#4041=EDGE_CURVE('',#5109,#5110,#276,.T.);
#4042=EDGE_CURVE('',#5110,#5072,#277,.T.);
#4043=EDGE_CURVE('',#5111,#5112,#278,.T.);
#4044=EDGE_CURVE('',#5112,#5113,#279,.T.);
#4045=EDGE_CURVE('',#5113,#5114,#280,.T.);
#4046=EDGE_CURVE('',#5114,#5115,#281,.T.);
#4047=EDGE_CURVE('',#5115,#5116,#282,.T.);
#4048=EDGE_CURVE('',#5116,#5117,#283,.T.);
#4049=EDGE_CURVE('',#5117,#5118,#284,.T.);
#4050=EDGE_CURVE('',#5118,#5119,#285,.T.);
#4051=EDGE_CURVE('',#5119,#5120,#286,.T.);
#4052=EDGE_CURVE('',#5120,#5121,#287,.T.);
#4053=EDGE_CURVE('',#5121,#5122,#288,.T.);
#4054=EDGE_CURVE('',#5122,#5111,#289,.T.);
#4055=EDGE_CURVE('',#5123,#5124,#290,.T.);
#4056=EDGE_CURVE('',#5124,#5125,#291,.T.);
#4057=EDGE_CURVE('',#5125,#5126,#292,.T.);
#4058=EDGE_CURVE('',#5126,#5123,#293,.T.);
#4059=EDGE_CURVE('',#5127,#5128,#294,.T.);
#4060=EDGE_CURVE('',#5128,#5129,#295,.T.);
#4061=EDGE_CURVE('',#5129,#5130,#296,.T.);
#4062=EDGE_CURVE('',#5130,#5131,#297,.T.);
#4063=EDGE_CURVE('',#5131,#5132,#298,.T.);
#4064=EDGE_CURVE('',#5132,#5133,#299,.T.);
#4065=EDGE_CURVE('',#5133,#5134,#300,.T.);
#4066=EDGE_CURVE('',#5134,#5135,#301,.T.);
#4067=EDGE_CURVE('',#5135,#5136,#302,.T.);
#4068=EDGE_CURVE('',#5136,#5137,#303,.T.);
#4069=EDGE_CURVE('',#5137,#5138,#304,.T.);
#4070=EDGE_CURVE('',#5138,#5139,#305,.T.);
#4071=EDGE_CURVE('',#5139,#5140,#306,.T.);
#4072=EDGE_CURVE('',#5140,#5141,#307,.T.);
#4073=EDGE_CURVE('',#5141,#5142,#308,.T.);
#4074=EDGE_CURVE('',#5142,#5143,#309,.T.);
#4075=EDGE_CURVE('',#5143,#5144,#310,.T.);
#4076=EDGE_CURVE('',#5144,#5145,#311,.T.);
#4077=EDGE_CURVE('',#5145,#5146,#312,.T.);
#4078=EDGE_CURVE('',#5146,#5147,#313,.T.);
#4079=EDGE_CURVE('',#5147,#5148,#314,.T.);
#4080=EDGE_CURVE('',#5148,#5149,#315,.T.);
#4081=EDGE_CURVE('',#5149,#5150,#316,.T.);
#4082=EDGE_CURVE('',#5150,#5151,#317,.T.);
#4083=EDGE_CURVE('',#5151,#5152,#318,.T.);
#4084=EDGE_CURVE('',#5152,#5153,#319,.T.);
#4085=EDGE_CURVE('',#5153,#5154,#320,.T.);
#4086=EDGE_CURVE('',#5154,#5155,#321,.T.);
#4087=EDGE_CURVE('',#5155,#5156,#322,.T.);
#4088=EDGE_CURVE('',#5156,#5127,#323,.T.);
#4089=EDGE_CURVE('',#5157,#5158,#324,.T.);
#4090=EDGE_CURVE('',#5158,#5159,#325,.T.);
#4091=EDGE_CURVE('',#5159,#5160,#326,.T.);
#4092=EDGE_CURVE('',#5160,#5161,#327,.T.);
#4093=EDGE_CURVE('',#5161,#5162,#328,.T.);
#4094=EDGE_CURVE('',#5162,#5163,#329,.T.);
#4095=EDGE_CURVE('',#5163,#5164,#330,.T.);
#4096=EDGE_CURVE('',#5164,#5165,#331,.T.);
#4097=EDGE_CURVE('',#5165,#5166,#332,.T.);
#4098=EDGE_CURVE('',#5166,#5167,#333,.T.);
#4099=EDGE_CURVE('',#5167,#5168,#334,.T.);
#4100=EDGE_CURVE('',#5168,#5169,#335,.T.);
#4101=EDGE_CURVE('',#5169,#5170,#336,.T.);
#4102=EDGE_CURVE('',#5170,#5171,#337,.T.);
#4103=EDGE_CURVE('',#5171,#5172,#338,.T.);
#4104=EDGE_CURVE('',#5172,#5173,#339,.T.);
#4105=EDGE_CURVE('',#5173,#5174,#340,.T.);
#4106=EDGE_CURVE('',#5174,#5175,#341,.T.);
#4107=EDGE_CURVE('',#5175,#5176,#342,.T.);
#4108=EDGE_CURVE('',#5176,#5177,#343,.T.);
#4109=EDGE_CURVE('',#5177,#5178,#344,.T.);
#4110=EDGE_CURVE('',#5178,#5157,#345,.T.);
#4111=EDGE_CURVE('',#5179,#5180,#346,.T.);
#4112=EDGE_CURVE('',#5180,#5181,#347,.T.);
#4113=EDGE_CURVE('',#5181,#5182,#348,.T.);
#4114=EDGE_CURVE('',#5182,#5179,#349,.T.);
#4115=EDGE_CURVE('',#5183,#5184,#350,.T.);
#4116=EDGE_CURVE('',#5184,#5185,#351,.T.);
#4117=EDGE_CURVE('',#5185,#5186,#352,.T.);
#4118=EDGE_CURVE('',#5186,#5187,#353,.T.);
#4119=EDGE_CURVE('',#5187,#5188,#354,.T.);
#4120=EDGE_CURVE('',#5188,#5189,#355,.T.);
#4121=EDGE_CURVE('',#5189,#5190,#356,.T.);
#4122=EDGE_CURVE('',#5190,#5191,#357,.T.);
#4123=EDGE_CURVE('',#5191,#5192,#358,.T.);
#4124=EDGE_CURVE('',#5192,#5193,#359,.T.);
#4125=EDGE_CURVE('',#5193,#5194,#360,.T.);
#4126=EDGE_CURVE('',#5194,#5195,#361,.T.);
#4127=EDGE_CURVE('',#5195,#5196,#362,.T.);
#4128=EDGE_CURVE('',#5196,#5197,#363,.T.);
#4129=EDGE_CURVE('',#5197,#5198,#364,.T.);
#4130=EDGE_CURVE('',#5198,#5199,#365,.T.);
#4131=EDGE_CURVE('',#5199,#5200,#366,.T.);
#4132=EDGE_CURVE('',#5200,#5183,#367,.T.);
#4133=EDGE_CURVE('',#5201,#5202,#368,.T.);
#4134=EDGE_CURVE('',#5202,#5203,#369,.T.);
#4135=EDGE_CURVE('',#5203,#5204,#370,.T.);
#4136=EDGE_CURVE('',#5204,#5205,#371,.T.);
#4137=EDGE_CURVE('',#5205,#5206,#372,.T.);
#4138=EDGE_CURVE('',#5206,#5207,#373,.T.);
#4139=EDGE_CURVE('',#5207,#5208,#374,.T.);
#4140=EDGE_CURVE('',#5208,#5209,#375,.T.);
#4141=EDGE_CURVE('',#5209,#5210,#376,.T.);
#4142=EDGE_CURVE('',#5210,#5211,#377,.T.);
#4143=EDGE_CURVE('',#5211,#5212,#378,.T.);
#4144=EDGE_CURVE('',#5212,#5201,#379,.T.);
#4145=EDGE_CURVE('',#5213,#5214,#380,.T.);
#4146=EDGE_CURVE('',#5214,#5215,#381,.T.);
#4147=EDGE_CURVE('',#5215,#5216,#382,.T.);
#4148=EDGE_CURVE('',#5216,#5217,#383,.T.);
#4149=EDGE_CURVE('',#5217,#5218,#384,.T.);
#4150=EDGE_CURVE('',#5218,#5219,#385,.T.);
#4151=EDGE_CURVE('',#5219,#5220,#386,.T.);
#4152=EDGE_CURVE('',#5220,#5221,#387,.T.);
#4153=EDGE_CURVE('',#5221,#5222,#388,.T.);
#4154=EDGE_CURVE('',#5222,#5223,#389,.T.);
#4155=EDGE_CURVE('',#5223,#5224,#390,.T.);
#4156=EDGE_CURVE('',#5224,#5225,#391,.T.);
#4157=EDGE_CURVE('',#5225,#5226,#392,.T.);
#4158=EDGE_CURVE('',#5226,#5227,#393,.T.);
#4159=EDGE_CURVE('',#5227,#5228,#394,.T.);
#4160=EDGE_CURVE('',#5228,#5229,#395,.T.);
#4161=EDGE_CURVE('',#5229,#5230,#396,.T.);
#4162=EDGE_CURVE('',#5230,#5231,#397,.T.);
#4163=EDGE_CURVE('',#5231,#5232,#398,.T.);
#4164=EDGE_CURVE('',#5232,#5233,#399,.T.);
#4165=EDGE_CURVE('',#5233,#5234,#400,.T.);
#4166=EDGE_CURVE('',#5234,#5235,#401,.T.);
#4167=EDGE_CURVE('',#5235,#5236,#402,.T.);
#4168=EDGE_CURVE('',#5236,#5237,#403,.T.);
#4169=EDGE_CURVE('',#5237,#5238,#404,.T.);
#4170=EDGE_CURVE('',#5238,#5239,#405,.T.);
#4171=EDGE_CURVE('',#5239,#5240,#406,.T.);
#4172=EDGE_CURVE('',#5240,#5241,#407,.T.);
#4173=EDGE_CURVE('',#5241,#5213,#408,.T.);
#4174=EDGE_CURVE('',#5242,#5243,#409,.T.);
#4175=EDGE_CURVE('',#5243,#5244,#410,.T.);
#4176=EDGE_CURVE('',#5244,#5245,#411,.T.);
#4177=EDGE_CURVE('',#5245,#5246,#412,.T.);
#4178=EDGE_CURVE('',#5246,#5247,#413,.T.);
#4179=EDGE_CURVE('',#5247,#5248,#414,.T.);
#4180=EDGE_CURVE('',#5248,#5249,#415,.T.);
#4181=EDGE_CURVE('',#5249,#5250,#416,.T.);
#4182=EDGE_CURVE('',#5250,#5251,#417,.T.);
#4183=EDGE_CURVE('',#5251,#5252,#418,.T.);
#4184=EDGE_CURVE('',#5252,#5253,#419,.T.);
#4185=EDGE_CURVE('',#5253,#5254,#420,.T.);
#4186=EDGE_CURVE('',#5254,#5255,#421,.T.);
#4187=EDGE_CURVE('',#5255,#5256,#422,.T.);
#4188=EDGE_CURVE('',#5256,#5257,#423,.T.);
#4189=EDGE_CURVE('',#5257,#5258,#424,.T.);
#4190=EDGE_CURVE('',#5258,#5259,#425,.T.);
#4191=EDGE_CURVE('',#5259,#5260,#426,.T.);
#4192=EDGE_CURVE('',#5260,#5261,#427,.T.);
#4193=EDGE_CURVE('',#5261,#5262,#428,.T.);
#4194=EDGE_CURVE('',#5262,#5263,#429,.T.);
#4195=EDGE_CURVE('',#5263,#5242,#430,.T.);
#4196=EDGE_CURVE('',#5264,#5265,#431,.T.);
#4197=EDGE_CURVE('',#5265,#5266,#432,.T.);
#4198=EDGE_CURVE('',#5266,#5267,#433,.T.);
#4199=EDGE_CURVE('',#5267,#5268,#434,.T.);
#4200=EDGE_CURVE('',#5268,#5269,#435,.T.);
#4201=EDGE_CURVE('',#5269,#5270,#436,.T.);
#4202=EDGE_CURVE('',#5270,#5271,#437,.T.);
#4203=EDGE_CURVE('',#5271,#5272,#438,.T.);
#4204=EDGE_CURVE('',#5272,#5273,#439,.T.);
#4205=EDGE_CURVE('',#5273,#5274,#440,.T.);
#4206=EDGE_CURVE('',#5274,#5264,#441,.T.);
#4207=EDGE_CURVE('',#5275,#5276,#442,.T.);
#4208=EDGE_CURVE('',#5276,#5277,#443,.T.);
#4209=EDGE_CURVE('',#5277,#5278,#444,.T.);
#4210=EDGE_CURVE('',#5278,#5279,#445,.T.);
#4211=EDGE_CURVE('',#5279,#5280,#446,.T.);
#4212=EDGE_CURVE('',#5280,#5275,#447,.T.);
#4213=EDGE_CURVE('',#5281,#5282,#448,.T.);
#4214=EDGE_CURVE('',#5282,#5283,#449,.T.);
#4215=EDGE_CURVE('',#5283,#5284,#450,.T.);
#4216=EDGE_CURVE('',#5284,#5285,#451,.T.);
#4217=EDGE_CURVE('',#5285,#5286,#452,.T.);
#4218=EDGE_CURVE('',#5286,#5287,#453,.T.);
#4219=EDGE_CURVE('',#5287,#5288,#454,.T.);
#4220=EDGE_CURVE('',#5288,#5289,#455,.T.);
#4221=EDGE_CURVE('',#5289,#5290,#456,.T.);
#4222=EDGE_CURVE('',#5290,#5291,#457,.T.);
#4223=EDGE_CURVE('',#5291,#5281,#458,.T.);
#4224=EDGE_CURVE('',#5292,#5293,#459,.T.);
#4225=EDGE_CURVE('',#5293,#5294,#460,.T.);
#4226=EDGE_CURVE('',#5294,#5295,#461,.T.);
#4227=EDGE_CURVE('',#5295,#5296,#462,.T.);
#4228=EDGE_CURVE('',#5296,#5297,#463,.T.);
#4229=EDGE_CURVE('',#5297,#5298,#464,.T.);
#4230=EDGE_CURVE('',#5298,#5299,#465,.T.);
#4231=EDGE_CURVE('',#5299,#5300,#466,.T.);
#4232=EDGE_CURVE('',#5300,#5301,#467,.T.);
#4233=EDGE_CURVE('',#5301,#5302,#468,.T.);
#4234=EDGE_CURVE('',#5302,#5303,#469,.T.);
#4235=EDGE_CURVE('',#5303,#5304,#470,.T.);
#4236=EDGE_CURVE('',#5304,#5305,#471,.T.);
#4237=EDGE_CURVE('',#5305,#5306,#472,.T.);
#4238=EDGE_CURVE('',#5306,#5307,#473,.T.);
#4239=EDGE_CURVE('',#5307,#5308,#474,.T.);
#4240=EDGE_CURVE('',#5308,#5309,#475,.T.);
#4241=EDGE_CURVE('',#5309,#5310,#476,.T.);
#4242=EDGE_CURVE('',#5310,#5311,#477,.T.);
#4243=EDGE_CURVE('',#5311,#5312,#478,.T.);
#4244=EDGE_CURVE('',#5312,#5313,#479,.T.);
#4245=EDGE_CURVE('',#5313,#5314,#480,.T.);
#4246=EDGE_CURVE('',#5314,#5315,#481,.T.);
#4247=EDGE_CURVE('',#5315,#5292,#482,.T.);
#4248=EDGE_CURVE('',#5316,#5317,#483,.T.);
#4249=EDGE_CURVE('',#5317,#5318,#1087,.T.);
#4250=EDGE_CURVE('',#5318,#5319,#1088,.T.);
#4251=EDGE_CURVE('',#5319,#5320,#484,.T.);
#4252=EDGE_CURVE('',#5320,#5321,#485,.T.);
#4253=EDGE_CURVE('',#5321,#5322,#486,.T.);
#4254=EDGE_CURVE('',#5322,#5323,#487,.T.);
#4255=EDGE_CURVE('',#5323,#5324,#1089,.T.);
#4256=EDGE_CURVE('',#5324,#5325,#1090,.T.);
#4257=EDGE_CURVE('',#5325,#5326,#488,.T.);
#4258=EDGE_CURVE('',#5326,#5316,#489,.T.);
#4259=EDGE_CURVE('',#5327,#5328,#490,.T.);
#4260=EDGE_CURVE('',#5328,#5329,#491,.T.);
#4261=EDGE_CURVE('',#5329,#5330,#492,.T.);
#4262=EDGE_CURVE('',#5330,#5331,#493,.T.);
#4263=EDGE_CURVE('',#5331,#5332,#494,.T.);
#4264=EDGE_CURVE('',#5332,#5333,#495,.T.);
#4265=EDGE_CURVE('',#5333,#5334,#496,.T.);
#4266=EDGE_CURVE('',#5334,#5335,#497,.T.);
#4267=EDGE_CURVE('',#5335,#5336,#498,.T.);
#4268=EDGE_CURVE('',#5336,#5337,#499,.T.);
#4269=EDGE_CURVE('',#5337,#5327,#500,.T.);
#4270=EDGE_CURVE('',#5338,#5339,#501,.T.);
#4271=EDGE_CURVE('',#5339,#5340,#502,.T.);
#4272=EDGE_CURVE('',#5340,#5341,#503,.T.);
#4273=EDGE_CURVE('',#5341,#5342,#504,.T.);
#4274=EDGE_CURVE('',#5342,#5343,#505,.T.);
#4275=EDGE_CURVE('',#5343,#5344,#506,.T.);
#4276=EDGE_CURVE('',#5344,#5345,#507,.T.);
#4277=EDGE_CURVE('',#5345,#5346,#508,.T.);
#4278=EDGE_CURVE('',#5346,#5347,#509,.T.);
#4279=EDGE_CURVE('',#5347,#5348,#510,.T.);
#4280=EDGE_CURVE('',#5348,#5338,#511,.T.);
#4281=EDGE_CURVE('',#5349,#5350,#512,.T.);
#4282=EDGE_CURVE('',#5350,#5351,#513,.T.);
#4283=EDGE_CURVE('',#5351,#5352,#514,.T.);
#4284=EDGE_CURVE('',#5352,#5353,#515,.T.);
#4285=EDGE_CURVE('',#5353,#5354,#516,.T.);
#4286=EDGE_CURVE('',#5354,#5355,#517,.T.);
#4287=EDGE_CURVE('',#5355,#5356,#518,.T.);
#4288=EDGE_CURVE('',#5356,#5357,#519,.T.);
#4289=EDGE_CURVE('',#5357,#5358,#520,.T.);
#4290=EDGE_CURVE('',#5358,#5359,#521,.T.);
#4291=EDGE_CURVE('',#5359,#5360,#522,.T.);
#4292=EDGE_CURVE('',#5360,#5361,#523,.T.);
#4293=EDGE_CURVE('',#5361,#5362,#524,.T.);
#4294=EDGE_CURVE('',#5362,#5363,#525,.T.);
#4295=EDGE_CURVE('',#5363,#5349,#526,.T.);
#4296=EDGE_CURVE('',#5364,#5365,#527,.T.);
#4297=EDGE_CURVE('',#5365,#5366,#528,.T.);
#4298=EDGE_CURVE('',#5366,#5367,#529,.T.);
#4299=EDGE_CURVE('',#5367,#5368,#530,.T.);
#4300=EDGE_CURVE('',#5368,#5369,#531,.T.);
#4301=EDGE_CURVE('',#5369,#5370,#532,.T.);
#4302=EDGE_CURVE('',#5370,#5371,#533,.T.);
#4303=EDGE_CURVE('',#5371,#5372,#534,.T.);
#4304=EDGE_CURVE('',#5372,#5373,#535,.T.);
#4305=EDGE_CURVE('',#5373,#5374,#536,.T.);
#4306=EDGE_CURVE('',#5374,#5375,#537,.T.);
#4307=EDGE_CURVE('',#5375,#5376,#538,.T.);
#4308=EDGE_CURVE('',#5376,#5377,#539,.T.);
#4309=EDGE_CURVE('',#5377,#5378,#540,.T.);
#4310=EDGE_CURVE('',#5378,#5364,#541,.T.);
#4311=EDGE_CURVE('',#5379,#5380,#542,.T.);
#4312=EDGE_CURVE('',#5380,#5381,#543,.T.);
#4313=EDGE_CURVE('',#5381,#5382,#544,.T.);
#4314=EDGE_CURVE('',#5382,#5383,#545,.T.);
#4315=EDGE_CURVE('',#5383,#5384,#546,.T.);
#4316=EDGE_CURVE('',#5384,#5385,#547,.T.);
#4317=EDGE_CURVE('',#5385,#5386,#548,.T.);
#4318=EDGE_CURVE('',#5386,#5387,#549,.T.);
#4319=EDGE_CURVE('',#5387,#5388,#550,.T.);
#4320=EDGE_CURVE('',#5388,#5389,#551,.T.);
#4321=EDGE_CURVE('',#5389,#5390,#552,.T.);
#4322=EDGE_CURVE('',#5390,#5391,#553,.T.);
#4323=EDGE_CURVE('',#5391,#5392,#554,.T.);
#4324=EDGE_CURVE('',#5392,#5393,#555,.T.);
#4325=EDGE_CURVE('',#5393,#5394,#556,.T.);
#4326=EDGE_CURVE('',#5394,#5395,#557,.T.);
#4327=EDGE_CURVE('',#5395,#5396,#558,.T.);
#4328=EDGE_CURVE('',#5396,#5397,#559,.T.);
#4329=EDGE_CURVE('',#5397,#5398,#560,.T.);
#4330=EDGE_CURVE('',#5398,#5399,#561,.T.);
#4331=EDGE_CURVE('',#5399,#5400,#562,.T.);
#4332=EDGE_CURVE('',#5400,#5379,#563,.T.);
#4333=EDGE_CURVE('',#5401,#5402,#564,.T.);
#4334=EDGE_CURVE('',#5402,#5403,#565,.T.);
#4335=EDGE_CURVE('',#5403,#5404,#566,.T.);
#4336=EDGE_CURVE('',#5404,#5405,#567,.T.);
#4337=EDGE_CURVE('',#5405,#5406,#568,.T.);
#4338=EDGE_CURVE('',#5406,#5407,#569,.T.);
#4339=EDGE_CURVE('',#5407,#5408,#570,.T.);
#4340=EDGE_CURVE('',#5408,#5401,#571,.T.);
#4341=EDGE_CURVE('',#5409,#5410,#572,.T.);
#4342=EDGE_CURVE('',#5410,#5411,#573,.T.);
#4343=EDGE_CURVE('',#5411,#5412,#574,.T.);
#4344=EDGE_CURVE('',#5412,#5413,#575,.T.);
#4345=EDGE_CURVE('',#5413,#5414,#576,.T.);
#4346=EDGE_CURVE('',#5414,#5415,#577,.T.);
#4347=EDGE_CURVE('',#5415,#5416,#578,.T.);
#4348=EDGE_CURVE('',#5416,#5417,#579,.T.);
#4349=EDGE_CURVE('',#5417,#5418,#580,.T.);
#4350=EDGE_CURVE('',#5418,#5419,#581,.T.);
#4351=EDGE_CURVE('',#5419,#5420,#582,.T.);
#4352=EDGE_CURVE('',#5420,#5409,#5794,.T.);
#4353=EDGE_CURVE('',#5421,#5422,#583,.T.);
#4354=EDGE_CURVE('',#5422,#5423,#584,.T.);
#4355=EDGE_CURVE('',#5423,#5424,#585,.T.);
#4356=EDGE_CURVE('',#5424,#5425,#586,.T.);
#4357=EDGE_CURVE('',#5425,#5426,#587,.T.);
#4358=EDGE_CURVE('',#5426,#5427,#588,.T.);
#4359=EDGE_CURVE('',#5427,#5428,#589,.T.);
#4360=EDGE_CURVE('',#5428,#5429,#590,.T.);
#4361=EDGE_CURVE('',#5429,#5430,#591,.T.);
#4362=EDGE_CURVE('',#5430,#5431,#592,.T.);
#4363=EDGE_CURVE('',#5431,#5421,#593,.T.);
#4364=EDGE_CURVE('',#5432,#5433,#594,.T.);
#4365=EDGE_CURVE('',#5433,#5434,#595,.T.);
#4366=EDGE_CURVE('',#5434,#5435,#596,.T.);
#4367=EDGE_CURVE('',#5435,#5436,#597,.T.);
#4368=EDGE_CURVE('',#5436,#5437,#598,.T.);
#4369=EDGE_CURVE('',#5437,#5438,#599,.T.);
#4370=EDGE_CURVE('',#5438,#5439,#600,.T.);
#4371=EDGE_CURVE('',#5439,#5440,#601,.T.);
#4372=EDGE_CURVE('',#5440,#5441,#602,.T.);
#4373=EDGE_CURVE('',#5441,#5442,#603,.T.);
#4374=EDGE_CURVE('',#5442,#5443,#604,.T.);
#4375=EDGE_CURVE('',#5443,#5444,#605,.T.);
#4376=EDGE_CURVE('',#5444,#5445,#606,.T.);
#4377=EDGE_CURVE('',#5445,#5446,#607,.T.);
#4378=EDGE_CURVE('',#5446,#5432,#608,.T.);
#4379=EDGE_CURVE('',#5447,#5448,#609,.T.);
#4380=EDGE_CURVE('',#5448,#5449,#610,.T.);
#4381=EDGE_CURVE('',#5449,#5450,#611,.T.);
#4382=EDGE_CURVE('',#5450,#5451,#612,.T.);
#4383=EDGE_CURVE('',#5451,#5452,#613,.T.);
#4384=EDGE_CURVE('',#5452,#5453,#614,.T.);
#4385=EDGE_CURVE('',#5453,#5454,#615,.T.);
#4386=EDGE_CURVE('',#5454,#5455,#616,.T.);
#4387=EDGE_CURVE('',#5455,#5456,#617,.T.);
#4388=EDGE_CURVE('',#5456,#5457,#618,.T.);
#4389=EDGE_CURVE('',#5457,#5458,#619,.T.);
#4390=EDGE_CURVE('',#5458,#5459,#620,.T.);
#4391=EDGE_CURVE('',#5459,#5447,#621,.T.);
#4392=EDGE_CURVE('',#5460,#5461,#622,.T.);
#4393=EDGE_CURVE('',#5461,#5462,#623,.T.);
#4394=EDGE_CURVE('',#5462,#5463,#624,.T.);
#4395=EDGE_CURVE('',#5463,#5464,#625,.T.);
#4396=EDGE_CURVE('',#5464,#5465,#626,.T.);
#4397=EDGE_CURVE('',#5465,#5466,#627,.T.);
#4398=EDGE_CURVE('',#5466,#5467,#628,.T.);
#4399=EDGE_CURVE('',#5467,#5468,#629,.T.);
#4400=EDGE_CURVE('',#5468,#5469,#630,.T.);
#4401=EDGE_CURVE('',#5469,#5470,#631,.T.);
#4402=EDGE_CURVE('',#5470,#5471,#632,.T.);
#4403=EDGE_CURVE('',#5471,#5472,#633,.T.);
#4404=EDGE_CURVE('',#5472,#5473,#634,.T.);
#4405=EDGE_CURVE('',#5473,#5474,#635,.T.);
#4406=EDGE_CURVE('',#5474,#5475,#636,.T.);
#4407=EDGE_CURVE('',#5475,#5476,#637,.T.);
#4408=EDGE_CURVE('',#5476,#5477,#638,.T.);
#4409=EDGE_CURVE('',#5477,#5478,#639,.T.);
#4410=EDGE_CURVE('',#5478,#5479,#640,.T.);
#4411=EDGE_CURVE('',#5479,#5480,#641,.T.);
#4412=EDGE_CURVE('',#5480,#5481,#642,.T.);
#4413=EDGE_CURVE('',#5481,#5460,#643,.T.);
#4414=EDGE_CURVE('',#5482,#5483,#644,.T.);
#4415=EDGE_CURVE('',#5483,#5484,#645,.T.);
#4416=EDGE_CURVE('',#5484,#5485,#646,.T.);
#4417=EDGE_CURVE('',#5485,#5486,#647,.T.);
#4418=EDGE_CURVE('',#5486,#5487,#648,.T.);
#4419=EDGE_CURVE('',#5487,#5488,#649,.T.);
#4420=EDGE_CURVE('',#5488,#5489,#650,.T.);
#4421=EDGE_CURVE('',#5489,#5490,#651,.T.);
#4422=EDGE_CURVE('',#5490,#5491,#652,.T.);
#4423=EDGE_CURVE('',#5491,#5492,#653,.T.);
#4424=EDGE_CURVE('',#5492,#5493,#654,.T.);
#4425=EDGE_CURVE('',#5493,#5494,#655,.T.);
#4426=EDGE_CURVE('',#5494,#5495,#656,.T.);
#4427=EDGE_CURVE('',#5495,#5496,#657,.T.);
#4428=EDGE_CURVE('',#5496,#5482,#658,.T.);
#4429=EDGE_CURVE('',#5497,#5498,#659,.T.);
#4430=EDGE_CURVE('',#5498,#5499,#660,.T.);
#4431=EDGE_CURVE('',#5499,#5500,#661,.T.);
#4432=EDGE_CURVE('',#5500,#5501,#662,.T.);
#4433=EDGE_CURVE('',#5501,#5502,#663,.T.);
#4434=EDGE_CURVE('',#5502,#5503,#664,.T.);
#4435=EDGE_CURVE('',#5503,#5504,#665,.T.);
#4436=EDGE_CURVE('',#5504,#5505,#666,.T.);
#4437=EDGE_CURVE('',#5505,#5506,#667,.T.);
#4438=EDGE_CURVE('',#5506,#5507,#668,.T.);
#4439=EDGE_CURVE('',#5507,#5508,#669,.T.);
#4440=EDGE_CURVE('',#5508,#5497,#670,.T.);
#4441=EDGE_CURVE('',#5509,#5510,#671,.T.);
#4442=EDGE_CURVE('',#5510,#5511,#672,.T.);
#4443=EDGE_CURVE('',#5511,#5512,#673,.T.);
#4444=EDGE_CURVE('',#5512,#5513,#674,.T.);
#4445=EDGE_CURVE('',#5513,#5514,#675,.T.);
#4446=EDGE_CURVE('',#5514,#5515,#676,.T.);
#4447=EDGE_CURVE('',#5515,#5516,#677,.T.);
#4448=EDGE_CURVE('',#5516,#5509,#678,.T.);
#4449=EDGE_CURVE('',#5517,#5518,#679,.T.);
#4450=EDGE_CURVE('',#5518,#5519,#680,.T.);
#4451=EDGE_CURVE('',#5519,#5520,#681,.T.);
#4452=EDGE_CURVE('',#5520,#5521,#682,.T.);
#4453=EDGE_CURVE('',#5521,#5522,#683,.T.);
#4454=EDGE_CURVE('',#5522,#5523,#684,.T.);
#4455=EDGE_CURVE('',#5523,#5524,#685,.T.);
#4456=EDGE_CURVE('',#5524,#5525,#686,.T.);
#4457=EDGE_CURVE('',#5525,#5526,#687,.T.);
#4458=EDGE_CURVE('',#5526,#5527,#688,.T.);
#4459=EDGE_CURVE('',#5527,#5528,#689,.T.);
#4460=EDGE_CURVE('',#5528,#5529,#690,.T.);
#4461=EDGE_CURVE('',#5529,#5530,#691,.T.);
#4462=EDGE_CURVE('',#5530,#5531,#692,.T.);
#4463=EDGE_CURVE('',#5531,#5532,#693,.T.);
#4464=EDGE_CURVE('',#5532,#5533,#694,.T.);
#4465=EDGE_CURVE('',#5533,#5534,#695,.T.);
#4466=EDGE_CURVE('',#5534,#5535,#696,.T.);
#4467=EDGE_CURVE('',#5535,#5536,#697,.T.);
#4468=EDGE_CURVE('',#5536,#5537,#698,.T.);
#4469=EDGE_CURVE('',#5537,#5538,#699,.T.);
#4470=EDGE_CURVE('',#5538,#5539,#700,.T.);
#4471=EDGE_CURVE('',#5539,#5540,#701,.T.);
#4472=EDGE_CURVE('',#5540,#5541,#702,.T.);
#4473=EDGE_CURVE('',#5541,#5542,#703,.T.);
#4474=EDGE_CURVE('',#5542,#5543,#704,.T.);
#4475=EDGE_CURVE('',#5543,#5544,#705,.T.);
#4476=EDGE_CURVE('',#5544,#5545,#706,.T.);
#4477=EDGE_CURVE('',#5545,#5546,#707,.T.);
#4478=EDGE_CURVE('',#5546,#5547,#708,.T.);
#4479=EDGE_CURVE('',#5547,#5548,#709,.T.);
#4480=EDGE_CURVE('',#5548,#5549,#710,.T.);
#4481=EDGE_CURVE('',#5549,#5550,#711,.T.);
#4482=EDGE_CURVE('',#5550,#5551,#712,.T.);
#4483=EDGE_CURVE('',#5551,#5552,#713,.T.);
#4484=EDGE_CURVE('',#5552,#5553,#714,.T.);
#4485=EDGE_CURVE('',#5553,#5517,#715,.T.);
#4486=EDGE_CURVE('',#5554,#5555,#716,.T.);
#4487=EDGE_CURVE('',#5555,#5556,#717,.T.);
#4488=EDGE_CURVE('',#5556,#5557,#718,.T.);
#4489=EDGE_CURVE('',#5557,#5558,#719,.T.);
#4490=EDGE_CURVE('',#5558,#5559,#720,.T.);
#4491=EDGE_CURVE('',#5559,#5560,#721,.T.);
#4492=EDGE_CURVE('',#5560,#5561,#722,.T.);
#4493=EDGE_CURVE('',#5561,#5562,#723,.T.);
#4494=EDGE_CURVE('',#5562,#5563,#724,.T.);
#4495=EDGE_CURVE('',#5563,#5564,#725,.T.);
#4496=EDGE_CURVE('',#5564,#5565,#726,.T.);
#4497=EDGE_CURVE('',#5565,#5566,#727,.T.);
#4498=EDGE_CURVE('',#5566,#5567,#728,.T.);
#4499=EDGE_CURVE('',#5567,#5554,#729,.T.);
#4500=EDGE_CURVE('',#5568,#5569,#730,.T.);
#4501=EDGE_CURVE('',#5569,#5570,#731,.T.);
#4502=EDGE_CURVE('',#5570,#5571,#732,.T.);
#4503=EDGE_CURVE('',#5571,#5572,#733,.T.);
#4504=EDGE_CURVE('',#5572,#5573,#734,.T.);
#4505=EDGE_CURVE('',#5573,#5574,#735,.T.);
#4506=EDGE_CURVE('',#5574,#5575,#736,.T.);
#4507=EDGE_CURVE('',#5575,#5576,#737,.T.);
#4508=EDGE_CURVE('',#5576,#5577,#738,.T.);
#4509=EDGE_CURVE('',#5577,#5578,#739,.T.);
#4510=EDGE_CURVE('',#5578,#5579,#740,.T.);
#4511=EDGE_CURVE('',#5579,#5580,#741,.T.);
#4512=EDGE_CURVE('',#5580,#5581,#742,.T.);
#4513=EDGE_CURVE('',#5581,#5582,#743,.T.);
#4514=EDGE_CURVE('',#5582,#5583,#744,.T.);
#4515=EDGE_CURVE('',#5583,#5584,#745,.T.);
#4516=EDGE_CURVE('',#5584,#5585,#746,.T.);
#4517=EDGE_CURVE('',#5585,#5586,#747,.T.);
#4518=EDGE_CURVE('',#5586,#5587,#748,.T.);
#4519=EDGE_CURVE('',#5587,#5588,#749,.T.);
#4520=EDGE_CURVE('',#5588,#5589,#750,.T.);
#4521=EDGE_CURVE('',#5589,#5590,#751,.T.);
#4522=EDGE_CURVE('',#5590,#5591,#752,.T.);
#4523=EDGE_CURVE('',#5591,#5592,#753,.T.);
#4524=EDGE_CURVE('',#5592,#5593,#754,.T.);
#4525=EDGE_CURVE('',#5593,#5594,#755,.T.);
#4526=EDGE_CURVE('',#5594,#5595,#756,.T.);
#4527=EDGE_CURVE('',#5595,#5596,#757,.T.);
#4528=EDGE_CURVE('',#5596,#5597,#758,.T.);
#4529=EDGE_CURVE('',#5597,#5568,#759,.T.);
#4530=EDGE_CURVE('',#5598,#5599,#760,.T.);
#4531=EDGE_CURVE('',#5599,#5600,#1091,.T.);
#4532=EDGE_CURVE('',#5600,#5601,#1092,.T.);
#4533=EDGE_CURVE('',#5601,#5602,#761,.T.);
#4534=EDGE_CURVE('',#5602,#5603,#762,.T.);
#4535=EDGE_CURVE('',#5603,#5604,#763,.T.);
#4536=EDGE_CURVE('',#5604,#5605,#764,.T.);
#4537=EDGE_CURVE('',#5605,#5606,#1093,.T.);
#4538=EDGE_CURVE('',#5606,#5607,#1094,.T.);
#4539=EDGE_CURVE('',#5607,#5608,#765,.T.);
#4540=EDGE_CURVE('',#5608,#5598,#766,.T.);
#4541=EDGE_CURVE('',#5609,#5610,#767,.T.);
#4542=EDGE_CURVE('',#5610,#5611,#768,.T.);
#4543=EDGE_CURVE('',#5611,#5612,#769,.T.);
#4544=EDGE_CURVE('',#5612,#5613,#770,.T.);
#4545=EDGE_CURVE('',#5613,#5614,#771,.T.);
#4546=EDGE_CURVE('',#5614,#5615,#772,.T.);
#4547=EDGE_CURVE('',#5615,#5616,#773,.T.);
#4548=EDGE_CURVE('',#5616,#5617,#774,.T.);
#4549=EDGE_CURVE('',#5617,#5618,#775,.T.);
#4550=EDGE_CURVE('',#5618,#5619,#776,.T.);
#4551=EDGE_CURVE('',#5619,#5620,#777,.T.);
#4552=EDGE_CURVE('',#5620,#5621,#778,.T.);
#4553=EDGE_CURVE('',#5621,#5622,#779,.T.);
#4554=EDGE_CURVE('',#5622,#5623,#780,.T.);
#4555=EDGE_CURVE('',#5623,#5624,#781,.T.);
#4556=EDGE_CURVE('',#5624,#5625,#782,.T.);
#4557=EDGE_CURVE('',#5625,#5626,#783,.T.);
#4558=EDGE_CURVE('',#5626,#5627,#784,.T.);
#4559=EDGE_CURVE('',#5627,#5628,#785,.T.);
#4560=EDGE_CURVE('',#5628,#5629,#786,.T.);
#4561=EDGE_CURVE('',#5629,#5630,#787,.T.);
#4562=EDGE_CURVE('',#5630,#5631,#788,.T.);
#4563=EDGE_CURVE('',#5631,#5609,#789,.T.);
#4564=EDGE_CURVE('',#5632,#5633,#790,.T.);
#4565=EDGE_CURVE('',#5633,#5634,#791,.T.);
#4566=EDGE_CURVE('',#5634,#5635,#792,.T.);
#4567=EDGE_CURVE('',#5635,#5636,#793,.T.);
#4568=EDGE_CURVE('',#5636,#5637,#794,.T.);
#4569=EDGE_CURVE('',#5637,#5638,#795,.T.);
#4570=EDGE_CURVE('',#5638,#5639,#796,.T.);
#4571=EDGE_CURVE('',#5639,#5640,#797,.T.);
#4572=EDGE_CURVE('',#5640,#5641,#798,.T.);
#4573=EDGE_CURVE('',#5641,#5632,#799,.T.);
#4574=EDGE_CURVE('',#5642,#5643,#800,.T.);
#4575=EDGE_CURVE('',#5643,#5644,#1095,.T.);
#4576=EDGE_CURVE('',#5644,#5645,#1096,.T.);
#4577=EDGE_CURVE('',#5645,#5646,#801,.T.);
#4578=EDGE_CURVE('',#5646,#5647,#802,.T.);
#4579=EDGE_CURVE('',#5647,#5648,#803,.T.);
#4580=EDGE_CURVE('',#5648,#5649,#804,.T.);
#4581=EDGE_CURVE('',#5649,#5650,#1097,.T.);
#4582=EDGE_CURVE('',#5650,#5651,#1098,.T.);
#4583=EDGE_CURVE('',#5651,#5652,#805,.T.);
#4584=EDGE_CURVE('',#5652,#5642,#806,.T.);
#4585=EDGE_CURVE('',#5653,#5654,#807,.T.);
#4586=EDGE_CURVE('',#5654,#5655,#808,.T.);
#4587=EDGE_CURVE('',#5655,#5656,#809,.T.);
#4588=EDGE_CURVE('',#5656,#5657,#810,.T.);
#4589=EDGE_CURVE('',#5657,#5658,#811,.T.);
#4590=EDGE_CURVE('',#5658,#5659,#812,.T.);
#4591=EDGE_CURVE('',#5659,#5660,#813,.T.);
#4592=EDGE_CURVE('',#5660,#5661,#814,.T.);
#4593=EDGE_CURVE('',#5661,#5662,#815,.T.);
#4594=EDGE_CURVE('',#5662,#5663,#816,.T.);
#4595=EDGE_CURVE('',#5663,#5664,#817,.T.);
#4596=EDGE_CURVE('',#5664,#5665,#818,.T.);
#4597=EDGE_CURVE('',#5665,#5666,#819,.T.);
#4598=EDGE_CURVE('',#5666,#5667,#820,.T.);
#4599=EDGE_CURVE('',#5667,#5668,#821,.T.);
#4600=EDGE_CURVE('',#5668,#5669,#822,.T.);
#4601=EDGE_CURVE('',#5669,#5670,#823,.T.);
#4602=EDGE_CURVE('',#5670,#5671,#824,.T.);
#4603=EDGE_CURVE('',#5671,#5672,#825,.T.);
#4604=EDGE_CURVE('',#5672,#5673,#826,.T.);
#4605=EDGE_CURVE('',#5673,#5674,#827,.T.);
#4606=EDGE_CURVE('',#5674,#5675,#828,.T.);
#4607=EDGE_CURVE('',#5675,#5676,#829,.T.);
#4608=EDGE_CURVE('',#5676,#5677,#830,.T.);
#4609=EDGE_CURVE('',#5677,#5678,#831,.T.);
#4610=EDGE_CURVE('',#5678,#5679,#832,.T.);
#4611=EDGE_CURVE('',#5679,#5680,#833,.T.);
#4612=EDGE_CURVE('',#5680,#5681,#834,.T.);
#4613=EDGE_CURVE('',#5681,#5682,#835,.T.);
#4614=EDGE_CURVE('',#5682,#5683,#836,.T.);
#4615=EDGE_CURVE('',#5683,#5684,#837,.T.);
#4616=EDGE_CURVE('',#5684,#5685,#838,.T.);
#4617=EDGE_CURVE('',#5685,#5686,#839,.T.);
#4618=EDGE_CURVE('',#5686,#5687,#840,.T.);
#4619=EDGE_CURVE('',#5687,#5688,#841,.T.);
#4620=EDGE_CURVE('',#5688,#5689,#842,.T.);
#4621=EDGE_CURVE('',#5689,#5653,#843,.T.);
#4622=EDGE_CURVE('',#5690,#5691,#844,.T.);
#4623=EDGE_CURVE('',#5691,#5692,#845,.T.);
#4624=EDGE_CURVE('',#5692,#5693,#846,.T.);
#4625=EDGE_CURVE('',#5693,#5694,#847,.T.);
#4626=EDGE_CURVE('',#5694,#5695,#848,.T.);
#4627=EDGE_CURVE('',#5695,#5696,#849,.T.);
#4628=EDGE_CURVE('',#5696,#5697,#850,.T.);
#4629=EDGE_CURVE('',#5697,#5698,#851,.T.);
#4630=EDGE_CURVE('',#5698,#5699,#852,.T.);
#4631=EDGE_CURVE('',#5699,#5700,#853,.T.);
#4632=EDGE_CURVE('',#5700,#5701,#854,.T.);
#4633=EDGE_CURVE('',#5701,#5702,#855,.T.);
#4634=EDGE_CURVE('',#5702,#5703,#856,.T.);
#4635=EDGE_CURVE('',#5703,#5704,#857,.T.);
#4636=EDGE_CURVE('',#5704,#5705,#858,.T.);
#4637=EDGE_CURVE('',#5705,#5706,#859,.T.);
#4638=EDGE_CURVE('',#5706,#5707,#860,.T.);
#4639=EDGE_CURVE('',#5707,#5708,#861,.T.);
#4640=EDGE_CURVE('',#5708,#5709,#862,.T.);
#4641=EDGE_CURVE('',#5709,#5710,#863,.T.);
#4642=EDGE_CURVE('',#5710,#5711,#864,.T.);
#4643=EDGE_CURVE('',#5711,#5690,#865,.T.);
#4644=EDGE_CURVE('',#5712,#5713,#866,.T.);
#4645=EDGE_CURVE('',#5713,#5714,#867,.T.);
#4646=EDGE_CURVE('',#5714,#5715,#868,.T.);
#4647=EDGE_CURVE('',#5715,#5716,#869,.T.);
#4648=EDGE_CURVE('',#5716,#5717,#870,.T.);
#4649=EDGE_CURVE('',#5717,#5718,#871,.T.);
#4650=EDGE_CURVE('',#5718,#5719,#872,.T.);
#4651=EDGE_CURVE('',#5719,#5720,#873,.T.);
#4652=EDGE_CURVE('',#5720,#5721,#874,.T.);
#4653=EDGE_CURVE('',#5721,#5722,#875,.T.);
#4654=EDGE_CURVE('',#5722,#5723,#876,.T.);
#4655=EDGE_CURVE('',#5723,#5724,#877,.T.);
#4656=EDGE_CURVE('',#5724,#5725,#878,.T.);
#4657=EDGE_CURVE('',#5725,#5726,#879,.T.);
#4658=EDGE_CURVE('',#5726,#5727,#880,.T.);
#4659=EDGE_CURVE('',#5727,#5728,#881,.T.);
#4660=EDGE_CURVE('',#5728,#5729,#882,.T.);
#4661=EDGE_CURVE('',#5729,#5730,#883,.T.);
#4662=EDGE_CURVE('',#5730,#5731,#884,.T.);
#4663=EDGE_CURVE('',#5731,#5732,#885,.T.);
#4664=EDGE_CURVE('',#5732,#5733,#886,.T.);
#4665=EDGE_CURVE('',#5733,#5712,#887,.T.);
#4666=EDGE_CURVE('',#5734,#4956,#888,.T.);
#4667=EDGE_CURVE('',#4898,#5734,#5795,.T.);
#4668=EDGE_CURVE('',#5734,#4900,#889,.T.);
#4669=EDGE_CURVE('',#4978,#5734,#890,.T.);
#4670=EDGE_CURVE('',#4955,#5734,#1099,.T.);
#4671=EDGE_CURVE('',#4899,#5734,#1100,.T.);
#4672=EDGE_CURVE('',#5735,#5158,#891,.T.);
#4673=EDGE_CURVE('',#4895,#5735,#5796,.T.);
#4674=EDGE_CURVE('',#5735,#4897,#892,.T.);
#4675=EDGE_CURVE('',#5178,#5735,#893,.T.);
#4676=EDGE_CURVE('',#5157,#5735,#1101,.T.);
#4677=EDGE_CURVE('',#4896,#5735,#1102,.T.);
#4678=EDGE_CURVE('',#5736,#4877,#894,.T.);
#4679=EDGE_CURVE('',#4885,#5736,#5797,.T.);
#4680=EDGE_CURVE('',#5736,#4882,#5798,.T.);
#4681=EDGE_CURVE('',#4880,#5736,#895,.T.);
#4682=EDGE_CURVE('',#4876,#5736,#1103,.T.);
#4683=EDGE_CURVE('',#4881,#5736,#1104,.T.);
#4684=EDGE_CURVE('',#5737,#5410,#896,.T.);
#4685=EDGE_CURVE('',#4872,#5737,#5799,.T.);
#4686=EDGE_CURVE('',#5737,#4874,#1105,.T.);
#4687=EDGE_CURVE('',#5420,#5737,#5800,.T.);
#4688=EDGE_CURVE('',#5409,#5737,#1106,.T.);
#4689=EDGE_CURVE('',#4873,#5737,#1107,.T.);
#4690=EDGE_CURVE('',#5738,#5607,#1108,.T.);
#4691=EDGE_CURVE('',#4866,#5738,#1109,.T.);
#4692=EDGE_CURVE('',#5738,#4864,#1110,.T.);
#4693=EDGE_CURVE('',#5605,#5738,#1111,.T.);
#4694=EDGE_CURVE('',#5606,#5738,#1112,.T.);
#4695=EDGE_CURVE('',#4863,#5738,#1113,.T.);
#4696=EDGE_CURVE('',#5739,#5651,#1114,.T.);
#4697=EDGE_CURVE('',#4857,#5739,#1115,.T.);
#4698=EDGE_CURVE('',#5739,#4855,#1116,.T.);
#4699=EDGE_CURVE('',#5649,#5739,#1117,.T.);
#4700=EDGE_CURVE('',#5650,#5739,#1118,.T.);
#4701=EDGE_CURVE('',#4854,#5739,#1119,.T.);
#4702=EDGE_CURVE('',#5740,#5713,#897,.T.);
#4703=EDGE_CURVE('',#4851,#5740,#5801,.T.);
#4704=EDGE_CURVE('',#5740,#4853,#898,.T.);
#4705=EDGE_CURVE('',#5733,#5740,#899,.T.);
#4706=EDGE_CURVE('',#5712,#5740,#1120,.T.);
#4707=EDGE_CURVE('',#4852,#5740,#1121,.T.);
#4708=VERTEX_POINT('',#8092);
#4709=VERTEX_POINT('',#8094);
#4710=VERTEX_POINT('',#8096);
#4711=VERTEX_POINT('',#8098);
#4712=VERTEX_POINT('',#8100);
#4713=VERTEX_POINT('',#8101);
#4714=VERTEX_POINT('',#8103);
#4715=VERTEX_POINT('',#8105);
#4716=VERTEX_POINT('',#8107);
#4717=VERTEX_POINT('',#8109);
#4718=VERTEX_POINT('',#8111);
#4719=VERTEX_POINT('',#8113);
#4720=VERTEX_POINT('',#8117);
#4721=VERTEX_POINT('',#8119);
#4722=VERTEX_POINT('',#8123);
#4723=VERTEX_POINT('',#8127);
#4724=VERTEX_POINT('',#8131);
#4725=VERTEX_POINT('',#8133);
#4726=VERTEX_POINT('',#8135);
#4727=VERTEX_POINT('',#8137);
#4728=VERTEX_POINT('',#8141);
#4729=VERTEX_POINT('',#8145);
#4730=VERTEX_POINT('',#8147);
#4731=VERTEX_POINT('',#8149);
#4732=VERTEX_POINT('',#8153);
#4733=VERTEX_POINT('',#8157);
#4734=VERTEX_POINT('',#8159);
#4735=VERTEX_POINT('',#8161);
#4736=VERTEX_POINT('',#8165);
#4737=VERTEX_POINT('',#8168);
#4738=VERTEX_POINT('',#8171);
#4739=VERTEX_POINT('',#8174);
#4740=VERTEX_POINT('',#8177);
#4741=VERTEX_POINT('',#8178);
#4742=VERTEX_POINT('',#8180);
#4743=VERTEX_POINT('',#8182);
#4744=VERTEX_POINT('',#8186);
#4745=VERTEX_POINT('',#8188);
#4746=VERTEX_POINT('',#8192);
#4747=VERTEX_POINT('',#8194);
#4748=VERTEX_POINT('',#8201);
#4749=VERTEX_POINT('',#8203);
#4750=VERTEX_POINT('',#8206);
#4751=VERTEX_POINT('',#8207);
#4752=VERTEX_POINT('',#8209);
#4753=VERTEX_POINT('',#8211);
#4754=VERTEX_POINT('',#8213);
#4755=VERTEX_POINT('',#8215);
#4756=VERTEX_POINT('',#8217);
#4757=VERTEX_POINT('',#8219);
#4758=VERTEX_POINT('',#8223);
#4759=VERTEX_POINT('',#8224);
#4760=VERTEX_POINT('',#8226);
#4761=VERTEX_POINT('',#8229);
#4762=VERTEX_POINT('',#8231);
#4763=VERTEX_POINT('',#8233);
#4764=VERTEX_POINT('',#8237);
#4765=VERTEX_POINT('',#8238);
#4766=VERTEX_POINT('',#8240);
#4767=VERTEX_POINT('',#8242);
#4768=VERTEX_POINT('',#8245);
#4769=VERTEX_POINT('',#8247);
#4770=VERTEX_POINT('',#8249);
#4771=VERTEX_POINT('',#8251);
#4772=VERTEX_POINT('',#8253);
#4773=VERTEX_POINT('',#8255);
#4774=VERTEX_POINT('',#8257);
#4775=VERTEX_POINT('',#8261);
#4776=VERTEX_POINT('',#8263);
#4777=VERTEX_POINT('',#8266);
#4778=VERTEX_POINT('',#8270);
#4779=VERTEX_POINT('',#8272);
#4780=VERTEX_POINT('',#8273);
#4781=VERTEX_POINT('',#8275);
#4782=VERTEX_POINT('',#8277);
#4783=VERTEX_POINT('',#8279);
#4784=VERTEX_POINT('',#8281);
#4785=VERTEX_POINT('',#8283);
#4786=VERTEX_POINT('',#8285);
#4787=VERTEX_POINT('',#8287);
#4788=VERTEX_POINT('',#8289);
#4789=VERTEX_POINT('',#8291);
#4790=VERTEX_POINT('',#8293);
#4791=VERTEX_POINT('',#8295);
#4792=VERTEX_POINT('',#8297);
#4793=VERTEX_POINT('',#8299);
#4794=VERTEX_POINT('',#8301);
#4795=VERTEX_POINT('',#8305);
#4796=VERTEX_POINT('',#8307);
#4797=VERTEX_POINT('',#8310);
#4798=VERTEX_POINT('',#8312);
#4799=VERTEX_POINT('',#8315);
#4800=VERTEX_POINT('',#8317);
#4801=VERTEX_POINT('',#8320);
#4802=VERTEX_POINT('',#8322);
#4803=VERTEX_POINT('',#8326);
#4804=VERTEX_POINT('',#8328);
#4805=VERTEX_POINT('',#8340);
#4806=VERTEX_POINT('',#8342);
#4807=VERTEX_POINT('',#8354);
#4808=VERTEX_POINT('',#8356);
#4809=VERTEX_POINT('',#8368);
#4810=VERTEX_POINT('',#8370);
#4811=VERTEX_POINT('',#8386);
#4812=VERTEX_POINT('',#8390);
#4813=VERTEX_POINT('',#8392);
#4814=VERTEX_POINT('',#8396);
#4815=VERTEX_POINT('',#8398);
#4816=VERTEX_POINT('',#8400);
#4817=VERTEX_POINT('',#8402);
#4818=VERTEX_POINT('',#8406);
#4819=VERTEX_POINT('',#8410);
#4820=VERTEX_POINT('',#8418);
#4821=VERTEX_POINT('',#8420);
#4822=VERTEX_POINT('',#8424);
#4823=VERTEX_POINT('',#8428);
#4824=VERTEX_POINT('',#8474);
#4825=VERTEX_POINT('',#8475);
#4826=VERTEX_POINT('',#8477);
#4827=VERTEX_POINT('',#8480);
#4828=VERTEX_POINT('',#8482);
#4829=VERTEX_POINT('',#8485);
#4830=VERTEX_POINT('',#8487);
#4831=VERTEX_POINT('',#8489);
#4832=VERTEX_POINT('',#8491);
#4833=VERTEX_POINT('',#8493);
#4834=VERTEX_POINT('',#8495);
#4835=VERTEX_POINT('',#8497);
#4836=VERTEX_POINT('',#8501);
#4837=VERTEX_POINT('',#8502);
#4838=VERTEX_POINT('',#8505);
#4839=VERTEX_POINT('',#8510);
#4840=VERTEX_POINT('',#8513);
#4841=VERTEX_POINT('',#8518);
#4842=VERTEX_POINT('',#8520);
#4843=VERTEX_POINT('',#8529);
#4844=VERTEX_POINT('',#8530);
#4845=VERTEX_POINT('',#8540);
#4846=VERTEX_POINT('',#8542);
#4847=VERTEX_POINT('',#8551);
#4848=VERTEX_POINT('',#8553);
#4849=VERTEX_POINT('',#8580);
#4850=VERTEX_POINT('',#8601);
#4851=VERTEX_POINT('',#8604);
#4852=VERTEX_POINT('',#8605);
#4853=VERTEX_POINT('',#8610);
#4854=VERTEX_POINT('',#8617);
#4855=VERTEX_POINT('',#8618);
#4856=VERTEX_POINT('',#8623);
#4857=VERTEX_POINT('',#8628);
#4858=VERTEX_POINT('',#8632);
#4859=VERTEX_POINT('',#8633);
#4860=VERTEX_POINT('',#8638);
#4861=VERTEX_POINT('',#8643);
#4862=VERTEX_POINT('',#8648);
#4863=VERTEX_POINT('',#8652);
#4864=VERTEX_POINT('',#8653);
#4865=VERTEX_POINT('',#8658);
#4866=VERTEX_POINT('',#8663);
#4867=VERTEX_POINT('',#8667);
#4868=VERTEX_POINT('',#8668);
#4869=VERTEX_POINT('',#8673);
#4870=VERTEX_POINT('',#8678);
#4871=VERTEX_POINT('',#8683);
#4872=VERTEX_POINT('',#8687);
#4873=VERTEX_POINT('',#8688);
#4874=VERTEX_POINT('',#8690);
#4875=VERTEX_POINT('',#8695);
#4876=VERTEX_POINT('',#8706);
#4877=VERTEX_POINT('',#8707);
#4878=VERTEX_POINT('',#8712);
#4879=VERTEX_POINT('',#8717);
#4880=VERTEX_POINT('',#8722);
#4881=VERTEX_POINT('',#8730);
#4882=VERTEX_POINT('',#8731);
#4883=VERTEX_POINT('',#8736);
#4884=VERTEX_POINT('',#8741);
#4885=VERTEX_POINT('',#8746);
#4886=VERTEX_POINT('',#8750);
#4887=VERTEX_POINT('',#8751);
#4888=VERTEX_POINT('',#8756);
#4889=VERTEX_POINT('',#8761);
#4890=VERTEX_POINT('',#8765);
#4891=VERTEX_POINT('',#8766);
#4892=VERTEX_POINT('',#8771);
#4893=VERTEX_POINT('',#8776);
#4894=VERTEX_POINT('',#8781);
#4895=VERTEX_POINT('',#8785);
#4896=VERTEX_POINT('',#8786);
#4897=VERTEX_POINT('',#8791);
#4898=VERTEX_POINT('',#8798);
#4899=VERTEX_POINT('',#8799);
#4900=VERTEX_POINT('',#8804);
#4901=VERTEX_POINT('',#8814);
#4902=VERTEX_POINT('',#8815);
#4903=VERTEX_POINT('',#8820);
#4904=VERTEX_POINT('',#8825);
#4905=VERTEX_POINT('',#8830);
#4906=VERTEX_POINT('',#8835);
#4907=VERTEX_POINT('',#8840);
#4908=VERTEX_POINT('',#8845);
#4909=VERTEX_POINT('',#8850);
#4910=VERTEX_POINT('',#8855);
#4911=VERTEX_POINT('',#8860);
#4912=VERTEX_POINT('',#8865);
#4913=VERTEX_POINT('',#8870);
#4914=VERTEX_POINT('',#8875);
#4915=VERTEX_POINT('',#8880);
#4916=VERTEX_POINT('',#8885);
#4917=VERTEX_POINT('',#8890);
#4918=VERTEX_POINT('',#8895);
#4919=VERTEX_POINT('',#8900);
#4920=VERTEX_POINT('',#8905);
#4921=VERTEX_POINT('',#8910);
#4922=VERTEX_POINT('',#8915);
#4923=VERTEX_POINT('',#8920);
#4924=VERTEX_POINT('',#8925);
#4925=VERTEX_POINT('',#8934);
#4926=VERTEX_POINT('',#8935);
#4927=VERTEX_POINT('',#8940);
#4928=VERTEX_POINT('',#8945);
#4929=VERTEX_POINT('',#8950);
#4930=VERTEX_POINT('',#8955);
#4931=VERTEX_POINT('',#8960);
#4932=VERTEX_POINT('',#8965);
#4933=VERTEX_POINT('',#8970);
#4934=VERTEX_POINT('',#8975);
#4935=VERTEX_POINT('',#8980);
#4936=VERTEX_POINT('',#8985);
#4937=VERTEX_POINT('',#8990);
#4938=VERTEX_POINT('',#8995);
#4939=VERTEX_POINT('',#9000);
#4940=VERTEX_POINT('',#9005);
#4941=VERTEX_POINT('',#9010);
#4942=VERTEX_POINT('',#9015);
#4943=VERTEX_POINT('',#9020);
#4944=VERTEX_POINT('',#9025);
#4945=VERTEX_POINT('',#9030);
#4946=VERTEX_POINT('',#9035);
#4947=VERTEX_POINT('',#9040);
#4948=VERTEX_POINT('',#9045);
#4949=VERTEX_POINT('',#9050);
#4950=VERTEX_POINT('',#9055);
#4951=VERTEX_POINT('',#9060);
#4952=VERTEX_POINT('',#9065);
#4953=VERTEX_POINT('',#9070);
#4954=VERTEX_POINT('',#9075);
#4955=VERTEX_POINT('',#9085);
#4956=VERTEX_POINT('',#9086);
#4957=VERTEX_POINT('',#9091);
#4958=VERTEX_POINT('',#9096);
#4959=VERTEX_POINT('',#9101);
#4960=VERTEX_POINT('',#9106);
#4961=VERTEX_POINT('',#9111);
#4962=VERTEX_POINT('',#9116);
#4963=VERTEX_POINT('',#9121);
#4964=VERTEX_POINT('',#9126);
#4965=VERTEX_POINT('',#9131);
#4966=VERTEX_POINT('',#9136);
#4967=VERTEX_POINT('',#9141);
#4968=VERTEX_POINT('',#9146);
#4969=VERTEX_POINT('',#9151);
#4970=VERTEX_POINT('',#9156);
#4971=VERTEX_POINT('',#9161);
#4972=VERTEX_POINT('',#9166);
#4973=VERTEX_POINT('',#9171);
#4974=VERTEX_POINT('',#9176);
#4975=VERTEX_POINT('',#9181);
#4976=VERTEX_POINT('',#9186);
#4977=VERTEX_POINT('',#9191);
#4978=VERTEX_POINT('',#9196);
#4979=VERTEX_POINT('',#9206);
#4980=VERTEX_POINT('',#9207);
#4981=VERTEX_POINT('',#9212);
#4982=VERTEX_POINT('',#9217);
#4983=VERTEX_POINT('',#9222);
#4984=VERTEX_POINT('',#9227);
#4985=VERTEX_POINT('',#9236);
#4986=VERTEX_POINT('',#9237);
#4987=VERTEX_POINT('',#9242);
#4988=VERTEX_POINT('',#9247);
#4989=VERTEX_POINT('',#9252);
#4990=VERTEX_POINT('',#9257);
#4991=VERTEX_POINT('',#9262);
#4992=VERTEX_POINT('',#9267);
#4993=VERTEX_POINT('',#9278);
#4994=VERTEX_POINT('',#9279);
#4995=VERTEX_POINT('',#9284);
#4996=VERTEX_POINT('',#9289);
#4997=VERTEX_POINT('',#9294);
#4998=VERTEX_POINT('',#9299);
#4999=VERTEX_POINT('',#9304);
#5000=VERTEX_POINT('',#9309);
#5001=VERTEX_POINT('',#9314);
#5002=VERTEX_POINT('',#9319);
#5003=VERTEX_POINT('',#9324);
#5004=VERTEX_POINT('',#9329);
#5005=VERTEX_POINT('',#9339);
#5006=VERTEX_POINT('',#9340);
#5007=VERTEX_POINT('',#9347);
#5008=VERTEX_POINT('',#9352);
#5009=VERTEX_POINT('',#9360);
#5010=VERTEX_POINT('',#9368);
#5011=VERTEX_POINT('',#9376);
#5012=VERTEX_POINT('',#9384);
#5013=VERTEX_POINT('',#9392);
#5014=VERTEX_POINT('',#9397);
#5015=VERTEX_POINT('',#9402);
#5016=VERTEX_POINT('',#9408);
#5017=VERTEX_POINT('',#9415);
#5018=VERTEX_POINT('',#9422);
#5019=VERTEX_POINT('',#9433);
#5020=VERTEX_POINT('',#9434);
#5021=VERTEX_POINT('',#9439);
#5022=VERTEX_POINT('',#9444);
#5023=VERTEX_POINT('',#9449);
#5024=VERTEX_POINT('',#9454);
#5025=VERTEX_POINT('',#9463);
#5026=VERTEX_POINT('',#9464);
#5027=VERTEX_POINT('',#9469);
#5028=VERTEX_POINT('',#9474);
#5029=VERTEX_POINT('',#9483);
#5030=VERTEX_POINT('',#9484);
#5031=VERTEX_POINT('',#9489);
#5032=VERTEX_POINT('',#9494);
#5033=VERTEX_POINT('',#9503);
#5034=VERTEX_POINT('',#9504);
#5035=VERTEX_POINT('',#9509);
#5036=VERTEX_POINT('',#9514);
#5037=VERTEX_POINT('',#9519);
#5038=VERTEX_POINT('',#9524);
#5039=VERTEX_POINT('',#9529);
#5040=VERTEX_POINT('',#9534);
#5041=VERTEX_POINT('',#9546);
#5042=VERTEX_POINT('',#9547);
#5043=VERTEX_POINT('',#9552);
#5044=VERTEX_POINT('',#9557);
#5045=VERTEX_POINT('',#9562);
#5046=VERTEX_POINT('',#9567);
#5047=VERTEX_POINT('',#9572);
#5048=VERTEX_POINT('',#9577);
#5049=VERTEX_POINT('',#9582);
#5050=VERTEX_POINT('',#9587);
#5051=VERTEX_POINT('',#9592);
#5052=VERTEX_POINT('',#9597);
#5053=VERTEX_POINT('',#9609);
#5054=VERTEX_POINT('',#9610);
#5055=VERTEX_POINT('',#9618);
#5056=VERTEX_POINT('',#9624);
#5057=VERTEX_POINT('',#9629);
#5058=VERTEX_POINT('',#9634);
#5059=VERTEX_POINT('',#9639);
#5060=VERTEX_POINT('',#9644);
#5061=VERTEX_POINT('',#9649);
#5062=VERTEX_POINT('',#9654);
#5063=VERTEX_POINT('',#9659);
#5064=VERTEX_POINT('',#9667);
#5065=VERTEX_POINT('',#9674);
#5066=VERTEX_POINT('',#9692);
#5067=VERTEX_POINT('',#9693);
#5068=VERTEX_POINT('',#9706);
#5069=VERTEX_POINT('',#9727);
#5070=VERTEX_POINT('',#9776);
#5071=VERTEX_POINT('',#9781);
#5072=VERTEX_POINT('',#9800);
#5073=VERTEX_POINT('',#9801);
#5074=VERTEX_POINT('',#9806);
#5075=VERTEX_POINT('',#9811);
#5076=VERTEX_POINT('',#9816);
#5077=VERTEX_POINT('',#9821);
#5078=VERTEX_POINT('',#9826);
#5079=VERTEX_POINT('',#9831);
#5080=VERTEX_POINT('',#9836);
#5081=VERTEX_POINT('',#9841);
#5082=VERTEX_POINT('',#9846);
#5083=VERTEX_POINT('',#9851);
#5084=VERTEX_POINT('',#9856);
#5085=VERTEX_POINT('',#9861);
#5086=VERTEX_POINT('',#9866);
#5087=VERTEX_POINT('',#9871);
#5088=VERTEX_POINT('',#9876);
#5089=VERTEX_POINT('',#9881);
#5090=VERTEX_POINT('',#9886);
#5091=VERTEX_POINT('',#9891);
#5092=VERTEX_POINT('',#9896);
#5093=VERTEX_POINT('',#9901);
#5094=VERTEX_POINT('',#9906);
#5095=VERTEX_POINT('',#9911);
#5096=VERTEX_POINT('',#9916);
#5097=VERTEX_POINT('',#9921);
#5098=VERTEX_POINT('',#9926);
#5099=VERTEX_POINT('',#9931);
#5100=VERTEX_POINT('',#9936);
#5101=VERTEX_POINT('',#9941);
#5102=VERTEX_POINT('',#9946);
#5103=VERTEX_POINT('',#9951);
#5104=VERTEX_POINT('',#9956);
#5105=VERTEX_POINT('',#9961);
#5106=VERTEX_POINT('',#9966);
#5107=VERTEX_POINT('',#9971);
#5108=VERTEX_POINT('',#9976);
#5109=VERTEX_POINT('',#9981);
#5110=VERTEX_POINT('',#9986);
#5111=VERTEX_POINT('',#9998);
#5112=VERTEX_POINT('',#9999);
#5113=VERTEX_POINT('',#10004);
#5114=VERTEX_POINT('',#10009);
#5115=VERTEX_POINT('',#10014);
#5116=VERTEX_POINT('',#10019);
#5117=VERTEX_POINT('',#10024);
#5118=VERTEX_POINT('',#10029);
#5119=VERTEX_POINT('',#10034);
#5120=VERTEX_POINT('',#10039);
#5121=VERTEX_POINT('',#10044);
#5122=VERTEX_POINT('',#10049);
#5123=VERTEX_POINT('',#10058);
#5124=VERTEX_POINT('',#10059);
#5125=VERTEX_POINT('',#10064);
#5126=VERTEX_POINT('',#10069);
#5127=VERTEX_POINT('',#10078);
#5128=VERTEX_POINT('',#10079);
#5129=VERTEX_POINT('',#10084);
#5130=VERTEX_POINT('',#10089);
#5131=VERTEX_POINT('',#10094);
#5132=VERTEX_POINT('',#10099);
#5133=VERTEX_POINT('',#10104);
#5134=VERTEX_POINT('',#10109);
#5135=VERTEX_POINT('',#10114);
#5136=VERTEX_POINT('',#10119);
#5137=VERTEX_POINT('',#10124);
#5138=VERTEX_POINT('',#10129);
#5139=VERTEX_POINT('',#10134);
#5140=VERTEX_POINT('',#10139);
#5141=VERTEX_POINT('',#10144);
#5142=VERTEX_POINT('',#10149);
#5143=VERTEX_POINT('',#10154);
#5144=VERTEX_POINT('',#10159);
#5145=VERTEX_POINT('',#10164);
#5146=VERTEX_POINT('',#10169);
#5147=VERTEX_POINT('',#10174);
#5148=VERTEX_POINT('',#10179);
#5149=VERTEX_POINT('',#10184);
#5150=VERTEX_POINT('',#10189);
#5151=VERTEX_POINT('',#10194);
#5152=VERTEX_POINT('',#10199);
#5153=VERTEX_POINT('',#10204);
#5154=VERTEX_POINT('',#10209);
#5155=VERTEX_POINT('',#10214);
#5156=VERTEX_POINT('',#10219);
#5157=VERTEX_POINT('',#10229);
#5158=VERTEX_POINT('',#10230);
#5159=VERTEX_POINT('',#10235);
#5160=VERTEX_POINT('',#10240);
#5161=VERTEX_POINT('',#10245);
#5162=VERTEX_POINT('',#10250);
#5163=VERTEX_POINT('',#10255);
#5164=VERTEX_POINT('',#10260);
#5165=VERTEX_POINT('',#10265);
#5166=VERTEX_POINT('',#10270);
#5167=VERTEX_POINT('',#10275);
#5168=VERTEX_POINT('',#10280);
#5169=VERTEX_POINT('',#10285);
#5170=VERTEX_POINT('',#10290);
#5171=VERTEX_POINT('',#10295);
#5172=VERTEX_POINT('',#10300);
#5173=VERTEX_POINT('',#10305);
#5174=VERTEX_POINT('',#10310);
#5175=VERTEX_POINT('',#10315);
#5176=VERTEX_POINT('',#10320);
#5177=VERTEX_POINT('',#10325);
#5178=VERTEX_POINT('',#10330);
#5179=VERTEX_POINT('',#10340);
#5180=VERTEX_POINT('',#10341);
#5181=VERTEX_POINT('',#10346);
#5182=VERTEX_POINT('',#10351);
#5183=VERTEX_POINT('',#10360);
#5184=VERTEX_POINT('',#10361);
#5185=VERTEX_POINT('',#10366);
#5186=VERTEX_POINT('',#10371);
#5187=VERTEX_POINT('',#10376);
#5188=VERTEX_POINT('',#10381);
#5189=VERTEX_POINT('',#10386);
#5190=VERTEX_POINT('',#10391);
#5191=VERTEX_POINT('',#10396);
#5192=VERTEX_POINT('',#10401);
#5193=VERTEX_POINT('',#10406);
#5194=VERTEX_POINT('',#10411);
#5195=VERTEX_POINT('',#10416);
#5196=VERTEX_POINT('',#10421);
#5197=VERTEX_POINT('',#10426);
#5198=VERTEX_POINT('',#10431);
#5199=VERTEX_POINT('',#10436);
#5200=VERTEX_POINT('',#10441);
#5201=VERTEX_POINT('',#10453);
#5202=VERTEX_POINT('',#10454);
#5203=VERTEX_POINT('',#10462);
#5204=VERTEX_POINT('',#10467);
#5205=VERTEX_POINT('',#10472);
#5206=VERTEX_POINT('',#10480);
#5207=VERTEX_POINT('',#10485);
#5208=VERTEX_POINT('',#10490);
#5209=VERTEX_POINT('',#10498);
#5210=VERTEX_POINT('',#10506);
#5211=VERTEX_POINT('',#10514);
#5212=VERTEX_POINT('',#10522);
#5213=VERTEX_POINT('',#10534);
#5214=VERTEX_POINT('',#10535);
#5215=VERTEX_POINT('',#10540);
#5216=VERTEX_POINT('',#10545);
#5217=VERTEX_POINT('',#10550);
#5218=VERTEX_POINT('',#10555);
#5219=VERTEX_POINT('',#10560);
#5220=VERTEX_POINT('',#10565);
#5221=VERTEX_POINT('',#10570);
#5222=VERTEX_POINT('',#10575);
#5223=VERTEX_POINT('',#10580);
#5224=VERTEX_POINT('',#10585);
#5225=VERTEX_POINT('',#10590);
#5226=VERTEX_POINT('',#10595);
#5227=VERTEX_POINT('',#10600);
#5228=VERTEX_POINT('',#10605);
#5229=VERTEX_POINT('',#10610);
#5230=VERTEX_POINT('',#10615);
#5231=VERTEX_POINT('',#10623);
#5232=VERTEX_POINT('',#10628);
#5233=VERTEX_POINT('',#10636);
#5234=VERTEX_POINT('',#10641);
#5235=VERTEX_POINT('',#10646);
#5236=VERTEX_POINT('',#10651);
#5237=VERTEX_POINT('',#10656);
#5238=VERTEX_POINT('',#10661);
#5239=VERTEX_POINT('',#10666);
#5240=VERTEX_POINT('',#10671);
#5241=VERTEX_POINT('',#10676);
#5242=VERTEX_POINT('',#10685);
#5243=VERTEX_POINT('',#10686);
#5244=VERTEX_POINT('',#10691);
#5245=VERTEX_POINT('',#10696);
#5246=VERTEX_POINT('',#10701);
#5247=VERTEX_POINT('',#10706);
#5248=VERTEX_POINT('',#10711);
#5249=VERTEX_POINT('',#10716);
#5250=VERTEX_POINT('',#10721);
#5251=VERTEX_POINT('',#10726);
#5252=VERTEX_POINT('',#10731);
#5253=VERTEX_POINT('',#10736);
#5254=VERTEX_POINT('',#10741);
#5255=VERTEX_POINT('',#10746);
#5256=VERTEX_POINT('',#10751);
#5257=VERTEX_POINT('',#10756);
#5258=VERTEX_POINT('',#10761);
#5259=VERTEX_POINT('',#10766);
#5260=VERTEX_POINT('',#10771);
#5261=VERTEX_POINT('',#10776);
#5262=VERTEX_POINT('',#10781);
#5263=VERTEX_POINT('',#10786);
#5264=VERTEX_POINT('',#10795);
#5265=VERTEX_POINT('',#10796);
#5266=VERTEX_POINT('',#10801);
#5267=VERTEX_POINT('',#10806);
#5268=VERTEX_POINT('',#10811);
#5269=VERTEX_POINT('',#10816);
#5270=VERTEX_POINT('',#10821);
#5271=VERTEX_POINT('',#10826);
#5272=VERTEX_POINT('',#10831);
#5273=VERTEX_POINT('',#10836);
#5274=VERTEX_POINT('',#10841);
#5275=VERTEX_POINT('',#10850);
#5276=VERTEX_POINT('',#10851);
#5277=VERTEX_POINT('',#10856);
#5278=VERTEX_POINT('',#10861);
#5279=VERTEX_POINT('',#10866);
#5280=VERTEX_POINT('',#10871);
#5281=VERTEX_POINT('',#10880);
#5282=VERTEX_POINT('',#10881);
#5283=VERTEX_POINT('',#10886);
#5284=VERTEX_POINT('',#10891);
#5285=VERTEX_POINT('',#10896);
#5286=VERTEX_POINT('',#10901);
#5287=VERTEX_POINT('',#10906);
#5288=VERTEX_POINT('',#10911);
#5289=VERTEX_POINT('',#10918);
#5290=VERTEX_POINT('',#10923);
#5291=VERTEX_POINT('',#10931);
#5292=VERTEX_POINT('',#10940);
#5293=VERTEX_POINT('',#10941);
#5294=VERTEX_POINT('',#10946);
#5295=VERTEX_POINT('',#10951);
#5296=VERTEX_POINT('',#10956);
#5297=VERTEX_POINT('',#10961);
#5298=VERTEX_POINT('',#10966);
#5299=VERTEX_POINT('',#10971);
#5300=VERTEX_POINT('',#10976);
#5301=VERTEX_POINT('',#10981);
#5302=VERTEX_POINT('',#10986);
#5303=VERTEX_POINT('',#10991);
#5304=VERTEX_POINT('',#10996);
#5305=VERTEX_POINT('',#11001);
#5306=VERTEX_POINT('',#11006);
#5307=VERTEX_POINT('',#11011);
#5308=VERTEX_POINT('',#11016);
#5309=VERTEX_POINT('',#11021);
#5310=VERTEX_POINT('',#11026);
#5311=VERTEX_POINT('',#11031);
#5312=VERTEX_POINT('',#11036);
#5313=VERTEX_POINT('',#11041);
#5314=VERTEX_POINT('',#11046);
#5315=VERTEX_POINT('',#11051);
#5316=VERTEX_POINT('',#11060);
#5317=VERTEX_POINT('',#11061);
#5318=VERTEX_POINT('',#11063);
#5319=VERTEX_POINT('',#11065);
#5320=VERTEX_POINT('',#11070);
#5321=VERTEX_POINT('',#11075);
#5322=VERTEX_POINT('',#11080);
#5323=VERTEX_POINT('',#11085);
#5324=VERTEX_POINT('',#11087);
#5325=VERTEX_POINT('',#11089);
#5326=VERTEX_POINT('',#11094);
#5327=VERTEX_POINT('',#11103);
#5328=VERTEX_POINT('',#11104);
#5329=VERTEX_POINT('',#11109);
#5330=VERTEX_POINT('',#11114);
#5331=VERTEX_POINT('',#11119);
#5332=VERTEX_POINT('',#11124);
#5333=VERTEX_POINT('',#11129);
#5334=VERTEX_POINT('',#11134);
#5335=VERTEX_POINT('',#11141);
#5336=VERTEX_POINT('',#11146);
#5337=VERTEX_POINT('',#11154);
#5338=VERTEX_POINT('',#11163);
#5339=VERTEX_POINT('',#11164);
#5340=VERTEX_POINT('',#11169);
#5341=VERTEX_POINT('',#11174);
#5342=VERTEX_POINT('',#11179);
#5343=VERTEX_POINT('',#11184);
#5344=VERTEX_POINT('',#11189);
#5345=VERTEX_POINT('',#11194);
#5346=VERTEX_POINT('',#11199);
#5347=VERTEX_POINT('',#11204);
#5348=VERTEX_POINT('',#11209);
#5349=VERTEX_POINT('',#11218);
#5350=VERTEX_POINT('',#11219);
#5351=VERTEX_POINT('',#11227);
#5352=VERTEX_POINT('',#11232);
#5353=VERTEX_POINT('',#11237);
#5354=VERTEX_POINT('',#11242);
#5355=VERTEX_POINT('',#11247);
#5356=VERTEX_POINT('',#11254);
#5357=VERTEX_POINT('',#11259);
#5358=VERTEX_POINT('',#11264);
#5359=VERTEX_POINT('',#11272);
#5360=VERTEX_POINT('',#11277);
#5361=VERTEX_POINT('',#11282);
#5362=VERTEX_POINT('',#11289);
#5363=VERTEX_POINT('',#11294);
#5364=VERTEX_POINT('',#11303);
#5365=VERTEX_POINT('',#11304);
#5366=VERTEX_POINT('',#11312);
#5367=VERTEX_POINT('',#11317);
#5368=VERTEX_POINT('',#11322);
#5369=VERTEX_POINT('',#11327);
#5370=VERTEX_POINT('',#11332);
#5371=VERTEX_POINT('',#11339);
#5372=VERTEX_POINT('',#11344);
#5373=VERTEX_POINT('',#11349);
#5374=VERTEX_POINT('',#11357);
#5375=VERTEX_POINT('',#11362);
#5376=VERTEX_POINT('',#11367);
#5377=VERTEX_POINT('',#11374);
#5378=VERTEX_POINT('',#11379);
#5379=VERTEX_POINT('',#11388);
#5380=VERTEX_POINT('',#11389);
#5381=VERTEX_POINT('',#11394);
#5382=VERTEX_POINT('',#11399);
#5383=VERTEX_POINT('',#11404);
#5384=VERTEX_POINT('',#11409);
#5385=VERTEX_POINT('',#11414);
#5386=VERTEX_POINT('',#11419);
#5387=VERTEX_POINT('',#11424);
#5388=VERTEX_POINT('',#11429);
#5389=VERTEX_POINT('',#11434);
#5390=VERTEX_POINT('',#11439);
#5391=VERTEX_POINT('',#11444);
#5392=VERTEX_POINT('',#11449);
#5393=VERTEX_POINT('',#11454);
#5394=VERTEX_POINT('',#11459);
#5395=VERTEX_POINT('',#11464);
#5396=VERTEX_POINT('',#11469);
#5397=VERTEX_POINT('',#11474);
#5398=VERTEX_POINT('',#11479);
#5399=VERTEX_POINT('',#11484);
#5400=VERTEX_POINT('',#11489);
#5401=VERTEX_POINT('',#11498);
#5402=VERTEX_POINT('',#11499);
#5403=VERTEX_POINT('',#11504);
#5404=VERTEX_POINT('',#11509);
#5405=VERTEX_POINT('',#11514);
#5406=VERTEX_POINT('',#11519);
#5407=VERTEX_POINT('',#11524);
#5408=VERTEX_POINT('',#11529);
#5409=VERTEX_POINT('',#11539);
#5410=VERTEX_POINT('',#11540);
#5411=VERTEX_POINT('',#11545);
#5412=VERTEX_POINT('',#11550);
#5413=VERTEX_POINT('',#11555);
#5414=VERTEX_POINT('',#11560);
#5415=VERTEX_POINT('',#11565);
#5416=VERTEX_POINT('',#11570);
#5417=VERTEX_POINT('',#11575);
#5418=VERTEX_POINT('',#11580);
#5419=VERTEX_POINT('',#11585);
#5420=VERTEX_POINT('',#11590);
#5421=VERTEX_POINT('',#11596);
#5422=VERTEX_POINT('',#11597);
#5423=VERTEX_POINT('',#11602);
#5424=VERTEX_POINT('',#11607);
#5425=VERTEX_POINT('',#11612);
#5426=VERTEX_POINT('',#11617);
#5427=VERTEX_POINT('',#11622);
#5428=VERTEX_POINT('',#11627);
#5429=VERTEX_POINT('',#11632);
#5430=VERTEX_POINT('',#11637);
#5431=VERTEX_POINT('',#11642);
#5432=VERTEX_POINT('',#11651);
#5433=VERTEX_POINT('',#11652);
#5434=VERTEX_POINT('',#11657);
#5435=VERTEX_POINT('',#11662);
#5436=VERTEX_POINT('',#11667);
#5437=VERTEX_POINT('',#11675);
#5438=VERTEX_POINT('',#11680);
#5439=VERTEX_POINT('',#11685);
#5440=VERTEX_POINT('',#11690);
#5441=VERTEX_POINT('',#11695);
#5442=VERTEX_POINT('',#11700);
#5443=VERTEX_POINT('',#11705);
#5444=VERTEX_POINT('',#11710);
#5445=VERTEX_POINT('',#11715);
#5446=VERTEX_POINT('',#11720);
#5447=VERTEX_POINT('',#11732);
#5448=VERTEX_POINT('',#11733);
#5449=VERTEX_POINT('',#11741);
#5450=VERTEX_POINT('',#11747);
#5451=VERTEX_POINT('',#11752);
#5452=VERTEX_POINT('',#11757);
#5453=VERTEX_POINT('',#11762);
#5454=VERTEX_POINT('',#11767);
#5455=VERTEX_POINT('',#11772);
#5456=VERTEX_POINT('',#11777);
#5457=VERTEX_POINT('',#11782);
#5458=VERTEX_POINT('',#11790);
#5459=VERTEX_POINT('',#11797);
#5460=VERTEX_POINT('',#11809);
#5461=VERTEX_POINT('',#11810);
#5462=VERTEX_POINT('',#11815);
#5463=VERTEX_POINT('',#11820);
#5464=VERTEX_POINT('',#11825);
#5465=VERTEX_POINT('',#11830);
#5466=VERTEX_POINT('',#11835);
#5467=VERTEX_POINT('',#11840);
#5468=VERTEX_POINT('',#11845);
#5469=VERTEX_POINT('',#11850);
#5470=VERTEX_POINT('',#11855);
#5471=VERTEX_POINT('',#11860);
#5472=VERTEX_POINT('',#11865);
#5473=VERTEX_POINT('',#11870);
#5474=VERTEX_POINT('',#11875);
#5475=VERTEX_POINT('',#11884);
#5476=VERTEX_POINT('',#11889);
#5477=VERTEX_POINT('',#11894);
#5478=VERTEX_POINT('',#11899);
#5479=VERTEX_POINT('',#11904);
#5480=VERTEX_POINT('',#11909);
#5481=VERTEX_POINT('',#11914);
#5482=VERTEX_POINT('',#11923);
#5483=VERTEX_POINT('',#11924);
#5484=VERTEX_POINT('',#11932);
#5485=VERTEX_POINT('',#11937);
#5486=VERTEX_POINT('',#11942);
#5487=VERTEX_POINT('',#11947);
#5488=VERTEX_POINT('',#11952);
#5489=VERTEX_POINT('',#11960);
#5490=VERTEX_POINT('',#11965);
#5491=VERTEX_POINT('',#11970);
#5492=VERTEX_POINT('',#11978);
#5493=VERTEX_POINT('',#11983);
#5494=VERTEX_POINT('',#11988);
#5495=VERTEX_POINT('',#11996);
#5496=VERTEX_POINT('',#12001);
#5497=VERTEX_POINT('',#12013);
#5498=VERTEX_POINT('',#12014);
#5499=VERTEX_POINT('',#12022);
#5500=VERTEX_POINT('',#12027);
#5501=VERTEX_POINT('',#12032);
#5502=VERTEX_POINT('',#12040);
#5503=VERTEX_POINT('',#12045);
#5504=VERTEX_POINT('',#12050);
#5505=VERTEX_POINT('',#12058);
#5506=VERTEX_POINT('',#12066);
#5507=VERTEX_POINT('',#12074);
#5508=VERTEX_POINT('',#12082);
#5509=VERTEX_POINT('',#12097);
#5510=VERTEX_POINT('',#12098);
#5511=VERTEX_POINT('',#12106);
#5512=VERTEX_POINT('',#12111);
#5513=VERTEX_POINT('',#12116);
#5514=VERTEX_POINT('',#12121);
#5515=VERTEX_POINT('',#12126);
#5516=VERTEX_POINT('',#12131);
#5517=VERTEX_POINT('',#12144);
#5518=VERTEX_POINT('',#12145);
#5519=VERTEX_POINT('',#12150);
#5520=VERTEX_POINT('',#12155);
#5521=VERTEX_POINT('',#12160);
#5522=VERTEX_POINT('',#12165);
#5523=VERTEX_POINT('',#12170);
#5524=VERTEX_POINT('',#12175);
#5525=VERTEX_POINT('',#12180);
#5526=VERTEX_POINT('',#12185);
#5527=VERTEX_POINT('',#12190);
#5528=VERTEX_POINT('',#12195);
#5529=VERTEX_POINT('',#12200);
#5530=VERTEX_POINT('',#12205);
#5531=VERTEX_POINT('',#12210);
#5532=VERTEX_POINT('',#12215);
#5533=VERTEX_POINT('',#12220);
#5534=VERTEX_POINT('',#12225);
#5535=VERTEX_POINT('',#12230);
#5536=VERTEX_POINT('',#12235);
#5537=VERTEX_POINT('',#12240);
#5538=VERTEX_POINT('',#12245);
#5539=VERTEX_POINT('',#12250);
#5540=VERTEX_POINT('',#12255);
#5541=VERTEX_POINT('',#12260);
#5542=VERTEX_POINT('',#12265);
#5543=VERTEX_POINT('',#12270);
#5544=VERTEX_POINT('',#12275);
#5545=VERTEX_POINT('',#12280);
#5546=VERTEX_POINT('',#12285);
#5547=VERTEX_POINT('',#12290);
#5548=VERTEX_POINT('',#12295);
#5549=VERTEX_POINT('',#12300);
#5550=VERTEX_POINT('',#12305);
#5551=VERTEX_POINT('',#12310);
#5552=VERTEX_POINT('',#12315);
#5553=VERTEX_POINT('',#12320);
#5554=VERTEX_POINT('',#12329);
#5555=VERTEX_POINT('',#12330);
#5556=VERTEX_POINT('',#12335);
#5557=VERTEX_POINT('',#12340);
#5558=VERTEX_POINT('',#12345);
#5559=VERTEX_POINT('',#12350);
#5560=VERTEX_POINT('',#12355);
#5561=VERTEX_POINT('',#12360);
#5562=VERTEX_POINT('',#12365);
#5563=VERTEX_POINT('',#12370);
#5564=VERTEX_POINT('',#12375);
#5565=VERTEX_POINT('',#12380);
#5566=VERTEX_POINT('',#12385);
#5567=VERTEX_POINT('',#12390);
#5568=VERTEX_POINT('',#12399);
#5569=VERTEX_POINT('',#12400);
#5570=VERTEX_POINT('',#12405);
#5571=VERTEX_POINT('',#12410);
#5572=VERTEX_POINT('',#12415);
#5573=VERTEX_POINT('',#12420);
#5574=VERTEX_POINT('',#12425);
#5575=VERTEX_POINT('',#12430);
#5576=VERTEX_POINT('',#12435);
#5577=VERTEX_POINT('',#12440);
#5578=VERTEX_POINT('',#12445);
#5579=VERTEX_POINT('',#12450);
#5580=VERTEX_POINT('',#12455);
#5581=VERTEX_POINT('',#12460);
#5582=VERTEX_POINT('',#12465);
#5583=VERTEX_POINT('',#12470);
#5584=VERTEX_POINT('',#12475);
#5585=VERTEX_POINT('',#12480);
#5586=VERTEX_POINT('',#12485);
#5587=VERTEX_POINT('',#12490);
#5588=VERTEX_POINT('',#12495);
#5589=VERTEX_POINT('',#12500);
#5590=VERTEX_POINT('',#12505);
#5591=VERTEX_POINT('',#12510);
#5592=VERTEX_POINT('',#12515);
#5593=VERTEX_POINT('',#12520);
#5594=VERTEX_POINT('',#12525);
#5595=VERTEX_POINT('',#12530);
#5596=VERTEX_POINT('',#12535);
#5597=VERTEX_POINT('',#12540);
#5598=VERTEX_POINT('',#12549);
#5599=VERTEX_POINT('',#12550);
#5600=VERTEX_POINT('',#12552);
#5601=VERTEX_POINT('',#12554);
#5602=VERTEX_POINT('',#12559);
#5603=VERTEX_POINT('',#12564);
#5604=VERTEX_POINT('',#12569);
#5605=VERTEX_POINT('',#12574);
#5606=VERTEX_POINT('',#12576);
#5607=VERTEX_POINT('',#12578);
#5608=VERTEX_POINT('',#12583);
#5609=VERTEX_POINT('',#12595);
#5610=VERTEX_POINT('',#12596);
#5611=VERTEX_POINT('',#12604);
#5612=VERTEX_POINT('',#12609);
#5613=VERTEX_POINT('',#12614);
#5614=VERTEX_POINT('',#12619);
#5615=VERTEX_POINT('',#12624);
#5616=VERTEX_POINT('',#12629);
#5617=VERTEX_POINT('',#12634);
#5618=VERTEX_POINT('',#12639);
#5619=VERTEX_POINT('',#12644);
#5620=VERTEX_POINT('',#12649);
#5621=VERTEX_POINT('',#12654);
#5622=VERTEX_POINT('',#12659);
#5623=VERTEX_POINT('',#12664);
#5624=VERTEX_POINT('',#12669);
#5625=VERTEX_POINT('',#12674);
#5626=VERTEX_POINT('',#12679);
#5627=VERTEX_POINT('',#12684);
#5628=VERTEX_POINT('',#12689);
#5629=VERTEX_POINT('',#12694);
#5630=VERTEX_POINT('',#12699);
#5631=VERTEX_POINT('',#12704);
#5632=VERTEX_POINT('',#12715);
#5633=VERTEX_POINT('',#12716);
#5634=VERTEX_POINT('',#12721);
#5635=VERTEX_POINT('',#12726);
#5636=VERTEX_POINT('',#12731);
#5637=VERTEX_POINT('',#12736);
#5638=VERTEX_POINT('',#12741);
#5639=VERTEX_POINT('',#12746);
#5640=VERTEX_POINT('',#12751);
#5641=VERTEX_POINT('',#12756);
#5642=VERTEX_POINT('',#12765);
#5643=VERTEX_POINT('',#12766);
#5644=VERTEX_POINT('',#12768);
#5645=VERTEX_POINT('',#12770);
#5646=VERTEX_POINT('',#12775);
#5647=VERTEX_POINT('',#12780);
#5648=VERTEX_POINT('',#12785);
#5649=VERTEX_POINT('',#12790);
#5650=VERTEX_POINT('',#12792);
#5651=VERTEX_POINT('',#12794);
#5652=VERTEX_POINT('',#12799);
#5653=VERTEX_POINT('',#12808);
#5654=VERTEX_POINT('',#12809);
#5655=VERTEX_POINT('',#12814);
#5656=VERTEX_POINT('',#12819);
#5657=VERTEX_POINT('',#12824);
#5658=VERTEX_POINT('',#12829);
#5659=VERTEX_POINT('',#12834);
#5660=VERTEX_POINT('',#12839);
#5661=VERTEX_POINT('',#12844);
#5662=VERTEX_POINT('',#12849);
#5663=VERTEX_POINT('',#12854);
#5664=VERTEX_POINT('',#12859);
#5665=VERTEX_POINT('',#12864);
#5666=VERTEX_POINT('',#12869);
#5667=VERTEX_POINT('',#12874);
#5668=VERTEX_POINT('',#12879);
#5669=VERTEX_POINT('',#12884);
#5670=VERTEX_POINT('',#12889);
#5671=VERTEX_POINT('',#12894);
#5672=VERTEX_POINT('',#12899);
#5673=VERTEX_POINT('',#12904);
#5674=VERTEX_POINT('',#12909);
#5675=VERTEX_POINT('',#12914);
#5676=VERTEX_POINT('',#12919);
#5677=VERTEX_POINT('',#12924);
#5678=VERTEX_POINT('',#12929);
#5679=VERTEX_POINT('',#12934);
#5680=VERTEX_POINT('',#12939);
#5681=VERTEX_POINT('',#12944);
#5682=VERTEX_POINT('',#12949);
#5683=VERTEX_POINT('',#12954);
#5684=VERTEX_POINT('',#12959);
#5685=VERTEX_POINT('',#12964);
#5686=VERTEX_POINT('',#12969);
#5687=VERTEX_POINT('',#12974);
#5688=VERTEX_POINT('',#12979);
#5689=VERTEX_POINT('',#12984);
#5690=VERTEX_POINT('',#12993);
#5691=VERTEX_POINT('',#12994);
#5692=VERTEX_POINT('',#12999);
#5693=VERTEX_POINT('',#13004);
#5694=VERTEX_POINT('',#13009);
#5695=VERTEX_POINT('',#13014);
#5696=VERTEX_POINT('',#13019);
#5697=VERTEX_POINT('',#13024);
#5698=VERTEX_POINT('',#13029);
#5699=VERTEX_POINT('',#13034);
#5700=VERTEX_POINT('',#13039);
#5701=VERTEX_POINT('',#13044);
#5702=VERTEX_POINT('',#13049);
#5703=VERTEX_POINT('',#13054);
#5704=VERTEX_POINT('',#13059);
#5705=VERTEX_POINT('',#13064);
#5706=VERTEX_POINT('',#13069);
#5707=VERTEX_POINT('',#13074);
#5708=VERTEX_POINT('',#13079);
#5709=VERTEX_POINT('',#13084);
#5710=VERTEX_POINT('',#13089);
#5711=VERTEX_POINT('',#13094);
#5712=VERTEX_POINT('',#13104);
#5713=VERTEX_POINT('',#13105);
#5714=VERTEX_POINT('',#13110);
#5715=VERTEX_POINT('',#13115);
#5716=VERTEX_POINT('',#13120);
#5717=VERTEX_POINT('',#13125);
#5718=VERTEX_POINT('',#13130);
#5719=VERTEX_POINT('',#13135);
#5720=VERTEX_POINT('',#13140);
#5721=VERTEX_POINT('',#13145);
#5722=VERTEX_POINT('',#13150);
#5723=VERTEX_POINT('',#13155);
#5724=VERTEX_POINT('',#13160);
#5725=VERTEX_POINT('',#13165);
#5726=VERTEX_POINT('',#13170);
#5727=VERTEX_POINT('',#13175);
#5728=VERTEX_POINT('',#13180);
#5729=VERTEX_POINT('',#13185);
#5730=VERTEX_POINT('',#13190);
#5731=VERTEX_POINT('',#13195);
#5732=VERTEX_POINT('',#13200);
#5733=VERTEX_POINT('',#13205);
#5734=VERTEX_POINT('',#13219);
#5735=VERTEX_POINT('',#13287);
#5736=VERTEX_POINT('',#13353);
#5737=VERTEX_POINT('',#13405);
#5738=VERTEX_POINT('',#13452);
#5739=VERTEX_POINT('',#13466);
#5740=VERTEX_POINT('',#13484);
#5741=CIRCLE('',#7247,0.001);
#5742=CIRCLE('',#7248,0.001);
#5743=CIRCLE('',#7249,0.001);
#5744=CIRCLE('',#7250,0.001);
#5745=CIRCLE('',#7251,0.002);
#5746=CIRCLE('',#7252,0.002);
#5747=CIRCLE('',#7253,0.002);
#5748=CIRCLE('',#7254,0.002);
#5749=CIRCLE('',#7256,0.002);
#5750=CIRCLE('',#7259,0.002);
#5751=CIRCLE('',#7262,0.002);
#5752=CIRCLE('',#7265,0.002);
#5753=CIRCLE('',#7268,0.001);
#5754=CIRCLE('',#7270,0.001);
#5755=CIRCLE('',#7272,0.001);
#5756=CIRCLE('',#7274,0.001);
#5757=CIRCLE('',#7280,0.003);
#5758=CIRCLE('',#7281,0.003125);
#5759=CIRCLE('',#7286,0.003125);
#5760=CIRCLE('',#7287,0.003625);
#5761=CIRCLE('',#7289,0.003625);
#5762=CIRCLE('',#7292,0.00075);
#5763=CIRCLE('',#7293,0.003);
#5764=CIRCLE('',#7294,0.002);
#5765=CIRCLE('',#7295,0.003);
#5766=CIRCLE('',#7296,0.002);
#5767=CIRCLE('',#7297,0.003);
#5768=CIRCLE('',#7298,0.002);
#5769=CIRCLE('',#7299,0.003);
#5770=CIRCLE('',#7300,0.002);
#5771=CIRCLE('',#7302,0.003);
#5772=CIRCLE('',#7303,0.003);
#5773=CIRCLE('',#7304,0.003);
#5774=CIRCLE('',#7305,0.003);
#5775=CIRCLE('',#7307,0.0025);
#5776=CIRCLE('',#7311,0.0025);
#5777=CIRCLE('',#7315,0.0025);
#5778=CIRCLE('',#7319,0.0025);
#5779=CIRCLE('',#7327,0.00075);
#5780=CIRCLE('',#7344,0.0005);
#5781=CIRCLE('',#7345,0.0005);
#5782=CIRCLE('',#7346,0.0005);
#5783=CIRCLE('',#7347,0.0005);
#5784=CIRCLE('',#7351,0.0005);
#5785=CIRCLE('',#7356,0.0005);
#5786=CIRCLE('',#7361,0.0005);
#5787=CIRCLE('',#7366,0.0005);
#5788=CIRCLE('',#7373,0.00338637423784241);
#5789=CIRCLE('',#7379,0.00124459085969973);
#5790=CIRCLE('',#7382,0.000717322986237491);
#5791=CIRCLE('',#7383,0.00105055127826773);
#5792=CIRCLE('',#7387,0.0040020511992544);
#5793=CIRCLE('',#7389,0.00184473759056263);
#5794=CIRCLE('',#7391,0.00169759608782962);
#5795=CIRCLE('',#7395,0.00184473759056263);
#5796=CIRCLE('',#7412,0.0040020511992544);
#5797=CIRCLE('',#7429,0.00105055127826773);
#5798=CIRCLE('',#7430,0.000717322986237491);
#5799=CIRCLE('',#7432,0.00124459085969973);
#5800=CIRCLE('',#7433,0.00169759608782962);
#5801=CIRCLE('',#7460,0.00338637423784241);
#5802=EDGE_LOOP('',(#1315));
#5803=EDGE_LOOP('',(#1316));
#5804=EDGE_LOOP('',(#1317));
#5805=EDGE_LOOP('',(#1318));
#5806=EDGE_LOOP('',(#1319,#1320,#1321,#1322,#1323,#1324,#1325,#1326));
#5807=EDGE_LOOP('',(#1327,#1328,#1329,#1330));
#5808=EDGE_LOOP('',(#1331,#1332,#1333,#1334));
#5809=EDGE_LOOP('',(#1335,#1336,#1337,#1338));
#5810=EDGE_LOOP('',(#1339,#1340,#1341,#1342,#1343,#1344,#1345));
#5811=EDGE_LOOP('',(#1346,#1347,#1348,#1349));
#5812=EDGE_LOOP('',(#1350,#1351,#1352,#1353,#1354,#1355));
#5813=EDGE_LOOP('',(#1356,#1357,#1358,#1359));
#5814=EDGE_LOOP('',(#1360,#1361,#1362,#1363,#1364,#1365,#1366));
#5815=EDGE_LOOP('',(#1367));
#5816=EDGE_LOOP('',(#1368));
#5817=EDGE_LOOP('',(#1369));
#5818=EDGE_LOOP('',(#1370));
#5819=EDGE_LOOP('',(#1371));
#5820=EDGE_LOOP('',(#1372));
#5821=EDGE_LOOP('',(#1373));
#5822=EDGE_LOOP('',(#1374));
#5823=EDGE_LOOP('',(#1375,#1376,#1377,#1378));
#5824=EDGE_LOOP('',(#1379,#1380,#1381,#1382));
#5825=EDGE_LOOP('',(#1383,#1384,#1385,#1386));
#5826=EDGE_LOOP('',(#1387,#1388,#1389,#1390));
#5827=EDGE_LOOP('',(#1391));
#5828=EDGE_LOOP('',(#1392));
#5829=EDGE_LOOP('',(#1393,#1394,#1395,#1396,#1397,#1398,#1399,#1400));
#5830=EDGE_LOOP('',(#1401,#1402,#1403,#1404,#1405,#1406,#1407,#1408));
#5831=EDGE_LOOP('',(#1409,#1410,#1411,#1412));
#5832=EDGE_LOOP('',(#1413,#1414,#1415,#1416));
#5833=EDGE_LOOP('',(#1417,#1418,#1419,#1420,#1421,#1422,#1423,#1424,#1425,
#1426));
#5834=EDGE_LOOP('',(#1427));
#5835=EDGE_LOOP('',(#1428));
#5836=EDGE_LOOP('',(#1429));
#5837=EDGE_LOOP('',(#1430));
#5838=EDGE_LOOP('',(#1431));
#5839=EDGE_LOOP('',(#1432));
#5840=EDGE_LOOP('',(#1433));
#5841=EDGE_LOOP('',(#1434,#1435,#1436,#1437,#1438,#1439,#1440,#1441,#1442,
#1443,#1444,#1445,#1446,#1447,#1448,#1449));
#5842=EDGE_LOOP('',(#1450));
#5843=EDGE_LOOP('',(#1451,#1452,#1453,#1454,#1455,#1456,#1457,#1458,#1459,
#1460,#1461,#1462,#1463,#1464,#1465,#1466));
#5844=EDGE_LOOP('',(#1467,#1468,#1469,#1470));
#5845=EDGE_LOOP('',(#1471,#1472,#1473,#1474));
#5846=EDGE_LOOP('',(#1475,#1476,#1477,#1478));
#5847=EDGE_LOOP('',(#1479,#1480,#1481,#1482));
#5848=EDGE_LOOP('',(#1483,#1484,#1485,#1486));
#5849=EDGE_LOOP('',(#1487,#1488,#1489,#1490));
#5850=EDGE_LOOP('',(#1491,#1492,#1493,#1494));
#5851=EDGE_LOOP('',(#1495,#1496,#1497,#1498));
#5852=EDGE_LOOP('',(#1499,#1500,#1501,#1502));
#5853=EDGE_LOOP('',(#1503,#1504,#1505,#1506));
#5854=EDGE_LOOP('',(#1507,#1508,#1509,#1510));
#5855=EDGE_LOOP('',(#1511,#1512,#1513,#1514));
#5856=EDGE_LOOP('',(#1515,#1516,#1517,#1518));
#5857=EDGE_LOOP('',(#1519,#1520,#1521,#1522));
#5858=EDGE_LOOP('',(#1523,#1524,#1525,#1526));
#5859=EDGE_LOOP('',(#1527,#1528,#1529,#1530));
#5860=EDGE_LOOP('',(#1531));
#5861=EDGE_LOOP('',(#1532));
#5862=EDGE_LOOP('',(#1533));
#5863=EDGE_LOOP('',(#1534,#1535,#1536,#1537));
#5864=EDGE_LOOP('',(#1538,#1539,#1540,#1541,#1542,#1543));
#5865=EDGE_LOOP('',(#1544,#1545,#1546,#1547));
#5866=EDGE_LOOP('',(#1548,#1549,#1550,#1551));
#5867=EDGE_LOOP('',(#1552,#1553,#1554,#1555,#1556,#1557));
#5868=EDGE_LOOP('',(#1558,#1559,#1560,#1561));
#5869=EDGE_LOOP('',(#1562,#1563,#1564,#1565));
#5870=EDGE_LOOP('',(#1566,#1567,#1568,#1569));
#5871=EDGE_LOOP('',(#1570,#1571,#1572,#1573));
#5872=EDGE_LOOP('',(#1574,#1575,#1576,#1577));
#5873=EDGE_LOOP('',(#1578));
#5874=EDGE_LOOP('',(#1579,#1580,#1581,#1582));
#5875=EDGE_LOOP('',(#1583));
#5876=EDGE_LOOP('',(#1584,#1585));
#5877=EDGE_LOOP('',(#1586));
#5878=EDGE_LOOP('',(#1587,#1588));
#5879=EDGE_LOOP('',(#1589));
#5880=EDGE_LOOP('',(#1590,#1591,#1592,#1593));
#5881=EDGE_LOOP('',(#1594));
#5882=EDGE_LOOP('',(#1595,#1596,#1597,#1598,#1599,#1600,#1601,#1602,#1603,
#1604,#1605,#1606,#1607,#1608,#1609,#1610));
#5883=EDGE_LOOP('',(#1611,#1612,#1613,#1614,#1615,#1616,#1617,#1618));
#5884=EDGE_LOOP('',(#1619,#1620,#1621,#1622,#1623,#1624,#1625,#1626,#1627,
#1628,#1629,#1630));
#5885=EDGE_LOOP('',(#1631,#1632,#1633,#1634,#1635));
#5886=EDGE_LOOP('',(#1636,#1637,#1638,#1639));
#5887=EDGE_LOOP('',(#1640,#1641,#1642,#1643));
#5888=EDGE_LOOP('',(#1644,#1645,#1646,#1647));
#5889=EDGE_LOOP('',(#1648,#1649,#1650,#1651,#1652));
#5890=EDGE_LOOP('',(#1653,#1654,#1655,#1656));
#5891=EDGE_LOOP('',(#1657,#1658,#1659,#1660));
#5892=EDGE_LOOP('',(#1661,#1662,#1663,#1664));
#5893=EDGE_LOOP('',(#1665,#1666,#1667,#1668,#1669));
#5894=EDGE_LOOP('',(#1670,#1671,#1672,#1673));
#5895=EDGE_LOOP('',(#1674,#1675,#1676,#1677));
#5896=EDGE_LOOP('',(#1678,#1679,#1680,#1681));
#5897=EDGE_LOOP('',(#1682,#1683,#1684,#1685,#1686));
#5898=EDGE_LOOP('',(#1687,#1688,#1689,#1690));
#5899=EDGE_LOOP('',(#1691,#1692,#1693,#1694));
#5900=EDGE_LOOP('',(#1695,#1696,#1697,#1698));
#5901=EDGE_LOOP('',(#1699));
#5902=EDGE_LOOP('',(#1700));
#5903=EDGE_LOOP('',(#1701,#1702,#1703));
#5904=EDGE_LOOP('',(#1704,#1705,#1706,#1707));
#5905=EDGE_LOOP('',(#1708,#1709,#1710,#1711,#1712));
#5906=EDGE_LOOP('',(#1713,#1714,#1715,#1716));
#5907=EDGE_LOOP('',(#1717,#1718,#1719,#1720,#1721));
#5908=EDGE_LOOP('',(#1722,#1723,#1724,#1725));
#5909=EDGE_LOOP('',(#1726,#1727,#1728,#1729,#1730));
#5910=EDGE_LOOP('',(#1731,#1732,#1733,#1734,#1735));
#5911=EDGE_LOOP('',(#1736,#1737,#1738,#1739));
#5912=EDGE_LOOP('',(#1740,#1741,#1742,#1743,#1744));
#5913=EDGE_LOOP('',(#1745,#1746,#1747));
#5914=EDGE_LOOP('',(#1748,#1749,#1750));
#5915=EDGE_LOOP('',(#1751,#1752,#1753,#1754));
#5916=EDGE_LOOP('',(#1755,#1756,#1757,#1758));
#5917=EDGE_LOOP('',(#1759));
#5918=EDGE_LOOP('',(#1760));
#5919=EDGE_LOOP('',(#1761,#1762,#1763,#1764,#1765,#1766,#1767,#1768,#1769,
#1770,#1771,#1772,#1773,#1774,#1775,#1776,#1777,#1778,#1779,#1780,#1781,
#1782,#1783,#1784));
#5920=EDGE_LOOP('',(#1785,#1786,#1787,#1788,#1789,#1790,#1791,#1792,#1793,
#1794,#1795,#1796,#1797,#1798,#1799,#1800,#1801,#1802,#1803,#1804,#1805,
#1806,#1807,#1808,#1809,#1810,#1811,#1812,#1813,#1814));
#5921=EDGE_LOOP('',(#1815,#1816,#1817,#1818,#1819,#1820,#1821,#1822,#1823,
#1824,#1825,#1826,#1827,#1828,#1829,#1830,#1831,#1832,#1833,#1834,#1835,
#1836,#1837,#1838));
#5922=EDGE_LOOP('',(#1839,#1840,#1841,#1842,#1843,#1844));
#5923=EDGE_LOOP('',(#1845,#1846,#1847,#1848,#1849,#1850,#1851,#1852));
#5924=EDGE_LOOP('',(#1853,#1854,#1855,#1856,#1857,#1858,#1859,#1860,#1861,
#1862,#1863,#1864));
#5925=EDGE_LOOP('',(#1865,#1866,#1867,#1868,#1869,#1870,#1871,#1872,#1873,
#1874,#1875,#1876,#1877,#1878));
#5926=EDGE_LOOP('',(#1879,#1880,#1881,#1882,#1883,#1884));
#5927=EDGE_LOOP('',(#1885,#1886,#1887,#1888));
#5928=EDGE_LOOP('',(#1889,#1890,#1891,#1892));
#5929=EDGE_LOOP('',(#1893,#1894,#1895,#1896,#1897,#1898,#1899,#1900));
#5930=EDGE_LOOP('',(#1901,#1902,#1903,#1904,#1905,#1906,#1907,#1908,#1909,
#1910,#1911,#1912));
#5931=EDGE_LOOP('',(#1913,#1914,#1915,#1916,#1917,#1918,#1919,#1920,#1921,
#1922,#1923,#1924,#1925));
#5932=EDGE_LOOP('',(#1926,#1927,#1928,#1929,#1930,#1931));
#5933=EDGE_LOOP('',(#1932,#1933,#1934,#1935,#1936,#1937,#1938,#1939,#1940,
#1941,#1942,#1943,#1944,#1945,#1946,#1947,#1948,#1949,#1950,#1951,#1952,
#1953,#1954,#1955,#1956,#1957,#1958,#1959,#1960,#1961,#1962,#1963,#1964,
#1965,#1966,#1967,#1968,#1969,#1970));
#5934=EDGE_LOOP('',(#1971,#1972,#1973,#1974,#1975,#1976,#1977,#1978,#1979,
#1980,#1981,#1982));
#5935=EDGE_LOOP('',(#1983,#1984,#1985,#1986));
#5936=EDGE_LOOP('',(#1987,#1988,#1989,#1990,#1991,#1992,#1993,#1994,#1995,
#1996,#1997,#1998,#1999,#2000,#2001,#2002,#2003,#2004,#2005,#2006,#2007,
#2008,#2009,#2010,#2011,#2012,#2013,#2014,#2015,#2016));
#5937=EDGE_LOOP('',(#2017,#2018,#2019,#2020,#2021,#2022,#2023,#2024,#2025,
#2026,#2027,#2028,#2029,#2030,#2031,#2032,#2033,#2034,#2035,#2036,#2037,
#2038));
#5938=EDGE_LOOP('',(#2039,#2040,#2041,#2042));
#5939=EDGE_LOOP('',(#2043,#2044,#2045,#2046,#2047,#2048,#2049,#2050,#2051,
#2052,#2053,#2054,#2055,#2056,#2057,#2058,#2059,#2060));
#5940=EDGE_LOOP('',(#2061,#2062,#2063,#2064,#2065,#2066,#2067,#2068,#2069,
#2070,#2071,#2072));
#5941=EDGE_LOOP('',(#2073,#2074,#2075,#2076,#2077,#2078,#2079,#2080,#2081,
#2082,#2083,#2084,#2085,#2086,#2087,#2088,#2089,#2090,#2091,#2092,#2093,
#2094,#2095,#2096,#2097,#2098,#2099,#2100,#2101));
#5942=EDGE_LOOP('',(#2102,#2103,#2104,#2105,#2106,#2107,#2108,#2109,#2110,
#2111,#2112,#2113,#2114,#2115,#2116,#2117,#2118,#2119,#2120,#2121,#2122,
#2123));
#5943=EDGE_LOOP('',(#2124,#2125,#2126,#2127,#2128,#2129,#2130,#2131,#2132,
#2133,#2134));
#5944=EDGE_LOOP('',(#2135,#2136,#2137,#2138,#2139,#2140));
#5945=EDGE_LOOP('',(#2141,#2142,#2143,#2144,#2145,#2146,#2147,#2148,#2149,
#2150,#2151));
#5946=EDGE_LOOP('',(#2152,#2153,#2154,#2155,#2156,#2157,#2158,#2159,#2160,
#2161,#2162,#2163,#2164,#2165,#2166,#2167,#2168,#2169,#2170,#2171,#2172,
#2173,#2174,#2175));
#5947=EDGE_LOOP('',(#2176,#2177,#2178,#2179,#2180,#2181,#2182,#2183,#2184,
#2185,#2186));
#5948=EDGE_LOOP('',(#2187,#2188,#2189,#2190,#2191,#2192,#2193,#2194,#2195,
#2196,#2197));
#5949=EDGE_LOOP('',(#2198,#2199,#2200,#2201,#2202,#2203,#2204,#2205,#2206,
#2207,#2208));
#5950=EDGE_LOOP('',(#2209,#2210,#2211,#2212,#2213,#2214,#2215,#2216,#2217,
#2218,#2219,#2220,#2221,#2222,#2223));
#5951=EDGE_LOOP('',(#2224,#2225,#2226,#2227,#2228,#2229,#2230,#2231,#2232,
#2233,#2234,#2235,#2236,#2237,#2238));
#5952=EDGE_LOOP('',(#2239,#2240,#2241,#2242,#2243,#2244,#2245,#2246,#2247,
#2248,#2249,#2250,#2251,#2252,#2253,#2254,#2255,#2256,#2257,#2258,#2259,
#2260));
#5953=EDGE_LOOP('',(#2261,#2262,#2263,#2264,#2265,#2266,#2267,#2268));
#5954=EDGE_LOOP('',(#2269,#2270,#2271,#2272,#2273,#2274,#2275,#2276,#2277,
#2278,#2279,#2280));
#5955=EDGE_LOOP('',(#2281,#2282,#2283,#2284,#2285,#2286,#2287,#2288,#2289,
#2290,#2291));
#5956=EDGE_LOOP('',(#2292,#2293,#2294,#2295,#2296,#2297,#2298,#2299,#2300,
#2301,#2302,#2303,#2304,#2305,#2306));
#5957=EDGE_LOOP('',(#2307,#2308,#2309,#2310,#2311,#2312,#2313,#2314,#2315,
#2316,#2317,#2318,#2319));
#5958=EDGE_LOOP('',(#2320,#2321,#2322,#2323,#2324,#2325,#2326,#2327,#2328,
#2329,#2330,#2331,#2332,#2333,#2334,#2335,#2336,#2337,#2338,#2339,#2340,
#2341));
#5959=EDGE_LOOP('',(#2342,#2343,#2344,#2345,#2346,#2347,#2348,#2349,#2350,
#2351,#2352,#2353,#2354,#2355,#2356));
#5960=EDGE_LOOP('',(#2357,#2358,#2359,#2360,#2361,#2362,#2363,#2364,#2365,
#2366,#2367,#2368));
#5961=EDGE_LOOP('',(#2369,#2370,#2371,#2372,#2373,#2374,#2375,#2376));
#5962=EDGE_LOOP('',(#2377,#2378,#2379,#2380,#2381,#2382,#2383,#2384,#2385,
#2386,#2387,#2388,#2389,#2390,#2391,#2392,#2393,#2394,#2395,#2396,#2397,
#2398,#2399,#2400,#2401,#2402,#2403,#2404,#2405,#2406,#2407,#2408,#2409,
#2410,#2411,#2412,#2413));
#5963=EDGE_LOOP('',(#2414,#2415,#2416,#2417,#2418,#2419,#2420,#2421,#2422,
#2423,#2424,#2425,#2426,#2427));
#5964=EDGE_LOOP('',(#2428,#2429,#2430,#2431,#2432,#2433,#2434,#2435,#2436,
#2437,#2438,#2439,#2440,#2441,#2442,#2443,#2444,#2445,#2446,#2447,#2448,
#2449,#2450,#2451,#2452,#2453,#2454,#2455,#2456,#2457));
#5965=EDGE_LOOP('',(#2458,#2459,#2460,#2461,#2462,#2463,#2464,#2465,#2466,
#2467,#2468));
#5966=EDGE_LOOP('',(#2469,#2470,#2471,#2472,#2473,#2474,#2475,#2476,#2477,
#2478,#2479,#2480,#2481,#2482,#2483,#2484,#2485,#2486,#2487,#2488,#2489,
#2490,#2491));
#5967=EDGE_LOOP('',(#2492,#2493,#2494,#2495,#2496,#2497,#2498,#2499,#2500,
#2501));
#5968=EDGE_LOOP('',(#2502,#2503,#2504,#2505,#2506,#2507,#2508,#2509,#2510,
#2511,#2512));
#5969=EDGE_LOOP('',(#2513,#2514,#2515,#2516,#2517,#2518,#2519,#2520,#2521,
#2522,#2523,#2524,#2525,#2526,#2527,#2528,#2529,#2530,#2531,#2532,#2533,
#2534,#2535,#2536,#2537,#2538,#2539,#2540,#2541,#2542,#2543,#2544,#2545,
#2546,#2547,#2548,#2549));
#5970=EDGE_LOOP('',(#2550,#2551,#2552,#2553,#2554,#2555,#2556,#2557,#2558,
#2559,#2560,#2561,#2562,#2563,#2564,#2565,#2566,#2567,#2568,#2569,#2570,
#2571));
#5971=EDGE_LOOP('',(#2572,#2573,#2574,#2575,#2576,#2577,#2578,#2579,#2580,
#2581,#2582,#2583,#2584,#2585,#2586,#2587,#2588,#2589,#2590,#2591,#2592,
#2593));
#5972=EDGE_LOOP('',(#2594,#2595,#2596,#2597,#2598,#2599,#2600,#2601,#2602,
#2603,#2604,#2605));
#5973=EDGE_LOOP('',(#2606,#2607,#2608,#2609,#2610,#2611,#2612,#2613,#2614,
#2615,#2616,#2617,#2618,#2619,#2620,#2621,#2622,#2623,#2624,#2625,#2626,
#2627,#2628,#2629));
#5974=EDGE_LOOP('',(#2630,#2631,#2632,#2633,#2634,#2635,#2636,#2637,#2638,
#2639,#2640,#2641,#2642,#2643,#2644,#2645,#2646,#2647,#2648,#2649,#2650,
#2651,#2652,#2653,#2654,#2655,#2656,#2657,#2658,#2659));
#5975=EDGE_LOOP('',(#2660,#2661,#2662,#2663,#2664,#2665,#2666,#2667,#2668,
#2669,#2670,#2671,#2672,#2673,#2674,#2675,#2676,#2677,#2678,#2679,#2680,
#2681,#2682,#2683,#2684,#2685,#2686));
#5976=EDGE_LOOP('',(#2687,#2688,#2689));
#5977=EDGE_LOOP('',(#2690,#2691,#2692));
#5978=EDGE_LOOP('',(#2693,#2694,#2695));
#5979=EDGE_LOOP('',(#2696,#2697,#2698));
#5980=EDGE_LOOP('',(#2699,#2700,#2701,#2702,#2703,#2704));
#5981=EDGE_LOOP('',(#2705,#2706,#2707,#2708,#2709,#2710,#2711,#2712));
#5982=EDGE_LOOP('',(#2713,#2714,#2715,#2716,#2717,#2718,#2719,#2720,#2721,
#2722,#2723,#2724));
#5983=EDGE_LOOP('',(#2725,#2726,#2727,#2728,#2729,#2730,#2731,#2732,#2733,
#2734,#2735,#2736,#2737,#2738));
#5984=EDGE_LOOP('',(#2739,#2740,#2741,#2742,#2743,#2744));
#5985=EDGE_LOOP('',(#2745,#2746,#2747,#2748));
#5986=EDGE_LOOP('',(#2749,#2750,#2751,#2752));
#5987=EDGE_LOOP('',(#2753,#2754,#2755,#2756,#2757,#2758,#2759,#2760));
#5988=EDGE_LOOP('',(#2761,#2762,#2763,#2764,#2765,#2766,#2767,#2768,#2769,
#2770,#2771,#2772));
#5989=EDGE_LOOP('',(#2773,#2774,#2775,#2776,#2777,#2778,#2779,#2780,#2781,
#2782,#2783,#2784,#2785));
#5990=EDGE_LOOP('',(#2786,#2787,#2788,#2789,#2790,#2791));
#5991=EDGE_LOOP('',(#2792,#2793,#2794,#2795,#2796,#2797,#2798,#2799,#2800,
#2801,#2802,#2803,#2804,#2805,#2806,#2807,#2808,#2809,#2810,#2811,#2812,
#2813,#2814,#2815,#2816,#2817,#2818,#2819,#2820,#2821,#2822,#2823,#2824,
#2825,#2826,#2827,#2828,#2829,#2830));
#5992=EDGE_LOOP('',(#2831,#2832,#2833,#2834,#2835,#2836,#2837,#2838,#2839,
#2840,#2841,#2842));
#5993=EDGE_LOOP('',(#2843,#2844,#2845,#2846));
#5994=EDGE_LOOP('',(#2847,#2848,#2849,#2850,#2851,#2852,#2853,#2854,#2855,
#2856,#2857,#2858,#2859,#2860,#2861,#2862,#2863,#2864,#2865,#2866,#2867,
#2868,#2869,#2870,#2871,#2872,#2873,#2874,#2875,#2876));
#5995=EDGE_LOOP('',(#2877,#2878,#2879,#2880,#2881,#2882,#2883,#2884,#2885,
#2886,#2887,#2888,#2889,#2890,#2891,#2892,#2893,#2894,#2895,#2896,#2897,
#2898,#2899,#2900,#2901));
#5996=EDGE_LOOP('',(#2902,#2903,#2904));
#5997=EDGE_LOOP('',(#2905,#2906,#2907));
#5998=EDGE_LOOP('',(#2908,#2909,#2910));
#5999=EDGE_LOOP('',(#2911,#2912,#2913));
#6000=EDGE_LOOP('',(#2914,#2915,#2916,#2917));
#6001=EDGE_LOOP('',(#2918,#2919,#2920,#2921,#2922,#2923,#2924,#2925,#2926,
#2927,#2928,#2929,#2930,#2931,#2932,#2933,#2934,#2935));
#6002=EDGE_LOOP('',(#2936,#2937,#2938,#2939,#2940,#2941,#2942,#2943,#2944,
#2945,#2946,#2947));
#6003=EDGE_LOOP('',(#2948,#2949,#2950,#2951,#2952,#2953,#2954,#2955,#2956,
#2957,#2958,#2959,#2960,#2961,#2962,#2963,#2964,#2965,#2966,#2967,#2968,
#2969,#2970,#2971,#2972,#2973,#2974,#2975,#2976));
#6004=EDGE_LOOP('',(#2977,#2978,#2979,#2980,#2981,#2982,#2983,#2984,#2985,
#2986,#2987,#2988,#2989,#2990,#2991,#2992,#2993,#2994,#2995,#2996,#2997,
#2998));
#6005=EDGE_LOOP('',(#2999,#3000,#3001,#3002,#3003,#3004,#3005,#3006,#3007,
#3008,#3009));
#6006=EDGE_LOOP('',(#3010,#3011,#3012,#3013,#3014,#3015));
#6007=EDGE_LOOP('',(#3016,#3017,#3018,#3019,#3020,#3021,#3022,#3023,#3024,
#3025,#3026));
#6008=EDGE_LOOP('',(#3027,#3028,#3029,#3030,#3031,#3032,#3033,#3034,#3035,
#3036,#3037,#3038,#3039,#3040,#3041,#3042,#3043,#3044,#3045,#3046,#3047,
#3048,#3049,#3050));
#6009=EDGE_LOOP('',(#3051,#3052,#3053,#3054,#3055,#3056,#3057,#3058,#3059,
#3060,#3061));
#6010=EDGE_LOOP('',(#3062,#3063,#3064,#3065));
#6011=EDGE_LOOP('',(#3066,#3067,#3068,#3069,#3070));
#6012=EDGE_LOOP('',(#3071,#3072,#3073,#3074,#3075,#3076,#3077,#3078,#3079,
#3080,#3081));
#6013=EDGE_LOOP('',(#3082,#3083,#3084,#3085,#3086,#3087,#3088,#3089,#3090,
#3091,#3092));
#6014=EDGE_LOOP('',(#3093,#3094,#3095,#3096,#3097,#3098,#3099,#3100,#3101,
#3102,#3103,#3104,#3105,#3106,#3107));
#6015=EDGE_LOOP('',(#3108,#3109,#3110,#3111,#3112,#3113,#3114,#3115,#3116,
#3117,#3118,#3119,#3120,#3121,#3122));
#6016=EDGE_LOOP('',(#3123,#3124,#3125,#3126,#3127,#3128,#3129,#3130,#3131,
#3132,#3133,#3134,#3135,#3136,#3137,#3138,#3139,#3140,#3141,#3142,#3143,
#3144));
#6017=EDGE_LOOP('',(#3145,#3146,#3147,#3148,#3149,#3150,#3151,#3152,#3153,
#3154));
#6018=EDGE_LOOP('',(#3155,#3156,#3157,#3158,#3159,#3160,#3161,#3162));
#6019=EDGE_LOOP('',(#3163,#3164,#3165));
#6020=EDGE_LOOP('',(#3166,#3167,#3168));
#6021=EDGE_LOOP('',(#3169,#3170,#3171));
#6022=EDGE_LOOP('',(#3172,#3173,#3174));
#6023=EDGE_LOOP('',(#3175,#3176,#3177,#3178,#3179,#3180,#3181,#3182,#3183,
#3184,#3185,#3186,#3187,#3188,#3189,#3190));
#6024=EDGE_LOOP('',(#3191,#3192,#3193));
#6025=EDGE_LOOP('',(#3194,#3195,#3196));
#6026=EDGE_LOOP('',(#3197,#3198,#3199));
#6027=EDGE_LOOP('',(#3200,#3201,#3202));
#6028=EDGE_LOOP('',(#3203,#3204,#3205,#3206,#3207,#3208,#3209,#3210,#3211,
#3212,#3213));
#6029=EDGE_LOOP('',(#3214,#3215,#3216,#3217,#3218,#3219,#3220,#3221,#3222,
#3223,#3224,#3225,#3226,#3227,#3228));
#6030=EDGE_LOOP('',(#3229,#3230,#3231,#3232,#3233,#3234,#3235,#3236,#3237,
#3238,#3239,#3240,#3241));
#6031=EDGE_LOOP('',(#3242,#3243,#3244,#3245,#3246,#3247,#3248,#3249,#3250,
#3251,#3252,#3253,#3254,#3255,#3256,#3257,#3258,#3259,#3260,#3261,#3262,
#3263));
#6032=EDGE_LOOP('',(#3264,#3265,#3266,#3267,#3268,#3269,#3270,#3271,#3272,
#3273,#3274,#3275,#3276,#3277,#3278));
#6033=EDGE_LOOP('',(#3279,#3280,#3281,#3282,#3283,#3284,#3285,#3286,#3287,
#3288,#3289,#3290));
#6034=EDGE_LOOP('',(#3291,#3292,#3293,#3294,#3295,#3296,#3297,#3298));
#6035=EDGE_LOOP('',(#3299,#3300,#3301,#3302,#3303,#3304,#3305,#3306,#3307,
#3308,#3309,#3310,#3311,#3312,#3313,#3314,#3315,#3316,#3317,#3318,#3319,
#3320,#3321,#3322,#3323,#3324,#3325,#3326,#3327,#3328,#3329,#3330,#3331,
#3332,#3333,#3334,#3335));
#6036=EDGE_LOOP('',(#3336,#3337,#3338,#3339,#3340,#3341,#3342,#3343,#3344,
#3345,#3346,#3347,#3348,#3349));
#6037=EDGE_LOOP('',(#3350,#3351,#3352,#3353,#3354,#3355,#3356,#3357,#3358,
#3359,#3360,#3361,#3362,#3363,#3364,#3365,#3366,#3367,#3368,#3369,#3370,
#3371,#3372,#3373,#3374,#3375,#3376,#3377,#3378,#3379));
#6038=EDGE_LOOP('',(#3380,#3381,#3382,#3383,#3384,#3385,#3386,#3387,#3388,
#3389,#3390,#3391,#3392,#3393,#3394));
#6039=EDGE_LOOP('',(#3395,#3396,#3397,#3398,#3399));
#6040=EDGE_LOOP('',(#3400,#3401,#3402));
#6041=EDGE_LOOP('',(#3403,#3404,#3405));
#6042=EDGE_LOOP('',(#3406,#3407,#3408));
#6043=EDGE_LOOP('',(#3409,#3410,#3411));
#6044=EDGE_LOOP('',(#3412,#3413,#3414,#3415,#3416,#3417,#3418,#3419,#3420,
#3421,#3422,#3423,#3424,#3425,#3426,#3427,#3428,#3429,#3430,#3431,#3432,
#3433,#3434));
#6045=EDGE_LOOP('',(#3435,#3436,#3437,#3438,#3439,#3440,#3441,#3442,#3443,
#3444));
#6046=EDGE_LOOP('',(#3445,#3446,#3447,#3448,#3449,#3450,#3451,#3452,#3453,
#3454,#3455,#3456,#3457,#3458,#3459));
#6047=EDGE_LOOP('',(#3460,#3461,#3462,#3463,#3464));
#6048=EDGE_LOOP('',(#3465,#3466,#3467));
#6049=EDGE_LOOP('',(#3468,#3469,#3470));
#6050=EDGE_LOOP('',(#3471,#3472,#3473));
#6051=EDGE_LOOP('',(#3474,#3475,#3476));
#6052=EDGE_LOOP('',(#3477,#3478,#3479,#3480,#3481,#3482,#3483,#3484,#3485,
#3486,#3487,#3488,#3489,#3490,#3491,#3492,#3493,#3494,#3495,#3496,#3497,
#3498,#3499,#3500,#3501,#3502,#3503,#3504,#3505,#3506,#3507,#3508,#3509,
#3510,#3511,#3512,#3513));
#6053=EDGE_LOOP('',(#3514,#3515,#3516,#3517,#3518,#3519,#3520,#3521,#3522,
#3523,#3524,#3525,#3526,#3527,#3528,#3529,#3530,#3531,#3532,#3533,#3534,
#3535));
#6054=EDGE_LOOP('',(#3536,#3537,#3538,#3539,#3540,#3541,#3542,#3543,#3544,
#3545,#3546,#3547,#3548,#3549,#3550,#3551,#3552,#3553,#3554,#3555,#3556,
#3557,#3558,#3559,#3560));
#6055=EDGE_LOOP('',(#3561,#3562,#3563));
#6056=EDGE_LOOP('',(#3564,#3565,#3566));
#6057=EDGE_LOOP('',(#3567,#3568,#3569));
#6058=EDGE_LOOP('',(#3570,#3571,#3572));
#6059=EDGE_LOOP('',(#3573,#3574,#3575,#3576));
#6060=FACE_BOUND('',#5802,.T.);
#6061=FACE_BOUND('',#5803,.T.);
#6062=FACE_BOUND('',#5804,.T.);
#6063=FACE_BOUND('',#5805,.T.);
#6064=FACE_BOUND('',#5806,.T.);
#6065=FACE_BOUND('',#5807,.T.);
#6066=FACE_BOUND('',#5808,.T.);
#6067=FACE_BOUND('',#5809,.T.);
#6068=FACE_BOUND('',#5810,.T.);
#6069=FACE_BOUND('',#5811,.T.);
#6070=FACE_BOUND('',#5812,.T.);
#6071=FACE_BOUND('',#5813,.T.);
#6072=FACE_BOUND('',#5814,.T.);
#6073=FACE_BOUND('',#5815,.T.);
#6074=FACE_BOUND('',#5816,.T.);
#6075=FACE_BOUND('',#5817,.T.);
#6076=FACE_BOUND('',#5818,.T.);
#6077=FACE_BOUND('',#5819,.T.);
#6078=FACE_BOUND('',#5820,.T.);
#6079=FACE_BOUND('',#5821,.T.);
#6080=FACE_BOUND('',#5822,.T.);
#6081=FACE_BOUND('',#5823,.T.);
#6082=FACE_BOUND('',#5824,.T.);
#6083=FACE_BOUND('',#5825,.T.);
#6084=FACE_BOUND('',#5826,.T.);
#6085=FACE_BOUND('',#5827,.T.);
#6086=FACE_BOUND('',#5828,.T.);
#6087=FACE_BOUND('',#5829,.T.);
#6088=FACE_BOUND('',#5830,.T.);
#6089=FACE_BOUND('',#5831,.T.);
#6090=FACE_BOUND('',#5832,.T.);
#6091=FACE_BOUND('',#5833,.T.);
#6092=FACE_BOUND('',#5834,.T.);
#6093=FACE_BOUND('',#5835,.T.);
#6094=FACE_BOUND('',#5836,.T.);
#6095=FACE_BOUND('',#5837,.T.);
#6096=FACE_BOUND('',#5838,.T.);
#6097=FACE_BOUND('',#5839,.T.);
#6098=FACE_BOUND('',#5840,.T.);
#6099=FACE_BOUND('',#5841,.T.);
#6100=FACE_BOUND('',#5842,.T.);
#6101=FACE_BOUND('',#5843,.T.);
#6102=FACE_BOUND('',#5844,.T.);
#6103=FACE_BOUND('',#5845,.T.);
#6104=FACE_BOUND('',#5846,.T.);
#6105=FACE_BOUND('',#5847,.T.);
#6106=FACE_BOUND('',#5848,.T.);
#6107=FACE_BOUND('',#5849,.T.);
#6108=FACE_BOUND('',#5850,.T.);
#6109=FACE_BOUND('',#5851,.T.);
#6110=FACE_BOUND('',#5852,.T.);
#6111=FACE_BOUND('',#5853,.T.);
#6112=FACE_BOUND('',#5854,.T.);
#6113=FACE_BOUND('',#5855,.T.);
#6114=FACE_BOUND('',#5856,.T.);
#6115=FACE_BOUND('',#5857,.T.);
#6116=FACE_BOUND('',#5858,.T.);
#6117=FACE_BOUND('',#5859,.T.);
#6118=FACE_BOUND('',#5860,.T.);
#6119=FACE_BOUND('',#5861,.T.);
#6120=FACE_BOUND('',#5862,.T.);
#6121=FACE_BOUND('',#5863,.T.);
#6122=FACE_BOUND('',#5864,.T.);
#6123=FACE_BOUND('',#5865,.T.);
#6124=FACE_BOUND('',#5866,.T.);
#6125=FACE_BOUND('',#5867,.T.);
#6126=FACE_BOUND('',#5868,.T.);
#6127=FACE_BOUND('',#5869,.T.);
#6128=FACE_BOUND('',#5870,.T.);
#6129=FACE_BOUND('',#5871,.T.);
#6130=FACE_BOUND('',#5872,.T.);
#6131=FACE_BOUND('',#5873,.T.);
#6132=FACE_BOUND('',#5874,.T.);
#6133=FACE_BOUND('',#5875,.T.);
#6134=FACE_BOUND('',#5876,.T.);
#6135=FACE_BOUND('',#5877,.T.);
#6136=FACE_BOUND('',#5878,.T.);
#6137=FACE_BOUND('',#5879,.T.);
#6138=FACE_BOUND('',#5880,.T.);
#6139=FACE_BOUND('',#5881,.T.);
#6140=FACE_BOUND('',#5882,.T.);
#6141=FACE_BOUND('',#5883,.T.);
#6142=FACE_BOUND('',#5884,.T.);
#6143=FACE_BOUND('',#5885,.T.);
#6144=FACE_BOUND('',#5886,.T.);
#6145=FACE_BOUND('',#5887,.T.);
#6146=FACE_BOUND('',#5888,.T.);
#6147=FACE_BOUND('',#5889,.T.);
#6148=FACE_BOUND('',#5890,.T.);
#6149=FACE_BOUND('',#5891,.T.);
#6150=FACE_BOUND('',#5892,.T.);
#6151=FACE_BOUND('',#5893,.T.);
#6152=FACE_BOUND('',#5894,.T.);
#6153=FACE_BOUND('',#5895,.T.);
#6154=FACE_BOUND('',#5896,.T.);
#6155=FACE_BOUND('',#5897,.T.);
#6156=FACE_BOUND('',#5898,.T.);
#6157=FACE_BOUND('',#5899,.T.);
#6158=FACE_BOUND('',#5900,.T.);
#6159=FACE_BOUND('',#5901,.T.);
#6160=FACE_BOUND('',#5902,.T.);
#6161=FACE_BOUND('',#5903,.T.);
#6162=FACE_BOUND('',#5904,.T.);
#6163=FACE_BOUND('',#5905,.T.);
#6164=FACE_BOUND('',#5906,.T.);
#6165=FACE_BOUND('',#5907,.T.);
#6166=FACE_BOUND('',#5908,.T.);
#6167=FACE_BOUND('',#5909,.T.);
#6168=FACE_BOUND('',#5910,.T.);
#6169=FACE_BOUND('',#5911,.T.);
#6170=FACE_BOUND('',#5912,.T.);
#6171=FACE_BOUND('',#5913,.T.);
#6172=FACE_BOUND('',#5914,.T.);
#6173=FACE_BOUND('',#5915,.T.);
#6174=FACE_BOUND('',#5916,.T.);
#6175=FACE_BOUND('',#5917,.T.);
#6176=FACE_BOUND('',#5918,.T.);
#6177=FACE_BOUND('',#5919,.T.);
#6178=FACE_BOUND('',#5920,.T.);
#6179=FACE_BOUND('',#5921,.T.);
#6180=FACE_BOUND('',#5922,.T.);
#6181=FACE_BOUND('',#5923,.T.);
#6182=FACE_BOUND('',#5924,.T.);
#6183=FACE_BOUND('',#5925,.T.);
#6184=FACE_BOUND('',#5926,.T.);
#6185=FACE_BOUND('',#5927,.T.);
#6186=FACE_BOUND('',#5928,.T.);
#6187=FACE_BOUND('',#5929,.T.);
#6188=FACE_BOUND('',#5930,.T.);
#6189=FACE_BOUND('',#5931,.T.);
#6190=FACE_BOUND('',#5932,.T.);
#6191=FACE_BOUND('',#5933,.T.);
#6192=FACE_BOUND('',#5934,.T.);
#6193=FACE_BOUND('',#5935,.T.);
#6194=FACE_BOUND('',#5936,.T.);
#6195=FACE_BOUND('',#5937,.T.);
#6196=FACE_BOUND('',#5938,.T.);
#6197=FACE_BOUND('',#5939,.T.);
#6198=FACE_BOUND('',#5940,.T.);
#6199=FACE_BOUND('',#5941,.T.);
#6200=FACE_BOUND('',#5942,.T.);
#6201=FACE_BOUND('',#5943,.T.);
#6202=FACE_BOUND('',#5944,.T.);
#6203=FACE_BOUND('',#5945,.T.);
#6204=FACE_BOUND('',#5946,.T.);
#6205=FACE_BOUND('',#5947,.T.);
#6206=FACE_BOUND('',#5948,.T.);
#6207=FACE_BOUND('',#5949,.T.);
#6208=FACE_BOUND('',#5950,.T.);
#6209=FACE_BOUND('',#5951,.T.);
#6210=FACE_BOUND('',#5952,.T.);
#6211=FACE_BOUND('',#5953,.T.);
#6212=FACE_BOUND('',#5954,.T.);
#6213=FACE_BOUND('',#5955,.T.);
#6214=FACE_BOUND('',#5956,.T.);
#6215=FACE_BOUND('',#5957,.T.);
#6216=FACE_BOUND('',#5958,.T.);
#6217=FACE_BOUND('',#5959,.T.);
#6218=FACE_BOUND('',#5960,.T.);
#6219=FACE_BOUND('',#5961,.T.);
#6220=FACE_BOUND('',#5962,.T.);
#6221=FACE_BOUND('',#5963,.T.);
#6222=FACE_BOUND('',#5964,.T.);
#6223=FACE_BOUND('',#5965,.T.);
#6224=FACE_BOUND('',#5966,.T.);
#6225=FACE_BOUND('',#5967,.T.);
#6226=FACE_BOUND('',#5968,.T.);
#6227=FACE_BOUND('',#5969,.T.);
#6228=FACE_BOUND('',#5970,.T.);
#6229=FACE_BOUND('',#5971,.T.);
#6230=FACE_BOUND('',#5972,.T.);
#6231=FACE_BOUND('',#5973,.T.);
#6232=FACE_BOUND('',#5974,.T.);
#6233=FACE_BOUND('',#5975,.T.);
#6234=FACE_BOUND('',#5976,.T.);
#6235=FACE_BOUND('',#5977,.T.);
#6236=FACE_BOUND('',#5978,.T.);
#6237=FACE_BOUND('',#5979,.T.);
#6238=FACE_BOUND('',#5980,.T.);
#6239=FACE_BOUND('',#5981,.T.);
#6240=FACE_BOUND('',#5982,.T.);
#6241=FACE_BOUND('',#5983,.T.);
#6242=FACE_BOUND('',#5984,.T.);
#6243=FACE_BOUND('',#5985,.T.);
#6244=FACE_BOUND('',#5986,.T.);
#6245=FACE_BOUND('',#5987,.T.);
#6246=FACE_BOUND('',#5988,.T.);
#6247=FACE_BOUND('',#5989,.T.);
#6248=FACE_BOUND('',#5990,.T.);
#6249=FACE_BOUND('',#5991,.T.);
#6250=FACE_BOUND('',#5992,.T.);
#6251=FACE_BOUND('',#5993,.T.);
#6252=FACE_BOUND('',#5994,.T.);
#6253=FACE_BOUND('',#5995,.T.);
#6254=FACE_BOUND('',#5996,.T.);
#6255=FACE_BOUND('',#5997,.T.);
#6256=FACE_BOUND('',#5998,.T.);
#6257=FACE_BOUND('',#5999,.T.);
#6258=FACE_BOUND('',#6000,.T.);
#6259=FACE_BOUND('',#6001,.T.);
#6260=FACE_BOUND('',#6002,.T.);
#6261=FACE_BOUND('',#6003,.T.);
#6262=FACE_BOUND('',#6004,.T.);
#6263=FACE_BOUND('',#6005,.T.);
#6264=FACE_BOUND('',#6006,.T.);
#6265=FACE_BOUND('',#6007,.T.);
#6266=FACE_BOUND('',#6008,.T.);
#6267=FACE_BOUND('',#6009,.T.);
#6268=FACE_BOUND('',#6010,.T.);
#6269=FACE_BOUND('',#6011,.T.);
#6270=FACE_BOUND('',#6012,.T.);
#6271=FACE_BOUND('',#6013,.T.);
#6272=FACE_BOUND('',#6014,.T.);
#6273=FACE_BOUND('',#6015,.T.);
#6274=FACE_BOUND('',#6016,.T.);
#6275=FACE_BOUND('',#6017,.T.);
#6276=FACE_BOUND('',#6018,.T.);
#6277=FACE_BOUND('',#6019,.T.);
#6278=FACE_BOUND('',#6020,.T.);
#6279=FACE_BOUND('',#6021,.T.);
#6280=FACE_BOUND('',#6022,.T.);
#6281=FACE_BOUND('',#6023,.T.);
#6282=FACE_BOUND('',#6024,.T.);
#6283=FACE_BOUND('',#6025,.T.);
#6284=FACE_BOUND('',#6026,.T.);
#6285=FACE_BOUND('',#6027,.T.);
#6286=FACE_BOUND('',#6028,.T.);
#6287=FACE_BOUND('',#6029,.T.);
#6288=FACE_BOUND('',#6030,.T.);
#6289=FACE_BOUND('',#6031,.T.);
#6290=FACE_BOUND('',#6032,.T.);
#6291=FACE_BOUND('',#6033,.T.);
#6292=FACE_BOUND('',#6034,.T.);
#6293=FACE_BOUND('',#6035,.T.);
#6294=FACE_BOUND('',#6036,.T.);
#6295=FACE_BOUND('',#6037,.T.);
#6296=FACE_BOUND('',#6038,.T.);
#6297=FACE_BOUND('',#6039,.T.);
#6298=FACE_BOUND('',#6040,.T.);
#6299=FACE_BOUND('',#6041,.T.);
#6300=FACE_BOUND('',#6042,.T.);
#6301=FACE_BOUND('',#6043,.T.);
#6302=FACE_BOUND('',#6044,.T.);
#6303=FACE_BOUND('',#6045,.T.);
#6304=FACE_BOUND('',#6046,.T.);
#6305=FACE_BOUND('',#6047,.T.);
#6306=FACE_BOUND('',#6048,.T.);
#6307=FACE_BOUND('',#6049,.T.);
#6308=FACE_BOUND('',#6050,.T.);
#6309=FACE_BOUND('',#6051,.T.);
#6310=FACE_BOUND('',#6052,.T.);
#6311=FACE_BOUND('',#6053,.T.);
#6312=FACE_BOUND('',#6054,.T.);
#6313=FACE_BOUND('',#6055,.T.);
#6314=FACE_BOUND('',#6056,.T.);
#6315=FACE_BOUND('',#6057,.T.);
#6316=FACE_BOUND('',#6058,.T.);
#6317=FACE_BOUND('',#6059,.T.);
#6318=PLANE('',#7246);
#6319=PLANE('',#7257);
#6320=PLANE('',#7260);
#6321=PLANE('',#7263);
#6322=PLANE('',#7266);
#6323=PLANE('',#7275);
#6324=PLANE('',#7276);
#6325=PLANE('',#7277);
#6326=PLANE('',#7278);
#6327=PLANE('',#7279);
#6328=PLANE('',#7282);
#6329=PLANE('',#7283);
#6330=PLANE('',#7284);
#6331=PLANE('',#7285);
#6332=PLANE('',#7291);
#6333=PLANE('',#7306);
#6334=PLANE('',#7308);
#6335=PLANE('',#7309);
#6336=PLANE('',#7310);
#6337=PLANE('',#7312);
#6338=PLANE('',#7313);
#6339=PLANE('',#7314);
#6340=PLANE('',#7316);
#6341=PLANE('',#7317);
#6342=PLANE('',#7318);
#6343=PLANE('',#7320);
#6344=PLANE('',#7321);
#6345=PLANE('',#7329);
#6346=PLANE('',#7330);
#6347=PLANE('',#7331);
#6348=PLANE('',#7332);
#6349=PLANE('',#7333);
#6350=PLANE('',#7334);
#6351=PLANE('',#7335);
#6352=PLANE('',#7336);
#6353=PLANE('',#7337);
#6354=PLANE('',#7338);
#6355=PLANE('',#7339);
#6356=PLANE('',#7340);
#6357=PLANE('',#7341);
#6358=PLANE('',#7342);
#6359=PLANE('',#7343);
#6360=PLANE('',#7348);
#6361=PLANE('',#7349);
#6362=PLANE('',#7350);
#6363=PLANE('',#7352);
#6364=PLANE('',#7354);
#6365=PLANE('',#7355);
#6366=PLANE('',#7358);
#6367=PLANE('',#7359);
#6368=PLANE('',#7360);
#6369=PLANE('',#7362);
#6370=PLANE('',#7364);
#6371=PLANE('',#7365);
#6372=PLANE('',#7367);
#6373=PLANE('',#7369);
#6374=PLANE('',#7370);
#6375=PLANE('',#7371);
#6376=PLANE('',#7372);
#6377=PLANE('',#7374);
#6378=PLANE('',#7375);
#6379=PLANE('',#7376);
#6380=PLANE('',#7377);
#6381=PLANE('',#7378);
#6382=PLANE('',#7380);
#6383=PLANE('',#7381);
#6384=PLANE('',#7384);
#6385=PLANE('',#7385);
#6386=PLANE('',#7386);
#6387=PLANE('',#7388);
#6388=PLANE('',#7390);
#6389=PLANE('',#7392);
#6390=PLANE('',#7393);
#6391=PLANE('',#7394);
#6392=PLANE('',#7396);
#6393=PLANE('',#7397);
#6394=PLANE('',#7398);
#6395=PLANE('',#7399);
#6396=PLANE('',#7400);
#6397=PLANE('',#7401);
#6398=PLANE('',#7402);
#6399=PLANE('',#7403);
#6400=PLANE('',#7404);
#6401=PLANE('',#7405);
#6402=PLANE('',#7406);
#6403=PLANE('',#7407);
#6404=PLANE('',#7408);
#6405=PLANE('',#7409);
#6406=PLANE('',#7410);
#6407=PLANE('',#7411);
#6408=PLANE('',#7413);
#6409=PLANE('',#7414);
#6410=PLANE('',#7415);
#6411=PLANE('',#7416);
#6412=PLANE('',#7417);
#6413=PLANE('',#7418);
#6414=PLANE('',#7419);
#6415=PLANE('',#7420);
#6416=PLANE('',#7421);
#6417=PLANE('',#7422);
#6418=PLANE('',#7423);
#6419=PLANE('',#7424);
#6420=PLANE('',#7425);
#6421=PLANE('',#7426);
#6422=PLANE('',#7427);
#6423=PLANE('',#7428);
#6424=PLANE('',#7431);
#6425=PLANE('',#7434);
#6426=PLANE('',#7435);
#6427=PLANE('',#7436);
#6428=PLANE('',#7437);
#6429=PLANE('',#7438);
#6430=PLANE('',#7439);
#6431=PLANE('',#7440);
#6432=PLANE('',#7441);
#6433=PLANE('',#7442);
#6434=PLANE('',#7443);
#6435=PLANE('',#7444);
#6436=PLANE('',#7445);
#6437=PLANE('',#7446);
#6438=PLANE('',#7447);
#6439=PLANE('',#7448);
#6440=PLANE('',#7449);
#6441=PLANE('',#7450);
#6442=PLANE('',#7451);
#6443=PLANE('',#7452);
#6444=PLANE('',#7453);
#6445=PLANE('',#7454);
#6446=PLANE('',#7455);
#6447=PLANE('',#7456);
#6448=PLANE('',#7457);
#6449=PLANE('',#7458);
#6450=PLANE('',#7459);
#6451=PLANE('',#7461);
#6452=OVER_RIDING_STYLED_ITEM('',(#6715),#6538,#6713);
#6453=OVER_RIDING_STYLED_ITEM('',(#6716),#6539,#6713);
#6454=OVER_RIDING_STYLED_ITEM('',(#6717),#6540,#6713);
#6455=OVER_RIDING_STYLED_ITEM('',(#6718),#6541,#6713);
#6456=OVER_RIDING_STYLED_ITEM('',(#6719),#6542,#6713);
#6457=OVER_RIDING_STYLED_ITEM('',(#6720),#6543,#6713);
#6458=OVER_RIDING_STYLED_ITEM('',(#6721),#6544,#6713);
#6459=OVER_RIDING_STYLED_ITEM('',(#6722),#6545,#6713);
#6460=OVER_RIDING_STYLED_ITEM('',(#6723),#6546,#6713);
#6461=OVER_RIDING_STYLED_ITEM('',(#6724),#6547,#6713);
#6462=OVER_RIDING_STYLED_ITEM('',(#6725),#6548,#6713);
#6463=OVER_RIDING_STYLED_ITEM('',(#6726),#6549,#6713);
#6464=OVER_RIDING_STYLED_ITEM('',(#6727),#6550,#6713);
#6465=OVER_RIDING_STYLED_ITEM('',(#6728),#6551,#6713);
#6466=OVER_RIDING_STYLED_ITEM('',(#6729),#6552,#6713);
#6467=OVER_RIDING_STYLED_ITEM('',(#6730),#6553,#6713);
#6468=OVER_RIDING_STYLED_ITEM('',(#6731),#6554,#6713);
#6469=OVER_RIDING_STYLED_ITEM('',(#6732),#6556,#6713);
#6470=OVER_RIDING_STYLED_ITEM('',(#6733),#6557,#6713);
#6471=OVER_RIDING_STYLED_ITEM('',(#6734),#6559,#6713);
#6472=OVER_RIDING_STYLED_ITEM('',(#6735),#6560,#6713);
#6473=OVER_RIDING_STYLED_ITEM('',(#6736),#6562,#6713);
#6474=OVER_RIDING_STYLED_ITEM('',(#6737),#6563,#6713);
#6475=OVER_RIDING_STYLED_ITEM('',(#6738),#6564,#6713);
#6476=OVER_RIDING_STYLED_ITEM('',(#6739),#6567,#6713);
#6477=OVER_RIDING_STYLED_ITEM('',(#6740),#6570,#6713);
#6478=OVER_RIDING_STYLED_ITEM('',(#6741),#6573,#6713);
#6479=OVER_RIDING_STYLED_ITEM('',(#6742),#6576,#6713);
#6480=OVER_RIDING_STYLED_ITEM('',(#6743),#6577,#6713);
#6481=OVER_RIDING_STYLED_ITEM('',(#6744),#6578,#6713);
#6482=OVER_RIDING_STYLED_ITEM('',(#6745),#6579,#6713);
#6483=OVER_RIDING_STYLED_ITEM('',(#6746),#6581,#6713);
#6484=OVER_RIDING_STYLED_ITEM('',(#6747),#6587,#6713);
#6485=OVER_RIDING_STYLED_ITEM('',(#6748),#6592,#6713);
#6486=OVER_RIDING_STYLED_ITEM('',(#6749),#6593,#6713);
#6487=OVER_RIDING_STYLED_ITEM('',(#6750),#6594,#6713);
#6488=OVER_RIDING_STYLED_ITEM('',(#6751),#6595,#6713);
#6489=OVER_RIDING_STYLED_ITEM('',(#6752),#6596,#6713);
#6490=OVER_RIDING_STYLED_ITEM('',(#6753),#6597,#6713);
#6491=OVER_RIDING_STYLED_ITEM('',(#6754),#6598,#6713);
#6492=OVER_RIDING_STYLED_ITEM('',(#6755),#6617,#6713);
#6493=OVER_RIDING_STYLED_ITEM('',(#6756),#6618,#6713);
#6494=OVER_RIDING_STYLED_ITEM('',(#6757),#6619,#6713);
#6495=OVER_RIDING_STYLED_ITEM('',(#6758),#6620,#6713);
#6496=OVER_RIDING_STYLED_ITEM('',(#6759),#6621,#6713);
#6497=OVER_RIDING_STYLED_ITEM('',(#6760),#6622,#6713);
#6498=OVER_RIDING_STYLED_ITEM('',(#6761),#6623,#6713);
#6499=OVER_RIDING_STYLED_ITEM('',(#6762),#6624,#6713);
#6500=OVER_RIDING_STYLED_ITEM('',(#6763),#6625,#6713);
#6501=OVER_RIDING_STYLED_ITEM('',(#6764),#6626,#6713);
#6502=OVER_RIDING_STYLED_ITEM('',(#6765),#6627,#6713);
#6503=OVER_RIDING_STYLED_ITEM('',(#6766),#6628,#6713);
#6504=OVER_RIDING_STYLED_ITEM('',(#6767),#6629,#6713);
#6505=OVER_RIDING_STYLED_ITEM('',(#6768),#6630,#6713);
#6506=OVER_RIDING_STYLED_ITEM('',(#6769),#6637,#6713);
#6507=OVER_RIDING_STYLED_ITEM('',(#6770),#6638,#6713);
#6508=OVER_RIDING_STYLED_ITEM('',(#6771),#6639,#6713);
#6509=OVER_RIDING_STYLED_ITEM('',(#6772),#6640,#6713);
#6510=OVER_RIDING_STYLED_ITEM('',(#6773),#6641,#6713);
#6511=OVER_RIDING_STYLED_ITEM('',(#6774),#6642,#6713);
#6512=OVER_RIDING_STYLED_ITEM('',(#6775),#6643,#6713);
#6513=OVER_RIDING_STYLED_ITEM('',(#6776),#6644,#6713);
#6514=OVER_RIDING_STYLED_ITEM('',(#6777),#6645,#6713);
#6515=OVER_RIDING_STYLED_ITEM('',(#6778),#6648,#6713);
#6516=OVER_RIDING_STYLED_ITEM('',(#6779),#6649,#6713);
#6517=OVER_RIDING_STYLED_ITEM('',(#6780),#6650,#6713);
#6518=OVER_RIDING_STYLED_ITEM('',(#6781),#6657,#6713);
#6519=OVER_RIDING_STYLED_ITEM('',(#6782),#6660,#6713);
#6520=OVER_RIDING_STYLED_ITEM('',(#6783),#6661,#6713);
#6521=OVER_RIDING_STYLED_ITEM('',(#6784),#6662,#6713);
#6522=OVER_RIDING_STYLED_ITEM('',(#6785),#6663,#6713);
#6523=OVER_RIDING_STYLED_ITEM('',(#6786),#6665,#6713);
#6524=OVER_RIDING_STYLED_ITEM('',(#6787),#6666,#6713);
#6525=OVER_RIDING_STYLED_ITEM('',(#6788),#6668,#6713);
#6526=OVER_RIDING_STYLED_ITEM('',(#6789),#6671,#6713);
#6527=OVER_RIDING_STYLED_ITEM('',(#6790),#6672,#6713);
#6528=OVER_RIDING_STYLED_ITEM('',(#6791),#6677,#6713);
#6529=OVER_RIDING_STYLED_ITEM('',(#6792),#6682,#6713);
#6530=OVER_RIDING_STYLED_ITEM('',(#6793),#6683,#6713);
#6531=OVER_RIDING_STYLED_ITEM('',(#6794),#6689,#6713);
#6532=OVER_RIDING_STYLED_ITEM('',(#6795),#6692,#6713);
#6533=OVER_RIDING_STYLED_ITEM('',(#6796),#6697,#6713);
#6534=OVER_RIDING_STYLED_ITEM('',(#6797),#6698,#6713);
#6535=OVER_RIDING_STYLED_ITEM('',(#6798),#6699,#6713);
#6536=OVER_RIDING_STYLED_ITEM('',(#6799),#6704,#6713);
#6537=OVER_RIDING_STYLED_ITEM('',(#6800),#6705,#6713);
#6538=ADVANCED_FACE('',(#6060,#6061,#6062,#6063,#6064),#6318,.F.);
#6539=ADVANCED_FACE('',(#6065),#913,.T.);
#6540=ADVANCED_FACE('',(#6066),#6319,.T.);
#6541=ADVANCED_FACE('',(#6067),#914,.T.);
#6542=ADVANCED_FACE('',(#6068),#6320,.T.);
#6543=ADVANCED_FACE('',(#6069),#915,.T.);
#6544=ADVANCED_FACE('',(#6070),#6321,.T.);
#6545=ADVANCED_FACE('',(#6071),#916,.T.);
#6546=ADVANCED_FACE('',(#6072),#6322,.T.);
#6547=ADVANCED_FACE('',(#6073,#6074),#917,.F.);
#6548=ADVANCED_FACE('',(#6075,#6076),#918,.F.);
#6549=ADVANCED_FACE('',(#6077,#6078),#919,.F.);
#6550=ADVANCED_FACE('',(#6079,#6080),#920,.F.);
#6551=ADVANCED_FACE('',(#6081),#6323,.T.);
#6552=ADVANCED_FACE('',(#6082),#6324,.T.);
#6553=ADVANCED_FACE('',(#6083),#6325,.T.);
#6554=ADVANCED_FACE('',(#6084),#6326,.T.);
#6555=ADVANCED_FACE('',(#6085,#6086),#6327,.T.);
#6556=ADVANCED_FACE('',(#6087),#6328,.T.);
#6557=ADVANCED_FACE('',(#6088),#6329,.T.);
#6558=ADVANCED_FACE('',(#6089,#6090,#6091),#6330,.F.);
#6559=ADVANCED_FACE('',(#6092,#6093),#6331,.T.);
#6560=ADVANCED_FACE('',(#6094,#6095),#921,.T.);
#6561=ADVANCED_FACE('',(#6096,#6097),#922,.F.);
#6562=ADVANCED_FACE('',(#6098,#6099),#6332,.T.);
#6563=ADVANCED_FACE('',(#6100,#6101),#923,.T.);
#6564=ADVANCED_FACE('',(#6102),#6333,.T.);
#6565=ADVANCED_FACE('',(#6103),#6334,.F.);
#6566=ADVANCED_FACE('',(#6104),#6335,.F.);
#6567=ADVANCED_FACE('',(#6105),#6336,.T.);
#6568=ADVANCED_FACE('',(#6106),#6337,.F.);
#6569=ADVANCED_FACE('',(#6107),#6338,.F.);
#6570=ADVANCED_FACE('',(#6108),#6339,.T.);
#6571=ADVANCED_FACE('',(#6109),#6340,.F.);
#6572=ADVANCED_FACE('',(#6110),#6341,.F.);
#6573=ADVANCED_FACE('',(#6111),#6342,.T.);
#6574=ADVANCED_FACE('',(#6112),#6343,.F.);
#6575=ADVANCED_FACE('',(#6113),#6344,.F.);
#6576=ADVANCED_FACE('',(#6114),#901,.T.);
#6577=ADVANCED_FACE('',(#6115),#902,.T.);
#6578=ADVANCED_FACE('',(#6116),#903,.T.);
#6579=ADVANCED_FACE('',(#6117),#904,.T.);
#6580=ADVANCED_FACE('',(#6118,#6119),#924,.F.);
#6581=ADVANCED_FACE('',(#6120),#900,.T.);
#6582=ADVANCED_FACE('',(#6121),#6345,.T.);
#6583=ADVANCED_FACE('',(#6122),#6346,.T.);
#6584=ADVANCED_FACE('',(#6123),#6347,.T.);
#6585=ADVANCED_FACE('',(#6124),#6348,.T.);
#6586=ADVANCED_FACE('',(#6125),#6349,.T.);
#6587=ADVANCED_FACE('',(#6126),#6350,.T.);
#6588=ADVANCED_FACE('',(#6127),#6351,.T.);
#6589=ADVANCED_FACE('',(#6128),#6352,.T.);
#6590=ADVANCED_FACE('',(#6129),#6353,.T.);
#6591=ADVANCED_FACE('',(#6130),#6354,.T.);
#6592=ADVANCED_FACE('',(#6131,#6132),#6355,.T.);
#6593=ADVANCED_FACE('',(#6133,#6134),#6356,.T.);
#6594=ADVANCED_FACE('',(#6135,#6136),#6357,.T.);
#6595=ADVANCED_FACE('',(#6137,#6138),#6358,.T.);
#6596=ADVANCED_FACE('',(#6139,#6140),#6359,.T.);
#6597=ADVANCED_FACE('',(#6141),#6360,.T.);
#6598=ADVANCED_FACE('',(#6142),#6361,.T.);
#6599=ADVANCED_FACE('',(#6143),#6362,.T.);
#6600=ADVANCED_FACE('',(#6144),#6363,.T.);
#6601=ADVANCED_FACE('',(#6145),#925,.F.);
#6602=ADVANCED_FACE('',(#6146),#6364,.F.);
#6603=ADVANCED_FACE('',(#6147),#6365,.T.);
#6604=ADVANCED_FACE('',(#6148),#926,.F.);
#6605=ADVANCED_FACE('',(#6149),#6366,.T.);
#6606=ADVANCED_FACE('',(#6150),#6367,.F.);
#6607=ADVANCED_FACE('',(#6151),#6368,.T.);
#6608=ADVANCED_FACE('',(#6152),#6369,.F.);
#6609=ADVANCED_FACE('',(#6153),#927,.F.);
#6610=ADVANCED_FACE('',(#6154),#6370,.F.);
#6611=ADVANCED_FACE('',(#6155),#6371,.T.);
#6612=ADVANCED_FACE('',(#6156),#6372,.F.);
#6613=ADVANCED_FACE('',(#6157),#928,.F.);
#6614=ADVANCED_FACE('',(#6158),#6373,.F.);
#6615=ADVANCED_FACE('',(#6159),#6374,.T.);
#6616=ADVANCED_FACE('',(#6160),#6375,.T.);
#6617=ADVANCED_FACE('',(#6161),#6376,.T.);
#6618=ADVANCED_FACE('',(#6162),#6377,.T.);
#6619=ADVANCED_FACE('',(#6163),#6378,.T.);
#6620=ADVANCED_FACE('',(#6164),#6379,.T.);
#6621=ADVANCED_FACE('',(#6165),#6380,.T.);
#6622=ADVANCED_FACE('',(#6166),#6381,.T.);
#6623=ADVANCED_FACE('',(#6167),#6382,.T.);
#6624=ADVANCED_FACE('',(#6168),#6383,.T.);
#6625=ADVANCED_FACE('',(#6169),#6384,.T.);
#6626=ADVANCED_FACE('',(#6170),#6385,.T.);
#6627=ADVANCED_FACE('',(#6171),#6386,.T.);
#6628=ADVANCED_FACE('',(#6172),#6387,.T.);
#6629=ADVANCED_FACE('',(#6173,#6174,#6175,#6176,#6177,#6178,#6179,#6180,
#6181,#6182,#6183,#6184,#6185,#6186,#6187,#6188,#6189,#6190,#6191,#6192,
#6193,#6194,#6195,#6196,#6197,#6198,#6199,#6200,#6201,#6202,#6203,#6204,
#6205,#6206,#6207,#6208,#6209,#6210,#6211,#6212,#6213,#6214,#6215,#6216,
#6217,#6218,#6219,#6220,#6221,#6222,#6223,#6224,#6225,#6226,#6227,#6228,
#6229,#6230),#6388,.T.);
#6630=ADVANCED_FACE('',(#6231),#6389,.T.);
#6631=ADVANCED_FACE('',(#6232),#6390,.T.);
#6632=ADVANCED_FACE('',(#6233),#6391,.T.);
#6633=ADVANCED_FACE('',(#6234),#12,.F.);
#6634=ADVANCED_FACE('',(#6235),#13,.F.);
#6635=ADVANCED_FACE('',(#6236),#14,.F.);
#6636=ADVANCED_FACE('',(#6237),#15,.F.);
#6637=ADVANCED_FACE('',(#6238),#6392,.T.);
#6638=ADVANCED_FACE('',(#6239),#6393,.T.);
#6639=ADVANCED_FACE('',(#6240),#6394,.T.);
#6640=ADVANCED_FACE('',(#6241),#6395,.T.);
#6641=ADVANCED_FACE('',(#6242),#6396,.T.);
#6642=ADVANCED_FACE('',(#6243),#6397,.T.);
#6643=ADVANCED_FACE('',(#6244),#6398,.T.);
#6644=ADVANCED_FACE('',(#6245),#6399,.T.);
#6645=ADVANCED_FACE('',(#6246),#6400,.T.);
#6646=ADVANCED_FACE('',(#6247),#6401,.T.);
#6647=ADVANCED_FACE('',(#6248),#6402,.T.);
#6648=ADVANCED_FACE('',(#6249),#6403,.T.);
#6649=ADVANCED_FACE('',(#6250),#6404,.T.);
#6650=ADVANCED_FACE('',(#6251),#6405,.T.);
#6651=ADVANCED_FACE('',(#6252),#6406,.T.);
#6652=ADVANCED_FACE('',(#6253),#6407,.T.);
#6653=ADVANCED_FACE('',(#6254),#16,.F.);
#6654=ADVANCED_FACE('',(#6255),#17,.F.);
#6655=ADVANCED_FACE('',(#6256),#18,.F.);
#6656=ADVANCED_FACE('',(#6257),#19,.F.);
#6657=ADVANCED_FACE('',(#6258),#6408,.T.);
#6658=ADVANCED_FACE('',(#6259),#6409,.T.);
#6659=ADVANCED_FACE('',(#6260),#6410,.T.);
#6660=ADVANCED_FACE('',(#6261),#6411,.T.);
#6661=ADVANCED_FACE('',(#6262),#6412,.T.);
#6662=ADVANCED_FACE('',(#6263),#6413,.T.);
#6663=ADVANCED_FACE('',(#6264),#6414,.T.);
#6664=ADVANCED_FACE('',(#6265),#6415,.T.);
#6665=ADVANCED_FACE('',(#6266),#6416,.T.);
#6666=ADVANCED_FACE('',(#6267,#6268,#6269),#6417,.T.);
#6667=ADVANCED_FACE('',(#6270),#6418,.T.);
#6668=ADVANCED_FACE('',(#6271),#6419,.T.);
#6669=ADVANCED_FACE('',(#6272),#6420,.T.);
#6670=ADVANCED_FACE('',(#6273),#6421,.T.);
#6671=ADVANCED_FACE('',(#6274),#6422,.T.);
#6672=ADVANCED_FACE('',(#6275,#6276),#6423,.T.);
#6673=ADVANCED_FACE('',(#6277),#20,.F.);
#6674=ADVANCED_FACE('',(#6278),#21,.F.);
#6675=ADVANCED_FACE('',(#6279),#22,.F.);
#6676=ADVANCED_FACE('',(#6280),#23,.F.);
#6677=ADVANCED_FACE('',(#6281),#6424,.T.);
#6678=ADVANCED_FACE('',(#6282),#24,.F.);
#6679=ADVANCED_FACE('',(#6283),#25,.F.);
#6680=ADVANCED_FACE('',(#6284),#6425,.F.);
#6681=ADVANCED_FACE('',(#6285),#26,.F.);
#6682=ADVANCED_FACE('',(#6286),#6426,.T.);
#6683=ADVANCED_FACE('',(#6287),#6427,.T.);
#6684=ADVANCED_FACE('',(#6288),#6428,.T.);
#6685=ADVANCED_FACE('',(#6289),#6429,.T.);
#6686=ADVANCED_FACE('',(#6290),#6430,.T.);
#6687=ADVANCED_FACE('',(#6291),#6431,.T.);
#6688=ADVANCED_FACE('',(#6292),#6432,.T.);
#6689=ADVANCED_FACE('',(#6293),#6433,.T.);
#6690=ADVANCED_FACE('',(#6294),#6434,.T.);
#6691=ADVANCED_FACE('',(#6295),#6435,.T.);
#6692=ADVANCED_FACE('',(#6296,#6297),#6436,.T.);
#6693=ADVANCED_FACE('',(#6298),#6437,.F.);
#6694=ADVANCED_FACE('',(#6299),#6438,.T.);
#6695=ADVANCED_FACE('',(#6300),#6439,.T.);
#6696=ADVANCED_FACE('',(#6301),#6440,.F.);
#6697=ADVANCED_FACE('',(#6302),#6441,.T.);
#6698=ADVANCED_FACE('',(#6303),#6442,.T.);
#6699=ADVANCED_FACE('',(#6304,#6305),#6443,.T.);
#6700=ADVANCED_FACE('',(#6306),#6444,.F.);
#6701=ADVANCED_FACE('',(#6307),#6445,.T.);
#6702=ADVANCED_FACE('',(#6308),#6446,.T.);
#6703=ADVANCED_FACE('',(#6309),#6447,.F.);
#6704=ADVANCED_FACE('',(#6310),#6448,.T.);
#6705=ADVANCED_FACE('',(#6311),#6449,.T.);
#6706=ADVANCED_FACE('',(#6312),#6450,.T.);
#6707=ADVANCED_FACE('',(#6313),#27,.F.);
#6708=ADVANCED_FACE('',(#6314),#28,.F.);
#6709=ADVANCED_FACE('',(#6315),#29,.F.);
#6710=ADVANCED_FACE('',(#6316),#30,.F.);
#6711=ADVANCED_FACE('',(#6317),#6451,.T.);
#6712=CLOSED_SHELL('',(#6538,#6539,#6540,#6541,#6542,#6543,#6544,#6545,
#6546,#6547,#6548,#6549,#6550,#6551,#6552,#6553,#6554,#6555,#6556,#6557,
#6558,#6559,#6560,#6561,#6562,#6563,#6564,#6565,#6566,#6567,#6568,#6569,
#6570,#6571,#6572,#6573,#6574,#6575,#6576,#6577,#6578,#6579,#6580,#6581,
#6582,#6583,#6584,#6585,#6586,#6587,#6588,#6589,#6590,#6591,#6592,#6593,
#6594,#6595,#6596,#6597,#6598,#6599,#6600,#6601,#6602,#6603,#6604,#6605,
#6606,#6607,#6608,#6609,#6610,#6611,#6612,#6613,#6614,#6615,#6616,#6617,
#6618,#6619,#6620,#6621,#6622,#6623,#6624,#6625,#6626,#6627,#6628,#6629,
#6630,#6631,#6632,#6633,#6634,#6635,#6636,#6637,#6638,#6639,#6640,#6641,
#6642,#6643,#6644,#6645,#6646,#6647,#6648,#6649,#6650,#6651,#6652,#6653,
#6654,#6655,#6656,#6657,#6658,#6659,#6660,#6661,#6662,#6663,#6664,#6665,
#6666,#6667,#6668,#6669,#6670,#6671,#6672,#6673,#6674,#6675,#6676,#6677,
#6678,#6679,#6680,#6681,#6682,#6683,#6684,#6685,#6686,#6687,#6688,#6689,
#6690,#6691,#6692,#6693,#6694,#6695,#6696,#6697,#6698,#6699,#6700,#6701,
#6702,#6703,#6704,#6705,#6706,#6707,#6708,#6709,#6710,#6711));
#6713=STYLED_ITEM('',(#6714),#7242);
#6714=PRESENTATION_STYLE_ASSIGNMENT((#6801));
#6715=PRESENTATION_STYLE_ASSIGNMENT((#6802));
#6716=PRESENTATION_STYLE_ASSIGNMENT((#6803));
#6717=PRESENTATION_STYLE_ASSIGNMENT((#6804));
#6718=PRESENTATION_STYLE_ASSIGNMENT((#6805));
#6719=PRESENTATION_STYLE_ASSIGNMENT((#6806));
#6720=PRESENTATION_STYLE_ASSIGNMENT((#6807));
#6721=PRESENTATION_STYLE_ASSIGNMENT((#6808));
#6722=PRESENTATION_STYLE_ASSIGNMENT((#6809));
#6723=PRESENTATION_STYLE_ASSIGNMENT((#6810));
#6724=PRESENTATION_STYLE_ASSIGNMENT((#6811));
#6725=PRESENTATION_STYLE_ASSIGNMENT((#6812));
#6726=PRESENTATION_STYLE_ASSIGNMENT((#6813));
#6727=PRESENTATION_STYLE_ASSIGNMENT((#6814));
#6728=PRESENTATION_STYLE_ASSIGNMENT((#6815));
#6729=PRESENTATION_STYLE_ASSIGNMENT((#6816));
#6730=PRESENTATION_STYLE_ASSIGNMENT((#6817));
#6731=PRESENTATION_STYLE_ASSIGNMENT((#6818));
#6732=PRESENTATION_STYLE_ASSIGNMENT((#6819));
#6733=PRESENTATION_STYLE_ASSIGNMENT((#6820));
#6734=PRESENTATION_STYLE_ASSIGNMENT((#6821));
#6735=PRESENTATION_STYLE_ASSIGNMENT((#6822));
#6736=PRESENTATION_STYLE_ASSIGNMENT((#6823));
#6737=PRESENTATION_STYLE_ASSIGNMENT((#6824));
#6738=PRESENTATION_STYLE_ASSIGNMENT((#6825));
#6739=PRESENTATION_STYLE_ASSIGNMENT((#6826));
#6740=PRESENTATION_STYLE_ASSIGNMENT((#6827));
#6741=PRESENTATION_STYLE_ASSIGNMENT((#6828));
#6742=PRESENTATION_STYLE_ASSIGNMENT((#6829));
#6743=PRESENTATION_STYLE_ASSIGNMENT((#6830));
#6744=PRESENTATION_STYLE_ASSIGNMENT((#6831));
#6745=PRESENTATION_STYLE_ASSIGNMENT((#6832));
#6746=PRESENTATION_STYLE_ASSIGNMENT((#6833));
#6747=PRESENTATION_STYLE_ASSIGNMENT((#6834));
#6748=PRESENTATION_STYLE_ASSIGNMENT((#6835));
#6749=PRESENTATION_STYLE_ASSIGNMENT((#6836));
#6750=PRESENTATION_STYLE_ASSIGNMENT((#6837));
#6751=PRESENTATION_STYLE_ASSIGNMENT((#6838));
#6752=PRESENTATION_STYLE_ASSIGNMENT((#6839));
#6753=PRESENTATION_STYLE_ASSIGNMENT((#6840));
#6754=PRESENTATION_STYLE_ASSIGNMENT((#6841));
#6755=PRESENTATION_STYLE_ASSIGNMENT((#6842));
#6756=PRESENTATION_STYLE_ASSIGNMENT((#6843));
#6757=PRESENTATION_STYLE_ASSIGNMENT((#6844));
#6758=PRESENTATION_STYLE_ASSIGNMENT((#6845));
#6759=PRESENTATION_STYLE_ASSIGNMENT((#6846));
#6760=PRESENTATION_STYLE_ASSIGNMENT((#6847));
#6761=PRESENTATION_STYLE_ASSIGNMENT((#6848));
#6762=PRESENTATION_STYLE_ASSIGNMENT((#6849));
#6763=PRESENTATION_STYLE_ASSIGNMENT((#6850));
#6764=PRESENTATION_STYLE_ASSIGNMENT((#6851));
#6765=PRESENTATION_STYLE_ASSIGNMENT((#6852));
#6766=PRESENTATION_STYLE_ASSIGNMENT((#6853));
#6767=PRESENTATION_STYLE_ASSIGNMENT((#6854));
#6768=PRESENTATION_STYLE_ASSIGNMENT((#6855));
#6769=PRESENTATION_STYLE_ASSIGNMENT((#6856));
#6770=PRESENTATION_STYLE_ASSIGNMENT((#6857));
#6771=PRESENTATION_STYLE_ASSIGNMENT((#6858));
#6772=PRESENTATION_STYLE_ASSIGNMENT((#6859));
#6773=PRESENTATION_STYLE_ASSIGNMENT((#6860));
#6774=PRESENTATION_STYLE_ASSIGNMENT((#6861));
#6775=PRESENTATION_STYLE_ASSIGNMENT((#6862));
#6776=PRESENTATION_STYLE_ASSIGNMENT((#6863));
#6777=PRESENTATION_STYLE_ASSIGNMENT((#6864));
#6778=PRESENTATION_STYLE_ASSIGNMENT((#6865));
#6779=PRESENTATION_STYLE_ASSIGNMENT((#6866));
#6780=PRESENTATION_STYLE_ASSIGNMENT((#6867));
#6781=PRESENTATION_STYLE_ASSIGNMENT((#6868));
#6782=PRESENTATION_STYLE_ASSIGNMENT((#6869));
#6783=PRESENTATION_STYLE_ASSIGNMENT((#6870));
#6784=PRESENTATION_STYLE_ASSIGNMENT((#6871));
#6785=PRESENTATION_STYLE_ASSIGNMENT((#6872));
#6786=PRESENTATION_STYLE_ASSIGNMENT((#6873));
#6787=PRESENTATION_STYLE_ASSIGNMENT((#6874));
#6788=PRESENTATION_STYLE_ASSIGNMENT((#6875));
#6789=PRESENTATION_STYLE_ASSIGNMENT((#6876));
#6790=PRESENTATION_STYLE_ASSIGNMENT((#6877));
#6791=PRESENTATION_STYLE_ASSIGNMENT((#6878));
#6792=PRESENTATION_STYLE_ASSIGNMENT((#6879));
#6793=PRESENTATION_STYLE_ASSIGNMENT((#6880));
#6794=PRESENTATION_STYLE_ASSIGNMENT((#6881));
#6795=PRESENTATION_STYLE_ASSIGNMENT((#6882));
#6796=PRESENTATION_STYLE_ASSIGNMENT((#6883));
#6797=PRESENTATION_STYLE_ASSIGNMENT((#6884));
#6798=PRESENTATION_STYLE_ASSIGNMENT((#6885));
#6799=PRESENTATION_STYLE_ASSIGNMENT((#6886));
#6800=PRESENTATION_STYLE_ASSIGNMENT((#6887));
#6801=SURFACE_STYLE_USAGE(.BOTH.,#6888);
#6802=SURFACE_STYLE_USAGE(.BOTH.,#6889);
#6803=SURFACE_STYLE_USAGE(.BOTH.,#6890);
#6804=SURFACE_STYLE_USAGE(.BOTH.,#6891);
#6805=SURFACE_STYLE_USAGE(.BOTH.,#6892);
#6806=SURFACE_STYLE_USAGE(.BOTH.,#6893);
#6807=SURFACE_STYLE_USAGE(.BOTH.,#6894);
#6808=SURFACE_STYLE_USAGE(.BOTH.,#6895);
#6809=SURFACE_STYLE_USAGE(.BOTH.,#6896);
#6810=SURFACE_STYLE_USAGE(.BOTH.,#6897);
#6811=SURFACE_STYLE_USAGE(.BOTH.,#6898);
#6812=SURFACE_STYLE_USAGE(.BOTH.,#6899);
#6813=SURFACE_STYLE_USAGE(.BOTH.,#6900);
#6814=SURFACE_STYLE_USAGE(.BOTH.,#6901);
#6815=SURFACE_STYLE_USAGE(.BOTH.,#6902);
#6816=SURFACE_STYLE_USAGE(.BOTH.,#6903);
#6817=SURFACE_STYLE_USAGE(.BOTH.,#6904);
#6818=SURFACE_STYLE_USAGE(.BOTH.,#6905);
#6819=SURFACE_STYLE_USAGE(.BOTH.,#6906);
#6820=SURFACE_STYLE_USAGE(.BOTH.,#6907);
#6821=SURFACE_STYLE_USAGE(.BOTH.,#6908);
#6822=SURFACE_STYLE_USAGE(.BOTH.,#6909);
#6823=SURFACE_STYLE_USAGE(.BOTH.,#6910);
#6824=SURFACE_STYLE_USAGE(.BOTH.,#6911);
#6825=SURFACE_STYLE_USAGE(.BOTH.,#6912);
#6826=SURFACE_STYLE_USAGE(.BOTH.,#6913);
#6827=SURFACE_STYLE_USAGE(.BOTH.,#6914);
#6828=SURFACE_STYLE_USAGE(.BOTH.,#6915);
#6829=SURFACE_STYLE_USAGE(.BOTH.,#6916);
#6830=SURFACE_STYLE_USAGE(.BOTH.,#6917);
#6831=SURFACE_STYLE_USAGE(.BOTH.,#6918);
#6832=SURFACE_STYLE_USAGE(.BOTH.,#6919);
#6833=SURFACE_STYLE_USAGE(.BOTH.,#6920);
#6834=SURFACE_STYLE_USAGE(.BOTH.,#6921);
#6835=SURFACE_STYLE_USAGE(.BOTH.,#6922);
#6836=SURFACE_STYLE_USAGE(.BOTH.,#6923);
#6837=SURFACE_STYLE_USAGE(.BOTH.,#6924);
#6838=SURFACE_STYLE_USAGE(.BOTH.,#6925);
#6839=SURFACE_STYLE_USAGE(.BOTH.,#6926);
#6840=SURFACE_STYLE_USAGE(.BOTH.,#6927);
#6841=SURFACE_STYLE_USAGE(.BOTH.,#6928);
#6842=SURFACE_STYLE_USAGE(.BOTH.,#6929);
#6843=SURFACE_STYLE_USAGE(.BOTH.,#6930);
#6844=SURFACE_STYLE_USAGE(.BOTH.,#6931);
#6845=SURFACE_STYLE_USAGE(.BOTH.,#6932);
#6846=SURFACE_STYLE_USAGE(.BOTH.,#6933);
#6847=SURFACE_STYLE_USAGE(.BOTH.,#6934);
#6848=SURFACE_STYLE_USAGE(.BOTH.,#6935);
#6849=SURFACE_STYLE_USAGE(.BOTH.,#6936);
#6850=SURFACE_STYLE_USAGE(.BOTH.,#6937);
#6851=SURFACE_STYLE_USAGE(.BOTH.,#6938);
#6852=SURFACE_STYLE_USAGE(.BOTH.,#6939);
#6853=SURFACE_STYLE_USAGE(.BOTH.,#6940);
#6854=SURFACE_STYLE_USAGE(.BOTH.,#6941);
#6855=SURFACE_STYLE_USAGE(.BOTH.,#6942);
#6856=SURFACE_STYLE_USAGE(.BOTH.,#6943);
#6857=SURFACE_STYLE_USAGE(.BOTH.,#6944);
#6858=SURFACE_STYLE_USAGE(.BOTH.,#6945);
#6859=SURFACE_STYLE_USAGE(.BOTH.,#6946);
#6860=SURFACE_STYLE_USAGE(.BOTH.,#6947);
#6861=SURFACE_STYLE_USAGE(.BOTH.,#6948);
#6862=SURFACE_STYLE_USAGE(.BOTH.,#6949);
#6863=SURFACE_STYLE_USAGE(.BOTH.,#6950);
#6864=SURFACE_STYLE_USAGE(.BOTH.,#6951);
#6865=SURFACE_STYLE_USAGE(.BOTH.,#6952);
#6866=SURFACE_STYLE_USAGE(.BOTH.,#6953);
#6867=SURFACE_STYLE_USAGE(.BOTH.,#6954);
#6868=SURFACE_STYLE_USAGE(.BOTH.,#6955);
#6869=SURFACE_STYLE_USAGE(.BOTH.,#6956);
#6870=SURFACE_STYLE_USAGE(.BOTH.,#6957);
#6871=SURFACE_STYLE_USAGE(.BOTH.,#6958);
#6872=SURFACE_STYLE_USAGE(.BOTH.,#6959);
#6873=SURFACE_STYLE_USAGE(.BOTH.,#6960);
#6874=SURFACE_STYLE_USAGE(.BOTH.,#6961);
#6875=SURFACE_STYLE_USAGE(.BOTH.,#6962);
#6876=SURFACE_STYLE_USAGE(.BOTH.,#6963);
#6877=SURFACE_STYLE_USAGE(.BOTH.,#6964);
#6878=SURFACE_STYLE_USAGE(.BOTH.,#6965);
#6879=SURFACE_STYLE_USAGE(.BOTH.,#6966);
#6880=SURFACE_STYLE_USAGE(.BOTH.,#6967);
#6881=SURFACE_STYLE_USAGE(.BOTH.,#6968);
#6882=SURFACE_STYLE_USAGE(.BOTH.,#6969);
#6883=SURFACE_STYLE_USAGE(.BOTH.,#6970);
#6884=SURFACE_STYLE_USAGE(.BOTH.,#6971);
#6885=SURFACE_STYLE_USAGE(.BOTH.,#6972);
#6886=SURFACE_STYLE_USAGE(.BOTH.,#6973);
#6887=SURFACE_STYLE_USAGE(.BOTH.,#6974);
#6888=SURFACE_SIDE_STYLE('',(#6975));
#6889=SURFACE_SIDE_STYLE('',(#6976));
#6890=SURFACE_SIDE_STYLE('',(#6977));
#6891=SURFACE_SIDE_STYLE('',(#6978));
#6892=SURFACE_SIDE_STYLE('',(#6979));
#6893=SURFACE_SIDE_STYLE('',(#6980));
#6894=SURFACE_SIDE_STYLE('',(#6981));
#6895=SURFACE_SIDE_STYLE('',(#6982));
#6896=SURFACE_SIDE_STYLE('',(#6983));
#6897=SURFACE_SIDE_STYLE('',(#6984));
#6898=SURFACE_SIDE_STYLE('',(#6985));
#6899=SURFACE_SIDE_STYLE('',(#6986));
#6900=SURFACE_SIDE_STYLE('',(#6987));
#6901=SURFACE_SIDE_STYLE('',(#6988));
#6902=SURFACE_SIDE_STYLE('',(#6989));
#6903=SURFACE_SIDE_STYLE('',(#6990));
#6904=SURFACE_SIDE_STYLE('',(#6991));
#6905=SURFACE_SIDE_STYLE('',(#6992));
#6906=SURFACE_SIDE_STYLE('',(#6993));
#6907=SURFACE_SIDE_STYLE('',(#6994));
#6908=SURFACE_SIDE_STYLE('',(#6995));
#6909=SURFACE_SIDE_STYLE('',(#6996));
#6910=SURFACE_SIDE_STYLE('',(#6997));
#6911=SURFACE_SIDE_STYLE('',(#6998));
#6912=SURFACE_SIDE_STYLE('',(#6999));
#6913=SURFACE_SIDE_STYLE('',(#7000));
#6914=SURFACE_SIDE_STYLE('',(#7001));
#6915=SURFACE_SIDE_STYLE('',(#7002));
#6916=SURFACE_SIDE_STYLE('',(#7003));
#6917=SURFACE_SIDE_STYLE('',(#7004));
#6918=SURFACE_SIDE_STYLE('',(#7005));
#6919=SURFACE_SIDE_STYLE('',(#7006));
#6920=SURFACE_SIDE_STYLE('',(#7007));
#6921=SURFACE_SIDE_STYLE('',(#7008));
#6922=SURFACE_SIDE_STYLE('',(#7009));
#6923=SURFACE_SIDE_STYLE('',(#7010));
#6924=SURFACE_SIDE_STYLE('',(#7011));
#6925=SURFACE_SIDE_STYLE('',(#7012));
#6926=SURFACE_SIDE_STYLE('',(#7013));
#6927=SURFACE_SIDE_STYLE('',(#7014));
#6928=SURFACE_SIDE_STYLE('',(#7015));
#6929=SURFACE_SIDE_STYLE('',(#7016));
#6930=SURFACE_SIDE_STYLE('',(#7017));
#6931=SURFACE_SIDE_STYLE('',(#7018));
#6932=SURFACE_SIDE_STYLE('',(#7019));
#6933=SURFACE_SIDE_STYLE('',(#7020));
#6934=SURFACE_SIDE_STYLE('',(#7021));
#6935=SURFACE_SIDE_STYLE('',(#7022));
#6936=SURFACE_SIDE_STYLE('',(#7023));
#6937=SURFACE_SIDE_STYLE('',(#7024));
#6938=SURFACE_SIDE_STYLE('',(#7025));
#6939=SURFACE_SIDE_STYLE('',(#7026));
#6940=SURFACE_SIDE_STYLE('',(#7027));
#6941=SURFACE_SIDE_STYLE('',(#7028));
#6942=SURFACE_SIDE_STYLE('',(#7029));
#6943=SURFACE_SIDE_STYLE('',(#7030));
#6944=SURFACE_SIDE_STYLE('',(#7031));
#6945=SURFACE_SIDE_STYLE('',(#7032));
#6946=SURFACE_SIDE_STYLE('',(#7033));
#6947=SURFACE_SIDE_STYLE('',(#7034));
#6948=SURFACE_SIDE_STYLE('',(#7035));
#6949=SURFACE_SIDE_STYLE('',(#7036));
#6950=SURFACE_SIDE_STYLE('',(#7037));
#6951=SURFACE_SIDE_STYLE('',(#7038));
#6952=SURFACE_SIDE_STYLE('',(#7039));
#6953=SURFACE_SIDE_STYLE('',(#7040));
#6954=SURFACE_SIDE_STYLE('',(#7041));
#6955=SURFACE_SIDE_STYLE('',(#7042));
#6956=SURFACE_SIDE_STYLE('',(#7043));
#6957=SURFACE_SIDE_STYLE('',(#7044));
#6958=SURFACE_SIDE_STYLE('',(#7045));
#6959=SURFACE_SIDE_STYLE('',(#7046));
#6960=SURFACE_SIDE_STYLE('',(#7047));
#6961=SURFACE_SIDE_STYLE('',(#7048));
#6962=SURFACE_SIDE_STYLE('',(#7049));
#6963=SURFACE_SIDE_STYLE('',(#7050));
#6964=SURFACE_SIDE_STYLE('',(#7051));
#6965=SURFACE_SIDE_STYLE('',(#7052));
#6966=SURFACE_SIDE_STYLE('',(#7053));
#6967=SURFACE_SIDE_STYLE('',(#7054));
#6968=SURFACE_SIDE_STYLE('',(#7055));
#6969=SURFACE_SIDE_STYLE('',(#7056));
#6970=SURFACE_SIDE_STYLE('',(#7057));
#6971=SURFACE_SIDE_STYLE('',(#7058));
#6972=SURFACE_SIDE_STYLE('',(#7059));
#6973=SURFACE_SIDE_STYLE('',(#7060));
#6974=SURFACE_SIDE_STYLE('',(#7061));
#6975=SURFACE_STYLE_FILL_AREA(#7062);
#6976=SURFACE_STYLE_FILL_AREA(#7063);
#6977=SURFACE_STYLE_FILL_AREA(#7064);
#6978=SURFACE_STYLE_FILL_AREA(#7065);
#6979=SURFACE_STYLE_FILL_AREA(#7066);
#6980=SURFACE_STYLE_FILL_AREA(#7067);
#6981=SURFACE_STYLE_FILL_AREA(#7068);
#6982=SURFACE_STYLE_FILL_AREA(#7069);
#6983=SURFACE_STYLE_FILL_AREA(#7070);
#6984=SURFACE_STYLE_FILL_AREA(#7071);
#6985=SURFACE_STYLE_FILL_AREA(#7072);
#6986=SURFACE_STYLE_FILL_AREA(#7073);
#6987=SURFACE_STYLE_FILL_AREA(#7074);
#6988=SURFACE_STYLE_FILL_AREA(#7075);
#6989=SURFACE_STYLE_FILL_AREA(#7076);
#6990=SURFACE_STYLE_FILL_AREA(#7077);
#6991=SURFACE_STYLE_FILL_AREA(#7078);
#6992=SURFACE_STYLE_FILL_AREA(#7079);
#6993=SURFACE_STYLE_FILL_AREA(#7080);
#6994=SURFACE_STYLE_FILL_AREA(#7081);
#6995=SURFACE_STYLE_FILL_AREA(#7082);
#6996=SURFACE_STYLE_FILL_AREA(#7083);
#6997=SURFACE_STYLE_FILL_AREA(#7084);
#6998=SURFACE_STYLE_FILL_AREA(#7085);
#6999=SURFACE_STYLE_FILL_AREA(#7086);
#7000=SURFACE_STYLE_FILL_AREA(#7087);
#7001=SURFACE_STYLE_FILL_AREA(#7088);
#7002=SURFACE_STYLE_FILL_AREA(#7089);
#7003=SURFACE_STYLE_FILL_AREA(#7090);
#7004=SURFACE_STYLE_FILL_AREA(#7091);
#7005=SURFACE_STYLE_FILL_AREA(#7092);
#7006=SURFACE_STYLE_FILL_AREA(#7093);
#7007=SURFACE_STYLE_FILL_AREA(#7094);
#7008=SURFACE_STYLE_FILL_AREA(#7095);
#7009=SURFACE_STYLE_FILL_AREA(#7096);
#7010=SURFACE_STYLE_FILL_AREA(#7097);
#7011=SURFACE_STYLE_FILL_AREA(#7098);
#7012=SURFACE_STYLE_FILL_AREA(#7099);
#7013=SURFACE_STYLE_FILL_AREA(#7100);
#7014=SURFACE_STYLE_FILL_AREA(#7101);
#7015=SURFACE_STYLE_FILL_AREA(#7102);
#7016=SURFACE_STYLE_FILL_AREA(#7103);
#7017=SURFACE_STYLE_FILL_AREA(#7104);
#7018=SURFACE_STYLE_FILL_AREA(#7105);
#7019=SURFACE_STYLE_FILL_AREA(#7106);
#7020=SURFACE_STYLE_FILL_AREA(#7107);
#7021=SURFACE_STYLE_FILL_AREA(#7108);
#7022=SURFACE_STYLE_FILL_AREA(#7109);
#7023=SURFACE_STYLE_FILL_AREA(#7110);
#7024=SURFACE_STYLE_FILL_AREA(#7111);
#7025=SURFACE_STYLE_FILL_AREA(#7112);
#7026=SURFACE_STYLE_FILL_AREA(#7113);
#7027=SURFACE_STYLE_FILL_AREA(#7114);
#7028=SURFACE_STYLE_FILL_AREA(#7115);
#7029=SURFACE_STYLE_FILL_AREA(#7116);
#7030=SURFACE_STYLE_FILL_AREA(#7117);
#7031=SURFACE_STYLE_FILL_AREA(#7118);
#7032=SURFACE_STYLE_FILL_AREA(#7119);
#7033=SURFACE_STYLE_FILL_AREA(#7120);
#7034=SURFACE_STYLE_FILL_AREA(#7121);
#7035=SURFACE_STYLE_FILL_AREA(#7122);
#7036=SURFACE_STYLE_FILL_AREA(#7123);
#7037=SURFACE_STYLE_FILL_AREA(#7124);
#7038=SURFACE_STYLE_FILL_AREA(#7125);
#7039=SURFACE_STYLE_FILL_AREA(#7126);
#7040=SURFACE_STYLE_FILL_AREA(#7127);
#7041=SURFACE_STYLE_FILL_AREA(#7128);
#7042=SURFACE_STYLE_FILL_AREA(#7129);
#7043=SURFACE_STYLE_FILL_AREA(#7130);
#7044=SURFACE_STYLE_FILL_AREA(#7131);
#7045=SURFACE_STYLE_FILL_AREA(#7132);
#7046=SURFACE_STYLE_FILL_AREA(#7133);
#7047=SURFACE_STYLE_FILL_AREA(#7134);
#7048=SURFACE_STYLE_FILL_AREA(#7135);
#7049=SURFACE_STYLE_FILL_AREA(#7136);
#7050=SURFACE_STYLE_FILL_AREA(#7137);
#7051=SURFACE_STYLE_FILL_AREA(#7138);
#7052=SURFACE_STYLE_FILL_AREA(#7139);
#7053=SURFACE_STYLE_FILL_AREA(#7140);
#7054=SURFACE_STYLE_FILL_AREA(#7141);
#7055=SURFACE_STYLE_FILL_AREA(#7142);
#7056=SURFACE_STYLE_FILL_AREA(#7143);
#7057=SURFACE_STYLE_FILL_AREA(#7144);
#7058=SURFACE_STYLE_FILL_AREA(#7145);
#7059=SURFACE_STYLE_FILL_AREA(#7146);
#7060=SURFACE_STYLE_FILL_AREA(#7147);
#7061=SURFACE_STYLE_FILL_AREA(#7148);
#7062=FILL_AREA_STYLE('',(#7149));
#7063=FILL_AREA_STYLE('',(#7150));
#7064=FILL_AREA_STYLE('',(#7151));
#7065=FILL_AREA_STYLE('',(#7152));
#7066=FILL_AREA_STYLE('',(#7153));
#7067=FILL_AREA_STYLE('',(#7154));
#7068=FILL_AREA_STYLE('',(#7155));
#7069=FILL_AREA_STYLE('',(#7156));
#7070=FILL_AREA_STYLE('',(#7157));
#7071=FILL_AREA_STYLE('',(#7158));
#7072=FILL_AREA_STYLE('',(#7159));
#7073=FILL_AREA_STYLE('',(#7160));
#7074=FILL_AREA_STYLE('',(#7161));
#7075=FILL_AREA_STYLE('',(#7162));
#7076=FILL_AREA_STYLE('',(#7163));
#7077=FILL_AREA_STYLE('',(#7164));
#7078=FILL_AREA_STYLE('',(#7165));
#7079=FILL_AREA_STYLE('',(#7166));
#7080=FILL_AREA_STYLE('',(#7167));
#7081=FILL_AREA_STYLE('',(#7168));
#7082=FILL_AREA_STYLE('',(#7169));
#7083=FILL_AREA_STYLE('',(#7170));
#7084=FILL_AREA_STYLE('',(#7171));
#7085=FILL_AREA_STYLE('',(#7172));
#7086=FILL_AREA_STYLE('',(#7173));
#7087=FILL_AREA_STYLE('',(#7174));
#7088=FILL_AREA_STYLE('',(#7175));
#7089=FILL_AREA_STYLE('',(#7176));
#7090=FILL_AREA_STYLE('',(#7177));
#7091=FILL_AREA_STYLE('',(#7178));
#7092=FILL_AREA_STYLE('',(#7179));
#7093=FILL_AREA_STYLE('',(#7180));
#7094=FILL_AREA_STYLE('',(#7181));
#7095=FILL_AREA_STYLE('',(#7182));
#7096=FILL_AREA_STYLE('',(#7183));
#7097=FILL_AREA_STYLE('',(#7184));
#7098=FILL_AREA_STYLE('',(#7185));
#7099=FILL_AREA_STYLE('',(#7186));
#7100=FILL_AREA_STYLE('',(#7187));
#7101=FILL_AREA_STYLE('',(#7188));
#7102=FILL_AREA_STYLE('',(#7189));
#7103=FILL_AREA_STYLE('',(#7190));
#7104=FILL_AREA_STYLE('',(#7191));
#7105=FILL_AREA_STYLE('',(#7192));
#7106=FILL_AREA_STYLE('',(#7193));
#7107=FILL_AREA_STYLE('',(#7194));
#7108=FILL_AREA_STYLE('',(#7195));
#7109=FILL_AREA_STYLE('',(#7196));
#7110=FILL_AREA_STYLE('',(#7197));
#7111=FILL_AREA_STYLE('',(#7198));
#7112=FILL_AREA_STYLE('',(#7199));
#7113=FILL_AREA_STYLE('',(#7200));
#7114=FILL_AREA_STYLE('',(#7201));
#7115=FILL_AREA_STYLE('',(#7202));
#7116=FILL_AREA_STYLE('',(#7203));
#7117=FILL_AREA_STYLE('',(#7204));
#7118=FILL_AREA_STYLE('',(#7205));
#7119=FILL_AREA_STYLE('',(#7206));
#7120=FILL_AREA_STYLE('',(#7207));
#7121=FILL_AREA_STYLE('',(#7208));
#7122=FILL_AREA_STYLE('',(#7209));
#7123=FILL_AREA_STYLE('',(#7210));
#7124=FILL_AREA_STYLE('',(#7211));
#7125=FILL_AREA_STYLE('',(#7212));
#7126=FILL_AREA_STYLE('',(#7213));
#7127=FILL_AREA_STYLE('',(#7214));
#7128=FILL_AREA_STYLE('',(#7215));
#7129=FILL_AREA_STYLE('',(#7216));
#7130=FILL_AREA_STYLE('',(#7217));
#7131=FILL_AREA_STYLE('',(#7218));
#7132=FILL_AREA_STYLE('',(#7219));
#7133=FILL_AREA_STYLE('',(#7220));
#7134=FILL_AREA_STYLE('',(#7221));
#7135=FILL_AREA_STYLE('',(#7222));
#7136=FILL_AREA_STYLE('',(#7223));
#7137=FILL_AREA_STYLE('',(#7224));
#7138=FILL_AREA_STYLE('',(#7225));
#7139=FILL_AREA_STYLE('',(#7226));
#7140=FILL_AREA_STYLE('',(#7227));
#7141=FILL_AREA_STYLE('',(#7228));
#7142=FILL_AREA_STYLE('',(#7229));
#7143=FILL_AREA_STYLE('',(#7230));
#7144=FILL_AREA_STYLE('',(#7231));
#7145=FILL_AREA_STYLE('',(#7232));
#7146=FILL_AREA_STYLE('',(#7233));
#7147=FILL_AREA_STYLE('',(#7234));
#7148=FILL_AREA_STYLE('',(#7235));
#7149=FILL_AREA_STYLE_COLOUR('',#7236);
#7150=FILL_AREA_STYLE_COLOUR('',#7237);
#7151=FILL_AREA_STYLE_COLOUR('',#7237);
#7152=FILL_AREA_STYLE_COLOUR('',#7237);
#7153=FILL_AREA_STYLE_COLOUR('',#7237);
#7154=FILL_AREA_STYLE_COLOUR('',#7237);
#7155=FILL_AREA_STYLE_COLOUR('',#7237);
#7156=FILL_AREA_STYLE_COLOUR('',#7237);
#7157=FILL_AREA_STYLE_COLOUR('',#7237);
#7158=FILL_AREA_STYLE_COLOUR('',#7237);
#7159=FILL_AREA_STYLE_COLOUR('',#7238);
#7160=FILL_AREA_STYLE_COLOUR('',#7238);
#7161=FILL_AREA_STYLE_COLOUR('',#7238);
#7162=FILL_AREA_STYLE_COLOUR('',#7238);
#7163=FILL_AREA_STYLE_COLOUR('',#7239);
#7164=FILL_AREA_STYLE_COLOUR('',#7239);
#7165=FILL_AREA_STYLE_COLOUR('',#7239);
#7166=FILL_AREA_STYLE_COLOUR('',#7239);
#7167=FILL_AREA_STYLE_COLOUR('',#7240);
#7168=FILL_AREA_STYLE_COLOUR('',#7240);
#7169=FILL_AREA_STYLE_COLOUR('',#7240);
#7170=FILL_AREA_STYLE_COLOUR('',#7240);
#7171=FILL_AREA_STYLE_COLOUR('',#7239);
#7172=FILL_AREA_STYLE_COLOUR('',#7239);
#7173=FILL_AREA_STYLE_COLOUR('',#7239);
#7174=FILL_AREA_STYLE_COLOUR('',#7239);
#7175=FILL_AREA_STYLE_COLOUR('',#7239);
#7176=FILL_AREA_STYLE_COLOUR('',#7239);
#7177=FILL_AREA_STYLE_COLOUR('',#7239);
#7178=FILL_AREA_STYLE_COLOUR('',#7239);
#7179=FILL_AREA_STYLE_COLOUR('',#7239);
#7180=FILL_AREA_STYLE_COLOUR('',#7239);
#7181=FILL_AREA_STYLE_COLOUR('',#7241);
#7182=FILL_AREA_STYLE_COLOUR('',#7239);
#7183=FILL_AREA_STYLE_COLOUR('',#7238);
#7184=FILL_AREA_STYLE_COLOUR('',#7238);
#7185=FILL_AREA_STYLE_COLOUR('',#7238);
#7186=FILL_AREA_STYLE_COLOUR('',#7238);
#7187=FILL_AREA_STYLE_COLOUR('',#7240);
#7188=FILL_AREA_STYLE_COLOUR('',#7240);
#7189=FILL_AREA_STYLE_COLOUR('',#7240);
#7190=FILL_AREA_STYLE_COLOUR('',#7241);
#7191=FILL_AREA_STYLE_COLOUR('',#7237);
#7192=FILL_AREA_STYLE_COLOUR('',#7237);
#7193=FILL_AREA_STYLE_COLOUR('',#7241);
#7194=FILL_AREA_STYLE_COLOUR('',#7241);
#7195=FILL_AREA_STYLE_COLOUR('',#7241);
#7196=FILL_AREA_STYLE_COLOUR('',#7237);
#7197=FILL_AREA_STYLE_COLOUR('',#7241);
#7198=FILL_AREA_STYLE_COLOUR('',#7241);
#7199=FILL_AREA_STYLE_COLOUR('',#7241);
#7200=FILL_AREA_STYLE_COLOUR('',#7241);
#7201=FILL_AREA_STYLE_COLOUR('',#7237);
#7202=FILL_AREA_STYLE_COLOUR('',#7237);
#7203=FILL_AREA_STYLE_COLOUR('',#7241);
#7204=FILL_AREA_STYLE_COLOUR('',#7241);
#7205=FILL_AREA_STYLE_COLOUR('',#7241);
#7206=FILL_AREA_STYLE_COLOUR('',#7241);
#7207=FILL_AREA_STYLE_COLOUR('',#7241);
#7208=FILL_AREA_STYLE_COLOUR('',#7241);
#7209=FILL_AREA_STYLE_COLOUR('',#7241);
#7210=FILL_AREA_STYLE_COLOUR('',#7241);
#7211=FILL_AREA_STYLE_COLOUR('',#7241);
#7212=FILL_AREA_STYLE_COLOUR('',#7241);
#7213=FILL_AREA_STYLE_COLOUR('',#7241);
#7214=FILL_AREA_STYLE_COLOUR('',#7241);
#7215=FILL_AREA_STYLE_COLOUR('',#7241);
#7216=FILL_AREA_STYLE_COLOUR('',#7241);
#7217=FILL_AREA_STYLE_COLOUR('',#7241);
#7218=FILL_AREA_STYLE_COLOUR('',#7241);
#7219=FILL_AREA_STYLE_COLOUR('',#7241);
#7220=FILL_AREA_STYLE_COLOUR('',#7241);
#7221=FILL_AREA_STYLE_COLOUR('',#7241);
#7222=FILL_AREA_STYLE_COLOUR('',#7241);
#7223=FILL_AREA_STYLE_COLOUR('',#7241);
#7224=FILL_AREA_STYLE_COLOUR('',#7241);
#7225=FILL_AREA_STYLE_COLOUR('',#7241);
#7226=FILL_AREA_STYLE_COLOUR('',#7241);
#7227=FILL_AREA_STYLE_COLOUR('',#7241);
#7228=FILL_AREA_STYLE_COLOUR('',#7241);
#7229=FILL_AREA_STYLE_COLOUR('',#7241);
#7230=FILL_AREA_STYLE_COLOUR('',#7241);
#7231=FILL_AREA_STYLE_COLOUR('',#7241);
#7232=FILL_AREA_STYLE_COLOUR('',#7241);
#7233=FILL_AREA_STYLE_COLOUR('',#7241);
#7234=FILL_AREA_STYLE_COLOUR('',#7241);
#7235=FILL_AREA_STYLE_COLOUR('',#7241);
#7236=COLOUR_RGB('',0.627450980392157,0.627450980392157,0.627450980392157);
#7237=COLOUR_RGB('',0.266666666666666,0.588235294117647,0.282352941176471);
#7238=COLOUR_RGB('',0.909803921568627,0.67843137254902,0.137254901960784);
#7239=COLOUR_RGB('',0.0980392156862745,0.0980392156862745,0.0980392156862745);
#7240=COLOUR_RGB('',0.431372549019608,0.431372549019608,0.431372549019608);
#7241=COLOUR_RGB('',0.964705882352941,0.964705882352941,0.952941176470588);
#7242=MANIFOLD_SOLID_BREP('Cam\X\E9ra',#6712);
#7243=SHAPE_DEFINITION_REPRESENTATION(#13536,#7244);
#7244=SHAPE_REPRESENTATION('Cam\X\E9ra',(#7245),#13531);
#7245=AXIS2_PLACEMENT_3D('',#8089,#7462,#7463);
#7246=AXIS2_PLACEMENT_3D('',#8090,#7464,#7465);
#7247=AXIS2_PLACEMENT_3D('',#8091,#7466,#7467);
#7248=AXIS2_PLACEMENT_3D('',#8093,#7468,#7469);
#7249=AXIS2_PLACEMENT_3D('',#8095,#7470,#7471);
#7250=AXIS2_PLACEMENT_3D('',#8097,#7472,#7473);
#7251=AXIS2_PLACEMENT_3D('',#8099,#7474,#7475);
#7252=AXIS2_PLACEMENT_3D('',#8104,#7477,#7478);
#7253=AXIS2_PLACEMENT_3D('',#8108,#7480,#7481);
#7254=AXIS2_PLACEMENT_3D('',#8112,#7483,#7484);
#7255=AXIS2_PLACEMENT_3D('',#8115,#7486,#7487);
#7256=AXIS2_PLACEMENT_3D('',#8118,#7489,#7490);
#7257=AXIS2_PLACEMENT_3D('',#8121,#7492,#7493);
#7258=AXIS2_PLACEMENT_3D('',#8125,#7496,#7497);
#7259=AXIS2_PLACEMENT_3D('',#8128,#7499,#7500);
#7260=AXIS2_PLACEMENT_3D('',#8129,#7501,#7502);
#7261=AXIS2_PLACEMENT_3D('',#8139,#7508,#7509);
#7262=AXIS2_PLACEMENT_3D('',#8142,#7511,#7512);
#7263=AXIS2_PLACEMENT_3D('',#8143,#7513,#7514);
#7264=AXIS2_PLACEMENT_3D('',#8151,#7519,#7520);
#7265=AXIS2_PLACEMENT_3D('',#8154,#7522,#7523);
#7266=AXIS2_PLACEMENT_3D('',#8155,#7524,#7525);
#7267=AXIS2_PLACEMENT_3D('',#8163,#7530,#7531);
#7268=AXIS2_PLACEMENT_3D('',#8164,#7532,#7533);
#7269=AXIS2_PLACEMENT_3D('',#8166,#7534,#7535);
#7270=AXIS2_PLACEMENT_3D('',#8167,#7536,#7537);
#7271=AXIS2_PLACEMENT_3D('',#8169,#7538,#7539);
#7272=AXIS2_PLACEMENT_3D('',#8170,#7540,#7541);
#7273=AXIS2_PLACEMENT_3D('',#8172,#7542,#7543);
#7274=AXIS2_PLACEMENT_3D('',#8173,#7544,#7545);
#7275=AXIS2_PLACEMENT_3D('',#8175,#7546,#7547);
#7276=AXIS2_PLACEMENT_3D('',#8184,#7552,#7553);
#7277=AXIS2_PLACEMENT_3D('',#8190,#7557,#7558);
#7278=AXIS2_PLACEMENT_3D('',#8196,#7562,#7563);
#7279=AXIS2_PLACEMENT_3D('',#8199,#7566,#7567);
#7280=AXIS2_PLACEMENT_3D('',#8200,#7568,#7569);
#7281=AXIS2_PLACEMENT_3D('',#8202,#7570,#7571);
#7282=AXIS2_PLACEMENT_3D('',#8204,#7572,#7573);
#7283=AXIS2_PLACEMENT_3D('',#8221,#7582,#7583);
#7284=AXIS2_PLACEMENT_3D('',#8235,#7591,#7592);
#7285=AXIS2_PLACEMENT_3D('',#8259,#7605,#7606);
#7286=AXIS2_PLACEMENT_3D('',#8260,#7607,#7608);
#7287=AXIS2_PLACEMENT_3D('',#8262,#7609,#7610);
#7288=AXIS2_PLACEMENT_3D('',#8264,#7611,#7612);
#7289=AXIS2_PLACEMENT_3D('',#8265,#7613,#7614);
#7290=AXIS2_PLACEMENT_3D('',#8267,#7615,#7616);
#7291=AXIS2_PLACEMENT_3D('',#8268,#7617,#7618);
#7292=AXIS2_PLACEMENT_3D('',#8269,#7619,#7620);
#7293=AXIS2_PLACEMENT_3D('',#8274,#7622,#7623);
#7294=AXIS2_PLACEMENT_3D('',#8278,#7625,#7626);
#7295=AXIS2_PLACEMENT_3D('',#8282,#7628,#7629);
#7296=AXIS2_PLACEMENT_3D('',#8286,#7631,#7632);
#7297=AXIS2_PLACEMENT_3D('',#8290,#7634,#7635);
#7298=AXIS2_PLACEMENT_3D('',#8294,#7637,#7638);
#7299=AXIS2_PLACEMENT_3D('',#8298,#7640,#7641);
#7300=AXIS2_PLACEMENT_3D('',#8302,#7643,#7644);
#7301=AXIS2_PLACEMENT_3D('',#8303,#7645,#7646);
#7302=AXIS2_PLACEMENT_3D('',#8306,#7648,#7649);
#7303=AXIS2_PLACEMENT_3D('',#8311,#7652,#7653);
#7304=AXIS2_PLACEMENT_3D('',#8316,#7656,#7657);
#7305=AXIS2_PLACEMENT_3D('',#8321,#7660,#7661);
#7306=AXIS2_PLACEMENT_3D('',#8324,#7663,#7664);
#7307=AXIS2_PLACEMENT_3D('',#8327,#7666,#7667);
#7308=AXIS2_PLACEMENT_3D('',#8330,#7669,#7670);
#7309=AXIS2_PLACEMENT_3D('',#8334,#7671,#7672);
#7310=AXIS2_PLACEMENT_3D('',#8338,#7673,#7674);
#7311=AXIS2_PLACEMENT_3D('',#8341,#7676,#7677);
#7312=AXIS2_PLACEMENT_3D('',#8344,#7679,#7680);
#7313=AXIS2_PLACEMENT_3D('',#8348,#7681,#7682);
#7314=AXIS2_PLACEMENT_3D('',#8352,#7683,#7684);
#7315=AXIS2_PLACEMENT_3D('',#8355,#7686,#7687);
#7316=AXIS2_PLACEMENT_3D('',#8358,#7689,#7690);
#7317=AXIS2_PLACEMENT_3D('',#8362,#7691,#7692);
#7318=AXIS2_PLACEMENT_3D('',#8366,#7693,#7694);
#7319=AXIS2_PLACEMENT_3D('',#8369,#7696,#7697);
#7320=AXIS2_PLACEMENT_3D('',#8372,#7699,#7700);
#7321=AXIS2_PLACEMENT_3D('',#8376,#7701,#7702);
#7322=AXIS2_PLACEMENT_3D('',#8380,#7703,#7704);
#7323=AXIS2_PLACEMENT_3D('',#8381,#7705,#7706);
#7324=AXIS2_PLACEMENT_3D('',#8382,#7707,#7708);
#7325=AXIS2_PLACEMENT_3D('',#8383,#7709,#7710);
#7326=AXIS2_PLACEMENT_3D('',#8384,#7711,#7712);
#7327=AXIS2_PLACEMENT_3D('',#8385,#7713,#7714);
#7328=AXIS2_PLACEMENT_3D('',#8387,#7715,#7716);
#7329=AXIS2_PLACEMENT_3D('',#8388,#7717,#7718);
#7330=AXIS2_PLACEMENT_3D('',#8394,#7722,#7723);
#7331=AXIS2_PLACEMENT_3D('',#8404,#7729,#7730);
#7332=AXIS2_PLACEMENT_3D('',#8408,#7733,#7734);
#7333=AXIS2_PLACEMENT_3D('',#8412,#7737,#7738);
#7334=AXIS2_PLACEMENT_3D('',#8415,#7741,#7742);
#7335=AXIS2_PLACEMENT_3D('',#8416,#7743,#7744);
#7336=AXIS2_PLACEMENT_3D('',#8422,#7748,#7749);
#7337=AXIS2_PLACEMENT_3D('',#8426,#7752,#7753);
#7338=AXIS2_PLACEMENT_3D('',#8430,#7756,#7757);
#7339=AXIS2_PLACEMENT_3D('',#8432,#7759,#7760);
#7340=AXIS2_PLACEMENT_3D('',#8440,#7761,#7762);
#7341=AXIS2_PLACEMENT_3D('',#8452,#7763,#7764);
#7342=AXIS2_PLACEMENT_3D('',#8464,#7765,#7766);
#7343=AXIS2_PLACEMENT_3D('',#8472,#7767,#7768);
#7344=AXIS2_PLACEMENT_3D('',#8476,#7770,#7771);
#7345=AXIS2_PLACEMENT_3D('',#8481,#7774,#7775);
#7346=AXIS2_PLACEMENT_3D('',#8486,#7778,#7779);
#7347=AXIS2_PLACEMENT_3D('',#8494,#7783,#7784);
#7348=AXIS2_PLACEMENT_3D('',#8499,#7787,#7788);
#7349=AXIS2_PLACEMENT_3D('',#8508,#7794,#7795);
#7350=AXIS2_PLACEMENT_3D('',#8516,#7801,#7802);
#7351=AXIS2_PLACEMENT_3D('',#8519,#7804,#7805);
#7352=AXIS2_PLACEMENT_3D('',#8522,#7807,#7808);
#7353=AXIS2_PLACEMENT_3D('',#8524,#7810,#7811);
#7354=AXIS2_PLACEMENT_3D('',#8526,#7813,#7814);
#7355=AXIS2_PLACEMENT_3D('',#8527,#7815,#7816);
#7356=AXIS2_PLACEMENT_3D('',#8528,#7817,#7818);
#7357=AXIS2_PLACEMENT_3D('',#8533,#7821,#7822);
#7358=AXIS2_PLACEMENT_3D('',#8536,#7825,#7826);
#7359=AXIS2_PLACEMENT_3D('',#8537,#7827,#7828);
#7360=AXIS2_PLACEMENT_3D('',#8538,#7829,#7830);
#7361=AXIS2_PLACEMENT_3D('',#8541,#7832,#7833);
#7362=AXIS2_PLACEMENT_3D('',#8544,#7835,#7836);
#7363=AXIS2_PLACEMENT_3D('',#8546,#7838,#7839);
#7364=AXIS2_PLACEMENT_3D('',#8548,#7841,#7842);
#7365=AXIS2_PLACEMENT_3D('',#8549,#7843,#7844);
#7366=AXIS2_PLACEMENT_3D('',#8552,#7846,#7847);
#7367=AXIS2_PLACEMENT_3D('',#8555,#7849,#7850);
#7368=AXIS2_PLACEMENT_3D('',#8557,#7852,#7853);
#7369=AXIS2_PLACEMENT_3D('',#8559,#7855,#7856);
#7370=AXIS2_PLACEMENT_3D('',#8560,#7857,#7858);
#7371=AXIS2_PLACEMENT_3D('',#8581,#7859,#7860);
#7372=AXIS2_PLACEMENT_3D('',#8602,#7861,#7862);
#7373=AXIS2_PLACEMENT_3D('',#8603,#7863,#7864);
#7374=AXIS2_PLACEMENT_3D('',#8615,#7865,#7866);
#7375=AXIS2_PLACEMENT_3D('',#8630,#7869,#7870);
#7376=AXIS2_PLACEMENT_3D('',#8650,#7873,#7874);
#7377=AXIS2_PLACEMENT_3D('',#8665,#7877,#7878);
#7378=AXIS2_PLACEMENT_3D('',#8685,#7881,#7882);
#7379=AXIS2_PLACEMENT_3D('',#8686,#7883,#7884);
#7380=AXIS2_PLACEMENT_3D('',#8700,#7886,#7887);
#7381=AXIS2_PLACEMENT_3D('',#8728,#7888,#7889);
#7382=AXIS2_PLACEMENT_3D('',#8729,#7890,#7891);
#7383=AXIS2_PLACEMENT_3D('',#8747,#7892,#7893);
#7384=AXIS2_PLACEMENT_3D('',#8748,#7894,#7895);
#7385=AXIS2_PLACEMENT_3D('',#8763,#7898,#7899);
#7386=AXIS2_PLACEMENT_3D('',#8783,#7902,#7903);
#7387=AXIS2_PLACEMENT_3D('',#8784,#7904,#7905);
#7388=AXIS2_PLACEMENT_3D('',#8796,#7906,#7907);
#7389=AXIS2_PLACEMENT_3D('',#8797,#7908,#7909);
#7390=AXIS2_PLACEMENT_3D('',#8809,#7910,#7911);
#7391=AXIS2_PLACEMENT_3D('',#11591,#7916,#7917);
#7392=AXIS2_PLACEMENT_3D('',#13211,#7926,#7927);
#7393=AXIS2_PLACEMENT_3D('',#13212,#7928,#7929);
#7394=AXIS2_PLACEMENT_3D('',#13213,#7930,#7931);
#7395=AXIS2_PLACEMENT_3D('',#13220,#7932,#7933);
#7396=AXIS2_PLACEMENT_3D('',#13266,#7936,#7937);
#7397=AXIS2_PLACEMENT_3D('',#13267,#7938,#7939);
#7398=AXIS2_PLACEMENT_3D('',#13268,#7940,#7941);
#7399=AXIS2_PLACEMENT_3D('',#13269,#7942,#7943);
#7400=AXIS2_PLACEMENT_3D('',#13270,#7944,#7945);
#7401=AXIS2_PLACEMENT_3D('',#13271,#7946,#7947);
#7402=AXIS2_PLACEMENT_3D('',#13272,#7948,#7949);
#7403=AXIS2_PLACEMENT_3D('',#13273,#7950,#7951);
#7404=AXIS2_PLACEMENT_3D('',#13274,#7952,#7953);
#7405=AXIS2_PLACEMENT_3D('',#13275,#7954,#7955);
#7406=AXIS2_PLACEMENT_3D('',#13276,#7956,#7957);
#7407=AXIS2_PLACEMENT_3D('',#13277,#7958,#7959);
#7408=AXIS2_PLACEMENT_3D('',#13278,#7960,#7961);
#7409=AXIS2_PLACEMENT_3D('',#13279,#7962,#7963);
#7410=AXIS2_PLACEMENT_3D('',#13280,#7964,#7965);
#7411=AXIS2_PLACEMENT_3D('',#13281,#7966,#7967);
#7412=AXIS2_PLACEMENT_3D('',#13288,#7968,#7969);
#7413=AXIS2_PLACEMENT_3D('',#13332,#7972,#7973);
#7414=AXIS2_PLACEMENT_3D('',#13333,#7974,#7975);
#7415=AXIS2_PLACEMENT_3D('',#13334,#7976,#7977);
#7416=AXIS2_PLACEMENT_3D('',#13335,#7978,#7979);
#7417=AXIS2_PLACEMENT_3D('',#13336,#7980,#7981);
#7418=AXIS2_PLACEMENT_3D('',#13337,#7982,#7983);
#7419=AXIS2_PLACEMENT_3D('',#13338,#7984,#7985);
#7420=AXIS2_PLACEMENT_3D('',#13339,#7986,#7987);
#7421=AXIS2_PLACEMENT_3D('',#13340,#7988,#7989);
#7422=AXIS2_PLACEMENT_3D('',#13341,#7990,#7991);
#7423=AXIS2_PLACEMENT_3D('',#13342,#7992,#7993);
#7424=AXIS2_PLACEMENT_3D('',#13343,#7994,#7995);
#7425=AXIS2_PLACEMENT_3D('',#13344,#7996,#7997);
#7426=AXIS2_PLACEMENT_3D('',#13345,#7998,#7999);
#7427=AXIS2_PLACEMENT_3D('',#13346,#8000,#8001);
#7428=AXIS2_PLACEMENT_3D('',#13347,#8002,#8003);
#7429=AXIS2_PLACEMENT_3D('',#13354,#8004,#8005);
#7430=AXIS2_PLACEMENT_3D('',#13355,#8006,#8007);
#7431=AXIS2_PLACEMENT_3D('',#13399,#8010,#8011);
#7432=AXIS2_PLACEMENT_3D('',#13406,#8012,#8013);
#7433=AXIS2_PLACEMENT_3D('',#13408,#8015,#8016);
#7434=AXIS2_PLACEMENT_3D('',#13428,#8018,#8019);
#7435=AXIS2_PLACEMENT_3D('',#13440,#8021,#8022);
#7436=AXIS2_PLACEMENT_3D('',#13441,#8023,#8024);
#7437=AXIS2_PLACEMENT_3D('',#13442,#8025,#8026);
#7438=AXIS2_PLACEMENT_3D('',#13443,#8027,#8028);
#7439=AXIS2_PLACEMENT_3D('',#13444,#8029,#8030);
#7440=AXIS2_PLACEMENT_3D('',#13445,#8031,#8032);
#7441=AXIS2_PLACEMENT_3D('',#13446,#8033,#8034);
#7442=AXIS2_PLACEMENT_3D('',#13447,#8035,#8036);
#7443=AXIS2_PLACEMENT_3D('',#13448,#8037,#8038);
#7444=AXIS2_PLACEMENT_3D('',#13449,#8039,#8040);
#7445=AXIS2_PLACEMENT_3D('',#13450,#8041,#8042);
#7446=AXIS2_PLACEMENT_3D('',#13456,#8047,#8048);
#7447=AXIS2_PLACEMENT_3D('',#13458,#8050,#8051);
#7448=AXIS2_PLACEMENT_3D('',#13460,#8053,#8054);
#7449=AXIS2_PLACEMENT_3D('',#13461,#8055,#8056);
#7450=AXIS2_PLACEMENT_3D('',#13462,#8057,#8058);
#7451=AXIS2_PLACEMENT_3D('',#13463,#8059,#8060);
#7452=AXIS2_PLACEMENT_3D('',#13464,#8061,#8062);
#7453=AXIS2_PLACEMENT_3D('',#13470,#8067,#8068);
#7454=AXIS2_PLACEMENT_3D('',#13472,#8070,#8071);
#7455=AXIS2_PLACEMENT_3D('',#13474,#8073,#8074);
#7456=AXIS2_PLACEMENT_3D('',#13475,#8075,#8076);
#7457=AXIS2_PLACEMENT_3D('',#13476,#8077,#8078);
#7458=AXIS2_PLACEMENT_3D('',#13477,#8079,#8080);
#7459=AXIS2_PLACEMENT_3D('',#13478,#8081,#8082);
#7460=AXIS2_PLACEMENT_3D('',#13485,#8083,#8084);
#7461=AXIS2_PLACEMENT_3D('',#13529,#8087,#8088);
#7462=DIRECTION('',(0.,0.,1.));
#7463=DIRECTION('',(1.,0.,0.));
#7464=DIRECTION('',(1.,0.,0.));
#7465=DIRECTION('',(0.,0.,-1.));
#7466=DIRECTION('',(-1.,0.,0.));
#7467=DIRECTION('',(0.,0.,-1.));
#7468=DIRECTION('',(-1.,0.,0.));
#7469=DIRECTION('',(0.,0.,-1.));
#7470=DIRECTION('',(-1.,0.,0.));
#7471=DIRECTION('',(0.,0.,-1.));
#7472=DIRECTION('',(-1.,0.,0.));
#7473=DIRECTION('',(0.,0.,-1.));
#7474=DIRECTION('',(1.,0.,0.));
#7475=DIRECTION('',(0.,0.,1.));
#7476=DIRECTION('',(0.,-1.,1.11022302462516E-16));
#7477=DIRECTION('',(1.,0.,0.));
#7478=DIRECTION('',(0.,1.,1.11022302462516E-15));
#7479=DIRECTION('',(0.,0.,1.));
#7480=DIRECTION('',(1.,0.,0.));
#7481=DIRECTION('',(0.,-1.11022302462516E-15,-1.));
#7482=DIRECTION('',(0.,1.,0.));
#7483=DIRECTION('',(1.,0.,0.));
#7484=DIRECTION('',(0.,-1.,-1.11022302462516E-15));
#7485=DIRECTION('',(0.,0.,-1.));
#7486=DIRECTION('',(1.,0.,0.));
#7487=DIRECTION('',(0.,0.,1.));
#7488=DIRECTION('',(1.,0.,0.));
#7489=DIRECTION('',(1.,0.,0.));
#7490=DIRECTION('',(0.,0.,1.));
#7491=DIRECTION('',(1.,0.,0.));
#7492=DIRECTION('',(0.,-1.,0.));
#7493=DIRECTION('',(0.,0.,-1.));
#7494=DIRECTION('',(1.,0.,0.));
#7495=DIRECTION('',(0.,0.,-1.));
#7496=DIRECTION('',(1.,0.,0.));
#7497=DIRECTION('',(0.,-1.,-1.11022302462516E-15));
#7498=DIRECTION('',(1.,0.,0.));
#7499=DIRECTION('',(1.,0.,0.));
#7500=DIRECTION('',(0.,-1.,-1.11022302462516E-15));
#7501=DIRECTION('',(0.,0.,-1.));
#7502=DIRECTION('',(0.,1.,0.));
#7503=DIRECTION('',(1.,0.,0.));
#7504=DIRECTION('',(0.,1.,0.));
#7505=DIRECTION('',(0.,1.,0.));
#7506=DIRECTION('',(0.,1.,0.));
#7507=DIRECTION('',(0.,1.,0.));
#7508=DIRECTION('',(1.,0.,0.));
#7509=DIRECTION('',(0.,-1.11022302462516E-15,-1.));
#7510=DIRECTION('',(1.,0.,0.));
#7511=DIRECTION('',(1.,0.,0.));
#7512=DIRECTION('',(0.,0.,-1.));
#7513=DIRECTION('',(0.,1.,0.));
#7514=DIRECTION('',(0.,0.,1.));
#7515=DIRECTION('',(1.,0.,0.));
#7516=DIRECTION('',(0.,0.,1.));
#7517=DIRECTION('',(0.,0.,1.));
#7518=DIRECTION('',(0.,0.,1.));
#7519=DIRECTION('',(1.,0.,0.));
#7520=DIRECTION('',(0.,1.,1.11022302462516E-15));
#7521=DIRECTION('',(1.,0.,0.));
#7522=DIRECTION('',(1.,0.,0.));
#7523=DIRECTION('',(0.,0.,-1.));
#7524=DIRECTION('',(0.,0.,1.));
#7525=DIRECTION('',(0.,-1.,0.));
#7526=DIRECTION('',(0.,-1.,1.11022302462516E-16));
#7527=DIRECTION('',(0.,-1.,0.));
#7528=DIRECTION('',(0.,-1.,1.11022302462516E-16));
#7529=DIRECTION('',(0.,-1.,0.));
#7530=DIRECTION('',(1.,0.,0.));
#7531=DIRECTION('',(0.,0.,-1.));
#7532=DIRECTION('',(1.,0.,0.));
#7533=DIRECTION('',(0.,0.,-1.));
#7534=DIRECTION('',(1.,0.,0.));
#7535=DIRECTION('',(0.,0.,-1.));
#7536=DIRECTION('',(1.,0.,0.));
#7537=DIRECTION('',(0.,0.,-1.));
#7538=DIRECTION('',(1.,0.,0.));
#7539=DIRECTION('',(0.,0.,-1.));
#7540=DIRECTION('',(1.,0.,0.));
#7541=DIRECTION('',(0.,0.,-1.));
#7542=DIRECTION('',(1.,0.,0.));
#7543=DIRECTION('',(0.,0.,-1.));
#7544=DIRECTION('',(1.,0.,0.));
#7545=DIRECTION('',(0.,0.,-1.));
#7546=DIRECTION('',(0.,-1.,0.));
#7547=DIRECTION('',(0.,0.,-1.));
#7548=DIRECTION('',(0.,0.,1.));
#7549=DIRECTION('',(1.,0.,0.));
#7550=DIRECTION('',(0.,0.,-1.));
#7551=DIRECTION('',(1.,0.,0.));
#7552=DIRECTION('',(0.,0.,-1.));
#7553=DIRECTION('',(0.,1.,0.));
#7554=DIRECTION('',(0.,-1.,0.));
#7555=DIRECTION('',(1.,0.,0.));
#7556=DIRECTION('',(0.,1.,0.));
#7557=DIRECTION('',(0.,1.,0.));
#7558=DIRECTION('',(0.,0.,1.));
#7559=DIRECTION('',(0.,0.,-1.));
#7560=DIRECTION('',(1.,0.,0.));
#7561=DIRECTION('',(0.,0.,1.));
#7562=DIRECTION('',(0.,0.,1.));
#7563=DIRECTION('',(0.,-1.,0.));
#7564=DIRECTION('',(0.,1.,0.));
#7565=DIRECTION('',(0.,-1.,0.));
#7566=DIRECTION('',(1.,0.,0.));
#7567=DIRECTION('',(0.,0.,-1.));
#7568=DIRECTION('',(-1.,0.,0.));
#7569=DIRECTION('',(0.,0.,-1.));
#7570=DIRECTION('',(1.,0.,0.));
#7571=DIRECTION('',(0.,0.,-1.));
#7572=DIRECTION('',(0.,-1.,0.));
#7573=DIRECTION('',(0.,0.,-1.));
#7574=DIRECTION('',(0.,0.,1.));
#7575=DIRECTION('',(1.,0.,0.));
#7576=DIRECTION('',(0.,0.,1.));
#7577=DIRECTION('',(1.,0.,0.));
#7578=DIRECTION('',(0.,0.,1.));
#7579=DIRECTION('',(1.,0.,0.));
#7580=DIRECTION('',(0.,0.,-1.));
#7581=DIRECTION('',(-1.,0.,0.));
#7582=DIRECTION('',(0.,0.,1.));
#7583=DIRECTION('',(0.,-1.,0.));
#7584=DIRECTION('',(0.,1.,0.));
#7585=DIRECTION('',(1.,0.,0.));
#7586=DIRECTION('',(0.,1.,0.));
#7587=DIRECTION('',(0.,1.,0.));
#7588=DIRECTION('',(1.,0.,0.));
#7589=DIRECTION('',(0.,-1.,0.));
#7590=DIRECTION('',(-1.,0.,0.));
#7591=DIRECTION('',(1.,0.,0.));
#7592=DIRECTION('',(0.,0.,-1.));
#7593=DIRECTION('',(0.,0.,-1.));
#7594=DIRECTION('',(0.,1.,0.));
#7595=DIRECTION('',(0.,0.,1.));
#7596=DIRECTION('',(0.,-1.,0.));
#7597=DIRECTION('',(0.,0.,-1.));
#7598=DIRECTION('',(0.,1.,-1.5636944008805E-16));
#7599=DIRECTION('',(0.,6.34413156928661E-16,1.));
#7600=DIRECTION('',(0.,1.,0.));
#7601=DIRECTION('',(0.,0.,-1.));
#7602=DIRECTION('',(0.,-1.,-1.4704940723512E-16));
#7603=DIRECTION('',(0.,0.,-1.));
#7604=DIRECTION('',(0.,-1.,0.));
#7605=DIRECTION('',(1.,0.,0.));
#7606=DIRECTION('',(0.,0.,-1.));
#7607=DIRECTION('',(-1.,0.,0.));
#7608=DIRECTION('',(0.,0.,-1.));
#7609=DIRECTION('',(1.,0.,0.));
#7610=DIRECTION('',(0.,0.,-1.));
#7611=DIRECTION('',(1.,0.,0.));
#7612=DIRECTION('',(0.,0.,-1.));
#7613=DIRECTION('',(-1.,0.,0.));
#7614=DIRECTION('',(0.,0.,-1.));
#7615=DIRECTION('',(1.,0.,0.));
#7616=DIRECTION('',(0.,0.,-1.));
#7617=DIRECTION('',(1.,0.,0.));
#7618=DIRECTION('',(0.,0.,-1.));
#7619=DIRECTION('',(-1.,0.,0.));
#7620=DIRECTION('',(0.,0.,-1.));
#7621=DIRECTION('',(0.,-1.,0.));
#7622=DIRECTION('',(1.,0.,0.));
#7623=DIRECTION('',(0.,0.,-1.));
#7624=DIRECTION('',(0.,1.,0.));
#7625=DIRECTION('',(-1.,0.,0.));
#7626=DIRECTION('',(0.,0.,-1.));
#7627=DIRECTION('',(0.,0.,-1.));
#7628=DIRECTION('',(1.,0.,0.));
#7629=DIRECTION('',(0.,0.,-1.));
#7630=DIRECTION('',(0.,0.,1.));
#7631=DIRECTION('',(-1.,0.,0.));
#7632=DIRECTION('',(0.,0.,-1.));
#7633=DIRECTION('',(0.,1.,0.));
#7634=DIRECTION('',(1.,0.,0.));
#7635=DIRECTION('',(0.,0.,-1.));
#7636=DIRECTION('',(0.,-1.,0.));
#7637=DIRECTION('',(-1.,0.,0.));
#7638=DIRECTION('',(0.,0.,1.));
#7639=DIRECTION('',(0.,0.,1.));
#7640=DIRECTION('',(1.,0.,0.));
#7641=DIRECTION('',(0.,0.,-1.));
#7642=DIRECTION('',(0.,0.,-1.));
#7643=DIRECTION('',(-1.,0.,0.));
#7644=DIRECTION('',(0.,0.,1.));
#7645=DIRECTION('',(1.,0.,0.));
#7646=DIRECTION('',(0.,0.,-1.));
#7647=DIRECTION('',(-1.,0.,0.));
#7648=DIRECTION('',(-1.,0.,0.));
#7649=DIRECTION('',(0.,0.,-1.));
#7650=DIRECTION('',(1.,0.,0.));
#7651=DIRECTION('',(-1.,0.,0.));
#7652=DIRECTION('',(-1.,0.,0.));
#7653=DIRECTION('',(0.,0.,-1.));
#7654=DIRECTION('',(1.,0.,0.));
#7655=DIRECTION('',(-1.,0.,0.));
#7656=DIRECTION('',(-1.,0.,0.));
#7657=DIRECTION('',(0.,0.,-1.));
#7658=DIRECTION('',(1.,0.,0.));
#7659=DIRECTION('',(-1.,0.,0.));
#7660=DIRECTION('',(-1.,0.,0.));
#7661=DIRECTION('',(0.,0.,-1.));
#7662=DIRECTION('',(1.,0.,0.));
#7663=DIRECTION('',(1.,0.,0.));
#7664=DIRECTION('',(0.,0.,-1.));
#7665=DIRECTION('',(0.,-1.,0.));
#7666=DIRECTION('',(1.,0.,0.));
#7667=DIRECTION('',(0.,0.,-1.));
#7668=DIRECTION('',(0.,0.,-1.));
#7669=DIRECTION('',(0.,1.,0.));
#7670=DIRECTION('',(0.,0.,-1.));
#7671=DIRECTION('',(0.,0.,-1.));
#7672=DIRECTION('',(0.,-1.,0.));
#7673=DIRECTION('',(1.,0.,0.));
#7674=DIRECTION('',(0.,0.,-1.));
#7675=DIRECTION('',(0.,0.,1.));
#7676=DIRECTION('',(1.,0.,0.));
#7677=DIRECTION('',(0.,0.,-1.));
#7678=DIRECTION('',(0.,-1.,0.));
#7679=DIRECTION('',(0.,0.,-1.));
#7680=DIRECTION('',(0.,-1.,0.));
#7681=DIRECTION('',(0.,-1.,0.));
#7682=DIRECTION('',(0.,0.,1.));
#7683=DIRECTION('',(1.,0.,0.));
#7684=DIRECTION('',(0.,0.,-1.));
#7685=DIRECTION('',(0.,0.,-1.));
#7686=DIRECTION('',(1.,0.,0.));
#7687=DIRECTION('',(0.,0.,-1.));
#7688=DIRECTION('',(0.,1.,0.));
#7689=DIRECTION('',(0.,0.,1.));
#7690=DIRECTION('',(0.,1.,0.));
#7691=DIRECTION('',(0.,1.,0.));
#7692=DIRECTION('',(0.,0.,-1.));
#7693=DIRECTION('',(1.,0.,0.));
#7694=DIRECTION('',(0.,0.,-1.));
#7695=DIRECTION('',(0.,1.,0.));
#7696=DIRECTION('',(1.,0.,0.));
#7697=DIRECTION('',(0.,0.,-1.));
#7698=DIRECTION('',(0.,0.,1.));
#7699=DIRECTION('',(0.,0.,1.));
#7700=DIRECTION('',(0.,1.,0.));
#7701=DIRECTION('',(0.,-1.,0.));
#7702=DIRECTION('',(0.,0.,1.));
#7703=DIRECTION('',(-1.,0.,0.));
#7704=DIRECTION('',(0.,0.,1.));
#7705=DIRECTION('',(-1.,0.,0.));
#7706=DIRECTION('',(0.,0.,1.));
#7707=DIRECTION('',(-1.,0.,0.));
#7708=DIRECTION('',(0.,0.,1.));
#7709=DIRECTION('',(-1.,0.,0.));
#7710=DIRECTION('',(0.,0.,1.));
#7711=DIRECTION('',(-1.,0.,0.));
#7712=DIRECTION('',(0.,0.,-1.));
#7713=DIRECTION('',(-1.,0.,0.));
#7714=DIRECTION('',(0.,0.,-1.));
#7715=DIRECTION('',(1.,0.,0.));
#7716=DIRECTION('',(0.,-1.,0.));
#7717=DIRECTION('',(0.,0.,1.));
#7718=DIRECTION('',(0.,-1.,0.));
#7719=DIRECTION('',(-1.,0.,0.));
#7720=DIRECTION('',(0.,-1.,0.));
#7721=DIRECTION('',(1.,0.,0.));
#7722=DIRECTION('',(0.,0.,-1.));
#7723=DIRECTION('',(0.,1.,0.));
#7724=DIRECTION('',(1.,0.,0.));
#7725=DIRECTION('',(0.,1.,0.));
#7726=DIRECTION('',(1.,0.,0.));
#7727=DIRECTION('',(0.,1.,0.));
#7728=DIRECTION('',(1.,0.,0.));
#7729=DIRECTION('',(0.,1.,0.));
#7730=DIRECTION('',(0.,0.,1.));
#7731=DIRECTION('',(1.,0.,0.));
#7732=DIRECTION('',(0.,0.,1.));
#7733=DIRECTION('',(0.,0.,1.));
#7734=DIRECTION('',(0.,-1.,0.));
#7735=DIRECTION('',(1.,0.,0.));
#7736=DIRECTION('',(0.,-1.,0.));
#7737=DIRECTION('',(0.,-1.,0.));
#7738=DIRECTION('',(0.,0.,-1.));
#7739=DIRECTION('',(0.,0.,1.));
#7740=DIRECTION('',(0.,0.,-1.));
#7741=DIRECTION('',(1.,0.,0.));
#7742=DIRECTION('',(0.,0.,-1.));
#7743=DIRECTION('',(0.,0.,1.));
#7744=DIRECTION('',(0.,1.,0.));
#7745=DIRECTION('',(-1.,0.,0.));
#7746=DIRECTION('',(0.,1.,0.));
#7747=DIRECTION('',(-1.,0.,0.));
#7748=DIRECTION('',(0.,1.,0.));
#7749=DIRECTION('',(0.,0.,-1.));
#7750=DIRECTION('',(-1.,0.,0.));
#7751=DIRECTION('',(0.,0.,-1.));
#7752=DIRECTION('',(0.,0.,-1.));
#7753=DIRECTION('',(0.,-1.,0.));
#7754=DIRECTION('',(-1.,0.,0.));
#7755=DIRECTION('',(0.,-1.,0.));
#7756=DIRECTION('',(0.,-1.,0.));
#7757=DIRECTION('',(0.,0.,1.));
#7758=DIRECTION('',(0.,0.,1.));
#7759=DIRECTION('',(1.,0.,0.));
#7760=DIRECTION('',(0.,0.,-1.));
#7761=DIRECTION('',(1.,0.,0.));
#7762=DIRECTION('',(0.,0.,-1.));
#7763=DIRECTION('',(1.,0.,0.));
#7764=DIRECTION('',(0.,0.,-1.));
#7765=DIRECTION('',(1.,0.,0.));
#7766=DIRECTION('',(0.,0.,-1.));
#7767=DIRECTION('',(1.,0.,0.));
#7768=DIRECTION('',(0.,0.,-1.));
#7769=DIRECTION('',(0.,-1.,-1.66533453693774E-15));
#7770=DIRECTION('',(-1.,0.,0.));
#7771=DIRECTION('',(0.,-1.,-1.11022302462515E-15));
#7772=DIRECTION('',(0.,1.7347234759768E-16,1.));
#7773=DIRECTION('',(0.,0.,-1.));
#7774=DIRECTION('',(-1.,0.,0.));
#7775=DIRECTION('',(0.,-2.22044604925032E-15,-1.));
#7776=DIRECTION('',(0.,-1.,5.55111512312578E-16));
#7777=DIRECTION('',(0.,1.,0.));
#7778=DIRECTION('',(-1.,0.,0.));
#7779=DIRECTION('',(0.,1.,-2.22044604925032E-15));
#7780=DIRECTION('',(0.,0.,-1.));
#7781=DIRECTION('',(0.,1.,0.));
#7782=DIRECTION('',(0.,-5.89805981832114E-16,1.));
#7783=DIRECTION('',(-1.,0.,0.));
#7784=DIRECTION('',(0.,0.,1.));
#7785=DIRECTION('',(0.,1.,0.));
#7786=DIRECTION('',(0.,0.,1.));
#7787=DIRECTION('',(0.,0.,-1.));
#7788=DIRECTION('',(0.,1.,0.));
#7789=DIRECTION('',(0.,-1.,0.));
#7790=DIRECTION('',(1.,0.,0.));
#7791=DIRECTION('',(-1.,0.,0.));
#7792=DIRECTION('',(0.,-1.,0.));
#7793=DIRECTION('',(1.,0.,0.));
#7794=DIRECTION('',(0.,1.,0.));
#7795=DIRECTION('',(0.,0.,1.));
#7796=DIRECTION('',(0.,0.,-1.));
#7797=DIRECTION('',(1.,0.,0.));
#7798=DIRECTION('',(-1.,0.,0.));
#7799=DIRECTION('',(0.,0.,-1.));
#7800=DIRECTION('',(0.,0.,1.));
#7801=DIRECTION('',(1.,0.,0.));
#7802=DIRECTION('',(0.,0.,-1.));
#7803=DIRECTION('',(0.,0.,-1.));
#7804=DIRECTION('',(-1.,0.,0.));
#7805=DIRECTION('',(0.,1.,-2.22044604925032E-15));
#7806=DIRECTION('',(0.,1.,0.));
#7807=DIRECTION('',(0.,0.,-1.));
#7808=DIRECTION('',(0.,-1.,0.));
#7809=DIRECTION('',(-1.,0.,0.));
#7810=DIRECTION('',(-1.,0.,0.));
#7811=DIRECTION('',(0.,1.,-2.22044604925032E-15));
#7812=DIRECTION('',(-1.,0.,0.));
#7813=DIRECTION('',(0.,1.,0.));
#7814=DIRECTION('',(0.,0.,-1.));
#7815=DIRECTION('',(1.,0.,0.));
#7816=DIRECTION('',(0.,0.,-1.));
#7817=DIRECTION('',(-1.,0.,0.));
#7818=DIRECTION('',(0.,0.,1.));
#7819=DIRECTION('',(0.,-5.89805981832114E-16,1.));
#7820=DIRECTION('',(0.,1.,0.));
#7821=DIRECTION('',(-1.,0.,0.));
#7822=DIRECTION('',(0.,0.,1.));
#7823=DIRECTION('',(-1.,0.,0.));
#7824=DIRECTION('',(-1.,0.,0.));
#7825=DIRECTION('',(0.,0.,-1.));
#7826=DIRECTION('',(0.,-1.,0.));
#7827=DIRECTION('',(0.,-1.,0.));
#7828=DIRECTION('',(0.,0.,1.));
#7829=DIRECTION('',(1.,0.,0.));
#7830=DIRECTION('',(0.,0.,-1.));
#7831=DIRECTION('',(0.,-1.,5.55111512312578E-16));
#7832=DIRECTION('',(-1.,0.,0.));
#7833=DIRECTION('',(0.,-2.22044604925032E-15,-1.));
#7834=DIRECTION('',(0.,0.,-1.));
#7835=DIRECTION('',(0.,1.,0.));
#7836=DIRECTION('',(0.,0.,-1.));
#7837=DIRECTION('',(-1.,0.,0.));
#7838=DIRECTION('',(-1.,0.,0.));
#7839=DIRECTION('',(0.,-2.22044604925032E-15,-1.));
#7840=DIRECTION('',(-1.,0.,0.));
#7841=DIRECTION('',(0.,0.,-1.));
#7842=DIRECTION('',(0.,-1.,0.));
#7843=DIRECTION('',(1.,0.,0.));
#7844=DIRECTION('',(0.,0.,-1.));
#7845=DIRECTION('',(0.,1.7347234759768E-16,1.));
#7846=DIRECTION('',(-1.,0.,0.));
#7847=DIRECTION('',(0.,-1.,-1.11022302462515E-15));
#7848=DIRECTION('',(0.,-1.,-1.66533453693774E-15));
#7849=DIRECTION('',(0.,0.,-1.));
#7850=DIRECTION('',(0.,-1.,0.));
#7851=DIRECTION('',(-1.,0.,0.));
#7852=DIRECTION('',(-1.,0.,0.));
#7853=DIRECTION('',(0.,-1.,-1.11022302462515E-15));
#7854=DIRECTION('',(-1.,0.,0.));
#7855=DIRECTION('',(0.,-1.,0.));
#7856=DIRECTION('',(0.,0.,1.));
#7857=DIRECTION('',(1.,0.,0.));
#7858=DIRECTION('',(0.,0.,-1.));
#7859=DIRECTION('',(1.,0.,0.));
#7860=DIRECTION('',(0.,0.,-1.));
#7861=DIRECTION('',(1.,0.,0.));
#7862=DIRECTION('',(0.,0.,-1.));
#7863=DIRECTION('',(-1.,6.12096423606949E-17,-1.6670749024779E-18));
#7864=DIRECTION('',(6.40332164336504E-17,0.999722754116769,-0.0235460166733767));
#7865=DIRECTION('',(1.,0.,0.));
#7866=DIRECTION('',(0.,0.,-1.));
#7867=DIRECTION('',(0.,0.,1.));
#7868=DIRECTION('',(0.,0.65620237991801,-0.754584943256848));
#7869=DIRECTION('',(1.,0.,0.));
#7870=DIRECTION('',(0.,0.,-1.));
#7871=DIRECTION('',(0.,-0.661705430591891,-0.749763911591642));
#7872=DIRECTION('',(0.,0.,1.));
#7873=DIRECTION('',(1.,0.,0.));
#7874=DIRECTION('',(0.,0.,-1.));
#7875=DIRECTION('',(0.,-1.,0.));
#7876=DIRECTION('',(0.,0.754584912875788,0.656202414854014));
#7877=DIRECTION('',(1.,0.,0.));
#7878=DIRECTION('',(0.,0.,-1.));
#7879=DIRECTION('',(0.,0.749763926619816,-0.661705413563796));
#7880=DIRECTION('',(0.,-1.,0.));
#7881=DIRECTION('',(1.,0.,0.));
#7882=DIRECTION('',(0.,0.,-1.));
#7883=DIRECTION('',(1.,2.21033391016558E-17,-5.71037814615797E-17));
#7884=DIRECTION('',(0.,-0.352935849649496,0.935647522324614));
#7885=DIRECTION('',(0.,0.902705150227314,-0.430259702683254));
#7886=DIRECTION('',(1.,0.,0.));
#7887=DIRECTION('',(0.,0.,-1.));
#7888=DIRECTION('',(1.,0.,0.));
#7889=DIRECTION('',(0.,0.,-1.));
#7890=DIRECTION('',(1.,-1.92861187320717E-17,-5.81157902889316E-17));
#7891=DIRECTION('',(0.,0.32130453741051,0.94697592062281));
#7892=DIRECTION('',(1.,-1.79915727192939E-17,5.85295033956466E-17));
#7893=DIRECTION('',(0.,0.289207763747127,-0.957266352374503));
#7894=DIRECTION('',(1.,0.,0.));
#7895=DIRECTION('',(0.,0.,-1.));
#7896=DIRECTION('',(0.,0.,1.));
#7897=DIRECTION('',(0.,0.65620237991801,-0.754584943256848));
#7898=DIRECTION('',(1.,0.,0.));
#7899=DIRECTION('',(0.,0.,-1.));
#7900=DIRECTION('',(0.,-0.661705430591891,-0.749763911591642));
#7901=DIRECTION('',(0.,0.,1.));
#7902=DIRECTION('',(1.,0.,0.));
#7903=DIRECTION('',(0.,0.,-1.));
#7904=DIRECTION('',(-1.,1.66713906092612E-18,6.12096406132741E-17));
#7905=DIRECTION('',(5.41823239386591E-17,0.02354699490676,0.999722731076403));
#7906=DIRECTION('',(1.,0.,0.));
#7907=DIRECTION('',(0.,0.,-1.));
#7908=DIRECTION('',(-1.,-6.11954285366049E-17,2.12578994162913E-18));
#7909=DIRECTION('',(1.17545408954867E-16,-0.999604736577558,0.0281135307585216));
#7910=DIRECTION('',(1.,0.,0.));
#7911=DIRECTION('',(0.,0.,-1.));
#7912=DIRECTION('',(0.,0.,-1.));
#7913=DIRECTION('',(0.,0.661705430591891,0.749763911591642));
#7914=DIRECTION('',(0.,-0.65620237991801,0.754584943256848));
#7915=DIRECTION('',(0.,0.,-1.));
#7916=DIRECTION('',(-1.,-2.30174407285116E-17,5.67414916878654E-17));
#7917=DIRECTION('',(0.,-0.379417176572387,0.925225705502089));
#7918=DIRECTION('',(0.,1.,0.));
#7919=DIRECTION('',(0.,-0.749763926619816,0.661705413563796));
#7920=DIRECTION('',(0.,-0.754584912875788,-0.656202414854014));
#7921=DIRECTION('',(0.,1.,0.));
#7922=DIRECTION('',(0.,0.,-1.));
#7923=DIRECTION('',(0.,0.661705430591891,0.749763911591642));
#7924=DIRECTION('',(0.,-0.65620237991801,0.754584943256848));
#7925=DIRECTION('',(0.,0.,-1.));
#7926=DIRECTION('',(1.,0.,0.));
#7927=DIRECTION('',(0.,0.,-1.));
#7928=DIRECTION('',(1.,0.,0.));
#7929=DIRECTION('',(0.,0.,-1.));
#7930=DIRECTION('',(1.,0.,0.));
#7931=DIRECTION('',(0.,0.,-1.));
#7932=DIRECTION('',(-1.,5.29417864531353E-13,-1.83907719620974E-14));
#7933=DIRECTION('',(-5.29777158159585E-13,-0.999604736577558,0.0281135307585216));
#7934=DIRECTION('',(-1.,0.,0.));
#7935=DIRECTION('',(-1.,0.,0.));
#7936=DIRECTION('',(1.,0.,0.));
#7937=DIRECTION('',(0.,0.,-1.));
#7938=DIRECTION('',(1.,0.,0.));
#7939=DIRECTION('',(0.,0.,-1.));
#7940=DIRECTION('',(1.,0.,0.));
#7941=DIRECTION('',(0.,0.,-1.));
#7942=DIRECTION('',(1.,0.,0.));
#7943=DIRECTION('',(0.,0.,-1.));
#7944=DIRECTION('',(1.,0.,0.));
#7945=DIRECTION('',(0.,0.,-1.));
#7946=DIRECTION('',(1.,0.,0.));
#7947=DIRECTION('',(0.,0.,-1.));
#7948=DIRECTION('',(1.,0.,0.));
#7949=DIRECTION('',(0.,0.,-1.));
#7950=DIRECTION('',(1.,0.,0.));
#7951=DIRECTION('',(0.,0.,-1.));
#7952=DIRECTION('',(1.,0.,0.));
#7953=DIRECTION('',(0.,0.,-1.));
#7954=DIRECTION('',(1.,0.,0.));
#7955=DIRECTION('',(0.,0.,-1.));
#7956=DIRECTION('',(1.,0.,0.));
#7957=DIRECTION('',(0.,0.,-1.));
#7958=DIRECTION('',(1.,0.,0.));
#7959=DIRECTION('',(0.,0.,-1.));
#7960=DIRECTION('',(1.,0.,0.));
#7961=DIRECTION('',(0.,0.,-1.));
#7962=DIRECTION('',(1.,0.,0.));
#7963=DIRECTION('',(0.,0.,-1.));
#7964=DIRECTION('',(1.,0.,0.));
#7965=DIRECTION('',(0.,0.,-1.));
#7966=DIRECTION('',(1.,0.,0.));
#7967=DIRECTION('',(0.,0.,-1.));
#7968=DIRECTION('',(-1.,2.14691867755924E-14,7.88249305407824E-13));
#7969=DIRECTION('',(7.88515360279306E-13,0.02354699490676,0.999722731076403));
#7970=DIRECTION('',(-1.,0.,0.));
#7971=DIRECTION('',(-1.,0.,0.));
#7972=DIRECTION('',(1.,0.,0.));
#7973=DIRECTION('',(0.,0.,-1.));
#7974=DIRECTION('',(1.,0.,0.));
#7975=DIRECTION('',(0.,0.,-1.));
#7976=DIRECTION('',(1.,0.,0.));
#7977=DIRECTION('',(0.,0.,-1.));
#7978=DIRECTION('',(1.,0.,0.));
#7979=DIRECTION('',(0.,0.,-1.));
#7980=DIRECTION('',(1.,0.,0.));
#7981=DIRECTION('',(0.,0.,-1.));
#7982=DIRECTION('',(1.,0.,0.));
#7983=DIRECTION('',(0.,0.,-1.));
#7984=DIRECTION('',(1.,0.,0.));
#7985=DIRECTION('',(0.,0.,-1.));
#7986=DIRECTION('',(1.,0.,0.));
#7987=DIRECTION('',(0.,0.,-1.));
#7988=DIRECTION('',(1.,0.,0.));
#7989=DIRECTION('',(0.,0.,-1.));
#7990=DIRECTION('',(1.,0.,0.));
#7991=DIRECTION('',(0.,0.,-1.));
#7992=DIRECTION('',(1.,0.,0.));
#7993=DIRECTION('',(0.,0.,-1.));
#7994=DIRECTION('',(1.,0.,0.));
#7995=DIRECTION('',(0.,0.,-1.));
#7996=DIRECTION('',(1.,0.,0.));
#7997=DIRECTION('',(0.,0.,-1.));
#7998=DIRECTION('',(1.,0.,0.));
#7999=DIRECTION('',(0.,0.,-1.));
#8000=DIRECTION('',(1.,0.,0.));
#8001=DIRECTION('',(0.,0.,-1.));
#8002=DIRECTION('',(1.,0.,0.));
#8003=DIRECTION('',(0.,0.,-1.));
#8004=DIRECTION('',(1.,5.78158252614277E-13,-1.88084254431629E-12));
#8005=DIRECTION('',(-1.96767154999744E-12,0.289207763747127,-0.957266352374503));
#8006=DIRECTION('',(1.,-1.92861187320717E-17,-5.81157902889316E-17));
#8007=DIRECTION('',(0.,0.32130453741051,0.94697592062281));
#8008=DIRECTION('',(-1.,0.,0.));
#8009=DIRECTION('',(-1.,0.,0.));
#8010=DIRECTION('',(1.,0.,0.));
#8011=DIRECTION('',(0.,0.,-1.));
#8012=DIRECTION('',(1.,1.60006560812545E-13,-4.13375537471353E-13));
#8013=DIRECTION('',(4.43231654050324E-13,-0.352935849649496,0.935647522324614));
#8014=DIRECTION('',(0.,0.902705150227314,-0.430259702683254));
#8015=DIRECTION('',(-1.,-2.30174407285116E-17,5.67414916878654E-17));
#8016=DIRECTION('',(0.,-0.379417176572387,0.925225705502089));
#8017=DIRECTION('',(-1.,0.,0.));
#8018=DIRECTION('',(0.,0.430259702683254,0.902705150227314));
#8019=DIRECTION('',(0.,0.902705150227314,-0.430259702683254));
#8020=DIRECTION('',(-1.,0.,0.));
#8021=DIRECTION('',(1.,0.,0.));
#8022=DIRECTION('',(0.,0.,-1.));
#8023=DIRECTION('',(1.,0.,0.));
#8024=DIRECTION('',(0.,0.,-1.));
#8025=DIRECTION('',(1.,0.,0.));
#8026=DIRECTION('',(0.,0.,-1.));
#8027=DIRECTION('',(1.,0.,0.));
#8028=DIRECTION('',(0.,0.,-1.));
#8029=DIRECTION('',(1.,0.,0.));
#8030=DIRECTION('',(0.,0.,-1.));
#8031=DIRECTION('',(1.,0.,0.));
#8032=DIRECTION('',(0.,0.,-1.));
#8033=DIRECTION('',(1.,0.,0.));
#8034=DIRECTION('',(0.,0.,-1.));
#8035=DIRECTION('',(1.,0.,0.));
#8036=DIRECTION('',(0.,0.,-1.));
#8037=DIRECTION('',(1.,0.,0.));
#8038=DIRECTION('',(0.,0.,-1.));
#8039=DIRECTION('',(1.,0.,0.));
#8040=DIRECTION('',(0.,0.,-1.));
#8041=DIRECTION('',(1.,0.,0.));
#8042=DIRECTION('',(0.,0.,-1.));
#8043=DIRECTION('',(0.,1.,0.));
#8044=DIRECTION('',(0.,0.754584912875788,0.656202414854014));
#8045=DIRECTION('',(0.,-1.,0.));
#8046=DIRECTION('',(0.,-0.754584912875788,-0.656202414854014));
#8047=DIRECTION('',(0.,0.656202414854015,-0.754584912875787));
#8048=DIRECTION('',(0.,-0.754584912875788,-0.656202414854014));
#8049=DIRECTION('',(-1.,0.,0.));
#8050=DIRECTION('',(0.,0.,1.));
#8051=DIRECTION('',(0.,1.,0.));
#8052=DIRECTION('',(-1.,0.,0.));
#8053=DIRECTION('',(0.,0.656202414854015,-0.754584912875787));
#8054=DIRECTION('',(0.,-0.754584912875788,-0.656202414854014));
#8055=DIRECTION('',(0.,0.,1.));
#8056=DIRECTION('',(0.,1.,0.));
#8057=DIRECTION('',(1.,0.,0.));
#8058=DIRECTION('',(0.,0.,-1.));
#8059=DIRECTION('',(1.,0.,0.));
#8060=DIRECTION('',(0.,0.,-1.));
#8061=DIRECTION('',(1.,0.,0.));
#8062=DIRECTION('',(0.,0.,-1.));
#8063=DIRECTION('',(0.,0.,-1.));
#8064=DIRECTION('',(0.,0.65620237991801,-0.754584943256848));
#8065=DIRECTION('',(0.,0.,1.));
#8066=DIRECTION('',(0.,-0.65620237991801,0.754584943256848));
#8067=DIRECTION('',(0.,-0.754584943256848,-0.65620237991801));
#8068=DIRECTION('',(0.,-0.65620237991801,0.754584943256848));
#8069=DIRECTION('',(-1.,0.,0.));
#8070=DIRECTION('',(0.,1.,0.));
#8071=DIRECTION('',(0.,0.,-1.));
#8072=DIRECTION('',(-1.,0.,0.));
#8073=DIRECTION('',(0.,-0.754584943256848,-0.65620237991801));
#8074=DIRECTION('',(0.,-0.65620237991801,0.754584943256848));
#8075=DIRECTION('',(0.,1.,0.));
#8076=DIRECTION('',(0.,0.,-1.));
#8077=DIRECTION('',(1.,0.,0.));
#8078=DIRECTION('',(0.,0.,-1.));
#8079=DIRECTION('',(1.,0.,0.));
#8080=DIRECTION('',(0.,0.,-1.));
#8081=DIRECTION('',(1.,0.,0.));
#8082=DIRECTION('',(0.,0.,-1.));
#8083=DIRECTION('',(-1.,1.67898402760434E-12,-4.57279609246302E-14));
#8084=DIRECTION('',(1.67959126705465E-12,0.999722754116769,-0.0235460166733767));
#8085=DIRECTION('',(-1.,0.,0.));
#8086=DIRECTION('',(-1.,0.,0.));
#8087=DIRECTION('',(1.,0.,0.));
#8088=DIRECTION('',(0.,0.,-1.));
#8089=CARTESIAN_POINT('',(0.,0.,0.));
#8090=CARTESIAN_POINT('',(0.,0.,2.22044604925031E-18));
#8091=CARTESIAN_POINT('',(0.,0.01,0.0105));
#8092=CARTESIAN_POINT('',(0.,0.01,0.0095));
#8093=CARTESIAN_POINT('',(0.,-0.0025,0.0105));
#8094=CARTESIAN_POINT('',(0.,-0.0025,0.0095));
#8095=CARTESIAN_POINT('',(0.,-0.0025,-0.0105));
#8096=CARTESIAN_POINT('',(0.,-0.0025,-0.0115));
#8097=CARTESIAN_POINT('',(0.,0.01,-0.0105));
#8098=CARTESIAN_POINT('',(0.,0.01,-0.0115));
#8099=CARTESIAN_POINT('',(0.,-0.01,0.0105));
#8100=CARTESIAN_POINT('',(0.,-0.01,0.0125));
#8101=CARTESIAN_POINT('',(0.,-0.012,0.0105));
#8102=CARTESIAN_POINT('',(0.,0.01,0.0125));
#8103=CARTESIAN_POINT('',(0.,0.01,0.0125));
#8104=CARTESIAN_POINT('',(0.,0.01,0.0105));
#8105=CARTESIAN_POINT('',(0.,0.012,0.0105));
#8106=CARTESIAN_POINT('',(0.,0.012,-0.0105));
#8107=CARTESIAN_POINT('',(0.,0.012,-0.0105));
#8108=CARTESIAN_POINT('',(0.,0.01,-0.0105));
#8109=CARTESIAN_POINT('',(0.,0.01,-0.0125));
#8110=CARTESIAN_POINT('',(0.,-0.01,-0.0125));
#8111=CARTESIAN_POINT('',(0.,-0.01,-0.0125));
#8112=CARTESIAN_POINT('',(0.,-0.01,-0.0105));
#8113=CARTESIAN_POINT('',(0.,-0.012,-0.0105));
#8114=CARTESIAN_POINT('',(0.,-0.012,0.0105));
#8115=CARTESIAN_POINT('',(0.,-0.01,0.0105));
#8116=CARTESIAN_POINT('',(0.,-0.012,0.0105));
#8117=CARTESIAN_POINT('',(0.001,-0.012,0.0105));
#8118=CARTESIAN_POINT('',(0.001,-0.01,0.0105));
#8119=CARTESIAN_POINT('',(0.001,-0.01,0.0125));
#8120=CARTESIAN_POINT('',(0.,-0.01,0.0125));
#8121=CARTESIAN_POINT('',(0.,-0.012,0.0105));
#8122=CARTESIAN_POINT('',(0.,-0.012,-0.0105));
#8123=CARTESIAN_POINT('',(0.001,-0.012,-0.0105));
#8124=CARTESIAN_POINT('',(0.001,-0.012,0.0105));
#8125=CARTESIAN_POINT('',(0.,-0.01,-0.0105));
#8126=CARTESIAN_POINT('',(0.,-0.01,-0.0125));
#8127=CARTESIAN_POINT('',(0.001,-0.01,-0.0125));
#8128=CARTESIAN_POINT('',(0.001,-0.01,-0.0105));
#8129=CARTESIAN_POINT('',(0.,-0.01,-0.0125));
#8130=CARTESIAN_POINT('',(0.,0.01,-0.0125));
#8131=CARTESIAN_POINT('',(0.0009999,0.01,-0.0125));
#8132=CARTESIAN_POINT('',(0.0009999,-0.00879768540896249,-0.0125));
#8133=CARTESIAN_POINT('',(0.001,0.00896922359359559,-0.0125));
#8134=CARTESIAN_POINT('',(0.001,-0.01,-0.0125));
#8135=CARTESIAN_POINT('',(0.000999949990974524,-0.00146922404340361,-0.0124999999506268));
#8136=CARTESIAN_POINT('',(0.0009999,-0.00879768540896249,-0.0125));
#8137=CARTESIAN_POINT('',(0.00099994999618213,-0.00353077689139926,-0.012499999750019));
#8138=CARTESIAN_POINT('',(0.001,-0.01,-0.0125));
#8139=CARTESIAN_POINT('',(0.,0.01,-0.0105));
#8140=CARTESIAN_POINT('',(0.,0.012,-0.0105));
#8141=CARTESIAN_POINT('',(0.0009999,0.012,-0.0105));
#8142=CARTESIAN_POINT('',(0.0009999,0.01,-0.0105));
#8143=CARTESIAN_POINT('',(0.,0.012,-0.0105));
#8144=CARTESIAN_POINT('',(0.,0.012,0.0105));
#8145=CARTESIAN_POINT('',(0.0009999,0.012,0.0105));
#8146=CARTESIAN_POINT('',(0.0009999,0.012,0.00747191601071205));
#8147=CARTESIAN_POINT('',(0.001,0.012,0.00946922359359559));
#8148=CARTESIAN_POINT('',(0.001,0.012,-0.0105));
#8149=CARTESIAN_POINT('',(0.001,0.012,-0.00946922359359559));
#8150=CARTESIAN_POINT('',(0.0009999,0.012,0.00747191601071205));
#8151=CARTESIAN_POINT('',(0.,0.01,0.0105));
#8152=CARTESIAN_POINT('',(0.,0.01,0.0125));
#8153=CARTESIAN_POINT('',(0.0009999,0.01,0.0125));
#8154=CARTESIAN_POINT('',(0.0009999,0.01,0.0105));
#8155=CARTESIAN_POINT('',(0.,0.01,0.0125));
#8156=CARTESIAN_POINT('',(0.001,0.01,0.0125));
#8157=CARTESIAN_POINT('',(0.001,-0.00353077640640441,0.0125));
#8158=CARTESIAN_POINT('',(0.0009999,-0.00879768540896249,0.0125));
#8159=CARTESIAN_POINT('',(0.001,-0.00146922359359559,0.0125));
#8160=CARTESIAN_POINT('',(0.001,0.01,0.0125));
#8161=CARTESIAN_POINT('',(0.001,0.00896922359359559,0.0125));
#8162=CARTESIAN_POINT('',(0.0009999,-0.00879768540896249,0.0125));
#8163=CARTESIAN_POINT('',(0.,0.01,-0.0105));
#8164=CARTESIAN_POINT('',(0.0009999,0.01,-0.0105));
#8165=CARTESIAN_POINT('',(0.0009999,0.01,-0.0115));
#8166=CARTESIAN_POINT('',(0.,-0.0025,-0.0105));
#8167=CARTESIAN_POINT('',(0.0009999,-0.0025,-0.0105));
#8168=CARTESIAN_POINT('',(0.0009999,-0.0025,-0.0115));
#8169=CARTESIAN_POINT('',(0.,-0.0025,0.0105));
#8170=CARTESIAN_POINT('',(0.0009999,-0.0025,0.0105));
#8171=CARTESIAN_POINT('',(0.0009999,-0.0025,0.0095));
#8172=CARTESIAN_POINT('',(0.,0.01,0.0105));
#8173=CARTESIAN_POINT('',(0.0009999,0.01,0.0105));
#8174=CARTESIAN_POINT('',(0.0009999,0.01,0.0095));
#8175=CARTESIAN_POINT('',(0.001,-0.006,0.003));
#8176=CARTESIAN_POINT('',(0.001,-0.006,0.0015));
#8177=CARTESIAN_POINT('',(0.001,-0.006,-0.003));
#8178=CARTESIAN_POINT('',(0.001,-0.006,0.003));
#8179=CARTESIAN_POINT('',(0.001,-0.006,-0.003));
#8180=CARTESIAN_POINT('',(0.0026,-0.006,-0.003));
#8181=CARTESIAN_POINT('',(0.0026,-0.006,-0.003));
#8182=CARTESIAN_POINT('',(0.0026,-0.006,0.003));
#8183=CARTESIAN_POINT('',(0.001,-0.006,0.003));
#8184=CARTESIAN_POINT('',(0.001,-0.006,-0.003));
#8185=CARTESIAN_POINT('',(0.001,-0.003,-0.003));
#8186=CARTESIAN_POINT('',(0.001,-0.001,-0.003));
#8187=CARTESIAN_POINT('',(0.001,-0.001,-0.003));
#8188=CARTESIAN_POINT('',(0.0026,-0.001,-0.003));
#8189=CARTESIAN_POINT('',(0.0026,-0.001,-0.003));
#8190=CARTESIAN_POINT('',(0.001,-0.001,-0.003));
#8191=CARTESIAN_POINT('',(0.001,-0.001,-0.0015));
#8192=CARTESIAN_POINT('',(0.001,-0.001,0.003));
#8193=CARTESIAN_POINT('',(0.001,-0.001,0.003));
#8194=CARTESIAN_POINT('',(0.0026,-0.001,0.003));
#8195=CARTESIAN_POINT('',(0.0026,-0.001,0.003));
#8196=CARTESIAN_POINT('',(0.001,-0.001,0.003));
#8197=CARTESIAN_POINT('',(0.001,-0.0005,0.003));
#8198=CARTESIAN_POINT('',(0.0026,-0.006,0.003));
#8199=CARTESIAN_POINT('',(0.0041,-0.00255,-5.55111512312578E-19));
#8200=CARTESIAN_POINT('',(0.0041,-0.00255,0.));
#8201=CARTESIAN_POINT('',(0.0041,-0.00255,-0.003));
#8202=CARTESIAN_POINT('',(0.0041,-0.00255,0.));
#8203=CARTESIAN_POINT('',(0.0041,-0.00255,-0.003125));
#8204=CARTESIAN_POINT('',(0.0026,-0.0068,0.00425));
#8205=CARTESIAN_POINT('',(0.0039,-0.0068,0.003875));
#8206=CARTESIAN_POINT('',(0.0039,-0.0068,0.00275));
#8207=CARTESIAN_POINT('',(0.0039,-0.0068,0.00425));
#8208=CARTESIAN_POINT('',(0.0026,-0.0068,0.00425));
#8209=CARTESIAN_POINT('',(0.0026,-0.0068,0.00425));
#8210=CARTESIAN_POINT('',(0.0026,-0.0068,-0.00425));
#8211=CARTESIAN_POINT('',(0.0026,-0.0068,-0.00425));
#8212=CARTESIAN_POINT('',(0.0026,-0.0068,-0.00425));
#8213=CARTESIAN_POINT('',(0.0039,-0.0068,-0.00425));
#8214=CARTESIAN_POINT('',(0.0039,-0.0068,0.000375));
#8215=CARTESIAN_POINT('',(0.0039,-0.0068,-0.00275));
#8216=CARTESIAN_POINT('',(0.00335,-0.0068,-0.00275));
#8217=CARTESIAN_POINT('',(0.0041,-0.0068,-0.00275));
#8218=CARTESIAN_POINT('',(0.0041,-0.0068,-0.00425));
#8219=CARTESIAN_POINT('',(0.0041,-0.0068,0.00275));
#8220=CARTESIAN_POINT('',(0.00335,-0.0068,0.00275));
#8221=CARTESIAN_POINT('',(0.0026,0.0017,0.00425));
#8222=CARTESIAN_POINT('',(0.0039,0.001325,0.00425));
#8223=CARTESIAN_POINT('',(0.0039,0.0002,0.00425));
#8224=CARTESIAN_POINT('',(0.0039,0.0017,0.00425));
#8225=CARTESIAN_POINT('',(0.0026,0.0017,0.00425));
#8226=CARTESIAN_POINT('',(0.0026,0.0017,0.00425));
#8227=CARTESIAN_POINT('',(0.0026,-0.0068,0.00425));
#8228=CARTESIAN_POINT('',(0.0039,-0.002175,0.00425));
#8229=CARTESIAN_POINT('',(0.0039,-0.0053,0.00425));
#8230=CARTESIAN_POINT('',(0.00335,-0.0053,0.00425));
#8231=CARTESIAN_POINT('',(0.0041,-0.0053,0.00425));
#8232=CARTESIAN_POINT('',(0.0041,-0.0068,0.00425));
#8233=CARTESIAN_POINT('',(0.0041,0.0002,0.00425));
#8234=CARTESIAN_POINT('',(0.00335,0.0002,0.00425));
#8235=CARTESIAN_POINT('',(0.0026,-0.00255,-5.55111512312578E-19));
#8236=CARTESIAN_POINT('',(0.0026,0.00575,-0.001375));
#8237=CARTESIAN_POINT('',(0.0026,0.00575,0.0052));
#8238=CARTESIAN_POINT('',(0.0026,0.00575,-0.00275));
#8239=CARTESIAN_POINT('',(0.0026,0.0031,-0.00275));
#8240=CARTESIAN_POINT('',(0.0026,0.00875,-0.00275));
#8241=CARTESIAN_POINT('',(0.0026,0.00875,0.0026));
#8242=CARTESIAN_POINT('',(0.0026,0.00875,0.0052));
#8243=CARTESIAN_POINT('',(0.0026,0.0016,0.0052));
#8244=CARTESIAN_POINT('',(0.0026,0.0017,0.00425));
#8245=CARTESIAN_POINT('',(0.0026,0.0017,0.00395));
#8246=CARTESIAN_POINT('',(0.0026,0.0017,0.00395));
#8247=CARTESIAN_POINT('',(0.0026,0.00525,0.00395));
#8248=CARTESIAN_POINT('',(0.0026,0.00525,0.00395));
#8249=CARTESIAN_POINT('',(0.0026,0.00525,0.0057));
#8250=CARTESIAN_POINT('',(0.0026,0.00525,0.0057));
#8251=CARTESIAN_POINT('',(0.0026,0.00925,0.0057));
#8252=CARTESIAN_POINT('',(0.0026,0.00925,0.0057));
#8253=CARTESIAN_POINT('',(0.0026,0.00925,-0.00325));
#8254=CARTESIAN_POINT('',(0.0026,0.00925,-0.00325));
#8255=CARTESIAN_POINT('',(0.0026,0.0017,-0.00325));
#8256=CARTESIAN_POINT('',(0.0026,0.0017,0.00425));
#8257=CARTESIAN_POINT('',(0.0026,0.0017,-0.00425));
#8258=CARTESIAN_POINT('',(0.0026,0.0017,-0.00425));
#8259=CARTESIAN_POINT('',(0.0057,-0.00255,0.));
#8260=CARTESIAN_POINT('',(0.0057,-0.00255,0.));
#8261=CARTESIAN_POINT('',(0.0057,-0.00255,-0.003125));
#8262=CARTESIAN_POINT('',(0.0057,-0.00255,0.));
#8263=CARTESIAN_POINT('',(0.0057,-0.00255,-0.003625));
#8264=CARTESIAN_POINT('',(0.0041,-0.00255,0.));
#8265=CARTESIAN_POINT('',(0.0041,-0.00255,0.));
#8266=CARTESIAN_POINT('',(0.0041,-0.00255,-0.003625));
#8267=CARTESIAN_POINT('',(0.0041,-0.00255,0.));
#8268=CARTESIAN_POINT('',(0.0062,-0.00255,0.));
#8269=CARTESIAN_POINT('',(0.0062,-0.00255,0.));
#8270=CARTESIAN_POINT('',(0.0062,-0.00255,-0.00075));
#8271=CARTESIAN_POINT('',(0.0062,-0.00374242400177118,0.00075));
#8272=CARTESIAN_POINT('',(0.0062,-0.00440404962177392,0.00075));
#8273=CARTESIAN_POINT('',(0.0062,-0.00545473750965557,0.00075));
#8274=CARTESIAN_POINT('',(0.0062,-0.00255,0.));
#8275=CARTESIAN_POINT('',(0.0062,-0.00545473750965557,-0.00075));
#8276=CARTESIAN_POINT('',(0.0062,-0.00400236875482778,-0.00075));
#8277=CARTESIAN_POINT('',(0.0062,-0.00440404962177392,-0.00075));
#8278=CARTESIAN_POINT('',(0.0062,-0.00255,0.));
#8279=CARTESIAN_POINT('',(0.0062,-0.0033,-0.00185404962177392));
#8280=CARTESIAN_POINT('',(0.0062,-0.0033,-0.00119242400177118));
#8281=CARTESIAN_POINT('',(0.0062,-0.0033,-0.00290473750965556));
#8282=CARTESIAN_POINT('',(0.0062,-0.00255,0.));
#8283=CARTESIAN_POINT('',(0.0062,-0.0018,-0.00290473750965556));
#8284=CARTESIAN_POINT('',(0.0062,-0.0018,-0.00145236875482778));
#8285=CARTESIAN_POINT('',(0.0062,-0.0018,-0.00185404962177392));
#8286=CARTESIAN_POINT('',(0.0062,-0.00255,0.));
#8287=CARTESIAN_POINT('',(0.0062,-0.000695950378226084,-0.00075));
#8288=CARTESIAN_POINT('',(0.0062,-0.00135757599822882,-0.00075));
#8289=CARTESIAN_POINT('',(0.0062,0.000354737509655563,-0.00075));
#8290=CARTESIAN_POINT('',(0.0062,-0.00255,0.));
#8291=CARTESIAN_POINT('',(0.0062,0.000354737509655563,0.00075));
#8292=CARTESIAN_POINT('',(0.0062,-0.00109763124517222,0.00075));
#8293=CARTESIAN_POINT('',(0.0062,-0.000695950378226084,0.00075));
#8294=CARTESIAN_POINT('',(0.0062,-0.00255,0.));
#8295=CARTESIAN_POINT('',(0.0062,-0.0018,0.00185404962177392));
#8296=CARTESIAN_POINT('',(0.0062,-0.0018,0.00119242400177118));
#8297=CARTESIAN_POINT('',(0.0062,-0.0018,0.00290473750965556));
#8298=CARTESIAN_POINT('',(0.0062,-0.00255,0.));
#8299=CARTESIAN_POINT('',(0.0062,-0.0033,0.00290473750965556));
#8300=CARTESIAN_POINT('',(0.0062,-0.0033,0.00145236875482778));
#8301=CARTESIAN_POINT('',(0.0062,-0.0033,0.00185404962177392));
#8302=CARTESIAN_POINT('',(0.0062,-0.00255,0.));
#8303=CARTESIAN_POINT('',(0.0041,-0.00255,0.));
#8304=CARTESIAN_POINT('',(0.0041,0.000354737509655562,-0.00075));
#8305=CARTESIAN_POINT('',(0.0057,0.000354737509655563,-0.00075));
#8306=CARTESIAN_POINT('',(0.0057,-0.00255,0.));
#8307=CARTESIAN_POINT('',(0.0057,-0.0018,-0.00290473750965556));
#8308=CARTESIAN_POINT('',(0.0041,-0.0018,-0.00290473750965556));
#8309=CARTESIAN_POINT('',(0.0041,-0.0033,-0.00290473750965556));
#8310=CARTESIAN_POINT('',(0.0057,-0.0033,-0.00290473750965556));
#8311=CARTESIAN_POINT('',(0.0057,-0.00255,0.));
#8312=CARTESIAN_POINT('',(0.0057,-0.00545473750965557,-0.00075));
#8313=CARTESIAN_POINT('',(0.0041,-0.00545473750965557,-0.00075));
#8314=CARTESIAN_POINT('',(0.0041,-0.00545473750965556,0.00075));
#8315=CARTESIAN_POINT('',(0.0057,-0.00545473750965557,0.00075));
#8316=CARTESIAN_POINT('',(0.0057,-0.00255,0.));
#8317=CARTESIAN_POINT('',(0.0057,-0.0033,0.00290473750965556));
#8318=CARTESIAN_POINT('',(0.0041,-0.0033,0.00290473750965556));
#8319=CARTESIAN_POINT('',(0.0041,-0.0018,0.00290473750965556));
#8320=CARTESIAN_POINT('',(0.0057,-0.0018,0.00290473750965556));
#8321=CARTESIAN_POINT('',(0.0057,-0.00255,0.));
#8322=CARTESIAN_POINT('',(0.0057,0.000354737509655563,0.00075));
#8323=CARTESIAN_POINT('',(0.0041,0.000354737509655562,0.00075));
#8324=CARTESIAN_POINT('',(0.0057,-0.00255,0.));
#8325=CARTESIAN_POINT('',(0.0057,-0.00545473750965557,0.00075));
#8326=CARTESIAN_POINT('',(0.0057,-0.00493484800354237,0.00075));
#8327=CARTESIAN_POINT('',(0.0057,-0.00255,0.));
#8328=CARTESIAN_POINT('',(0.0057,-0.0033,0.00238484800354237));
#8329=CARTESIAN_POINT('',(0.0057,-0.0033,0.00290473750965556));
#8330=CARTESIAN_POINT('',(0.0062,-0.0033,0.00290473750965556));
#8331=CARTESIAN_POINT('',(0.0057,-0.0033,0.00238484800354236));
#8332=CARTESIAN_POINT('',(0.00598130521356562,-0.0033,0.0020899600136707));
#8333=CARTESIAN_POINT('',(0.0062,-0.0033,0.00185404962177392));
#8334=CARTESIAN_POINT('',(0.0062,-0.00493484800354237,0.00075));
#8335=CARTESIAN_POINT('',(0.0062,-0.00440404962177392,0.00075));
#8336=CARTESIAN_POINT('',(0.00598130521356519,-0.00463996001367116,0.000750000000000001));
#8337=CARTESIAN_POINT('',(0.0057,-0.00493484800354237,0.00075));
#8338=CARTESIAN_POINT('',(0.0057,-0.00255,0.));
#8339=CARTESIAN_POINT('',(0.0057,-0.0018,0.00290473750965556));
#8340=CARTESIAN_POINT('',(0.0057,-0.0018,0.00238484800354237));
#8341=CARTESIAN_POINT('',(0.0057,-0.00255,0.));
#8342=CARTESIAN_POINT('',(0.0057,-0.000165151996457637,0.00075));
#8343=CARTESIAN_POINT('',(0.0057,0.000354737509655562,0.00075));
#8344=CARTESIAN_POINT('',(0.0062,-0.00493484800354237,0.00075));
#8345=CARTESIAN_POINT('',(0.0057,-0.000165151996457638,0.00075));
#8346=CARTESIAN_POINT('',(0.00598130521356546,-0.000460039986329135,0.00075));
#8347=CARTESIAN_POINT('',(0.0062,-0.000695950378226084,0.00075));
#8348=CARTESIAN_POINT('',(0.0062,-0.0018,0.00238484800354237));
#8349=CARTESIAN_POINT('',(0.0062,-0.0018,0.00185404962177392));
#8350=CARTESIAN_POINT('',(0.00598130521356539,-0.0018,0.00208996001367094));
#8351=CARTESIAN_POINT('',(0.0057,-0.0018,0.00238484800354236));
#8352=CARTESIAN_POINT('',(0.0057,-0.00255,0.));
#8353=CARTESIAN_POINT('',(0.0057,-0.0033,-0.00290473750965556));
#8354=CARTESIAN_POINT('',(0.0057,-0.0033,-0.00238484800354237));
#8355=CARTESIAN_POINT('',(0.0057,-0.00255,0.));
#8356=CARTESIAN_POINT('',(0.0057,-0.00493484800354237,-0.00075));
#8357=CARTESIAN_POINT('',(0.0057,-0.00545473750965557,-0.00075));
#8358=CARTESIAN_POINT('',(0.0062,-0.00545473750965557,-0.00075));
#8359=CARTESIAN_POINT('',(0.0057,-0.00493484800354237,-0.00075));
#8360=CARTESIAN_POINT('',(0.00598130521356512,-0.00463996001367123,-0.00075));
#8361=CARTESIAN_POINT('',(0.0062,-0.00440404962177392,-0.00075));
#8362=CARTESIAN_POINT('',(0.0062,-0.0033,0.00290473750965556));
#8363=CARTESIAN_POINT('',(0.0062,-0.0033,-0.00185404962177392));
#8364=CARTESIAN_POINT('',(0.00598130521356539,-0.0033,-0.00208996001367094));
#8365=CARTESIAN_POINT('',(0.0057,-0.0033,-0.00238484800354236));
#8366=CARTESIAN_POINT('',(0.0057,-0.00255,0.));
#8367=CARTESIAN_POINT('',(0.0057,0.000354737509655563,-0.00075));
#8368=CARTESIAN_POINT('',(0.0057,-0.000165151996457637,-0.00075));
#8369=CARTESIAN_POINT('',(0.0057,-0.00255,0.));
#8370=CARTESIAN_POINT('',(0.0057,-0.0018,-0.00238484800354237));
#8371=CARTESIAN_POINT('',(0.0057,-0.0018,-0.00290473750965556));
#8372=CARTESIAN_POINT('',(0.0062,-0.00545473750965557,-0.00075));
#8373=CARTESIAN_POINT('',(0.0062,-0.000695950378226084,-0.00075));
#8374=CARTESIAN_POINT('',(0.00598130521356546,-0.000460039986329135,-0.00075));
#8375=CARTESIAN_POINT('',(0.0057,-0.000165151996457638,-0.00075));
#8376=CARTESIAN_POINT('',(0.0062,-0.0018,0.00238484800354237));
#8377=CARTESIAN_POINT('',(0.0057,-0.0018,-0.00238484800354236));
#8378=CARTESIAN_POINT('',(0.00598130521356539,-0.0018,-0.00208996001367094));
#8379=CARTESIAN_POINT('',(0.0062,-0.0018,-0.00185404962177392));
#8380=CARTESIAN_POINT('',(0.00595,-0.00255,0.));
#8381=CARTESIAN_POINT('',(0.00595,-0.00255,0.));
#8382=CARTESIAN_POINT('',(0.00595,-0.00255,0.));
#8383=CARTESIAN_POINT('',(0.00595,-0.00255,0.));
#8384=CARTESIAN_POINT('',(0.0062,-0.00255,0.));
#8385=CARTESIAN_POINT('',(0.0057,-0.00255,0.));
#8386=CARTESIAN_POINT('',(0.0057,-0.00255,-0.00075));
#8387=CARTESIAN_POINT('',(0.0057,-0.00255,0.));
#8388=CARTESIAN_POINT('',(0.0026,0.00525,0.00395));
#8389=CARTESIAN_POINT('',(0.0026,0.0017,0.00395));
#8390=CARTESIAN_POINT('',(0.0026999,0.0017,0.00395));
#8391=CARTESIAN_POINT('',(0.0026999,0.00401963858097792,0.00395));
#8392=CARTESIAN_POINT('',(0.0026999,0.00525,0.00395));
#8393=CARTESIAN_POINT('',(0.0026,0.00525,0.00395));
#8394=CARTESIAN_POINT('',(0.0026,0.0017,-0.00325));
#8395=CARTESIAN_POINT('',(0.0026,0.00925,-0.00325));
#8396=CARTESIAN_POINT('',(0.0028,0.00925,-0.00325));
#8397=CARTESIAN_POINT('',(0.0028,0.0017,-0.00325));
#8398=CARTESIAN_POINT('',(0.0028,0.00525,-0.00325));
#8399=CARTESIAN_POINT('',(0.0027,0.00525,-0.00325));
#8400=CARTESIAN_POINT('',(0.0026999,0.00525,-0.00325));
#8401=CARTESIAN_POINT('',(0.0026999,0.00401963858097792,-0.00325));
#8402=CARTESIAN_POINT('',(0.0026999,0.0017,-0.00325));
#8403=CARTESIAN_POINT('',(0.0026,0.0017,-0.00325));
#8404=CARTESIAN_POINT('',(0.0026,0.00925,-0.00325));
#8405=CARTESIAN_POINT('',(0.0026,0.00925,0.0057));
#8406=CARTESIAN_POINT('',(0.0028,0.00925,0.0057));
#8407=CARTESIAN_POINT('',(0.0028,0.00925,-0.00325));
#8408=CARTESIAN_POINT('',(0.0026,0.00925,0.0057));
#8409=CARTESIAN_POINT('',(0.0026,0.00525,0.0057));
#8410=CARTESIAN_POINT('',(0.0028,0.00525,0.0057));
#8411=CARTESIAN_POINT('',(0.0028,0.00925,0.0057));
#8412=CARTESIAN_POINT('',(0.0026,0.00525,0.0057));
#8413=CARTESIAN_POINT('',(0.0026999,0.00525,0.0057));
#8414=CARTESIAN_POINT('',(0.0028,0.00525,0.00395));
#8415=CARTESIAN_POINT('',(0.0028,0.00725,0.001225));
#8416=CARTESIAN_POINT('',(0.0026,0.00575,0.0052));
#8417=CARTESIAN_POINT('',(0.0026,0.00875,0.0052));
#8418=CARTESIAN_POINT('',(0.001,0.00875,0.0052));
#8419=CARTESIAN_POINT('',(0.001,0.002875,0.0052));
#8420=CARTESIAN_POINT('',(0.001,0.00575,0.0052));
#8421=CARTESIAN_POINT('',(0.0026,0.00575,0.0052));
#8422=CARTESIAN_POINT('',(0.0026,0.00875,0.0052));
#8423=CARTESIAN_POINT('',(0.0026,0.00875,-0.00275));
#8424=CARTESIAN_POINT('',(0.001,0.00875,-0.00275));
#8425=CARTESIAN_POINT('',(0.001,0.00875,0.0026));
#8426=CARTESIAN_POINT('',(0.0026,0.00875,-0.00275));
#8427=CARTESIAN_POINT('',(0.0026,0.00575,-0.00275));
#8428=CARTESIAN_POINT('',(0.001,0.00575,-0.00275));
#8429=CARTESIAN_POINT('',(0.001,0.004375,-0.00275));
#8430=CARTESIAN_POINT('',(0.0026,0.00575,-0.00275));
#8431=CARTESIAN_POINT('',(0.001,0.00575,-0.001375));
#8432=CARTESIAN_POINT('',(0.0009999,-0.00879768540896249,0.00747191601071205));
#8433=CARTESIAN_POINT('',(0.0009999,0.012,-0.0094692235935956));
#8434=CARTESIAN_POINT('',(0.0009999,0.0116758153712768,-0.00884021302115906));
#8435=CARTESIAN_POINT('',(0.0009999,0.0104032651558804,-0.00792719682892004));
#8436=CARTESIAN_POINT('',(0.0009999,0.00815575176795028,-0.00865583184262519));
#8437=CARTESIAN_POINT('',(0.0009999,0.00742778622629999,-0.0109035342545607));
#8438=CARTESIAN_POINT('',(0.0009999,0.00833889114372228,-0.0121751340912397));
#8439=CARTESIAN_POINT('',(0.0009999,0.00896922359359561,-0.0125));
#8440=CARTESIAN_POINT('',(0.0009999,-0.00879768540896249,0.00747191601071205));
#8441=CARTESIAN_POINT('',(0.0009999,-0.00146922359359558,-0.0125));
#8442=CARTESIAN_POINT('',(0.0009999,-0.00102111696410002,-0.0122690511293813));
#8443=CARTESIAN_POINT('',(0.0009999,-0.000298244468322821,-0.0115076968156498));
#8444=CARTESIAN_POINT('',(0.0009999,-0.000144927779902966,-0.00992866170950725));
#8445=CARTESIAN_POINT('',(0.0009999,-0.00100240245581293,-0.00859567662697409));
#8446=CARTESIAN_POINT('',(0.0009999,-0.00250000569057399,-0.00807715910649521));
#8447=CARTESIAN_POINT('',(0.0009999,-0.00399757314384959,-0.00859568694744555));
#8448=CARTESIAN_POINT('',(0.0009999,-0.00485515586505904,-0.00992861840256359));
#8449=CARTESIAN_POINT('',(0.0009999,-0.00470144457959719,-0.011507856539267));
#8450=CARTESIAN_POINT('',(0.0009999,-0.00397955373454409,-0.0122687053254632));
#8451=CARTESIAN_POINT('',(0.0009999,-0.00353077689140751,-0.012499999750035));
#8452=CARTESIAN_POINT('',(0.0009999,-0.00879768540896249,0.00747191601071205));
#8453=CARTESIAN_POINT('',(0.0009999,-0.00353077640640441,0.0125));
#8454=CARTESIAN_POINT('',(0.0009999,-0.00397888305608054,0.0122690511189805));
#8455=CARTESIAN_POINT('',(0.0009999,-0.00470175557702953,0.0115076967556101));
#8456=CARTESIAN_POINT('',(0.0009999,-0.00485507220133342,0.00992866156280039));
#8457=CARTESIAN_POINT('',(0.0009999,-0.00399759738103873,0.00859567647784893));
#8458=CARTESIAN_POINT('',(0.0009999,-0.0024999940153001,0.00807715909001086));
#8459=CARTESIAN_POINT('',(0.0009999,-0.00100242655776088,0.00859568716210762));
#8460=CARTESIAN_POINT('',(0.0009999,-0.000144844012867942,0.00992861882576562));
#8461=CARTESIAN_POINT('',(0.0009999,-0.000298555627365423,0.0115078570194904));
#8462=CARTESIAN_POINT('',(0.0009999,-0.00102044665753036,0.0122687056612828));
#8463=CARTESIAN_POINT('',(0.0009999,-0.00146922359359559,0.0125));
#8464=CARTESIAN_POINT('',(0.0009999,-0.00879768540896249,0.00747191601071205));
#8465=CARTESIAN_POINT('',(0.0009999,0.00896922359359561,0.0125));
#8466=CARTESIAN_POINT('',(0.0009999,0.00834021302116147,0.012175815371278));
#8467=CARTESIAN_POINT('',(0.0009999,0.00742719682891887,0.01090326515588));
#8468=CARTESIAN_POINT('',(0.0009999,0.00815583184262541,0.00865575176795021));
#8469=CARTESIAN_POINT('',(0.0009999,0.0104035342545611,0.0079277862263008));
#8470=CARTESIAN_POINT('',(0.0009999,0.0116751340912388,0.00883889114372048));
#8471=CARTESIAN_POINT('',(0.0009999,0.012,0.00946922359359559));
#8472=CARTESIAN_POINT('',(0.0041,-0.00255,-5.55111512312578E-19));
#8473=CARTESIAN_POINT('',(0.0041,-0.000425,0.00275));
#8474=CARTESIAN_POINT('',(0.0041,0.0017,0.00275));
#8475=CARTESIAN_POINT('',(0.0041,0.0007,0.00275));
#8476=CARTESIAN_POINT('',(0.0041,0.0007,0.00325));
#8477=CARTESIAN_POINT('',(0.0041,0.0002,0.00325));
#8478=CARTESIAN_POINT('',(0.0041,0.0002,0.001625));
#8479=CARTESIAN_POINT('',(0.0041,-0.0053,0.002125));
#8480=CARTESIAN_POINT('',(0.0041,-0.0053,0.00325));
#8481=CARTESIAN_POINT('',(0.0041,-0.0058,0.00325));
#8482=CARTESIAN_POINT('',(0.0041,-0.0058,0.00275));
#8483=CARTESIAN_POINT('',(0.0041,-0.004175,0.00275));
#8484=CARTESIAN_POINT('',(0.0041,-0.004675,-0.00275));
#8485=CARTESIAN_POINT('',(0.0041,-0.0058,-0.00275));
#8486=CARTESIAN_POINT('',(0.0041,-0.0058,-0.00325));
#8487=CARTESIAN_POINT('',(0.0041,-0.0053,-0.00325));
#8488=CARTESIAN_POINT('',(0.0041,-0.0053,-0.001625));
#8489=CARTESIAN_POINT('',(0.0041,-0.0053,-0.00425));
#8490=CARTESIAN_POINT('',(0.0041,0.0017,-0.00425));
#8491=CARTESIAN_POINT('',(0.0041,0.0002,-0.00425));
#8492=CARTESIAN_POINT('',(0.0041,0.0002,-0.002125));
#8493=CARTESIAN_POINT('',(0.0041,0.0002,-0.00325));
#8494=CARTESIAN_POINT('',(0.0041,0.0007,-0.00325));
#8495=CARTESIAN_POINT('',(0.0041,0.0007,-0.00275));
#8496=CARTESIAN_POINT('',(0.0041,-0.000925,-0.00275));
#8497=CARTESIAN_POINT('',(0.0041,0.0017,-0.00275));
#8498=CARTESIAN_POINT('',(0.0041,0.0017,0.00425));
#8499=CARTESIAN_POINT('',(0.0026,-0.0068,-0.00425));
#8500=CARTESIAN_POINT('',(0.0039,-0.002925,-0.00425));
#8501=CARTESIAN_POINT('',(0.0039,0.0017,-0.00425));
#8502=CARTESIAN_POINT('',(0.0039,0.0002,-0.00425));
#8503=CARTESIAN_POINT('',(0.00335,0.0002,-0.00425));
#8504=CARTESIAN_POINT('',(0.00335,-0.0053,-0.00425));
#8505=CARTESIAN_POINT('',(0.0039,-0.0053,-0.00425));
#8506=CARTESIAN_POINT('',(0.0039,-0.006425,-0.00425));
#8507=CARTESIAN_POINT('',(0.0026,0.0017,-0.00425));
#8508=CARTESIAN_POINT('',(0.0026,0.0017,-0.00425));
#8509=CARTESIAN_POINT('',(0.0039,0.0017,-0.000375));
#8510=CARTESIAN_POINT('',(0.0039,0.0017,0.00275));
#8511=CARTESIAN_POINT('',(0.00335,0.0017,0.00275));
#8512=CARTESIAN_POINT('',(0.00335,0.0017,-0.00275));
#8513=CARTESIAN_POINT('',(0.0039,0.0017,-0.00275));
#8514=CARTESIAN_POINT('',(0.0039,0.0017,-0.003875));
#8515=CARTESIAN_POINT('',(0.0026999,0.0017,-0.00134771482950076));
#8516=CARTESIAN_POINT('',(0.0039,-0.00605,0.0035));
#8517=CARTESIAN_POINT('',(0.0039,-0.0053,-0.00325));
#8518=CARTESIAN_POINT('',(0.0039,-0.0053,-0.00325));
#8519=CARTESIAN_POINT('',(0.0039,-0.0058,-0.00325));
#8520=CARTESIAN_POINT('',(0.0039,-0.0058,-0.00275));
#8521=CARTESIAN_POINT('',(0.0039,-0.0068,-0.00275));
#8522=CARTESIAN_POINT('',(0.0026,0.00875,-0.00275));
#8523=CARTESIAN_POINT('',(0.0041,-0.0058,-0.00275));
#8524=CARTESIAN_POINT('',(0.0041,-0.0058,-0.00325));
#8525=CARTESIAN_POINT('',(0.0041,-0.0053,-0.00325));
#8526=CARTESIAN_POINT('',(0.0041,-0.0053,0.00425));
#8527=CARTESIAN_POINT('',(0.0039,-0.00605,0.0035));
#8528=CARTESIAN_POINT('',(0.0039,0.0007,-0.00325));
#8529=CARTESIAN_POINT('',(0.0039,0.0002,-0.00325));
#8530=CARTESIAN_POINT('',(0.0039,0.0007,-0.00275));
#8531=CARTESIAN_POINT('',(0.0039,0.0002,-0.00325));
#8532=CARTESIAN_POINT('',(0.0039,0.0017,-0.00275));
#8533=CARTESIAN_POINT('',(0.0041,0.0007,-0.00325));
#8534=CARTESIAN_POINT('',(0.0041,0.0002,-0.00325));
#8535=CARTESIAN_POINT('',(0.0041,0.0007,-0.00275));
#8536=CARTESIAN_POINT('',(0.0026,0.00875,-0.00275));
#8537=CARTESIAN_POINT('',(0.0041,0.0002,0.00325));
#8538=CARTESIAN_POINT('',(0.0039,-0.00605,0.0035));
#8539=CARTESIAN_POINT('',(0.0039,-0.0068,0.00275));
#8540=CARTESIAN_POINT('',(0.0039,-0.0058,0.00275));
#8541=CARTESIAN_POINT('',(0.0039,-0.0058,0.00325));
#8542=CARTESIAN_POINT('',(0.0039,-0.0053,0.00325));
#8543=CARTESIAN_POINT('',(0.0039,-0.0053,0.00425));
#8544=CARTESIAN_POINT('',(0.0041,-0.0053,0.00425));
#8545=CARTESIAN_POINT('',(0.0041,-0.0053,0.00325));
#8546=CARTESIAN_POINT('',(0.0041,-0.0058,0.00325));
#8547=CARTESIAN_POINT('',(0.0041,-0.0058,0.00275));
#8548=CARTESIAN_POINT('',(0.0041,-0.0058,0.00275));
#8549=CARTESIAN_POINT('',(0.0039,-0.00605,0.0035));
#8550=CARTESIAN_POINT('',(0.0039,0.0002,0.00325));
#8551=CARTESIAN_POINT('',(0.0039,0.0002,0.00325));
#8552=CARTESIAN_POINT('',(0.0039,0.0007,0.00325));
#8553=CARTESIAN_POINT('',(0.0039,0.0007,0.00275));
#8554=CARTESIAN_POINT('',(0.0039,0.0017,0.00275));
#8555=CARTESIAN_POINT('',(0.0041,-0.0058,0.00275));
#8556=CARTESIAN_POINT('',(0.0041,0.0007,0.00275));
#8557=CARTESIAN_POINT('',(0.0041,0.0007,0.00325));
#8558=CARTESIAN_POINT('',(0.0041,0.0002,0.00325));
#8559=CARTESIAN_POINT('',(0.0041,0.0002,0.00325));
#8560=CARTESIAN_POINT('',(0.0009999,-0.00879768540896249,0.00747191601071205));
#8561=CARTESIAN_POINT('',(0.0009999,0.00670847008817606,0.0111794400266258));
#8562=CARTESIAN_POINT('',(0.0009999,0.00621658180933482,0.0112825484700621));
#8563=CARTESIAN_POINT('',(0.0009999,0.00572635672473378,0.0111899714039442));
#8564=CARTESIAN_POINT('',(0.0009999,0.00531199973511583,0.0109253237990875));
#8565=CARTESIAN_POINT('',(0.0009999,0.00502562476815618,0.0105154857024035));
#8566=CARTESIAN_POINT('',(0.0009999,0.00491773737493127,0.0100268564585915));
#8567=CARTESIAN_POINT('',(0.0009999,0.00500506836164144,0.00953411186089088));
#8568=CARTESIAN_POINT('',(0.0009999,0.00527431402995566,0.00911229511975118));
#8569=CARTESIAN_POINT('',(0.0009999,0.00568448782244196,0.00882562290913829));
#8570=CARTESIAN_POINT('',(0.0009999,0.00617314343681763,0.00871773907756989));
#8571=CARTESIAN_POINT('',(0.0009999,0.00666588786391366,0.00880506783474935));
#8572=CARTESIAN_POINT('',(0.0009999,0.00708770474592245,0.00907431411939972));
#8573=CARTESIAN_POINT('',(0.0009999,0.00737437784751377,0.00948448795135081));
#8574=CARTESIAN_POINT('',(0.0009999,0.00748225802833772,0.00997314282881246));
#8575=CARTESIAN_POINT('',(0.0009999,0.00739494298494052,0.0104658901668554));
#8576=CARTESIAN_POINT('',(0.0009999,0.00712564549593515,0.0108876961421523));
#8577=CARTESIAN_POINT('',(0.0009999,0.00670847008817606,0.0111794400266258));
#8578=CARTESIAN_POINT('',(0.0009999,0.00621658180933482,0.0112825484700621));
#8579=CARTESIAN_POINT('',(0.0009999,0.00572635672473378,0.0111899714039442));
#8580=CARTESIAN_POINT('',(0.001,0.0062,0.01125));
#8581=CARTESIAN_POINT('',(0.0009999,-0.00879768540896249,0.00747191601071205));
#8582=CARTESIAN_POINT('',(0.0009999,-0.0074915300310331,-0.00832056011493507));
#8583=CARTESIAN_POINT('',(0.0009999,-0.0079834183098745,-0.00821745167149903));
#8584=CARTESIAN_POINT('',(0.0009999,-0.00847364339447559,-0.00831002873761678));
#8585=CARTESIAN_POINT('',(0.0009999,-0.00888800038409359,-0.00857467634247369));
#8586=CARTESIAN_POINT('',(0.0009999,-0.00917437535105327,-0.00898451443915769));
#8587=CARTESIAN_POINT('',(0.0009999,-0.00928226274427799,-0.00947314368296977));
#8588=CARTESIAN_POINT('',(0.0009999,-0.00919493175756787,-0.00996588828067008));
#8589=CARTESIAN_POINT('',(0.0009999,-0.0089256860892536,-0.01038770502181));
#8590=CARTESIAN_POINT('',(0.0009999,-0.00851551229676725,-0.0106743772324227));
#8591=CARTESIAN_POINT('',(0.0009999,-0.00802685668239175,-0.0107822610639912));
#8592=CARTESIAN_POINT('',(0.0009999,-0.00753411225529563,-0.0106949323068117));
#8593=CARTESIAN_POINT('',(0.0009999,-0.00711229537328684,-0.0104256860221613));
#8594=CARTESIAN_POINT('',(0.0009999,-0.00682562227169549,-0.0100155121902101));
#8595=CARTESIAN_POINT('',(0.0009999,-0.00671774209087163,-0.00952685731274871));
#8596=CARTESIAN_POINT('',(0.0009999,-0.00680505713426872,-0.00903410997470551));
#8597=CARTESIAN_POINT('',(0.0009999,-0.00707435462327417,-0.00861230399940893));
#8598=CARTESIAN_POINT('',(0.0009999,-0.0074915300310331,-0.00832056011493507));
#8599=CARTESIAN_POINT('',(0.0009999,-0.0079834183098745,-0.00821745167149903));
#8600=CARTESIAN_POINT('',(0.0009999,-0.00847364339447559,-0.00831002873761678));
#8601=CARTESIAN_POINT('',(0.001,-0.00800000011920929,-0.00825000014156103));
#8602=CARTESIAN_POINT('',(0.001,0.,2.22044604925031E-18));
#8603=CARTESIAN_POINT('',(0.001,0.00529248050257053,-0.00672246847861554));
#8604=CARTESIAN_POINT('',(0.00099995,0.00867791588209642,-0.00680220410288207));
#8605=CARTESIAN_POINT('',(0.001,0.00867723740500476,-0.00682712182889441));
#8606=CARTESIAN_POINT('',(0.001,0.00867723722030451,-0.00682712238670059));
#8607=CARTESIAN_POINT('',(0.001,0.00868289573251647,-0.00681898097219269));
#8608=CARTESIAN_POINT('',(0.001,0.00868840370755402,-0.00681059253753738));
#8609=CARTESIAN_POINT('',(0.001,0.00869391168259157,-0.00680220410288207));
#8610=CARTESIAN_POINT('',(0.00099995,0.00869391168259157,-0.00680220410288207));
#8611=CARTESIAN_POINT('',(0.001,0.00869391168259157,-0.00680220410288207));
#8612=CARTESIAN_POINT('',(0.001,0.00868857974909319,-0.00680220410288207));
#8613=CARTESIAN_POINT('',(0.001,0.0086832478155948,-0.00680220410288207));
#8614=CARTESIAN_POINT('',(0.001,0.00867791588209642,-0.00680220410288207));
#8615=CARTESIAN_POINT('',(0.001,0.,2.22044604925031E-18));
#8616=CARTESIAN_POINT('',(0.001,0.00522108006082548,-0.00274794901703117));
#8617=CARTESIAN_POINT('',(0.001,0.00522108006082548,-0.00549589803406235));
#8618=CARTESIAN_POINT('',(0.00099995,0.00522108006082548,-0.00547679092656618));
#8619=CARTESIAN_POINT('',(0.001,0.00522108006082548,-0.00547679092656618));
#8620=CARTESIAN_POINT('',(0.001,0.00521590251349426,-0.00547679092656618));
#8621=CARTESIAN_POINT('',(0.001,0.00521072496616305,-0.00547679092656618));
#8622=CARTESIAN_POINT('',(0.001,0.00520554741883183,-0.00547679092656618));
#8623=CARTESIAN_POINT('',(0.00099995,0.00520554741883183,-0.00547679168041525));
#8624=CARTESIAN_POINT('',(0.001,0.00520554683203074,-0.00547679215365187));
#8625=CARTESIAN_POINT('',(0.001,0.00521015109756496,-0.00548250132321688));
#8626=CARTESIAN_POINT('',(0.001,0.00521475536309917,-0.00548821049278189));
#8627=CARTESIAN_POINT('',(0.001,0.00521935962863339,-0.0054939196623469));
#8628=CARTESIAN_POINT('',(0.00099995,0.00521935962863339,-0.0054939196623469));
#8629=CARTESIAN_POINT('',(0.001,0.00273544159396699,-0.00263759483542749));
#8630=CARTESIAN_POINT('',(0.001,0.,2.22044604925031E-18));
#8631=CARTESIAN_POINT('',(0.001,0.0054204852031412,-0.0051857854903802));
#8632=CARTESIAN_POINT('',(0.0009999025,0.00522108006082548,-0.00541172708399897));
#8633=CARTESIAN_POINT('',(0.00099995,0.00521989672236217,-0.00541306789886004));
#8634=CARTESIAN_POINT('',(0.001,0.00521989672236217,-0.00541306789886004));
#8635=CARTESIAN_POINT('',(0.001,0.00521705172437005,-0.00541657732100334));
#8636=CARTESIAN_POINT('',(0.001,0.00521420672637794,-0.00542008674314664));
#8637=CARTESIAN_POINT('',(0.001,0.00521136172838582,-0.00542359616528994));
#8638=CARTESIAN_POINT('',(0.00099995,0.00521136192493594,-0.00542359631987116));
#8639=CARTESIAN_POINT('',(0.001,0.00521136172838582,-0.00542359616528994));
#8640=CARTESIAN_POINT('',(0.001,0.00520959399291018,-0.00542591351444125));
#8641=CARTESIAN_POINT('',(0.001,0.00520782625743453,-0.00542823086359256));
#8642=CARTESIAN_POINT('',(0.001,0.00520605852195889,-0.00543054821274388));
#8643=CARTESIAN_POINT('',(0.00099995,0.00520605900864011,-0.00543054858399724));
#8644=CARTESIAN_POINT('',(0.001,0.00520605900864011,-0.0054305491961146));
#8645=CARTESIAN_POINT('',(0.001,0.00521106602603523,-0.0054305491961146));
#8646=CARTESIAN_POINT('',(0.001,0.00521607304343036,-0.0054305491961146));
#8647=CARTESIAN_POINT('',(0.001,0.00522108006082548,-0.0054305491961146));
#8648=CARTESIAN_POINT('',(0.00099995,0.00522108006082548,-0.0054305491961146));
#8649=CARTESIAN_POINT('',(0.0009999,0.00522108006082548,-0.00507508348595148));
#8650=CARTESIAN_POINT('',(0.001,0.,2.22044604925031E-18));
#8651=CARTESIAN_POINT('',(0.001,-0.00467599316551078,-0.00460912297296841));
#8652=CARTESIAN_POINT('',(0.001,-0.00935198633102157,-0.00460912297296841));
#8653=CARTESIAN_POINT('',(0.00099995,-0.00937456747130659,-0.00460912297296841));
#8654=CARTESIAN_POINT('',(0.001,-0.00937456747130659,-0.00460912297296841));
#8655=CARTESIAN_POINT('',(0.001,-0.00937456747130659,-0.00461524207582057));
#8656=CARTESIAN_POINT('',(0.001,-0.00937456747130659,-0.00462136117867273));
#8657=CARTESIAN_POINT('',(0.001,-0.00937456747130659,-0.0046274802815249));
#8658=CARTESIAN_POINT('',(0.00099995,-0.0093745668522365,-0.0046274802815249));
#8659=CARTESIAN_POINT('',(0.001,-0.00937456646360922,-0.00462748076341348));
#8660=CARTESIAN_POINT('',(0.001,-0.00936781910668493,-0.00462203924199578));
#8661=CARTESIAN_POINT('',(0.001,-0.00936107174976065,-0.00461659772057809));
#8662=CARTESIAN_POINT('',(0.001,-0.00935432439283636,-0.0046111561991604));
#8663=CARTESIAN_POINT('',(0.00099995,-0.00935432439283636,-0.0046111561991604));
#8664=CARTESIAN_POINT('',(0.001,-0.00554952469401768,-0.00130242485852779));
#8665=CARTESIAN_POINT('',(0.001,0.,2.22044604925031E-18));
#8666=CARTESIAN_POINT('',(0.0009999,-0.00944987652436998,-0.00461052144694645));
#8667=CARTESIAN_POINT('',(0.0009999025,-0.00945146110463721,-0.00460912297296841));
#8668=CARTESIAN_POINT('',(0.00099995,-0.00944987652436998,-0.00461052144694645));
#8669=CARTESIAN_POINT('',(0.001,-0.00944987652436998,-0.00461052144694645));
#8670=CARTESIAN_POINT('',(0.001,-0.00944572903450436,-0.00461388372012296));
#8671=CARTESIAN_POINT('',(0.001,-0.00944158154463874,-0.00461724599329947));
#8672=CARTESIAN_POINT('',(0.001,-0.00943743405477312,-0.00462060826647598));
#8673=CARTESIAN_POINT('',(0.00099995,-0.00943743390020871,-0.00462060806994737));
#8674=CARTESIAN_POINT('',(0.001,-0.00943743405477312,-0.00462060826647598));
#8675=CARTESIAN_POINT('',(0.001,-0.009434695300783,-0.00462269745725208));
#8676=CARTESIAN_POINT('',(0.001,-0.00943195654679288,-0.00462478664802819));
#8677=CARTESIAN_POINT('',(0.001,-0.00942921779280276,-0.0046268758388043));
#8678=CARTESIAN_POINT('',(0.00099995,-0.00942921742154993,-0.00462687535212295));
#8679=CARTESIAN_POINT('',(0.001,-0.00942921680943277,-0.00462687535212295));
#8680=CARTESIAN_POINT('',(0.001,-0.00942921680943277,-0.00462095789240477));
#8681=CARTESIAN_POINT('',(0.001,-0.00942921680943277,-0.00461504043268659));
#8682=CARTESIAN_POINT('',(0.001,-0.00942921680943277,-0.00460912297296841));
#8683=CARTESIAN_POINT('',(0.00099995,-0.00942921680943277,-0.00460912297296841));
#8684=CARTESIAN_POINT('',(0.0009999,-0.00984931265548971,-0.00460912297296841));
#8685=CARTESIAN_POINT('',(0.001,0.,2.22044604925031E-18));
#8686=CARTESIAN_POINT('',(0.001,-0.00893268838123329,0.0003318815912083));
#8687=CARTESIAN_POINT('',(0.00099995,-0.00937194911376741,0.00149637994539421));
#8688=CARTESIAN_POINT('',(0.001,-0.00939192613262564,0.00148864720409611));
#8689=CARTESIAN_POINT('',(0.001,-0.00939134027821604,0.00148836778004257));
#8690=CARTESIAN_POINT('',(0.00099995,-0.00939075400666501,0.00148808834325951));
#8691=CARTESIAN_POINT('',(0.001,-0.00939075400666501,0.00148808834325951));
#8692=CARTESIAN_POINT('',(0.001,-0.00938448596393974,0.00148536770055011));
#8693=CARTESIAN_POINT('',(0.001,-0.00937821792121446,0.00148264705784071));
#8694=CARTESIAN_POINT('',(0.001,-0.00937194987848919,0.00147992641513131));
#8695=CARTESIAN_POINT('',(0.00099995,-0.00937194966071583,0.00147992691685567));
#8696=CARTESIAN_POINT('',(0.001,-0.00937194911376741,0.00147992691685567));
#8697=CARTESIAN_POINT('',(0.001,-0.00937194911376741,0.00148541125970185));
#8698=CARTESIAN_POINT('',(0.001,-0.00937194911376741,0.00149089560254803));
#8699=CARTESIAN_POINT('',(0.001,-0.00937194911376741,0.00149637994539421));
#8700=CARTESIAN_POINT('',(0.001,0.,2.22044604925031E-18));
#8701=CARTESIAN_POINT('',(0.001,-0.00969402974514936,-0.00114668574836979));
#8702=CARTESIAN_POINT('',(0.001,-0.00969143397136861,-0.00114757294762188));
#8703=CARTESIAN_POINT('',(0.001,-0.00968250257228162,-0.00115074063207476));
#8704=CARTESIAN_POINT('',(0.001,-0.00967382040715611,-0.00115456199953979));
#8705=CARTESIAN_POINT('',(0.001,-0.00966765066222456,-0.00115727755058128));
#8706=CARTESIAN_POINT('',(0.001,-0.00969402921051979,-0.00114668575496693));
#8707=CARTESIAN_POINT('',(0.00099995,-0.00966765066222456,-0.00115727755058128));
#8708=CARTESIAN_POINT('',(0.001,-0.00966765066222456,-0.00115727755058128));
#8709=CARTESIAN_POINT('',(0.001,-0.00954369960114233,-0.00120361205901219));
#8710=CARTESIAN_POINT('',(0.001,-0.00941974854006011,-0.00124994656744311));
#8711=CARTESIAN_POINT('',(0.001,-0.00929579747897788,-0.00129628107587402));
#8712=CARTESIAN_POINT('',(0.00099995,-0.00929579736189375,-0.0012962807626582));
#8713=CARTESIAN_POINT('',(0.001,-0.00929579702750948,-0.0012962807626582));
#8714=CARTESIAN_POINT('',(0.001,-0.00929579702750948,-0.00119598812459459));
#8715=CARTESIAN_POINT('',(0.001,-0.00929579702750948,-0.00109569548653097));
#8716=CARTESIAN_POINT('',(0.001,-0.00929579702750948,-0.000995402848467356));
#8717=CARTESIAN_POINT('',(0.00099995,-0.00929579736230704,-0.000995402848467356));
#8718=CARTESIAN_POINT('',(0.001,-0.00929579748174975,-0.000995402535700915));
#8719=CARTESIAN_POINT('',(0.001,-0.00942245951016402,-0.0010437736339342));
#8720=CARTESIAN_POINT('',(0.001,-0.00954912153857828,-0.00109214473216749));
#8721=CARTESIAN_POINT('',(0.001,-0.00967578356699255,-0.00114051583040078));
#8722=CARTESIAN_POINT('',(0.00099995,-0.00967578356699255,-0.00114051583040077));
#8723=CARTESIAN_POINT('',(0.001,-0.00967578356699255,-0.00114051583040077));
#8724=CARTESIAN_POINT('',(0.001,-0.00967998697883776,-0.00114199928736017));
#8725=CARTESIAN_POINT('',(0.001,-0.00968604256323464,-0.00114413640814386));
#8726=CARTESIAN_POINT('',(0.001,-0.00969215633299373,-0.00114609665093186));
#8727=CARTESIAN_POINT('',(0.001,-0.00969402974514936,-0.00114668574836979));
#8728=CARTESIAN_POINT('',(0.001,0.,2.22044604925031E-18));
#8729=CARTESIAN_POINT('',(0.001,-0.00992450887541632,-0.00182597334364594));
#8730=CARTESIAN_POINT('',(0.001,-0.00969403028213038,-0.00114668574251097));
#8731=CARTESIAN_POINT('',(0.00099995,-0.00970313308374193,-0.00114366474378426));
#8732=CARTESIAN_POINT('',(0.001,-0.00970313308374193,-0.00114366474378426));
#8733=CARTESIAN_POINT('',(0.001,-0.0097122658962022,-0.00114135551390204));
#8734=CARTESIAN_POINT('',(0.001,-0.00972139870866247,-0.00113904628401982));
#8735=CARTESIAN_POINT('',(0.001,-0.00973053152112274,-0.0011367370541376));
#8736=CARTESIAN_POINT('',(0.00099995,-0.00973053164431281,-0.00113673754134406));
#8737=CARTESIAN_POINT('',(0.001,-0.00973053214685228,-0.00113673754134406));
#8738=CARTESIAN_POINT('',(0.001,-0.00973053214685228,-0.00114324019250011));
#8739=CARTESIAN_POINT('',(0.001,-0.00973053214685228,-0.00114974284365616));
#8740=CARTESIAN_POINT('',(0.001,-0.00973053214685228,-0.00115624549481221));
#8741=CARTESIAN_POINT('',(0.00099995,-0.00973053165997365,-0.00115624549481221));
#8742=CARTESIAN_POINT('',(0.001,-0.00973053156663828,-0.0011562459807642));
#8743=CARTESIAN_POINT('',(0.001,-0.00972187194043301,-0.00115458275245871));
#8744=CARTESIAN_POINT('',(0.001,-0.00971293580812864,-0.00115238923933632));
#8745=CARTESIAN_POINT('',(0.001,-0.0097037231697252,-0.00114966544139702));
#8746=CARTESIAN_POINT('',(0.00099995,-0.0097037231697252,-0.00114966544139702));
#8747=CARTESIAN_POINT('',(0.001,-0.0100075507556147,-0.000144008051267296));
#8748=CARTESIAN_POINT('',(0.001,0.,2.22044604925031E-18));
#8749=CARTESIAN_POINT('',(0.001,0.00522108006082548,-0.00341953468560389));
#8750=CARTESIAN_POINT('',(0.0009999025,0.00522108006082548,-0.00683906937120779));
#8751=CARTESIAN_POINT('',(0.00099995,0.00522108006082548,-0.00681996226371162));
#8752=CARTESIAN_POINT('',(0.001,0.00522108006082548,-0.00681996226371162));
#8753=CARTESIAN_POINT('',(0.001,0.00521590241954699,-0.00681996226371162));
#8754=CARTESIAN_POINT('',(0.001,0.00521072477826849,-0.00681996226371162));
#8755=CARTESIAN_POINT('',(0.001,0.00520554713699,-0.00681996226371162));
#8756=CARTESIAN_POINT('',(0.00099995,0.00520554713699,-0.00681996288278192));
#8757=CARTESIAN_POINT('',(0.001,0.00520554665510159,-0.00681996327140976));
#8758=CARTESIAN_POINT('',(0.001,0.00521015097961219,-0.00682567251410395));
#8759=CARTESIAN_POINT('',(0.001,0.00521475530412279,-0.00683138175679814));
#8760=CARTESIAN_POINT('',(0.001,0.00521935962863339,-0.00683709099949233));
#8761=CARTESIAN_POINT('',(0.00099995,0.00521935962863339,-0.00683709099949233));
#8762=CARTESIAN_POINT('',(0.001,0.00240289894176343,-0.00359836634285142));
#8763=CARTESIAN_POINT('',(0.001,0.,2.22044604925031E-18));
#8764=CARTESIAN_POINT('',(0.0009999,0.00521989672236217,-0.00675623923600547));
#8765=CARTESIAN_POINT('',(0.0009999025,0.00522108006082548,-0.0067548984211444));
#8766=CARTESIAN_POINT('',(0.00099995,0.00521989672236217,-0.00675623923600547));
#8767=CARTESIAN_POINT('',(0.001,0.00521989672236217,-0.00675623923600547));
#8768=CARTESIAN_POINT('',(0.001,0.00521705172437005,-0.00675974865814877));
#8769=CARTESIAN_POINT('',(0.001,0.00521420672637793,-0.00676325808029207));
#8770=CARTESIAN_POINT('',(0.001,0.00521136172838581,-0.00676676750243537));
#8771=CARTESIAN_POINT('',(0.00099995,0.00521136192493592,-0.0067667676570166));
#8772=CARTESIAN_POINT('',(0.001,0.00521136172838581,-0.00676676750243537));
#8773=CARTESIAN_POINT('',(0.001,0.00520959399291017,-0.00676908485158668));
#8774=CARTESIAN_POINT('',(0.001,0.00520782625743452,-0.00677140220073799));
#8775=CARTESIAN_POINT('',(0.001,0.00520605852195888,-0.00677371954988931));
#8776=CARTESIAN_POINT('',(0.00099995,0.0052060590086401,-0.00677371992114267));
#8777=CARTESIAN_POINT('',(0.001,0.0052060590086401,-0.00677372053326003));
#8778=CARTESIAN_POINT('',(0.001,0.00521106602603523,-0.00677372053326003));
#8779=CARTESIAN_POINT('',(0.001,0.00521607304343035,-0.00677372053326003));
#8780=CARTESIAN_POINT('',(0.001,0.00522108006082548,-0.00677372053326003));
#8781=CARTESIAN_POINT('',(0.00099995,0.00522108006082548,-0.00677372053326003));
#8782=CARTESIAN_POINT('',(0.001,0.00522108006082548,-0.00338686026663002));
#8783=CARTESIAN_POINT('',(0.001,0.,2.22044604925031E-18));
#8784=CARTESIAN_POINT('',(0.001,-0.00948979069494905,-0.00371665663163353));
#8785=CARTESIAN_POINT('',(0.00099995,-0.00939555441574361,0.000284284923192674));
#8786=CARTESIAN_POINT('',(0.001,-0.00936610573802968,0.000283483012498834));
#8787=CARTESIAN_POINT('',(0.001,-0.00936610518022043,0.000283482827797845));
#8788=CARTESIAN_POINT('',(0.001,-0.00937572696292685,0.000290170205751716));
#8789=CARTESIAN_POINT('',(0.001,-0.00938564068933523,0.000296679669040676));
#8790=CARTESIAN_POINT('',(0.001,-0.00939555441574361,0.000303189132329637));
#8791=CARTESIAN_POINT('',(0.00099995,-0.00939555441574361,0.000303189132329637));
#8792=CARTESIAN_POINT('',(0.001,-0.00939555441574361,0.000303189132329637));
#8793=CARTESIAN_POINT('',(0.001,-0.00939555441574361,0.000296887729283983));
#8794=CARTESIAN_POINT('',(0.001,-0.00939555441574361,0.000290586326238329));
#8795=CARTESIAN_POINT('',(0.001,-0.00939555441574361,0.000284284923192674));
#8796=CARTESIAN_POINT('',(0.001,0.,2.22044604925031E-18));
#8797=CARTESIAN_POINT('',(0.001,0.0106347174629294,-0.00552017678603796));
#8798=CARTESIAN_POINT('',(0.00099995,0.00879070902966036,-0.00546831469904428));
#8799=CARTESIAN_POINT('',(0.001,0.00879155504076772,-0.00544395550859577));
#8800=CARTESIAN_POINT('',(0.001,0.00879155523177308,-0.00544395495403732));
#8801=CARTESIAN_POINT('',(0.001,0.00878586738560447,-0.00545192414690101));
#8802=CARTESIAN_POINT('',(0.001,0.00878031549034726,-0.00546011942297264));
#8803=CARTESIAN_POINT('',(0.001,0.00877476359509005,-0.00546831469904428));
#8804=CARTESIAN_POINT('',(0.00099995,0.00877476359509005,-0.00546831469904428));
#8805=CARTESIAN_POINT('',(0.001,0.00877476359509005,-0.00546831469904428));
#8806=CARTESIAN_POINT('',(0.001,0.00878007873994682,-0.00546831469904428));
#8807=CARTESIAN_POINT('',(0.001,0.00878539388480359,-0.00546831469904428));
#8808=CARTESIAN_POINT('',(0.001,0.00879070902966036,-0.00546831469904428));
#8809=CARTESIAN_POINT('',(0.001,0.,2.22044604925031E-18));
#8810=CARTESIAN_POINT('',(0.001,0.00972733135126603,-0.00718971170545451));
#8811=CARTESIAN_POINT('',(0.001,0.00967825321468982,-0.00720426174809567));
#8812=CARTESIAN_POINT('',(0.001,0.00966548328556133,-0.00720623501229277));
#8813=CARTESIAN_POINT('',(0.001,0.00961312438152803,-0.00720780558944576));
#8814=CARTESIAN_POINT('',(0.00099995,0.00972733134480709,-0.00718971151394855));
#8815=CARTESIAN_POINT('',(0.00099995,0.00961312425072596,-0.00720780542519602));
#8816=CARTESIAN_POINT('',(0.001,0.00961312424585822,-0.00720780558532138));
#8817=CARTESIAN_POINT('',(0.001,0.00954062645051757,-0.00720560164306408));
#8818=CARTESIAN_POINT('',(0.001,0.00952231249670592,-0.00720263420164752));
#8819=CARTESIAN_POINT('',(0.001,0.00945457650525933,-0.00717417754438795));
#8820=CARTESIAN_POINT('',(0.00099995,0.00945457661343831,-0.00717417728688767));
#8821=CARTESIAN_POINT('',(0.001,0.00945457632444871,-0.00717417728688767));
#8822=CARTESIAN_POINT('',(0.001,0.00945457632444871,-0.0071438504344086));
#8823=CARTESIAN_POINT('',(0.001,0.00945457632444871,-0.00711352358192953));
#8824=CARTESIAN_POINT('',(0.001,0.00945457632444871,-0.00708319672945046));
#8825=CARTESIAN_POINT('',(0.00099995,0.00945457666368596,-0.00708319672945045));
#8826=CARTESIAN_POINT('',(0.001,0.00945457680880615,-0.0070831964228208));
#8827=CARTESIAN_POINT('',(0.001,0.00952218821284943,-0.00711519553007863));
#8828=CARTESIAN_POINT('',(0.001,0.00954041694725788,-0.0071212317674039));
#8829=CARTESIAN_POINT('',(0.001,0.00961582655809892,-0.00712831340790622));
#8830=CARTESIAN_POINT('',(0.00099995,0.00961582649559607,-0.00712831321627243));
#8831=CARTESIAN_POINT('',(0.001,0.00961582655809892,-0.00712831340790622));
#8832=CARTESIAN_POINT('',(0.001,0.00964893925200415,-0.00712728989219154));
#8833=CARTESIAN_POINT('',(0.001,0.00965734075546837,-0.00712618879324124));
#8834=CARTESIAN_POINT('',(0.001,0.00968996043108476,-0.00711637109578483));
#8835=CARTESIAN_POINT('',(0.00099995,0.00968996041168056,-0.00711637090938855));
#8836=CARTESIAN_POINT('',(0.001,0.00968996043108476,-0.00711637109578483));
#8837=CARTESIAN_POINT('',(0.001,0.00971649851435368,-0.00710547906808997));
#8838=CARTESIAN_POINT('',(0.001,0.00972284220189836,-0.00710191362738234));
#8839=CARTESIAN_POINT('',(0.001,0.00974547977350725,-0.00708294443846576));
#8840=CARTESIAN_POINT('',(0.00099995,0.00974547965113041,-0.00708294429851691));
#8841=CARTESIAN_POINT('',(0.001,0.00974547977350725,-0.00708294443846576));
#8842=CARTESIAN_POINT('',(0.001,0.00976447021111457,-0.00706274032490248));
#8843=CARTESIAN_POINT('',(0.001,0.00976850689825216,-0.00705698636404685));
#8844=CARTESIAN_POINT('',(0.001,0.00978056396149171,-0.00703071475089423));
#8845=CARTESIAN_POINT('',(0.00099995,0.00978056377898502,-0.00703071471595383));
#8846=CARTESIAN_POINT('',(0.001,0.00978056396149171,-0.00703071475089423));
#8847=CARTESIAN_POINT('',(0.001,0.00979033788733859,-0.00700177416371432));
#8848=CARTESIAN_POINT('',(0.001,0.00979177036368762,-0.00699419518338841));
#8849=CARTESIAN_POINT('',(0.001,0.00979295517109407,-0.00696267388821475));
#8850=CARTESIAN_POINT('',(0.00099995,0.00979295499932649,-0.00696267365859364));
#8851=CARTESIAN_POINT('',(0.001,0.00979295515671082,-0.00696267364912593));
#8852=CARTESIAN_POINT('',(0.001,0.00978937072809701,-0.00690309085427364));
#8853=CARTESIAN_POINT('',(0.001,0.00978500596163835,-0.00688916958912936));
#8854=CARTESIAN_POINT('',(0.001,0.00974521125458253,-0.00684368319869869));
#8855=CARTESIAN_POINT('',(0.00099995,0.00974521112998357,-0.00684368336736906));
#8856=CARTESIAN_POINT('',(0.001,0.00974521125458253,-0.00684368319869869));
#8857=CARTESIAN_POINT('',(0.001,0.00968827348653335,-0.0068087730694667));
#8858=CARTESIAN_POINT('',(0.001,0.00967142235203568,-0.00680473642306582));
#8859=CARTESIAN_POINT('',(0.001,0.0096020904402649,-0.00680282516822666));
#8860=CARTESIAN_POINT('',(0.00099995,0.00960209043654231,-0.00680282530344378));
#8861=CARTESIAN_POINT('',(0.001,0.00960208828352464,-0.00680282510877483));
#8862=CARTESIAN_POINT('',(0.001,0.00956284603911277,-0.00680378396019908));
#8863=CARTESIAN_POINT('',(0.001,0.00952101601876098,-0.00680589042907908));
#8864=CARTESIAN_POINT('',(0.001,0.00947659822246928,-0.00680914451541482));
#8865=CARTESIAN_POINT('',(0.00099995,0.00947659819902712,-0.0068091441954312));
#8866=CARTESIAN_POINT('',(0.001,0.00947659787877732,-0.00680914417595922));
#8867=CARTESIAN_POINT('',(0.001,0.00948452021683736,-0.00667884782166223));
#8868=CARTESIAN_POINT('',(0.001,0.00949244255489739,-0.00654855146736523));
#8869=CARTESIAN_POINT('',(0.001,0.00950036489295742,-0.00641825511306824));
#8870=CARTESIAN_POINT('',(0.00099995,0.00950036520109522,-0.00641825513180377));
#8871=CARTESIAN_POINT('',(0.001,0.00950036520109522,-0.00641825482309692));
#8872=CARTESIAN_POINT('',(0.001,0.00961705201975898,-0.00641825482309692));
#8873=CARTESIAN_POINT('',(0.001,0.00973373883842274,-0.00641825482309692));
#8874=CARTESIAN_POINT('',(0.001,0.0098504256570865,-0.00641825482309692));
#8875=CARTESIAN_POINT('',(0.00099995,0.0098504256570865,-0.00641825513559692));
#8876=CARTESIAN_POINT('',(0.001,0.0098504259695865,-0.00641825513559692));
#8877=CARTESIAN_POINT('',(0.001,0.0098504259695865,-0.00644582654582056));
#8878=CARTESIAN_POINT('',(0.001,0.0098504259695865,-0.00647339795604421));
#8879=CARTESIAN_POINT('',(0.001,0.0098504259695865,-0.00650096936626785));
#8880=CARTESIAN_POINT('',(0.00099995,0.0098504256570865,-0.00650096936626785));
#8881=CARTESIAN_POINT('',(0.001,0.0098504256570865,-0.00650096967876785));
#8882=CARTESIAN_POINT('',(0.001,0.00975980265744179,-0.00650096967876785));
#8883=CARTESIAN_POINT('',(0.001,0.00966917965779708,-0.00650096967876785));
#8884=CARTESIAN_POINT('',(0.001,0.00957855665815237,-0.00650096967876785));
#8885=CARTESIAN_POINT('',(0.00099995,0.00957855665815237,-0.00650096998709501));
#8886=CARTESIAN_POINT('',(0.001,0.00957855635051318,-0.00650096996650943));
#8887=CARTESIAN_POINT('',(0.001,0.00957357411233498,-0.0065754265274152));
#8888=CARTESIAN_POINT('',(0.001,0.00956859187415679,-0.00664988308832098));
#8889=CARTESIAN_POINT('',(0.001,0.00956360963597859,-0.00672433964922675));
#8890=CARTESIAN_POINT('',(0.00099995,0.00956360995705734,-0.00672433967071164));
#8891=CARTESIAN_POINT('',(0.001,0.00956360998357097,-0.00672433999141426));
#8892=CARTESIAN_POINT('',(0.001,0.00958460413803558,-0.00672260432079592));
#8893=CARTESIAN_POINT('',(0.001,0.00960502257833055,-0.00672155250776456));
#8894=CARTESIAN_POINT('',(0.001,0.00962486530445588,-0.00672118455232017));
#8895=CARTESIAN_POINT('',(0.00099995,0.0096248669351113,-0.0067211847447487));
#8896=CARTESIAN_POINT('',(0.001,0.00962486693918666,-0.0067211845976609));
#8897=CARTESIAN_POINT('',(0.001,0.00967401463613592,-0.00672254778480518));
#8898=CARTESIAN_POINT('',(0.001,0.00968642162101088,-0.00672408762689269));
#8899=CARTESIAN_POINT('',(0.001,0.0097346451392032,-0.00673750758231513));
#8900=CARTESIAN_POINT('',(0.00099995,0.00973464515269414,-0.0067375077786593));
#8901=CARTESIAN_POINT('',(0.001,0.0097346451392032,-0.00673750758231513));
#8902=CARTESIAN_POINT('',(0.001,0.00977372836483657,-0.00675249335184803));
#8903=CARTESIAN_POINT('',(0.001,0.00978299392608247,-0.00675750458639094));
#8904=CARTESIAN_POINT('',(0.001,0.00981616849802507,-0.00678434103787772));
#8905=CARTESIAN_POINT('',(0.00099995,0.00981616838600083,-0.00678434118735757));
#8906=CARTESIAN_POINT('',(0.001,0.00981616849802507,-0.00678434103787772));
#8907=CARTESIAN_POINT('',(0.001,0.00984385594874536,-0.00681302187551276));
#8908=CARTESIAN_POINT('',(0.001,0.00984960728100945,-0.00682121736861215));
#8909=CARTESIAN_POINT('',(0.001,0.00986655170820726,-0.00685870967865817));
#8910=CARTESIAN_POINT('',(0.00099995,0.0098665515178385,-0.00685870969626727));
#8911=CARTESIAN_POINT('',(0.001,0.00986655170820726,-0.00685870967865817));
#8912=CARTESIAN_POINT('',(0.001,0.00988024974325442,-0.00690073071054337));
#8913=CARTESIAN_POINT('',(0.001,0.00988215198355582,-0.00691168043582328));
#8914=CARTESIAN_POINT('',(0.001,0.00988372678659929,-0.0069568580395066));
#8915=CARTESIAN_POINT('',(0.00099995,0.00988372661394192,-0.00695685803710075));
#8916=CARTESIAN_POINT('',(0.001,0.00988372678659929,-0.0069568580395066));
#8917=CARTESIAN_POINT('',(0.001,0.00988200074422849,-0.00700281469004545));
#8918=CARTESIAN_POINT('',(0.001,0.00988020851372321,-0.00701426252560701));
#8919=CARTESIAN_POINT('',(0.001,0.0098655113091327,-0.00705880388677947));
#8920=CARTESIAN_POINT('',(0.00099995,0.00986551112397293,-0.00705880385833531));
#8921=CARTESIAN_POINT('',(0.001,0.0098655113091327,-0.00705880388677947));
#8922=CARTESIAN_POINT('',(0.001,0.00984798815983171,-0.00709766686506181));
#8923=CARTESIAN_POINT('',(0.001,0.00984224115458811,-0.00710664694965103));
#8924=CARTESIAN_POINT('',(0.001,0.00981250102423204,-0.00713843032778137));
#8925=CARTESIAN_POINT('',(0.00099995,0.00981250090481148,-0.0071384301855742));
#8926=CARTESIAN_POINT('',(0.001,0.00981250102423204,-0.00713843032778137));
#8927=CARTESIAN_POINT('',(0.001,0.00977868845614529,-0.00716693696946666));
#8928=CARTESIAN_POINT('',(0.001,0.00976921372725281,-0.00717266852084439));
#8929=CARTESIAN_POINT('',(0.001,0.00972733135126603,-0.00718971170545451));
#8930=CARTESIAN_POINT('',(0.001,0.00729284520052446,-0.00719112582565181));
#8931=CARTESIAN_POINT('',(0.001,0.00725606439760357,-0.00717581615860187));
#8932=CARTESIAN_POINT('',(0.001,0.00724733225007915,-0.00717080238008979));
#8933=CARTESIAN_POINT('',(0.001,0.00721584553621782,-0.00714443504870765));
#8934=CARTESIAN_POINT('',(0.00099995,0.00729284522956907,-0.00719112564194016));
#8935=CARTESIAN_POINT('',(0.00099995,0.00721584565655006,-0.00714443490957559));
#8936=CARTESIAN_POINT('',(0.001,0.00721584553621782,-0.00714443504870765));
#8937=CARTESIAN_POINT('',(0.001,0.00718838469853043,-0.00711576702696403));
#8938=CARTESIAN_POINT('',(0.001,0.0071825817206513,-0.00710763295556014));
#8939=CARTESIAN_POINT('',(0.001,0.00716487045191301,-0.00707068741381996));
#8940=CARTESIAN_POINT('',(0.00099995,0.00716487062778264,-0.00707068735797272));
#8941=CARTESIAN_POINT('',(0.001,0.00716487045191301,-0.00707068741381996));
#8942=CARTESIAN_POINT('',(0.001,0.00715032436510107,-0.00702930305889329));
#8943=CARTESIAN_POINT('',(0.001,0.00714829953428515,-0.00701847848468863));
#8944=CARTESIAN_POINT('',(0.001,0.00714661713015953,-0.00697364283173097));
#8945=CARTESIAN_POINT('',(0.00099995,0.00714661730187503,-0.00697364282528768));
#8946=CARTESIAN_POINT('',(0.001,0.00714661712549699,-0.00697364270747535));
#8947=CARTESIAN_POINT('',(0.001,0.00714765163753034,-0.00694579270617261));
#8948=CARTESIAN_POINT('',(0.001,0.00714857618718082,-0.0069387324086562));
#8949=CARTESIAN_POINT('',(0.001,0.00715594942472947,-0.00691064566434257));
#8950=CARTESIAN_POINT('',(0.00099995,0.00715594960269623,-0.00691064570041823));
#8951=CARTESIAN_POINT('',(0.001,0.00715594942472947,-0.00691064566434257));
#8952=CARTESIAN_POINT('',(0.001,0.0071652770296079,-0.00688359750906901));
#8953=CARTESIAN_POINT('',(0.001,0.00716833895996047,-0.00687703220546264));
#8954=CARTESIAN_POINT('',(0.001,0.00718414346478952,-0.00685209646881454));
#8955=CARTESIAN_POINT('',(0.00099995,0.00718414360202067,-0.00685209658925727));
#8956=CARTESIAN_POINT('',(0.001,0.00718414346478952,-0.00685209646881454));
#8957=CARTESIAN_POINT('',(0.001,0.00720209437244415,-0.00682808458358476));
#8958=CARTESIAN_POINT('',(0.001,0.00720723758492974,-0.00682249747900055));
#8959=CARTESIAN_POINT('',(0.001,0.00723075027369035,-0.00680238455594413));
#8960=CARTESIAN_POINT('',(0.00099995,0.00723075052371442,-0.00680238457587621));
#8961=CARTESIAN_POINT('',(0.001,0.00723075042639245,-0.00680238444359697));
#8962=CARTESIAN_POINT('',(0.001,0.00725306997696428,-0.00678596334050954));
#8963=CARTESIAN_POINT('',(0.001,0.00725931954813312,-0.0067825506096556));
#8964=CARTESIAN_POINT('',(0.001,0.00728714505793757,-0.00677548331026154));
#8965=CARTESIAN_POINT('',(0.00099995,0.00728714492392009,-0.00677548278261702));
#8966=CARTESIAN_POINT('',(0.001,0.00728714518190732,-0.00677548221015197));
#8967=CARTESIAN_POINT('',(0.001,0.00724531647070942,-0.00675663181590697));
#8968=CARTESIAN_POINT('',(0.001,0.00723643071983466,-0.00674965174300447));
#8969=CARTESIAN_POINT('',(0.001,0.00720752025745881,-0.00671266630352371));
#8970=CARTESIAN_POINT('',(0.00099995,0.00720752041287553,-0.00671266621466958));
#8971=CARTESIAN_POINT('',(0.001,0.00720752025745881,-0.00671266630352371));
#8972=CARTESIAN_POINT('',(0.001,0.00718286662846826,-0.00667036589675694));
#8973=CARTESIAN_POINT('',(0.001,0.00717912066081474,-0.00665888911685492));
#8974=CARTESIAN_POINT('',(0.001,0.00717562105093687,-0.00660898748034774));
#8975=CARTESIAN_POINT('',(0.00099995,0.00717562122377046,-0.00660898746822697));
#8976=CARTESIAN_POINT('',(0.001,0.00717562104366792,-0.00660898737669818));
#8977=CARTESIAN_POINT('',(0.001,0.00717723332721519,-0.00657236309318395));
#8978=CARTESIAN_POINT('',(0.001,0.00717882001684511,-0.00656322693678257));
#8979=CARTESIAN_POINT('',(0.001,0.00719199026726259,-0.00652782514751785));
#8980=CARTESIAN_POINT('',(0.00099995,0.00719199042918082,-0.0065278252330264));
#8981=CARTESIAN_POINT('',(0.001,0.00719199026726259,-0.00652782514751785));
#8982=CARTESIAN_POINT('',(0.001,0.0072075338801099,-0.00649656245130672));
#8983=CARTESIAN_POINT('',(0.001,0.00721244475018146,-0.00648924594910872));
#8984=CARTESIAN_POINT('',(0.001,0.00723733405374063,-0.00646322511196964));
#8985=CARTESIAN_POINT('',(0.00099995,0.00723733416962708,-0.00646322525459961));
#8986=CARTESIAN_POINT('',(0.001,0.00723733405374063,-0.00646322511196964));
#8987=CARTESIAN_POINT('',(0.001,0.00726454418753011,-0.00644014857869538));
#8988=CARTESIAN_POINT('',(0.001,0.0072721265676571,-0.00643530751787816));
#8989=CARTESIAN_POINT('',(0.001,0.00730589519046319,-0.00642061725319259));
#8990=CARTESIAN_POINT('',(0.00099995,0.00730589523366727,-0.00642061743027492));
#8991=CARTESIAN_POINT('',(0.001,0.00730589519046319,-0.00642061725319259));
#8992=CARTESIAN_POINT('',(0.001,0.00734216776048526,-0.00640873115418216));
#8993=CARTESIAN_POINT('',(0.001,0.0073516335707191,-0.00640692905280665));
#8994=CARTESIAN_POINT('',(0.001,0.00739100183151735,-0.00640536420107715));
#8995=CARTESIAN_POINT('',(0.00099995,0.00739100183070806,-0.00640536437690429));
#8996=CARTESIAN_POINT('',(0.001,0.00739100183151735,-0.00640536420107715));
#8997=CARTESIAN_POINT('',(0.001,0.00742950353834334,-0.00640689854580044));
#8998=CARTESIAN_POINT('',(0.001,0.0074391546839672,-0.00640840892617865));
#8999=CARTESIAN_POINT('',(0.001,0.0074768261124946,-0.00642094872952335));
#9000=CARTESIAN_POINT('',(0.00099995,0.00747682604907572,-0.0064209488990429));
#9001=CARTESIAN_POINT('',(0.001,0.0074768261124946,-0.00642094872952335));
#9002=CARTESIAN_POINT('',(0.001,0.00750961047729665,-0.00643540993667659));
#9003=CARTESIAN_POINT('',(0.001,0.00751741796957562,-0.00644003350548045));
#9004=CARTESIAN_POINT('',(0.001,0.00754557187460435,-0.00646393008590572));
#9005=CARTESIAN_POINT('',(0.00099995,0.00754557175741819,-0.00646393022745592));
#9006=CARTESIAN_POINT('',(0.001,0.00754557187460435,-0.00646393008590572));
#9007=CARTESIAN_POINT('',(0.001,0.00756971550142464,-0.00648920860419804));
#9008=CARTESIAN_POINT('',(0.001,0.00757487579098476,-0.00649634695621488));
#9009=CARTESIAN_POINT('',(0.001,0.00759075606964601,-0.00652873151064746));
#9010=CARTESIAN_POINT('',(0.00099995,0.00759075590092847,-0.00652873157816554));
#9011=CARTESIAN_POINT('',(0.001,0.00759075606964601,-0.00652873151064746));
#9012=CARTESIAN_POINT('',(0.001,0.00760328829279464,-0.00656272001573333));
#9013=CARTESIAN_POINT('',(0.001,0.00760521523216885,-0.00657163835313182));
#9014=CARTESIAN_POINT('',(0.001,0.0076069199504748,-0.00660898727230928));
#9015=CARTESIAN_POINT('',(0.00099995,0.00760691977589934,-0.00660898728027734));
#9016=CARTESIAN_POINT('',(0.001,0.00760691995523942,-0.00660898737669818));
#9017=CARTESIAN_POINT('',(0.001,0.00760599636953395,-0.00663321461936036));
#9018=CARTESIAN_POINT('',(0.001,0.00760516165105412,-0.00663935180363463));
#9019=CARTESIAN_POINT('',(0.001,0.00759841854475511,-0.00666369281769626));
#9020=CARTESIAN_POINT('',(0.00099995,0.00759841837504622,-0.00666369276397793));
#9021=CARTESIAN_POINT('',(0.001,0.00759841854475511,-0.00666369281769626));
#9022=CARTESIAN_POINT('',(0.001,0.00759037912815802,-0.0066862841239301));
#9023=CARTESIAN_POINT('',(0.001,0.00758782718956943,-0.00669186728677707));
#9024=CARTESIAN_POINT('',(0.001,0.00757469738625062,-0.00671311110318534));
#9025=CARTESIAN_POINT('',(0.00099995,0.0075746972305202,-0.00671311101228183));
#9026=CARTESIAN_POINT('',(0.001,0.00757469738625062,-0.00671311110318534));
#9027=CARTESIAN_POINT('',(0.001,0.00756066683363241,-0.00673259439191714));
#9028=CARTESIAN_POINT('',(0.001,0.00755666992057874,-0.00673725440928163));
#9029=CARTESIAN_POINT('',(0.001,0.00753833348654283,-0.00675427548647754));
#9030=CARTESIAN_POINT('',(0.00099995,0.00753833304128514,-0.00675427564863277));
#9031=CARTESIAN_POINT('',(0.001,0.00753833320890391,-0.00675427571262094));
#9032=CARTESIAN_POINT('',(0.001,0.0075223452539802,-0.00676729826072204));
#9033=CARTESIAN_POINT('',(0.001,0.00751773145479497,-0.00677016449944767));
#9034=CARTESIAN_POINT('',(0.001,0.0074969744617958,-0.00677555777332665));
#9035=CARTESIAN_POINT('',(0.00099995,0.00749697463844272,-0.00677555845313809));
#9036=CARTESIAN_POINT('',(0.001,0.00749697445655594,-0.00677555913153595));
#9037=CARTESIAN_POINT('',(0.001,0.00752337728276559,-0.00678263772596883));
#9038=CARTESIAN_POINT('',(0.001,0.00752961285268764,-0.00678564993686908));
#9039=CARTESIAN_POINT('',(0.001,0.00755244920497784,-0.00680279563969192));
#9040=CARTESIAN_POINT('',(0.00099995,0.00755244910577304,-0.00680279577183834));
#9041=CARTESIAN_POINT('',(0.001,0.00755244935654176,-0.00680279575348728));
#9042=CARTESIAN_POINT('',(0.001,0.0075747634273708,-0.00682227243898228));
#9043=CARTESIAN_POINT('',(0.001,0.0075799615800102,-0.00682771942029211));
#9044=CARTESIAN_POINT('',(0.001,0.00759805763863099,-0.00685231052399509));
#9045=CARTESIAN_POINT('',(0.00099995,0.00759805749486973,-0.00685231063580315));
#9046=CARTESIAN_POINT('',(0.001,0.00759805763863099,-0.00685231052399509));
#9047=CARTESIAN_POINT('',(0.001,0.00761319518893768,-0.00687658363872158));
#9048=CARTESIAN_POINT('',(0.001,0.00761640583585641,-0.00688308588021742));
#9049=CARTESIAN_POINT('',(0.001,0.00762596632145418,-0.00691100232363574));
#9050=CARTESIAN_POINT('',(0.00099995,0.00762596614361144,-0.00691100235400325));
#9051=CARTESIAN_POINT('',(0.001,0.00762596632145418,-0.00691100232363574));
#9052=CARTESIAN_POINT('',(0.001,0.00763305630060454,-0.00693780252103038));
#9053=CARTESIAN_POINT('',(0.001,0.00763425937814153,-0.00694480213897676));
#9054=CARTESIAN_POINT('',(0.001,0.0076353865375377,-0.00697364270747535));
#9055=CARTESIAN_POINT('',(0.00099995,0.00763538636004718,-0.00697364281158588));
#9056=CARTESIAN_POINT('',(0.001,0.00763538653336421,-0.0069736428181231));
#9057=CARTESIAN_POINT('',(0.001,0.00763374281207948,-0.00701722111648169));
#9058=CARTESIAN_POINT('',(0.001,0.00763200118501754,-0.00702807598768108));
#9059=CARTESIAN_POINT('',(0.001,0.00761748994492067,-0.00707009576321475));
#9060=CARTESIAN_POINT('',(0.00099995,0.00761748976925645,-0.00707009570850727));
#9061=CARTESIAN_POINT('',(0.001,0.00761748994492067,-0.00707009576321475));
#9062=CARTESIAN_POINT('',(0.001,0.00760057549926598,-0.00710602321003552));
#9063=CARTESIAN_POINT('',(0.001,0.00759512900391058,-0.0071144326073567));
#9064=CARTESIAN_POINT('',(0.001,0.00756693864964021,-0.00714412033618324));
#9065=CARTESIAN_POINT('',(0.00099995,0.00756693853444545,-0.00714412019198337));
#9066=CARTESIAN_POINT('',(0.001,0.00756693864964021,-0.00714412033618324));
#9067=CARTESIAN_POINT('',(0.001,0.00753631464240538,-0.00716991138751677));
#9068=CARTESIAN_POINT('',(0.001,0.00752776342728197,-0.00717525673754563));
#9069=CARTESIAN_POINT('',(0.001,0.0074895824005462,-0.00719106711507671));
#9070=CARTESIAN_POINT('',(0.00099995,0.00748958238296305,-0.00719106692694468));
#9071=CARTESIAN_POINT('',(0.001,0.0074895824005462,-0.00719106711507671));
#9072=CARTESIAN_POINT('',(0.001,0.00744699939257367,-0.00720396399266931));
#9073=CARTESIAN_POINT('',(0.001,0.00743594792606103,-0.00720576485696398));
#9074=CARTESIAN_POINT('',(0.001,0.00739047313831819,-0.00720726847709052));
#9075=CARTESIAN_POINT('',(0.00099995,0.00739047313974419,-0.00720726830478787));
#9076=CARTESIAN_POINT('',(0.001,0.00739047313831819,-0.00720726847709052));
#9077=CARTESIAN_POINT('',(0.001,0.00734661098239952,-0.00720577735091257));
#9078=CARTESIAN_POINT('',(0.001,0.0073356380014757,-0.00720420328650475));
#9079=CARTESIAN_POINT('',(0.001,0.00729284520052446,-0.00719112582565181));
#9080=CARTESIAN_POINT('',(0.001,0.00879155523177308,-0.00544395495403732));
#9081=CARTESIAN_POINT('',(0.001,0.00880827487005178,-0.00542052921112797));
#9082=CARTESIAN_POINT('',(0.001,0.00885134324929053,-0.00536884971750951));
#9083=CARTESIAN_POINT('',(0.001,0.00892121994182331,-0.0053617518262243));
#9084=CARTESIAN_POINT('',(0.001,0.00896206374071611,-0.00535760302018171));
#9085=CARTESIAN_POINT('',(0.001,0.00879155542275484,-0.0054439543995627));
#9086=CARTESIAN_POINT('',(0.00099995,0.00896206374071611,-0.00535760302018171));
#9087=CARTESIAN_POINT('',(0.001,0.00896206374071611,-0.00535760302018171));
#9088=CARTESIAN_POINT('',(0.001,0.00900321724709091,-0.00535931711479785));
#9089=CARTESIAN_POINT('',(0.001,0.00901351272997057,-0.0053610632114055));
#9090=CARTESIAN_POINT('',(0.001,0.00905320013664736,-0.00537599485289102));
#9091=CARTESIAN_POINT('',(0.00099995,0.00905320005860639,-0.00537599501945048));
#9092=CARTESIAN_POINT('',(0.001,0.00905320013664736,-0.00537599485289102));
#9093=CARTESIAN_POINT('',(0.001,0.00908748445819797,-0.00539352490217898));
#9094=CARTESIAN_POINT('',(0.001,0.00909543955599398,-0.00539908376083911));
#9095=CARTESIAN_POINT('',(0.001,0.00912336016796602,-0.0054273265219832));
#9096=CARTESIAN_POINT('',(0.00099995,0.00912336001270046,-0.00542732662334432));
#9097=CARTESIAN_POINT('',(0.001,0.00912336016796602,-0.0054273265219832));
#9098=CARTESIAN_POINT('',(0.001,0.00914800345556781,-0.00545826461463254));
#9099=CARTESIAN_POINT('',(0.001,0.00915310602513058,-0.00546683416838873));
#9100=CARTESIAN_POINT('',(0.001,0.00916824663780703,-0.0055047499753142));
#9101=CARTESIAN_POINT('',(0.00099995,0.0091682464519801,-0.00550474999399312));
#9102=CARTESIAN_POINT('',(0.001,0.00916824663780703,-0.0055047499753142));
#9103=CARTESIAN_POINT('',(0.001,0.00918057995992,-0.00554631775353493));
#9104=CARTESIAN_POINT('',(0.001,0.0091823450849849,-0.00555707267615372));
#9105=CARTESIAN_POINT('',(0.001,0.00918387318752779,-0.00560136672030931));
#9106=CARTESIAN_POINT('',(0.00099995,0.00918387301361207,-0.00560136673338075));
#9107=CARTESIAN_POINT('',(0.001,0.00918387318752779,-0.00560136672030931));
#9108=CARTESIAN_POINT('',(0.001,0.00918219404663369,-0.00564880630357599));
#9109=CARTESIAN_POINT('',(0.001,0.00918044745911291,-0.0056606529916268));
#9110=CARTESIAN_POINT('',(0.001,0.00916610236071123,-0.00570689197551256));
#9111=CARTESIAN_POINT('',(0.00099995,0.00916610218011037,-0.00570689194042303));
#9112=CARTESIAN_POINT('',(0.001,0.00916610236071123,-0.00570689197551256));
#9113=CARTESIAN_POINT('',(0.001,0.00914948495711776,-0.0057467676400673));
#9114=CARTESIAN_POINT('',(0.001,0.00914408094039919,-0.00575617902010212));
#9115=CARTESIAN_POINT('',(0.001,0.00911605889700426,-0.0057902110732699));
#9116=CARTESIAN_POINT('',(0.00099995,0.00911605875554429,-0.00579021095550308));
#9117=CARTESIAN_POINT('',(0.001,0.00911605889700426,-0.0057902110732699));
#9118=CARTESIAN_POINT('',(0.001,0.00908606967004986,-0.00581962018978911));
#9119=CARTESIAN_POINT('',(0.001,0.00907759766391364,-0.00582583678506475));
#9120=CARTESIAN_POINT('',(0.001,0.0090393235792972,-0.00584524374376779));
#9121=CARTESIAN_POINT('',(0.00099995,0.00903932349669033,-0.00584524358016773));
#9122=CARTESIAN_POINT('',(0.001,0.0090393235792972,-0.00584524374376779));
#9123=CARTESIAN_POINT('',(0.001,0.00899781276044533,-0.0058609283670744));
#9124=CARTESIAN_POINT('',(0.001,0.00898694584399564,-0.00586319091268564));
#9125=CARTESIAN_POINT('',(0.001,0.00894162828825487,-0.00586517136465555));
#9126=CARTESIAN_POINT('',(0.00099995,0.00894162824574627,-0.00586517119054161));
#9127=CARTESIAN_POINT('',(0.001,0.00894162828825487,-0.00586517136465555));
#9128=CARTESIAN_POINT('',(0.001,0.0088944084808043,-0.00586293710925615));
#9129=CARTESIAN_POINT('',(0.001,0.00888280702935672,-0.00586058182481417));
#9130=CARTESIAN_POINT('',(0.001,0.00883876765869631,-0.0058410349852944));
#9131=CARTESIAN_POINT('',(0.00099995,0.00883876774902334,-0.00584103482059925));
#9132=CARTESIAN_POINT('',(0.001,0.00883876765869631,-0.0058410349852944));
#9133=CARTESIAN_POINT('',(0.001,0.0087994885276114,-0.00581642740558181));
#9134=CARTESIAN_POINT('',(0.001,0.00879096807255257,-0.00580864176111429));
#9135=CARTESIAN_POINT('',(0.001,0.00876259053848757,-0.00577069464992529));
#9136=CARTESIAN_POINT('',(0.00099995,0.00876259073992091,-0.00577069462068419));
#9137=CARTESIAN_POINT('',(0.001,0.00876259053848757,-0.00577069464992529));
#9138=CARTESIAN_POINT('',(0.001,0.00873534523848239,-0.00572445676469162));
#9139=CARTESIAN_POINT('',(0.001,0.00873013969867979,-0.00571193347248404));
#9140=CARTESIAN_POINT('',(0.001,0.0087154802588533,-0.00565898861023704));
#9141=CARTESIAN_POINT('',(0.00099995,0.00871548042804858,-0.00565898856339018));
#9142=CARTESIAN_POINT('',(0.001,0.00871548021935,-0.00565898846756464));
#9143=CARTESIAN_POINT('',(0.001,0.00870241309514052,-0.00559395739631277));
#9144=CARTESIAN_POINT('',(0.001,0.00870069399391731,-0.00557716521298809));
#9145=CARTESIAN_POINT('',(0.001,0.00869940037630571,-0.0055092608548308));
#9146=CARTESIAN_POINT('',(0.00099995,0.008699400544884,-0.00550926082732202));
#9147=CARTESIAN_POINT('',(0.001,0.00869940037630571,-0.0055092608548308));
#9148=CARTESIAN_POINT('',(0.001,0.00870126747254071,-0.00542790431066954));
#9149=CARTESIAN_POINT('',(0.001,0.00870336665663701,-0.00540747475300845));
#9150=CARTESIAN_POINT('',(0.001,0.00872062469624056,-0.00532717656265741));
#9151=CARTESIAN_POINT('',(0.00099995,0.00872062489852405,-0.0053271764937529));
#9152=CARTESIAN_POINT('',(0.001,0.00872062473037552,-0.00532717644497839));
#9153=CARTESIAN_POINT('',(0.001,0.00873964164657584,-0.00526161633567736));
#9154=CARTESIAN_POINT('',(0.001,0.00874614468163806,-0.00524555767487399));
#9155=CARTESIAN_POINT('',(0.001,0.00878195161722673,-0.00518597979020124));
#9156=CARTESIAN_POINT('',(0.00099995,0.00878195181233702,-0.00518597982963319));
#9157=CARTESIAN_POINT('',(0.001,0.00878195161722673,-0.00518597979020124));
#9158=CARTESIAN_POINT('',(0.001,0.00881804186043205,-0.00513825632172089));
#9159=CARTESIAN_POINT('',(0.001,0.00882875374859948,-0.00512781142031908));
#9160=CARTESIAN_POINT('',(0.001,0.00888002003334536,-0.00509465020071512));
#9161=CARTESIAN_POINT('',(0.00099995,0.00888002014102814,-0.00509465035417856));
#9162=CARTESIAN_POINT('',(0.001,0.00888002003334536,-0.00509465020071512));
#9163=CARTESIAN_POINT('',(0.001,0.00893459497996061,-0.00506908684090924));
#9164=CARTESIAN_POINT('',(0.001,0.0089491221186958,-0.00506540624532772));
#9165=CARTESIAN_POINT('',(0.001,0.00901065523527636,-0.00506219286393171));
#9166=CARTESIAN_POINT('',(0.00099995,0.00901065516294385,-0.00506219303804074));
#9167=CARTESIAN_POINT('',(0.001,0.00901065523527636,-0.00506219286393171));
#9168=CARTESIAN_POINT('',(0.001,0.00906881466346179,-0.00506430710244369));
#9169=CARTESIAN_POINT('',(0.001,0.00908333081675729,-0.00506660970303779));
#9170=CARTESIAN_POINT('',(0.001,0.00913929288760657,-0.00508618649542551));
#9171=CARTESIAN_POINT('',(0.00099995,0.00913929279328699,-0.00508618676504596));
#9172=CARTESIAN_POINT('',(0.001,0.00913929308556093,-0.00508618676504596));
#9173=CARTESIAN_POINT('',(0.001,0.00913929308556093,-0.00511431203333389));
#9174=CARTESIAN_POINT('',(0.001,0.00913929308556093,-0.00514243730162181));
#9175=CARTESIAN_POINT('',(0.001,0.00913929308556093,-0.00517056256990974));
#9176=CARTESIAN_POINT('',(0.00099995,0.00913929275147657,-0.00517056256990974));
#9177=CARTESIAN_POINT('',(0.001,0.00913929263610563,-0.00517056288344046));
#9178=CARTESIAN_POINT('',(0.001,0.00908460895170606,-0.00515044050603468));
#9179=CARTESIAN_POINT('',(0.001,0.00907018703765654,-0.00514681859665195));
#9180=CARTESIAN_POINT('',(0.001,0.00901111687325014,-0.00514275927018171));
#9181=CARTESIAN_POINT('',(0.00099995,0.00901111679632991,-0.00514275945549919));
#9182=CARTESIAN_POINT('',(0.001,0.00901111687325014,-0.00514275927018171));
#9183=CARTESIAN_POINT('',(0.001,0.00896948560147994,-0.00514513710389399));
#9184=CARTESIAN_POINT('',(0.001,0.00895928701474355,-0.00514744707263076));
#9185=CARTESIAN_POINT('',(0.001,0.00892071868084444,-0.00516639206480032));
#9186=CARTESIAN_POINT('',(0.00099995,0.0089207187998011,-0.0051663922117473));
#9187=CARTESIAN_POINT('',(0.001,0.00892071868084444,-0.00516639206480032));
#9188=CARTESIAN_POINT('',(0.001,0.00888498019940353,-0.00519064076459382));
#9189=CARTESIAN_POINT('',(0.001,0.00887724444263545,-0.00519815641309448));
#9190=CARTESIAN_POINT('',(0.001,0.0088513898971283,-0.00523396286060956));
#9191=CARTESIAN_POINT('',(0.00099995,0.00885139004156996,-0.00523396296490557));
#9192=CARTESIAN_POINT('',(0.001,0.00885138983629717,-0.00523396294485575));
#9193=CARTESIAN_POINT('',(0.001,0.00882587525884662,-0.00527819093915117));
#9194=CARTESIAN_POINT('',(0.001,0.00882093603661295,-0.0052901416361874));
#9195=CARTESIAN_POINT('',(0.001,0.00880665863655581,-0.00534043233763223));
#9196=CARTESIAN_POINT('',(0.00099995,0.00880665863655581,-0.00534043233763223));
#9197=CARTESIAN_POINT('',(0.001,0.00880665863655581,-0.00534043233763223));
#9198=CARTESIAN_POINT('',(0.001,0.00880200675567208,-0.00536142805764238));
#9199=CARTESIAN_POINT('',(0.001,0.00879443147768069,-0.0053956181884049));
#9200=CARTESIAN_POINT('',(0.001,0.00879214278275646,-0.00543046874011321));
#9201=CARTESIAN_POINT('',(0.001,0.00879155523177308,-0.00544395495403732));
#9202=CARTESIAN_POINT('',(0.001,0.00648758422891153,-0.00576634321283346));
#9203=CARTESIAN_POINT('',(0.001,0.00658891867188944,-0.00576634321283346));
#9204=CARTESIAN_POINT('',(0.001,0.00669025311486734,-0.00576634321283346));
#9205=CARTESIAN_POINT('',(0.001,0.00679158755784525,-0.00576634321283346));
#9206=CARTESIAN_POINT('',(0.00099995,0.00648758422891153,-0.00576634290033346));
#9207=CARTESIAN_POINT('',(0.00099995,0.00679158755784525,-0.00576634352533346));
#9208=CARTESIAN_POINT('',(0.001,0.00679158787034525,-0.00576634352533346));
#9209=CARTESIAN_POINT('',(0.001,0.00679158787034525,-0.00579481012281582));
#9210=CARTESIAN_POINT('',(0.001,0.00679158787034525,-0.00582327672029818));
#9211=CARTESIAN_POINT('',(0.001,0.00679158787034525,-0.00585174331778055));
#9212=CARTESIAN_POINT('',(0.00099995,0.00679158755784525,-0.00585174331778055));
#9213=CARTESIAN_POINT('',(0.001,0.00679158755784525,-0.00585174363028055));
#9214=CARTESIAN_POINT('',(0.001,0.00665963788446599,-0.00585174363028055));
#9215=CARTESIAN_POINT('',(0.001,0.00652768821108672,-0.00585174363028055));
#9216=CARTESIAN_POINT('',(0.001,0.00639573853770746,-0.00585174363028055));
#9217=CARTESIAN_POINT('',(0.00099995,0.00639573853770746,-0.00585174331778055));
#9218=CARTESIAN_POINT('',(0.001,0.00639573822520746,-0.00585174331778055));
#9219=CARTESIAN_POINT('',(0.001,0.00639573822520746,-0.00559285681133753));
#9220=CARTESIAN_POINT('',(0.001,0.00639573822520746,-0.0053339703048945));
#9221=CARTESIAN_POINT('',(0.001,0.00639573822520746,-0.00507508379845148));
#9222=CARTESIAN_POINT('',(0.00099995,0.00639573853770746,-0.00507508379845148));
#9223=CARTESIAN_POINT('',(0.001,0.00639573853770746,-0.00507508348595148));
#9224=CARTESIAN_POINT('',(0.001,0.00642635355977548,-0.00507508348595148));
#9225=CARTESIAN_POINT('',(0.001,0.00645696858184351,-0.00507508348595148));
#9226=CARTESIAN_POINT('',(0.001,0.00648758360391153,-0.00507508348595148));
#9227=CARTESIAN_POINT('',(0.00099995,0.00648758360391153,-0.00507508379845148));
#9228=CARTESIAN_POINT('',(0.001,0.00648758391641153,-0.00507508379845148));
#9229=CARTESIAN_POINT('',(0.001,0.00648758391641153,-0.0053055034990788));
#9230=CARTESIAN_POINT('',(0.001,0.00648758391641153,-0.00553592319970613));
#9231=CARTESIAN_POINT('',(0.001,0.00648758391641153,-0.00576634290033346));
#9232=CARTESIAN_POINT('',(0.001,0.00389843186569389,-0.006528669152186));
#9233=CARTESIAN_POINT('',(0.001,0.0039334841331239,-0.00656740109970465));
#9234=CARTESIAN_POINT('',(0.001,0.00393878034669241,-0.00657877789858723));
#9235=CARTESIAN_POINT('',(0.001,0.00394369563293633,-0.00663194060675867));
#9236=CARTESIAN_POINT('',(0.00099995,0.00389843175484834,-0.00652866930701979));
#9237=CARTESIAN_POINT('',(0.00099995,0.00394369545245961,-0.00663194060734327));
#9238=CARTESIAN_POINT('',(0.001,0.00394369563293633,-0.00663194060675867));
#9239=CARTESIAN_POINT('',(0.001,0.0039389162566199,-0.00668497371428005));
#9240=CARTESIAN_POINT('',(0.001,0.00393422187908917,-0.00669687996857079));
#9241=CARTESIAN_POINT('',(0.001,0.00389755269718346,-0.00673696995131739));
#9242=CARTESIAN_POINT('',(0.00099995,0.0038975525912585,-0.00673696979026094));
#9243=CARTESIAN_POINT('',(0.001,0.00389755269718346,-0.00673696995131739));
#9244=CARTESIAN_POINT('',(0.001,0.00385018014290562,-0.00676998411285685));
#9245=CARTESIAN_POINT('',(0.001,0.0038367036140518,-0.00677440313504264));
#9246=CARTESIAN_POINT('',(0.001,0.00377758225631889,-0.00677783906810053));
#9247=CARTESIAN_POINT('',(0.00099995,0.00377758225175044,-0.00677783889612813));
#9248=CARTESIAN_POINT('',(0.001,0.00377758225631889,-0.00677783906810053));
#9249=CARTESIAN_POINT('',(0.001,0.00372189660371028,-0.0067738319187769));
#9250=CARTESIAN_POINT('',(0.001,0.00370890575147511,-0.00676967758237609));
#9251=CARTESIAN_POINT('',(0.001,0.0036633243246096,-0.00673565149657496));
#9252=CARTESIAN_POINT('',(0.00099995,0.00366332443814338,-0.00673565134850388));
#9253=CARTESIAN_POINT('',(0.001,0.0036633243246096,-0.00673565149657496));
#9254=CARTESIAN_POINT('',(0.001,0.00362827248682841,-0.00669663845355505));
#9255=CARTESIAN_POINT('',(0.001,0.00362283177899145,-0.00668524569916548));
#9256=CARTESIAN_POINT('',(0.001,0.00361762127113518,-0.00663194060675867));
#9257=CARTESIAN_POINT('',(0.00099995,0.00361762145376551,-0.00663194060088629));
#9258=CARTESIAN_POINT('',(0.001,0.00361762127113518,-0.00663194060675867));
#9259=CARTESIAN_POINT('',(0.001,0.00362263842367223,-0.00657922439517233));
#9260=CARTESIAN_POINT('',(0.001,0.00362747941526027,-0.00656749296113005));
#9261=CARTESIAN_POINT('',(0.001,0.00366464277935204,-0.00652822971694239));
#9262=CARTESIAN_POINT('',(0.00099995,0.00366464287685295,-0.00652822988109559));
#9263=CARTESIAN_POINT('',(0.001,0.00366464277935204,-0.00652822971694239));
#9264=CARTESIAN_POINT('',(0.001,0.00371112313908284,-0.00649604417314277));
#9265=CARTESIAN_POINT('',(0.001,0.00372421096147023,-0.00649155073788337));
#9266=CARTESIAN_POINT('',(0.001,0.00378197690677818,-0.00648780003540285));
#9267=CARTESIAN_POINT('',(0.00099995,0.00378197691215961,-0.00648780020711169));
#9268=CARTESIAN_POINT('',(0.001,0.00378197690677818,-0.00648780003540285));
#9269=CARTESIAN_POINT('',(0.001,0.0038383751269058,-0.00649132234283541));
#9270=CARTESIAN_POINT('',(0.001,0.00385171692736592,-0.00649521622994604));
#9271=CARTESIAN_POINT('',(0.001,0.00389843186569389,-0.006528669152186));
#9272=CARTESIAN_POINT('',(0.001,-0.00048247667267627,-0.00602285839985716));
#9273=CARTESIAN_POINT('',(0.001,-0.000450734299038829,-0.00595543382214403));
#9274=CARTESIAN_POINT('',(0.001,-0.000426943464396376,-0.00589867919654266));
#9275=CARTESIAN_POINT('',(0.001,-0.00032367580265935,-0.00585228460473283));
#9276=CARTESIAN_POINT('',(0.001,-0.00028255523968573,-0.00584624412038984));
#9277=CARTESIAN_POINT('',(0.001,-0.000245172510542944,-0.00584004609248925));
#9278=CARTESIAN_POINT('',(0.00099995,-0.00048247696378633,-0.00602285826280723));
#9279=CARTESIAN_POINT('',(0.00099995,-0.000245172483583046,-0.00584004625509834));
#9280=CARTESIAN_POINT('',(0.001,-0.000245172174451982,-0.00584004603676566));
#9281=CARTESIAN_POINT('',(0.001,-0.000214491449187373,-0.00584044859821307));
#9282=CARTESIAN_POINT('',(0.001,-0.000206310166635439,-0.005841255613108));
#9283=CARTESIAN_POINT('',(0.001,-0.000176617503808562,-0.00585059286436712));
#9284=CARTESIAN_POINT('',(0.00099995,-0.000176617590296126,-0.00585059313939774));
#9285=CARTESIAN_POINT('',(0.001,-0.000176617296217119,-0.00585059313939774));
#9286=CARTESIAN_POINT('',(0.001,-0.000176617296217119,-0.00593584683497398));
#9287=CARTESIAN_POINT('',(0.001,-0.000176617296217119,-0.00602110053055022));
#9288=CARTESIAN_POINT('',(0.001,-0.000176617296217119,-0.00610635422612646));
#9289=CARTESIAN_POINT('',(0.00099995,-0.000176617634161859,-0.00610635422612646));
#9290=CARTESIAN_POINT('',(0.001,-0.000176617771738903,-0.0061063545347991));
#9291=CARTESIAN_POINT('',(0.001,-0.00022560511945398,-0.0060845203199369));
#9292=CARTESIAN_POINT('',(0.001,-0.000238668861555524,-0.00608152963204107));
#9293=CARTESIAN_POINT('',(0.001,-0.00029351213741127,-0.00607910856954821));
#9294=CARTESIAN_POINT('',(0.00099995,-0.000293512375687184,-0.00607910875440276));
#9295=CARTESIAN_POINT('',(0.001,-0.000293512390041392,-0.00607910859185876));
#9296=CARTESIAN_POINT('',(0.001,-0.000365709023260334,-0.00608548450744535));
#9297=CARTESIAN_POINT('',(0.001,-0.00038214942076141,-0.00609154691824154));
#9298=CARTESIAN_POINT('',(0.001,-0.000435015948293839,-0.00614546597354182));
#9299=CARTESIAN_POINT('',(0.00099995,-0.00043501574372826,-0.0061454660417322));
#9300=CARTESIAN_POINT('',(0.001,-0.000435015948293839,-0.00614546597354182));
#9301=CARTESIAN_POINT('',(0.001,-0.000477702411062989,-0.00621877474247633));
#9302=CARTESIAN_POINT('',(0.001,-0.000482734987977223,-0.00623954584351173));
#9303=CARTESIAN_POINT('',(0.001,-0.00048599261189571,-0.00632607576157842));
#9304=CARTESIAN_POINT('',(0.00099995,-0.000485992483123076,-0.00632607576642306));
#9305=CARTESIAN_POINT('',(0.001,-0.000485992820737992,-0.00632608130924472));
#9306=CARTESIAN_POINT('',(0.001,-0.000485992820737992,-0.00646934290594666));
#9307=CARTESIAN_POINT('',(0.001,-0.000485992820737992,-0.0066126045026486));
#9308=CARTESIAN_POINT('',(0.001,-0.000485992820737992,-0.00675586609935054));
#9309=CARTESIAN_POINT('',(0.00099995,-0.000485993133237992,-0.00675586609935054));
#9310=CARTESIAN_POINT('',(0.001,-0.000485993133237992,-0.00675586641185054));
#9311=CARTESIAN_POINT('',(0.001,-0.00057857095851087,-0.00675586641185054));
#9312=CARTESIAN_POINT('',(0.001,-0.000671148783783748,-0.00675586641185054));
#9313=CARTESIAN_POINT('',(0.001,-0.000763726609056626,-0.00675586641185054));
#9314=CARTESIAN_POINT('',(0.00099995,-0.000763726609056626,-0.00675586609935054));
#9315=CARTESIAN_POINT('',(0.001,-0.000763726921556626,-0.00675586609935054));
#9316=CARTESIAN_POINT('',(0.001,-0.000763726921556626,-0.00645586629576294));
#9317=CARTESIAN_POINT('',(0.001,-0.000763726921556626,-0.00615586649217535));
#9318=CARTESIAN_POINT('',(0.001,-0.000763726921556626,-0.00585586668858775));
#9319=CARTESIAN_POINT('',(0.00099995,-0.000763726609056626,-0.00585586668858775));
#9320=CARTESIAN_POINT('',(0.001,-0.000763726609056626,-0.00585586637608775));
#9321=CARTESIAN_POINT('',(0.001,-0.000671148783783748,-0.00585586637608775));
#9322=CARTESIAN_POINT('',(0.001,-0.00057857095851087,-0.00585586637608775));
#9323=CARTESIAN_POINT('',(0.001,-0.000485993133237992,-0.00585586637608775));
#9324=CARTESIAN_POINT('',(0.00099995,-0.000485993133237992,-0.00585586668858775));
#9325=CARTESIAN_POINT('',(0.001,-0.000485992820737992,-0.00585586668858775));
#9326=CARTESIAN_POINT('',(0.001,-0.000485992820737992,-0.00591153053778736));
#9327=CARTESIAN_POINT('',(0.001,-0.000485992820737992,-0.00596719438698697));
#9328=CARTESIAN_POINT('',(0.001,-0.000485992820737992,-0.00602285823618659));
#9329=CARTESIAN_POINT('',(0.00099995,-0.000485992383237993,-0.00602285823618659));
#9330=CARTESIAN_POINT('',(0.001,-0.000485992445737992,-0.00602285854868659));
#9331=CARTESIAN_POINT('',(0.001,-0.000484820597613952,-0.00602285854868659));
#9332=CARTESIAN_POINT('',(0.001,-0.000483648749489913,-0.00602285854868659));
#9333=CARTESIAN_POINT('',(0.001,-0.000482476901365873,-0.00602285854868659));
#9334=CARTESIAN_POINT('',(0.001,-0.00512837545740429,-0.0064240792428709));
#9335=CARTESIAN_POINT('',(0.001,-0.00507550838074609,-0.00646764918990951));
#9336=CARTESIAN_POINT('',(0.001,-0.00500507600477669,-0.00651793721212823));
#9337=CARTESIAN_POINT('',(0.001,-0.00492163276761166,-0.00652784682457255));
#9338=CARTESIAN_POINT('',(0.001,-0.00485152004193285,-0.00653262421069837));
#9339=CARTESIAN_POINT('',(0.00099995,-0.00512837530458216,-0.00642407911168032));
#9340=CARTESIAN_POINT('',(0.00099995,-0.00485152003013927,-0.00653262403761546));
#9341=CARTESIAN_POINT('',(0.001,-0.00485151992904965,-0.00653262421839008));
#9342=CARTESIAN_POINT('',(0.001,-0.00478110348306327,-0.00652840622764882));
#9343=CARTESIAN_POINT('',(0.001,-0.00472406464188526,-0.00652603974797317));
#9344=CARTESIAN_POINT('',(0.001,-0.00461472774917222,-0.00648557442925102));
#9345=CARTESIAN_POINT('',(0.001,-0.00457972265805376,-0.00646782413435036));
#9346=CARTESIAN_POINT('',(0.001,-0.00454741873379822,-0.0064517650349165));
#9347=CARTESIAN_POINT('',(0.00099995,-0.00454741862251064,-0.00645176525878048));
#9348=CARTESIAN_POINT('',(0.001,-0.00454741837251011,-0.00645176525878048));
#9349=CARTESIAN_POINT('',(0.001,-0.00454741837251011,-0.00653819085952403));
#9350=CARTESIAN_POINT('',(0.001,-0.00454741837251011,-0.00662461646026759));
#9351=CARTESIAN_POINT('',(0.001,-0.00454741837251011,-0.00671104206101114));
#9352=CARTESIAN_POINT('',(0.00099995,-0.00454741862251055,-0.00671104206101114));
#9353=CARTESIAN_POINT('',(0.001,-0.00454741853770691,-0.00671104229003327));
#9354=CARTESIAN_POINT('',(0.001,-0.00458565421945054,-0.00672520039791749));
#9355=CARTESIAN_POINT('',(0.001,-0.00463054288030033,-0.00674177943241645));
#9356=CARTESIAN_POINT('',(0.001,-0.00472299048619472,-0.00676727884967365));
#9357=CARTESIAN_POINT('',(0.001,-0.00481951043942385,-0.00677565709768378));
#9358=CARTESIAN_POINT('',(0.001,-0.00486599501609654,-0.00677688321106058));
#9359=CARTESIAN_POINT('',(0.001,-0.00490776994991127,-0.00677783906810054));
#9360=CARTESIAN_POINT('',(0.00099995,-0.00490777014679503,-0.00677783889531913));
#9361=CARTESIAN_POINT('',(0.001,-0.00490777015642392,-0.00677783905570201));
#9362=CARTESIAN_POINT('',(0.001,-0.0049638130830073,-0.00677447437001989));
#9363=CARTESIAN_POINT('',(0.001,-0.00502945186377977,-0.00677015252811017));
#9364=CARTESIAN_POINT('',(0.001,-0.00515672690664026,-0.00674695660232639));
#9365=CARTESIAN_POINT('',(0.001,-0.00526887914222269,-0.00668212814490515));
#9366=CARTESIAN_POINT('',(0.001,-0.00531898207107228,-0.00664279706532712));
#9367=CARTESIAN_POINT('',(0.001,-0.00536392234059993,-0.00660733119003543));
#9368=CARTESIAN_POINT('',(0.00099995,-0.00536392219321244,-0.00660733105181803));
#9369=CARTESIAN_POINT('',(0.001,-0.00536392234059993,-0.00660733119003543));
#9370=CARTESIAN_POINT('',(0.001,-0.00539747504685537,-0.00656319673474319));
#9371=CARTESIAN_POINT('',(0.001,-0.00543666674527457,-0.00651131948148518));
#9372=CARTESIAN_POINT('',(0.001,-0.00549922450226394,-0.00639998671208622));
#9373=CARTESIAN_POINT('',(0.001,-0.00552229842520316,-0.00627279176190992));
#9374=CARTESIAN_POINT('',(0.001,-0.0055265293372235,-0.00620970424935549));
#9375=CARTESIAN_POINT('',(0.001,-0.00553003561942849,-0.00615293667070636));
#9376=CARTESIAN_POINT('',(0.00099995,-0.00553003544375354,-0.00615293666701617));
#9377=CARTESIAN_POINT('',(0.001,-0.00553003561942849,-0.00615293667070636));
#9378=CARTESIAN_POINT('',(0.001,-0.00552586083775409,-0.00609271177309531));
#9379=CARTESIAN_POINT('',(0.001,-0.00552059036216565,-0.00602216428410568));
#9380=CARTESIAN_POINT('',(0.001,-0.00549418016491929,-0.00588549211708294));
#9381=CARTESIAN_POINT('',(0.001,-0.00542361189244281,-0.00576494990207739));
#9382=CARTESIAN_POINT('',(0.001,-0.00538138262963309,-0.00571093881583161));
#9383=CARTESIAN_POINT('',(0.001,-0.0053432680459601,-0.00566250697128543));
#9384=CARTESIAN_POINT('',(0.00099995,-0.00534326790489709,-0.00566250710927702));
#9385=CARTESIAN_POINT('',(0.001,-0.0053432680459601,-0.00566250697128543));
#9386=CARTESIAN_POINT('',(0.001,-0.00529664881206286,-0.00562514202545218));
#9387=CARTESIAN_POINT('',(0.001,-0.0052418295799374,-0.00558153028288143));
#9388=CARTESIAN_POINT('',(0.001,-0.00512380140395304,-0.00551108854233038));
#9389=CARTESIAN_POINT('',(0.001,-0.00498751681442106,-0.00548407723667499));
#9390=CARTESIAN_POINT('',(0.001,-0.00491963442872183,-0.00547883040602232));
#9391=CARTESIAN_POINT('',(0.001,-0.00485855148762649,-0.00547442110884383));
#9392=CARTESIAN_POINT('',(0.00099995,-0.00485855147594447,-0.0054744212706809));
#9393=CARTESIAN_POINT('',(0.001,-0.00485855119097058,-0.00547442108742961));
#9394=CARTESIAN_POINT('',(0.001,-0.00471831443635845,-0.00547747285534676));
#9395=CARTESIAN_POINT('',(0.001,-0.00468270696826718,-0.00548172699298952));
#9396=CARTESIAN_POINT('',(0.001,-0.00454741855381877,-0.00552100295875501));
#9397=CARTESIAN_POINT('',(0.00099995,-0.00454741862251042,-0.00552100319536719));
#9398=CARTESIAN_POINT('',(0.001,-0.00454741837251011,-0.00552100319536718));
#9399=CARTESIAN_POINT('',(0.001,-0.00454741837251011,-0.0056121162986047));
#9400=CARTESIAN_POINT('',(0.001,-0.00454741837251011,-0.00570322940184221));
#9401=CARTESIAN_POINT('',(0.001,-0.00454741837251011,-0.00579434250507973));
#9402=CARTESIAN_POINT('',(0.00099995,-0.00454741862251067,-0.00579434250507973));
#9403=CARTESIAN_POINT('',(0.001,-0.00454741873391554,-0.00579434272888536));
#9404=CARTESIAN_POINT('',(0.001,-0.00460723785352884,-0.00576456602538853));
#9405=CARTESIAN_POINT('',(0.001,-0.00468526357732178,-0.0057299244784435));
#9406=CARTESIAN_POINT('',(0.001,-0.00476739325478666,-0.00572248189207825));
#9407=CARTESIAN_POINT('',(0.001,-0.00483569958972756,-0.00571875699214706));
#9408=CARTESIAN_POINT('',(0.00099995,-0.00483569968533857,-0.00571875717256125));
#9409=CARTESIAN_POINT('',(0.001,-0.00483569969756787,-0.00571875699977992));
#9410=CARTESIAN_POINT('',(0.001,-0.00490640827707022,-0.00572376170685845));
#9411=CARTESIAN_POINT('',(0.001,-0.00496407746799654,-0.00572611117408735));
#9412=CARTESIAN_POINT('',(0.001,-0.00506375547397274,-0.00578239408997098));
#9413=CARTESIAN_POINT('',(0.001,-0.00509410388360477,-0.00580760988239014));
#9414=CARTESIAN_POINT('',(0.001,-0.00512222310322348,-0.00583037808887729));
#9415=CARTESIAN_POINT('',(0.00099995,-0.00512222295619105,-0.00583037822507312));
#9416=CARTESIAN_POINT('',(0.001,-0.00512222310322348,-0.00583037808887729));
#9417=CARTESIAN_POINT('',(0.001,-0.0051665627660854,-0.00588917221913241));
#9418=CARTESIAN_POINT('',(0.001,-0.00520319802928514,-0.00593623253253123));
#9419=CARTESIAN_POINT('',(0.001,-0.00522700495008275,-0.00605388564365939));
#9420=CARTESIAN_POINT('',(0.001,-0.00522901562843227,-0.00609499790380826));
#9421=CARTESIAN_POINT('',(0.001,-0.00523120747673336,-0.00613272175543079));
#9422=CARTESIAN_POINT('',(0.00099995,-0.00523120730491784,-0.00613272175054213));
#9423=CARTESIAN_POINT('',(0.001,-0.00523120747673336,-0.00613272175543079));
#9424=CARTESIAN_POINT('',(0.001,-0.005227158103051,-0.00620349174044279));
#9425=CARTESIAN_POINT('',(0.001,-0.00522561151131599,-0.00626116675727542));
#9426=CARTESIAN_POINT('',(0.001,-0.00517350448616159,-0.00636346783538682));
#9427=CARTESIAN_POINT('',(0.001,-0.00514977151414207,-0.00639493876360584));
#9428=CARTESIAN_POINT('',(0.001,-0.00512837545740429,-0.0064240792428709));
#9429=CARTESIAN_POINT('',(0.001,-0.00903236938254144,-0.00311234534950096));
#9430=CARTESIAN_POINT('',(0.001,-0.00903236938254144,-0.002992586465106));
#9431=CARTESIAN_POINT('',(0.001,-0.00903236938254144,-0.00287282758071103));
#9432=CARTESIAN_POINT('',(0.001,-0.00903236938254144,-0.00275306869631607));
#9433=CARTESIAN_POINT('',(0.00099995,-0.00903236969504144,-0.00311234534950096));
#9434=CARTESIAN_POINT('',(0.00099995,-0.00903236907004144,-0.00275306869631607));
#9435=CARTESIAN_POINT('',(0.001,-0.00903236907004144,-0.00275306838381607));
#9436=CARTESIAN_POINT('',(0.001,-0.00899872667839474,-0.00275306838381607));
#9437=CARTESIAN_POINT('',(0.001,-0.00896508428674803,-0.00275306838381607));
#9438=CARTESIAN_POINT('',(0.001,-0.00893144189510133,-0.00275306838381607));
#9439=CARTESIAN_POINT('',(0.00099995,-0.00893144189510133,-0.00275306869631607));
#9440=CARTESIAN_POINT('',(0.001,-0.00893144158260133,-0.00275306869631607));
#9441=CARTESIAN_POINT('',(0.001,-0.00893144158260133,-0.00290900923921743));
#9442=CARTESIAN_POINT('',(0.001,-0.00893144158260133,-0.00306494978211878));
#9443=CARTESIAN_POINT('',(0.001,-0.00893144158260133,-0.00322089032502014));
#9444=CARTESIAN_POINT('',(0.00099995,-0.00893144189510133,-0.00322089032502014));
#9445=CARTESIAN_POINT('',(0.001,-0.00893144189510133,-0.00322089063752014));
#9446=CARTESIAN_POINT('',(0.001,-0.00923739871106412,-0.00322089063752014));
#9447=CARTESIAN_POINT('',(0.001,-0.00954335552702692,-0.00322089063752014));
#9448=CARTESIAN_POINT('',(0.001,-0.00984931234298971,-0.00322089063752014));
#9449=CARTESIAN_POINT('',(0.00099995,-0.00984931234298971,-0.00322089032502014));
#9450=CARTESIAN_POINT('',(0.001,-0.00984931265548971,-0.00322089032502014));
#9451=CARTESIAN_POINT('',(0.001,-0.00984931265548971,-0.00318470887484708));
#9452=CARTESIAN_POINT('',(0.001,-0.00984931265548971,-0.00314852742467402));
#9453=CARTESIAN_POINT('',(0.001,-0.00984931265548971,-0.00311234597450096));
#9454=CARTESIAN_POINT('',(0.00099995,-0.00984931234298971,-0.00311234597450096));
#9455=CARTESIAN_POINT('',(0.001,-0.00984931234298971,-0.00311234566200096));
#9456=CARTESIAN_POINT('',(0.001,-0.00957699812700695,-0.00311234566200096));
#9457=CARTESIAN_POINT('',(0.001,-0.0093046839110242,-0.00311234566200096));
#9458=CARTESIAN_POINT('',(0.001,-0.00903236969504144,-0.00311234566200096));
#9459=CARTESIAN_POINT('',(0.001,-0.00935546500221994,-0.000661515307138747));
#9460=CARTESIAN_POINT('',(0.001,-0.00935546500221994,-0.000539217314546889));
#9461=CARTESIAN_POINT('',(0.001,-0.00935546500221994,-0.000416919321955032));
#9462=CARTESIAN_POINT('',(0.001,-0.00935546500221994,-0.000294621329363174));
#9463=CARTESIAN_POINT('',(0.00099995,-0.00935546468971994,-0.000661515307138747));
#9464=CARTESIAN_POINT('',(0.00099995,-0.00935546468971994,-0.000294621329363174));
#9465=CARTESIAN_POINT('',(0.001,-0.00935546468971994,-0.000294621016863174));
#9466=CARTESIAN_POINT('',(0.001,-0.00932414980978118,-0.000294621016863174));
#9467=CARTESIAN_POINT('',(0.001,-0.00929283492984242,-0.000294621016863174));
#9468=CARTESIAN_POINT('',(0.001,-0.00926152004990366,-0.000294621016863174));
#9469=CARTESIAN_POINT('',(0.00099995,-0.00926152004990366,-0.000294621329363174));
#9470=CARTESIAN_POINT('',(0.001,-0.00926151973740366,-0.000294621329363174));
#9471=CARTESIAN_POINT('',(0.001,-0.00926151973740366,-0.000416919321955032));
#9472=CARTESIAN_POINT('',(0.001,-0.00926151973740366,-0.00053921731454689));
#9473=CARTESIAN_POINT('',(0.001,-0.00926151973740366,-0.000661515307138747));
#9474=CARTESIAN_POINT('',(0.00099995,-0.00926152004990366,-0.000661515307138747));
#9475=CARTESIAN_POINT('',(0.001,-0.00926152004990366,-0.000661515619638747));
#9476=CARTESIAN_POINT('',(0.001,-0.00929283492984242,-0.000661515619638747));
#9477=CARTESIAN_POINT('',(0.001,-0.00932414980978118,-0.000661515619638747));
#9478=CARTESIAN_POINT('',(0.001,-0.00935546468971994,-0.000661515619638747));
#9479=CARTESIAN_POINT('',(0.001,-0.00935546500221994,0.0019169023516671));
#9480=CARTESIAN_POINT('',(0.001,-0.00935546500221994,0.00203920034425896));
#9481=CARTESIAN_POINT('',(0.001,-0.00935546500221994,0.00216149833685082));
#9482=CARTESIAN_POINT('',(0.001,-0.00935546500221994,0.00228379632944267));
#9483=CARTESIAN_POINT('',(0.00099995,-0.00935546468971994,0.0019169023516671));
#9484=CARTESIAN_POINT('',(0.00099995,-0.00935546468971994,0.00228379632944267));
#9485=CARTESIAN_POINT('',(0.001,-0.00935546468971994,0.00228379664194267));
#9486=CARTESIAN_POINT('',(0.001,-0.00932414980978118,0.00228379664194267));
#9487=CARTESIAN_POINT('',(0.001,-0.00929283492984241,0.00228379664194267));
#9488=CARTESIAN_POINT('',(0.001,-0.00926152004990365,0.00228379664194267));
#9489=CARTESIAN_POINT('',(0.00099995,-0.00926152004990365,0.00228379632944267));
#9490=CARTESIAN_POINT('',(0.001,-0.00926151973740365,0.00228379632944267));
#9491=CARTESIAN_POINT('',(0.001,-0.00926151973740365,0.00216149833685082));
#9492=CARTESIAN_POINT('',(0.001,-0.00926151973740365,0.00203920034425896));
#9493=CARTESIAN_POINT('',(0.001,-0.00926151973740365,0.0019169023516671));
#9494=CARTESIAN_POINT('',(0.00099995,-0.00926152004990365,0.0019169023516671));
#9495=CARTESIAN_POINT('',(0.001,-0.00926152004990365,0.0019169020391671));
#9496=CARTESIAN_POINT('',(0.001,-0.00929283492984241,0.0019169020391671));
#9497=CARTESIAN_POINT('',(0.001,-0.00932414980978118,0.0019169020391671));
#9498=CARTESIAN_POINT('',(0.001,-0.00935546468971994,0.0019169020391671));
#9499=CARTESIAN_POINT('',(0.001,0.00537745000846159,0.00768034263666311));
#9500=CARTESIAN_POINT('',(0.001,0.0054139969632331,0.00764003712550922));
#9501=CARTESIAN_POINT('',(0.001,0.00541940579491791,0.00762814883817198));
#9502=CARTESIAN_POINT('',(0.001,0.00542430045134794,0.00757272540743986));
#9503=CARTESIAN_POINT('',(0.00099995,0.00537744989895388,0.00768034247824699));
#9504=CARTESIAN_POINT('',(0.00099995,0.00542430027241245,0.00757272541134357));
#9505=CARTESIAN_POINT('',(0.001,0.00542430045134794,0.00757272540743986));
#9506=CARTESIAN_POINT('',(0.001,0.00541953872862165,0.00751776026300444));
#9507=CARTESIAN_POINT('',(0.001,0.00541480751816896,0.00750533631012406));
#9508=CARTESIAN_POINT('',(0.001,0.00537745000846159,0.00746325276013055));
#9509=CARTESIAN_POINT('',(0.00099995,0.00537744989581317,0.00746325291593372));
#9510=CARTESIAN_POINT('',(0.001,0.00537745000846159,0.00746325276013055));
#9511=CARTESIAN_POINT('',(0.001,0.00532952101546214,0.00742886353607879));
#9512=CARTESIAN_POINT('',(0.001,0.00531583223421052,0.00742422775585969));
#9513=CARTESIAN_POINT('',(0.001,0.00525545360572111,0.00742057695205846));
#9514=CARTESIAN_POINT('',(0.00099995,0.00525545360411544,0.00742057712272733));
#9515=CARTESIAN_POINT('',(0.001,0.00525545360572111,0.00742057695205846));
#9516=CARTESIAN_POINT('',(0.001,0.0051962859798338,0.00742448537732937));
#9517=CARTESIAN_POINT('',(0.001,0.00518238413088697,0.00742872350293055));
#9518=CARTESIAN_POINT('',(0.001,0.00513391973502409,0.00746464430506864));
#9519=CARTESIAN_POINT('',(0.00099995,0.00513391985102284,0.00746464445308779));
#9520=CARTESIAN_POINT('',(0.001,0.00513391973502409,0.00746464430506864));
#9521=CARTESIAN_POINT('',(0.001,0.00509762181792934,0.00750538604682));
#9522=CARTESIAN_POINT('',(0.001,0.00509199174291734,0.00751726166603088));
#9523=CARTESIAN_POINT('',(0.001,0.00508660556800138,0.00757272540743986));
#9524=CARTESIAN_POINT('',(0.00099995,0.00508660574963192,0.00757272541201824));
#9525=CARTESIAN_POINT('',(0.001,0.00508660556800138,0.00757272540743986));
#9526=CARTESIAN_POINT('',(0.001,0.00509148572109178,0.00762708821756321));
#9527=CARTESIAN_POINT('',(0.001,0.00509629080719024,0.00763929399207231));
#9528=CARTESIAN_POINT('',(0.001,0.00513391973502409,0.00768034263666311));
#9529=CARTESIAN_POINT('',(0.00099995,0.00513391984010488,0.00768034247561184));
#9530=CARTESIAN_POINT('',(0.001,0.00513391973502409,0.00768034263666311));
#9531=CARTESIAN_POINT('',(0.001,0.00518191318564756,0.00771390668727122));
#9532=CARTESIAN_POINT('',(0.001,0.00519553207210974,0.0077184614473943));
#9533=CARTESIAN_POINT('',(0.001,0.00525545360572111,0.00772209062393346));
#9534=CARTESIAN_POINT('',(0.00099995,0.00525545360515073,0.00772209045459445));
#9535=CARTESIAN_POINT('',(0.001,0.00525545360572111,0.00772209062393346));
#9536=CARTESIAN_POINT('',(0.001,0.00531434754584111,0.00771865493701658));
#9537=CARTESIAN_POINT('',(0.001,0.0053283730615621,0.0077147345850849));
#9538=CARTESIAN_POINT('',(0.001,0.00537745000846159,0.00768034263666311));
#9539=CARTESIAN_POINT('',(0.001,0.00193416425565957,0.00709401457704657));
#9540=CARTESIAN_POINT('',(0.001,0.00195091711079468,0.00712959980575608));
#9541=CARTESIAN_POINT('',(0.001,0.00197082987170968,0.00717103729053233));
#9542=CARTESIAN_POINT('',(0.001,0.00202143653205752,0.00724113647228025));
#9543=CARTESIAN_POINT('',(0.001,0.00210138632071308,0.00727297883421523));
#9544=CARTESIAN_POINT('',(0.001,0.00214519221126987,0.00728044080072181));
#9545=CARTESIAN_POINT('',(0.001,0.00218465177312264,0.00728698314335453));
#9546=CARTESIAN_POINT('',(0.00099995,0.00193416396454906,0.00709401471409604));
#9547=CARTESIAN_POINT('',(0.00099995,0.00218465180008239,0.00728698298074597));
#9548=CARTESIAN_POINT('',(0.001,0.00218465210921537,0.00728698319907823));
#9549=CARTESIAN_POINT('',(0.001,0.00221703738845287,0.0072865583229832));
#9550=CARTESIAN_POINT('',(0.001,0.00222567324922712,0.00728570648983644));
#9551=CARTESIAN_POINT('',(0.001,0.00225701551666032,0.00727585045781877));
#9552=CARTESIAN_POINT('',(0.00099995,0.00225701543017249,0.00727585018278838));
#9553=CARTESIAN_POINT('',(0.001,0.00225701572425138,0.00727585018278838));
#9554=CARTESIAN_POINT('',(0.001,0.00225701572425138,0.0071858602027988));
#9555=CARTESIAN_POINT('',(0.001,0.00225701572425138,0.00709587022280922));
#9556=CARTESIAN_POINT('',(0.001,0.00225701572425138,0.00700588024281963));
#9557=CARTESIAN_POINT('',(0.00099995,0.00225701538630623,0.00700588024281963));
#9558=CARTESIAN_POINT('',(0.001,0.00225701524872651,0.0070058799341477));
#9559=CARTESIAN_POINT('',(0.001,0.00220530661966852,0.00702892754049329));
#9560=CARTESIAN_POINT('',(0.001,0.00219151708260794,0.00703208430543774));
#9561=CARTESIAN_POINT('',(0.001,0.00213362695700895,0.00703463955934683));
#9562=CARTESIAN_POINT('',(0.00099995,0.00213362671874278,0.0070346393744934));
#9563=CARTESIAN_POINT('',(0.001,0.00213362670438835,0.00703463953703674));
#9564=CARTESIAN_POINT('',(0.001,0.00205741897129817,0.0070279092740565));
#9565=CARTESIAN_POINT('',(0.001,0.00204006519926861,0.00702150997378493));
#9566=CARTESIAN_POINT('',(0.001,0.00198426129348051,0.00696459545906225));
#9567=CARTESIAN_POINT('',(0.00099995,0.00198426149804893,0.0069645953908704));
#9568=CARTESIAN_POINT('',(0.001,0.00198426129348051,0.00696459545906225));
#9569=CARTESIAN_POINT('',(0.001,0.00193920425614866,0.0068872137208677));
#9570=CARTESIAN_POINT('',(0.001,0.00193389223676983,0.00686528867938039));
#9571=CARTESIAN_POINT('',(0.001,0.00193045340923978,0.00677395167540497));
#9572=CARTESIAN_POINT('',(0.00099995,0.00193045353801612,0.00677395167055969));
#9573=CARTESIAN_POINT('',(0.001,0.00193045320040953,0.00677394612844625));
#9574=CARTESIAN_POINT('',(0.001,0.00193045320040953,0.00662272552352746));
#9575=CARTESIAN_POINT('',(0.001,0.00193045320040953,0.00647150491860866));
#9576=CARTESIAN_POINT('',(0.001,0.00193045320040953,0.00632028431368986));
#9577=CARTESIAN_POINT('',(0.00099995,0.00193045288790953,0.00632028431368986));
#9578=CARTESIAN_POINT('',(0.001,0.00193045288790953,0.00632028400118986));
#9579=CARTESIAN_POINT('',(0.001,0.00183273167849791,0.00632028400118986));
#9580=CARTESIAN_POINT('',(0.001,0.00173501046908628,0.00632028400118986));
#9581=CARTESIAN_POINT('',(0.001,0.00163728925967466,0.00632028400118986));
#9582=CARTESIAN_POINT('',(0.00099995,0.00163728925967466,0.00632028431368986));
#9583=CARTESIAN_POINT('',(0.001,0.00163728894717466,0.00632028431368986));
#9584=CARTESIAN_POINT('',(0.001,0.00163728894717466,0.00663695076804955));
#9585=CARTESIAN_POINT('',(0.001,0.00163728894717466,0.00695361722240924));
#9586=CARTESIAN_POINT('',(0.001,0.00163728894717466,0.00727028367676893));
#9587=CARTESIAN_POINT('',(0.00099995,0.00163728925967466,0.00727028367676893));
#9588=CARTESIAN_POINT('',(0.001,0.00163728925967466,0.00727028398926893));
#9589=CARTESIAN_POINT('',(0.001,0.00173501046908628,0.00727028398926893));
#9590=CARTESIAN_POINT('',(0.001,0.00183273167849791,0.00727028398926893));
#9591=CARTESIAN_POINT('',(0.001,0.00193045288790953,0.00727028398926893));
#9592=CARTESIAN_POINT('',(0.00099995,0.00193045288790953,0.00727028367676893));
#9593=CARTESIAN_POINT('',(0.001,0.00193045320040953,0.00727028367676893));
#9594=CARTESIAN_POINT('',(0.001,0.00193045320040953,0.00721152736475149));
#9595=CARTESIAN_POINT('',(0.001,0.00193045320040953,0.00715277105273405));
#9596=CARTESIAN_POINT('',(0.001,0.00193045320040953,0.00709401474071661));
#9597=CARTESIAN_POINT('',(0.00099995,0.00193045363790953,0.00709401474071661));
#9598=CARTESIAN_POINT('',(0.001,0.00193045357540953,0.00709401442821661));
#9599=CARTESIAN_POINT('',(0.001,0.00193169039259626,0.00709401442821661));
#9600=CARTESIAN_POINT('',(0.001,0.00193292720978299,0.00709401442821661));
#9601=CARTESIAN_POINT('',(0.001,0.00193416402696972,0.00709401442821661));
#9602=CARTESIAN_POINT('',(0.001,-0.00151515243523348,0.00682218833978811));
#9603=CARTESIAN_POINT('',(0.001,-0.00151727729595515,0.00677685996944083));
#9604=CARTESIAN_POINT('',(0.001,-0.00152004178476852,0.00672374047312918));
#9605=CARTESIAN_POINT('',(0.001,-0.00153561891743233,0.00661941601676172));
#9606=CARTESIAN_POINT('',(0.001,-0.00158039981780387,0.00652366164857124));
#9607=CARTESIAN_POINT('',(0.001,-0.00160780970099195,0.00648003864311518));
#9608=CARTESIAN_POINT('',(0.001,-0.00163251070254076,0.00644088938053289));
#9609=CARTESIAN_POINT('',(0.00099995,-0.00151515260182165,0.00682218833146731));
#9610=CARTESIAN_POINT('',(0.00099995,-0.00163251088094927,0.00644088947559556));
#9611=CARTESIAN_POINT('',(0.001,-0.00163251070254076,0.00644088938053289));
#9612=CARTESIAN_POINT('',(0.001,-0.0016611101267362,0.00641285997000379));
#9613=CARTESIAN_POINT('',(0.001,-0.00169477779279375,0.00638016970156963));
#9614=CARTESIAN_POINT('',(0.001,-0.001768823732196,0.00632668410266578));
#9615=CARTESIAN_POINT('',(0.001,-0.00185848494858886,0.00630525370108367));
#9616=CARTESIAN_POINT('',(0.001,-0.00190385388117909,0.00630084534402236));
#9617=CARTESIAN_POINT('',(0.001,-0.00194469330780733,0.00629709064181486));
#9618=CARTESIAN_POINT('',(0.00099995,-0.00194469332432896,0.00629709082485604));
#9619=CARTESIAN_POINT('',(0.001,-0.00194469330780733,0.00629709064181486));
#9620=CARTESIAN_POINT('',(0.001,-0.00201389893587432,0.00630372657417906));
#9621=CARTESIAN_POINT('',(0.001,-0.00210006918109048,0.00631799532443848));
#9622=CARTESIAN_POINT('',(0.001,-0.00215968820765664,0.00637713553364016));
#9623=CARTESIAN_POINT('',(0.001,-0.00220631448500383,0.00643068446930089));
#9624=CARTESIAN_POINT('',(0.00099995,-0.00220631465571536,0.00643068421930012));
#9625=CARTESIAN_POINT('',(0.001,-0.00220631459881152,0.00643068446930089));
#9626=CARTESIAN_POINT('',(0.001,-0.00220755143093686,0.00643068446930089));
#9627=CARTESIAN_POINT('',(0.001,-0.00220878826306221,0.00643068446930089));
#9628=CARTESIAN_POINT('',(0.001,-0.00221002509518755,0.00643068446930089));
#9629=CARTESIAN_POINT('',(0.00099995,-0.00221002503268755,0.00643068421930089));
#9630=CARTESIAN_POINT('',(0.001,-0.00221002547018755,0.00643068421930089));
#9631=CARTESIAN_POINT('',(0.001,-0.00221002547018755,0.00624822994895012));
#9632=CARTESIAN_POINT('',(0.001,-0.00221002547018755,0.00606577567859934));
#9633=CARTESIAN_POINT('',(0.001,-0.00221002547018755,0.00588332140824857));
#9634=CARTESIAN_POINT('',(0.00099995,-0.00221002572018755,0.00588332140824857));
#9635=CARTESIAN_POINT('',(0.001,-0.00221002572018755,0.00588332115824857));
#9636=CARTESIAN_POINT('',(0.001,-0.00230774687192476,0.00588332115824857));
#9637=CARTESIAN_POINT('',(0.001,-0.00240546802366198,0.00588332115824857));
#9638=CARTESIAN_POINT('',(0.001,-0.00250318917539919,0.00588332115824857));
#9639=CARTESIAN_POINT('',(0.00099995,-0.00250318917539919,0.00588332140824857));
#9640=CARTESIAN_POINT('',(0.001,-0.00250318942539919,0.00588332140824857));
#9641=CARTESIAN_POINT('',(0.001,-0.00250318942539919,0.00634564218525536));
#9642=CARTESIAN_POINT('',(0.001,-0.00250318942539919,0.00680796296226215));
#9643=CARTESIAN_POINT('',(0.001,-0.00250318942539919,0.00727028373926893));
#9644=CARTESIAN_POINT('',(0.00099995,-0.00250318917539919,0.00727028373926893));
#9645=CARTESIAN_POINT('',(0.001,-0.00250318917539919,0.00727028398926893));
#9646=CARTESIAN_POINT('',(0.001,-0.00240546802366198,0.00727028398926893));
#9647=CARTESIAN_POINT('',(0.001,-0.00230774687192476,0.00727028398926893));
#9648=CARTESIAN_POINT('',(0.001,-0.00221002572018755,0.00727028398926893));
#9649=CARTESIAN_POINT('',(0.00099995,-0.00221002572018755,0.00727028373926893));
#9650=CARTESIAN_POINT('',(0.001,-0.00221002547018755,0.00727028373926893));
#9651=CARTESIAN_POINT('',(0.001,-0.00221002547018755,0.00722266019212436));
#9652=CARTESIAN_POINT('',(0.001,-0.00221002547018755,0.00717503664497979));
#9653=CARTESIAN_POINT('',(0.001,-0.00221002547018755,0.00712741309783521));
#9654=CARTESIAN_POINT('',(0.00099995,-0.00221002503268755,0.00712741309783521));
#9655=CARTESIAN_POINT('',(0.001,-0.00221002509518755,0.00712741284783521));
#9656=CARTESIAN_POINT('',(0.001,-0.00220878826452856,0.00712741284783521));
#9657=CARTESIAN_POINT('',(0.001,-0.00220755143386957,0.00712741284783521));
#9658=CARTESIAN_POINT('',(0.001,-0.00220631460321059,0.00712741284783521));
#9659=CARTESIAN_POINT('',(0.00099995,-0.00220631466231396,0.00712741309783584));
#9660=CARTESIAN_POINT('',(0.001,-0.00220631448500383,0.00712741284783521));
#9661=CARTESIAN_POINT('',(0.001,-0.00218017763173242,0.00715924624331587));
#9662=CARTESIAN_POINT('',(0.001,-0.00214935673816524,0.00719635142513589));
#9663=CARTESIAN_POINT('',(0.001,-0.00207950202731293,0.00725771425363131));
#9664=CARTESIAN_POINT('',(0.001,-0.00198944118155717,0.00728325934517771));
#9665=CARTESIAN_POINT('',(0.001,-0.00194295244636863,0.00728875180058641));
#9666=CARTESIAN_POINT('',(0.001,-0.00190108982794512,0.00729347734864393));
#9667=CARTESIAN_POINT('',(0.00099995,-0.00190108984448537,0.00729347716530888));
#9668=CARTESIAN_POINT('',(0.001,-0.00190108982794512,0.00729347734864393));
#9669=CARTESIAN_POINT('',(0.001,-0.00182832326210801,0.00728787112291331));
#9670=CARTESIAN_POINT('',(0.001,-0.00176878679344488,0.00728528513890373));
#9671=CARTESIAN_POINT('',(0.001,-0.00167136347610492,0.00722139702531942));
#9672=CARTESIAN_POINT('',(0.001,-0.00164256182007403,0.0071927257763102));
#9673=CARTESIAN_POINT('',(0.001,-0.00161581156723726,0.00716684161837736));
#9674=CARTESIAN_POINT('',(0.00099995,-0.00161581175126469,0.00716684152268726));
#9675=CARTESIAN_POINT('',(0.001,-0.00161581156723726,0.00716684161837736));
#9676=CARTESIAN_POINT('',(0.001,-0.0015948077433816,0.00713204533001986));
#9677=CARTESIAN_POINT('',(0.001,-0.0015702334563375,0.00709117709911013));
#9678=CARTESIAN_POINT('',(0.001,-0.00153196166637224,0.00700492778367731));
#9679=CARTESIAN_POINT('',(0.001,-0.0015188978948221,0.00691022356898737));
#9680=CARTESIAN_POINT('',(0.001,-0.00151681590592071,0.00686387550841033));
#9681=CARTESIAN_POINT('',(0.001,-0.00151515243523348,0.00682218833978811));
#9682=CARTESIAN_POINT('',(0.001,-0.00879999958868407,0.0101000005251286));
#9683=CARTESIAN_POINT('',(0.001,-0.00873304576664834,0.0103342478423639));
#9684=CARTESIAN_POINT('',(0.001,-0.00851877907270657,0.0105952272637201));
#9685=CARTESIAN_POINT('',(0.001,-0.00812151566275139,0.0107373641714372));
#9686=CARTESIAN_POINT('',(0.001,-0.00774579054072553,0.0107656084707862));
#9687=CARTESIAN_POINT('',(0.001,-0.00750131403476942,0.0107539324858607));
#9688=CARTESIAN_POINT('',(0.001,-0.0072168973008722,0.0107244783905114));
#9689=CARTESIAN_POINT('',(0.001,-0.00681610250510268,0.0106469211465029));
#9690=CARTESIAN_POINT('',(0.001,-0.00659057045628368,0.0105630004875375));
#9691=CARTESIAN_POINT('',(0.001,-0.00649999993789561,0.0104999998231679));
#9692=CARTESIAN_POINT('',(0.00099995,-0.00879999982905865,0.0101000005938341));
#9693=CARTESIAN_POINT('',(0.00099995,-0.00650000008065422,0.0104999996179363));
#9694=CARTESIAN_POINT('',(0.001,-0.00649999985201068,0.0104999996222567));
#9695=CARTESIAN_POINT('',(0.001,-0.00649757255465738,0.0103715403007291));
#9696=CARTESIAN_POINT('',(0.001,-0.00649546281526232,0.0102063271511596));
#9697=CARTESIAN_POINT('',(0.001,-0.00649668612747992,0.0100246427398118));
#9698=CARTESIAN_POINT('',(0.001,-0.00649767399106618,0.00994038308007131));
#9699=CARTESIAN_POINT('',(0.001,-0.00650652331253865,0.00977731205017598));
#9700=CARTESIAN_POINT('',(0.001,-0.00652257635430543,0.00963687326896472));
#9701=CARTESIAN_POINT('',(0.001,-0.00658123262602506,0.0094159658384393));
#9702=CARTESIAN_POINT('',(0.001,-0.00669172736054304,0.00922214590283298));
#9703=CARTESIAN_POINT('',(0.001,-0.00694455294375987,0.00893666871960186));
#9704=CARTESIAN_POINT('',(0.001,-0.00710246370919328,0.00883742661962292));
#9705=CARTESIAN_POINT('',(0.001,-0.00719999911008001,0.00880000008303303));
#9706=CARTESIAN_POINT('',(0.00099995,-0.00719999902051671,0.00879999984962435));
#9707=CARTESIAN_POINT('',(0.001,-0.00719999908325172,0.00879999960748419));
#9708=CARTESIAN_POINT('',(0.001,-0.00709083136804192,0.00877171579957611));
#9709=CARTESIAN_POINT('',(0.001,-0.00687874257346638,0.00863054063982218));
#9710=CARTESIAN_POINT('',(0.001,-0.00666717645515331,0.00821139656920997));
#9711=CARTESIAN_POINT('',(0.001,-0.00667292357483728,0.00788570763547656));
#9712=CARTESIAN_POINT('',(0.001,-0.00649308221500827,0.00763804831043761));
#9713=CARTESIAN_POINT('',(0.001,-0.00632841458711683,0.00745987875810744));
#9714=CARTESIAN_POINT('',(0.001,-0.0062426354235309,0.00729674769330669));
#9715=CARTESIAN_POINT('',(0.001,-0.00621786007905764,0.0071934530960341));
#9716=CARTESIAN_POINT('',(0.001,-0.00620295141830273,0.00706699595766736));
#9717=CARTESIAN_POINT('',(0.001,-0.00619981531633228,0.00699826224766604));
#9718=CARTESIAN_POINT('',(0.001,-0.00619349863098159,0.00686183981708785));
#9719=CARTESIAN_POINT('',(0.001,-0.00619103859068877,0.00674322986072294));
#9720=CARTESIAN_POINT('',(0.001,-0.00619258827078222,0.00664137882718376));
#9721=CARTESIAN_POINT('',(0.001,-0.00621169808852703,0.00650903885304353));
#9722=CARTESIAN_POINT('',(0.001,-0.00627876116910604,0.00642211422478837));
#9723=CARTESIAN_POINT('',(0.001,-0.00631775594884965,0.00638092527274398));
#9724=CARTESIAN_POINT('',(0.001,-0.00640408448280169,0.00629470460676964));
#9725=CARTESIAN_POINT('',(0.001,-0.0064701682937029,0.00622987484333533));
#9726=CARTESIAN_POINT('',(0.001,-0.00649999974010261,0.0061999999761971));
#9727=CARTESIAN_POINT('',(0.00099995,-0.00649999956319743,0.00619999979954886));
#9728=CARTESIAN_POINT('',(0.001,-0.00649999979590249,0.00619999970947725));
#9729=CARTESIAN_POINT('',(0.001,-0.00644889133775264,0.00606795814222596));
#9730=CARTESIAN_POINT('',(0.001,-0.0064764079798161,0.00575400799603878));
#9731=CARTESIAN_POINT('',(0.001,-0.00669781585751364,0.00538124545143826));
#9732=CARTESIAN_POINT('',(0.001,-0.00682722563118973,0.00525039110822106));
#9733=CARTESIAN_POINT('',(0.001,-0.00692528939202465,0.00518199450146783));
#9734=CARTESIAN_POINT('',(0.001,-0.00700310350308447,0.00513383186977979));
#9735=CARTESIAN_POINT('',(0.001,-0.0071107871849601,0.00506416515290333));
#9736=CARTESIAN_POINT('',(0.001,-0.00718246767343843,0.00501387428973493));
#9737=CARTESIAN_POINT('',(0.001,-0.00727440219655847,0.00494333816221711));
#9738=CARTESIAN_POINT('',(0.001,-0.0073827502739624,0.00485849576292246));
#9739=CARTESIAN_POINT('',(0.001,-0.00750683739366991,0.00479210528668156));
#9740=CARTESIAN_POINT('',(0.001,-0.00759473676401541,0.00476770659552962));
#9741=CARTESIAN_POINT('',(0.001,-0.00768658360422329,0.00474244257268787));
#9742=CARTESIAN_POINT('',(0.001,-0.00773271127182912,0.00473029566859166));
#9743=CARTESIAN_POINT('',(0.001,-0.00786862599569122,0.00466693664015623));
#9744=CARTESIAN_POINT('',(0.001,-0.00794199695160288,0.00460203219212698));
#9745=CARTESIAN_POINT('',(0.001,-0.00804350280488499,0.00451673080419176));
#9746=CARTESIAN_POINT('',(0.001,-0.00807734779826563,0.00448774545103945));
#9747=CARTESIAN_POINT('',(0.001,-0.00822456541831112,0.00438003943233765));
#9748=CARTESIAN_POINT('',(0.001,-0.00834676335033474,0.00431210291886943));
#9749=CARTESIAN_POINT('',(0.001,-0.00854502893658279,0.00422950020387767));
#9750=CARTESIAN_POINT('',(0.001,-0.00878848958786227,0.00417085930749187));
#9751=CARTESIAN_POINT('',(0.001,-0.0091105254054776,0.00417546054538665));
#9752=CARTESIAN_POINT('',(0.001,-0.00931350580160462,0.00428630188359125));
#9753=CARTESIAN_POINT('',(0.001,-0.00942552457288997,0.00440607319000685));
#9754=CARTESIAN_POINT('',(0.001,-0.00945038464038246,0.00443691219068849));
#9755=CARTESIAN_POINT('',(0.001,-0.00951597110025758,0.00452033066862812));
#9756=CARTESIAN_POINT('',(0.001,-0.00955709205818465,0.00457193865956129));
#9757=CARTESIAN_POINT('',(0.001,-0.00966142171206475,0.00467036017750388));
#9758=CARTESIAN_POINT('',(0.001,-0.00987144213213014,0.00478880069342457));
#9759=CARTESIAN_POINT('',(0.001,-0.010212550439749,0.00495709710551571));
#9760=CARTESIAN_POINT('',(0.001,-0.0105515025117022,0.00517351719965723));
#9761=CARTESIAN_POINT('',(0.001,-0.0107901943957565,0.0053610165668185));
#9762=CARTESIAN_POINT('',(0.001,-0.0111341804836234,0.00579926039268531));
#9763=CARTESIAN_POINT('',(0.001,-0.010960429061422,0.00612855839086044));
#9764=CARTESIAN_POINT('',(0.001,-0.0110216941927787,0.00625586465308048));
#9765=CARTESIAN_POINT('',(0.001,-0.0110584954106637,0.00628574104881959));
#9766=CARTESIAN_POINT('',(0.001,-0.0111426113643109,0.00634926053756608));
#9767=CARTESIAN_POINT('',(0.001,-0.0111686442374739,0.00636934637771318));
#9768=CARTESIAN_POINT('',(0.001,-0.011358803245112,0.00655349702380357));
#9769=CARTESIAN_POINT('',(0.001,-0.0114420809930747,0.00695073522302825));
#9770=CARTESIAN_POINT('',(0.001,-0.0113454126002668,0.00727696727832513));
#9771=CARTESIAN_POINT('',(0.001,-0.0112724484656634,0.00740475158093343));
#9772=CARTESIAN_POINT('',(0.001,-0.0111554993288726,0.00756004861746477));
#9773=CARTESIAN_POINT('',(0.001,-0.0110406504713957,0.00767805191563335));
#9774=CARTESIAN_POINT('',(0.001,-0.0108854008718713,0.00782472048466816));
#9775=CARTESIAN_POINT('',(0.001,-0.0107999998746484,0.00789999972112798));
#9776=CARTESIAN_POINT('',(0.00099995,-0.010800000057342,0.00789999992838576));
#9777=CARTESIAN_POINT('',(0.001,-0.0107999998202567,0.00790000000770638));
#9778=CARTESIAN_POINT('',(0.001,-0.0109219216336323,0.0082644179096175));
#9779=CARTESIAN_POINT('',(0.001,-0.0108013289008719,0.00856117794411878));
#9780=CARTESIAN_POINT('',(0.001,-0.0104000016894417,0.00889999817850846));
#9781=CARTESIAN_POINT('',(0.00099995,-0.0104000018507187,0.0088999983695332));
#9782=CARTESIAN_POINT('',(0.001,-0.0104000006389844,0.00890000033761121));
#9783=CARTESIAN_POINT('',(0.001,-0.0105667990968713,0.00900269719986734));
#9784=CARTESIAN_POINT('',(0.001,-0.0108642684999205,0.00929171063802541));
#9785=CARTESIAN_POINT('',(0.001,-0.0111878237920272,0.00997077091143816));
#9786=CARTESIAN_POINT('',(0.001,-0.0111542397643749,0.0104338887112916));
#9787=CARTESIAN_POINT('',(0.001,-0.0108909357422455,0.0105924899242798));
#9788=CARTESIAN_POINT('',(0.001,-0.0107421153584806,0.010644262438777));
#9789=CARTESIAN_POINT('',(0.001,-0.0105240214692512,0.0106989443480867));
#9790=CARTESIAN_POINT('',(0.001,-0.0102851069878779,0.0107387607224755));
#9791=CARTESIAN_POINT('',(0.001,-0.00988844595531482,0.0107885231210373));
#9792=CARTESIAN_POINT('',(0.001,-0.00943664955846051,0.0107366748011858));
#9793=CARTESIAN_POINT('',(0.001,-0.00899872960938338,0.0104511584480563));
#9794=CARTESIAN_POINT('',(0.001,-0.00884381328133177,0.0102233095293105));
#9795=CARTESIAN_POINT('',(0.001,-0.0088000000647573,0.0101000005100875));
#9796=CARTESIAN_POINT('',(0.001,-0.00280609456770647,0.00636899008567968));
#9797=CARTESIAN_POINT('',(0.001,-0.00286450062957039,0.00633694506073038));
#9798=CARTESIAN_POINT('',(0.001,-0.00288011455379645,0.00633084223457346));
#9799=CARTESIAN_POINT('',(0.001,-0.00294618227385071,0.00631425384859076));
#9800=CARTESIAN_POINT('',(0.00099995,-0.00280609459327445,0.00636899028658011));
#9801=CARTESIAN_POINT('',(0.00099995,-0.00294618231567587,0.00631425401517157));
#9802=CARTESIAN_POINT('',(0.001,-0.0029461824702524,0.00631425379927793));
#9803=CARTESIAN_POINT('',(0.001,-0.00301796238733673,0.00630088070065905));
#9804=CARTESIAN_POINT('',(0.001,-0.00303627674719973,0.00629889502153853));
#9805=CARTESIAN_POINT('',(0.001,-0.00311085550062883,0.00629709064181486));
#9806=CARTESIAN_POINT('',(0.00099995,-0.00311085570934873,0.00629709081914383));
#9807=CARTESIAN_POINT('',(0.001,-0.00311085571537088,0.00629709064943517));
#9808=CARTESIAN_POINT('',(0.001,-0.00324197871073685,0.00630174366917495));
#9809=CARTESIAN_POINT('',(0.001,-0.00327444950897465,0.00630666363373641));
#9810=CARTESIAN_POINT('',(0.001,-0.00340123600686902,0.00634533278908239));
#9811=CARTESIAN_POINT('',(0.00099995,-0.0034012359224083,0.00634533306600755));
#9812=CARTESIAN_POINT('',(0.001,-0.00340123621695269,0.00634533306600755));
#9813=CARTESIAN_POINT('',(0.001,-0.00340123621695269,0.00642449943720752));
#9814=CARTESIAN_POINT('',(0.001,-0.00340123621695269,0.00650366580840748));
#9815=CARTESIAN_POINT('',(0.001,-0.00340123621695269,0.00658283217960744));
#9816=CARTESIAN_POINT('',(0.00099995,-0.00340123587025479,0.00658283217960744));
#9817=CARTESIAN_POINT('',(0.001,-0.00340123569884205,0.00658283248096606));
#9818=CARTESIAN_POINT('',(0.001,-0.00334050098289985,0.00654828619875523));
#9819=CARTESIAN_POINT('',(0.001,-0.00332446138608508,0.00654077230620376));
#9820=CARTESIAN_POINT('',(0.001,-0.00325697345607508,0.00651789142902532));
#9821=CARTESIAN_POINT('',(0.00099995,-0.00325697335993408,0.00651789158727734));
#9822=CARTESIAN_POINT('',(0.001,-0.00325697345607508,0.00651789142902532));
#9823=CARTESIAN_POINT('',(0.001,-0.00319820826204203,0.00650211620533078));
#9824=CARTESIAN_POINT('',(0.001,-0.00318299159939776,0.00649942018028586));
#9825=CARTESIAN_POINT('',(0.001,-0.00312106041186083,0.00649655356224218));
#9826=CARTESIAN_POINT('',(0.00099995,-0.00312106025777024,0.00649655373019561));
#9827=CARTESIAN_POINT('',(0.001,-0.00312106025492107,0.00649655356494825));
#9828=CARTESIAN_POINT('',(0.001,-0.00306545088027095,0.00649751242345016));
#9829=CARTESIAN_POINT('',(0.001,-0.00305095545924046,0.00649925637419591));
#9830=CARTESIAN_POINT('',(0.001,-0.00299813566677797,0.00651789142902532));
#9831=CARTESIAN_POINT('',(0.00099995,-0.00299813560075427,0.00651789166564562));
#9832=CARTESIAN_POINT('',(0.001,-0.0029981355143372,0.00651789151863424));
#9833=CARTESIAN_POINT('',(0.001,-0.00296511150608033,0.00653730395944318));
#9834=CARTESIAN_POINT('',(0.001,-0.00295926171159409,0.0065441036945659));
#9835=CARTESIAN_POINT('',(0.001,-0.00295314041846025,0.00658283277567068));
#9836=CARTESIAN_POINT('',(0.00099995,-0.00295314060993862,0.00658283273541337));
#9837=CARTESIAN_POINT('',(0.001,-0.00295314041846025,0.00658283277567068));
#9838=CARTESIAN_POINT('',(0.001,-0.00295533145961137,0.00660595706558325));
#9839=CARTESIAN_POINT('',(0.001,-0.00295732469887789,0.00661127574697675));
#9840=CARTESIAN_POINT('',(0.001,-0.0029735504165495,0.00662921935906396));
#9841=CARTESIAN_POINT('',(0.00099995,-0.00297355054576328,0.0066292192422202));
#9842=CARTESIAN_POINT('',(0.001,-0.00297355053894747,0.00662921949442068));
#9843=CARTESIAN_POINT('',(0.001,-0.00299453750546971,0.00664616176849677));
#9844=CARTESIAN_POINT('',(0.001,-0.00300041766176939,0.00664981688079952));
#9845=CARTESIAN_POINT('',(0.001,-0.00302596686714879,0.00666168990293715));
#9846=CARTESIAN_POINT('',(0.00099995,-0.00302596693271684,0.00666168976183892));
#9847=CARTESIAN_POINT('',(0.001,-0.00302596775763262,0.00666169031675496));
#9848=CARTESIAN_POINT('',(0.001,-0.00304862345142446,0.0066710255162481));
#9849=CARTESIAN_POINT('',(0.001,-0.00307191695029219,0.00667935841558554));
#9850=CARTESIAN_POINT('',(0.001,-0.00309584825423582,0.00668668901476728));
#9851=CARTESIAN_POINT('',(0.000999950002625415,-0.00309584827088408,0.00668668896041769));
#9852=CARTESIAN_POINT('',(0.001,-0.00309601155989397,0.00668673901971021));
#9853=CARTESIAN_POINT('',(0.001,-0.00312081896128549,0.00669428382820567));
#9854=CARTESIAN_POINT('',(0.001,-0.00314524931572173,0.00670263344552796));
#9855=CARTESIAN_POINT('',(0.001,-0.00316930262320269,0.00671178787167707));
#9856=CARTESIAN_POINT('',(0.00099995,-0.00316930412139546,0.00671178861174285));
#9857=CARTESIAN_POINT('',(0.001,-0.00316930417318749,0.00671178847970589));
#9858=CARTESIAN_POINT('',(0.001,-0.00321431806933659,0.00672944657053918));
#9859=CARTESIAN_POINT('',(0.001,-0.00322561792100132,0.00673448881480025));
#9860=CARTESIAN_POINT('',(0.001,-0.00326903400891054,0.0067577107172791));
#9861=CARTESIAN_POINT('',(0.00099995,-0.00326903420169855,0.00675771103581354));
#9862=CARTESIAN_POINT('',(0.001,-0.00326903429099689,0.00675771088980997));
#9863=CARTESIAN_POINT('',(0.001,-0.00330366753608652,0.0067788934310299));
#9864=CARTESIAN_POINT('',(0.001,-0.00331195529308959,0.00678510752181964));
#9865=CARTESIAN_POINT('',(0.001,-0.00334139732592333,0.00681476636942068));
#9866=CARTESIAN_POINT('',(0.00099995,-0.00334139722321472,0.00681476653255548));
#9867=CARTESIAN_POINT('',(0.001,-0.00334139732592333,0.00681476636942068));
#9868=CARTESIAN_POINT('',(0.001,-0.00336573071579834,0.00684474331870823));
#9869=CARTESIAN_POINT('',(0.001,-0.00337081671866152,0.00685304575780025));
#9870=CARTESIAN_POINT('',(0.001,-0.00338592855208147,0.00688991292532125));
#9871=CARTESIAN_POINT('',(0.00099995,-0.00338592836239631,0.00688991295072526));
#9872=CARTESIAN_POINT('',(0.001,-0.00338592855208147,0.00688991292532125));
#9873=CARTESIAN_POINT('',(0.001,-0.00339847044022833,0.00693333439248239));
#9874=CARTESIAN_POINT('',(0.001,-0.00340008177167559,0.00694471980160127));
#9875=CARTESIAN_POINT('',(0.001,-0.00340123621695269,0.006991035930473));
#9876=CARTESIAN_POINT('',(0.00099995,-0.00340123604767379,0.00699103608596409));
#9877=CARTESIAN_POINT('',(0.001,-0.0034012362093872,0.00699103609346988));
#9878=CARTESIAN_POINT('',(0.001,-0.00339828552318584,0.00705460791021774));
#9879=CARTESIAN_POINT('',(0.001,-0.00339498774104271,0.00707021532520791));
#9880=CARTESIAN_POINT('',(0.001,-0.00336644617789019,0.00712834059413114));
#9881=CARTESIAN_POINT('',(0.00099995,-0.0033664460329368,0.00712834046900566));
#9882=CARTESIAN_POINT('',(0.001,-0.00336644617789019,0.00712834059413114));
#9883=CARTESIAN_POINT('',(0.001,-0.00333300006709399,0.00717695885098725));
#9884=CARTESIAN_POINT('',(0.001,-0.00332280876315202,0.00718756717690822));
#9885=CARTESIAN_POINT('',(0.001,-0.00327367274039019,0.00722250565107503));
#9886=CARTESIAN_POINT('',(0.00099995,-0.00327367271399634,0.00722250545031872));
#9887=CARTESIAN_POINT('',(0.001,-0.00327367274039019,0.00722250565107503));
#9888=CARTESIAN_POINT('',(0.001,-0.00321843258670499,0.0072536531472935));
#9889=CARTESIAN_POINT('',(0.001,-0.00320366337254635,0.00725966883807007));
#9890=CARTESIAN_POINT('',(0.001,-0.00314100697340587,0.00727631422180096));
#9891=CARTESIAN_POINT('',(0.00099995,-0.00314100692893963,0.00727631405442096));
#9892=CARTESIAN_POINT('',(0.001,-0.00314100680821169,0.00727631426568666));
#9893=CARTESIAN_POINT('',(0.001,-0.00307334284022126,0.00728969257436012));
#9894=CARTESIAN_POINT('',(0.001,-0.00305606093523469,0.00729167679300744));
#9895=CARTESIAN_POINT('',(0.001,-0.00298561148842062,0.00729347734231511));
#9896=CARTESIAN_POINT('',(0.00099995,-0.00298561148395799,0.00729347716769574));
#9897=CARTESIAN_POINT('',(0.001,-0.00298561124079454,0.00729347734864393));
#9898=CARTESIAN_POINT('',(0.001,-0.00292908954062972,0.00729235296530941));
#9899=CARTESIAN_POINT('',(0.001,-0.00291484122700049,0.00729131585660305));
#9900=CARTESIAN_POINT('',(0.001,-0.00285758374207247,0.00728373616154829));
#9901=CARTESIAN_POINT('',(0.00099995,-0.00285758383628886,0.00728373599458357));
#9902=CARTESIAN_POINT('',(0.001,-0.00285758374207247,0.00728373616154829));
#9903=CARTESIAN_POINT('',(0.001,-0.0028006596037241,0.00727419648528514));
#9904=CARTESIAN_POINT('',(0.001,-0.00278639542689444,0.00727110856225216));
#9905=CARTESIAN_POINT('',(0.001,-0.00272955675926448,0.0072554403321156));
#9906=CARTESIAN_POINT('',(0.00099995,-0.00272955683737044,0.0072554400487766));
#9907=CARTESIAN_POINT('',(0.001,-0.00272955654137362,0.0072554400487766));
#9908=CARTESIAN_POINT('',(0.001,-0.00272955654137362,0.00717998458415781));
#9909=CARTESIAN_POINT('',(0.001,-0.00272955654137362,0.00710452911953901));
#9910=CARTESIAN_POINT('',(0.001,-0.00272955654137362,0.00702907365492022));
#9911=CARTESIAN_POINT('',(0.00099995,-0.00272955688437768,0.00702907365492022));
#9912=CARTESIAN_POINT('',(0.001,-0.00272955704657012,0.00702907335268639));
#9913=CARTESIAN_POINT('',(0.001,-0.00277971426347866,0.00705599035397971));
#9914=CARTESIAN_POINT('',(0.001,-0.00279293864878809,0.00706151227479996));
#9915=CARTESIAN_POINT('',(0.001,-0.00284877030127275,0.00707777901704946));
#9916=CARTESIAN_POINT('',(0.00099995,-0.00284877029793555,0.00707777883237065));
#9917=CARTESIAN_POINT('',(0.001,-0.00284877030127275,0.00707777901704946));
#9918=CARTESIAN_POINT('',(0.001,-0.00290296326084956,0.0070900549518));
#9919=CARTESIAN_POINT('',(0.001,-0.00291686595508801,0.00709203503623714));
#9920=CARTESIAN_POINT('',(0.001,-0.00297355025885922,0.00709401441843611));
#9921=CARTESIAN_POINT('',(0.00099995,-0.00297355026479141,0.00709401424853995));
#9922=CARTESIAN_POINT('',(0.001,-0.00297355053894747,0.0070940144282166));
#9923=CARTESIAN_POINT('',(0.001,-0.00299192117924703,0.00709364007155665));
#9924=CARTESIAN_POINT('',(0.001,-0.00301001208300603,0.00709193925301798));
#9925=CARTESIAN_POINT('',(0.001,-0.00302782325022448,0.00708891197260061));
#9926=CARTESIAN_POINT('',(0.00099995,-0.00302782349647807,0.00708891174664746));
#9927=CARTESIAN_POINT('',(0.001,-0.0030278235329354,0.00708891190918679));
#9928=CARTESIAN_POINT('',(0.001,-0.00304792636830422,0.00708440271287388));
#9929=CARTESIAN_POINT('',(0.001,-0.00305310126371075,0.00708286560037754));
#9930=CARTESIAN_POINT('',(0.001,-0.00307281820051897,0.00707406818087736));
#9931=CARTESIAN_POINT('',(0.00099995,-0.00307281832896327,0.00707406791709024));
#9932=CARTESIAN_POINT('',(0.001,-0.00307281841067583,0.00707406806392435));
#9933=CARTESIAN_POINT('',(0.001,-0.00308802374714284,0.00706560623371489));
#9934=CARTESIAN_POINT('',(0.001,-0.00309164503059534,0.00706294220015213));
#9935=CARTESIAN_POINT('',(0.001,-0.0031034335302614,0.0070490193289105));
#9936=CARTESIAN_POINT('',(0.00099995,-0.00310343340112606,0.00704901919548999));
#9937=CARTESIAN_POINT('',(0.001,-0.0031034335302614,0.0070490193289105));
#9938=CARTESIAN_POINT('',(0.001,-0.0031114276511539,0.00703596766005386));
#9939=CARTESIAN_POINT('',(0.001,-0.00311330201922079,0.0070319609607652));
#9940=CARTESIAN_POINT('',(0.001,-0.00311456618778933,0.007014229289848));
#9941=CARTESIAN_POINT('',(0.00099995,-0.00311456600898614,0.00701422925130934));
#9942=CARTESIAN_POINT('',(0.001,-0.00311456618778933,0.007014229289848));
#9943=CARTESIAN_POINT('',(0.001,-0.00311285985485161,0.00699288163894136));
#9944=CARTESIAN_POINT('',(0.001,-0.00311130733676891,0.00698774787450088));
#9945=CARTESIAN_POINT('',(0.001,-0.00309786712558238,0.00696969816185581));
#9946=CARTESIAN_POINT('',(0.00099995,-0.0030978669828713,0.00696969826812192));
#9947=CARTESIAN_POINT('',(0.001,-0.00309786705248583,0.00696969806368986));
#9948=CARTESIAN_POINT('',(0.001,-0.0030809219918471,0.00695307957787017));
#9949=CARTESIAN_POINT('',(0.001,-0.00307606065009715,0.00694946713560359));
#9950=CARTESIAN_POINT('',(0.001,-0.00305426424355647,0.00693769147697905));
#9951=CARTESIAN_POINT('',(0.00099995,-0.00305426416854451,0.00693769161582664));
#9952=CARTESIAN_POINT('',(0.001,-0.00305426357262361,0.00693769111450353));
#9953=CARTESIAN_POINT('',(0.001,-0.00303500554213687,0.00692862323352338));
#9954=CARTESIAN_POINT('',(0.001,-0.00301505924512708,0.00692058291463694));
#9955=CARTESIAN_POINT('',(0.001,-0.00299442468159426,0.00691357015784421));
#9956=CARTESIAN_POINT('',(0.000999949994585673,-0.00299442464054446,0.00691357040465059));
#9957=CARTESIAN_POINT('',(0.001,-0.00299442468159426,0.00691357015784421));
#9958=CARTESIAN_POINT('',(0.001,-0.00297262289199262,0.00690630291120051));
#9959=CARTESIAN_POINT('',(0.001,-0.00295082110239097,0.00689903566455681));
#9960=CARTESIAN_POINT('',(0.001,-0.00292901931278933,0.00689176841791311));
#9961=CARTESIAN_POINT('',(0.00099995,-0.00292901939128523,0.00689176818047392));
#9962=CARTESIAN_POINT('',(0.001,-0.00292901931278933,0.00689176841791311));
#9963=CARTESIAN_POINT('',(0.001,-0.00288154224294955,0.00687451570850593));
#9964=CARTESIAN_POINT('',(0.001,-0.00286962745480753,0.00686962440016134));
#9965=CARTESIAN_POINT('',(0.001,-0.00282325772516954,0.00684723719175496));
#9966=CARTESIAN_POINT('',(0.00099995,-0.00282325742964505,0.00684723683726569));
#9967=CARTESIAN_POINT('',(0.001,-0.002823257348431,0.00684723698589879));
#9968=CARTESIAN_POINT('',(0.001,-0.00278484541997148,0.00682624806348952));
#9969=CARTESIAN_POINT('',(0.001,-0.00277564146576556,0.00682007227953905));
#9970=CARTESIAN_POINT('',(0.001,-0.00274208096735704,0.00679064526374975));
#9971=CARTESIAN_POINT('',(0.00099995,-0.00274208102630064,0.00679064506460561));
#9972=CARTESIAN_POINT('',(0.001,-0.00274208089565651,0.00679064518757287));
#9973=CARTESIAN_POINT('',(0.001,-0.00271413053361832,0.00676094984876746));
#9974=CARTESIAN_POINT('',(0.001,-0.00270817688681147,0.0067525751590248));
#9975=CARTESIAN_POINT('',(0.001,-0.00269012777083147,0.00671457111056486));
#9976=CARTESIAN_POINT('',(0.00099995,-0.0026901279524174,0.00671457105689135));
#9977=CARTESIAN_POINT('',(0.001,-0.00269012777083147,0.00671457111056486));
#9978=CARTESIAN_POINT('',(0.001,-0.0026753319185177,0.00667024427715814));
#9979=CARTESIAN_POINT('',(0.001,-0.00267342117154591,0.00665854913029622));
#9980=CARTESIAN_POINT('',(0.001,-0.00267203686707247,0.00661066486652532));
#9981=CARTESIAN_POINT('',(0.00099995,-0.00267203703493128,0.00661066475726056));
#9982=CARTESIAN_POINT('',(0.001,-0.00267203687236554,0.00661066474988356));
#9983=CARTESIAN_POINT('',(0.001,-0.00267506990287487,0.00654382692557545));
#9984=CARTESIAN_POINT('',(0.001,-0.00267851721277682,0.00652739623700884));
#9985=CARTESIAN_POINT('',(0.001,-0.00270868239872683,0.00646640210564771));
#9986=CARTESIAN_POINT('',(0.00099995,-0.00270868254390587,0.00646640223102671));
#9987=CARTESIAN_POINT('',(0.001,-0.00270868239872683,0.00646640210564771));
#9988=CARTESIAN_POINT('',(0.001,-0.00274384313474668,0.00641592286259226));
#9989=CARTESIAN_POINT('',(0.001,-0.00275454220598942,0.00640494233361039));
#9990=CARTESIAN_POINT('',(0.001,-0.00280609456770647,0.00636899008567968));
#9991=CARTESIAN_POINT('',(0.001,0.00117806085204931,0.00709401456176441));
#9992=CARTESIAN_POINT('',(0.001,0.00119481370875135,0.00712959979445863));
#9993=CARTESIAN_POINT('',(0.001,0.00121472646995431,0.00717103728136539));
#9994=CARTESIAN_POINT('',(0.001,0.00126533313193068,0.00724113646994741));
#9995=CARTESIAN_POINT('',(0.001,0.00134528292034425,0.00727297883336076));
#9996=CARTESIAN_POINT('',(0.001,0.00138908881344198,0.00728044080048767));
#9997=CARTESIAN_POINT('',(0.001,0.00142854837670693,0.00728698314335453));
#9998=CARTESIAN_POINT('',(0.00099995,0.00117806054470813,0.00709401470645495));
#9999=CARTESIAN_POINT('',(0.00099995,0.00142854840366668,0.00728698298074597));
#10000=CARTESIAN_POINT('',(0.001,0.00142854871279966,0.00728698319907823));
#10001=CARTESIAN_POINT('',(0.001,0.00146093399203716,0.0072865583229832));
#10002=CARTESIAN_POINT('',(0.001,0.00146956985281141,0.00728570648983644));
#10003=CARTESIAN_POINT('',(0.001,0.00150091212024461,0.00727585045781877));
#10004=CARTESIAN_POINT('',(0.00099995,0.00150091203375678,0.00727585018278838));
#10005=CARTESIAN_POINT('',(0.001,0.00150091232783567,0.00727585018278838));
#10006=CARTESIAN_POINT('',(0.001,0.00150091232783567,0.00718586020279795));
#10007=CARTESIAN_POINT('',(0.001,0.00150091232783567,0.00709587022280752));
#10008=CARTESIAN_POINT('',(0.001,0.00150091232783567,0.00700588024281709));
#10009=CARTESIAN_POINT('',(0.00099995,0.00150091198989074,0.00700588024281708));
#10010=CARTESIAN_POINT('',(0.001,0.0015009118523123,0.00700587993414482));
#10011=CARTESIAN_POINT('',(0.001,0.00144920313296701,0.00702892734050154));
#10012=CARTESIAN_POINT('',(0.001,0.00143541363729985,0.00703208415701823));
#10013=CARTESIAN_POINT('',(0.001,0.00137752356059324,0.00703463955934683));
#10014=CARTESIAN_POINT('',(0.00099995,0.00137752332232141,0.0070346393744932));
#10015=CARTESIAN_POINT('',(0.001,0.00137752330796719,0.00703463953703657));
#10016=CARTESIAN_POINT('',(0.001,0.00130131571697709,0.00702790938094119));
#10017=CARTESIAN_POINT('',(0.001,0.00128396198232619,0.00702151013363925));
#10018=CARTESIAN_POINT('',(0.001,0.00122815849311125,0.00696459545906225));
#10019=CARTESIAN_POINT('',(0.00099995,0.00122815869768265,0.0069645953908758));
#10020=CARTESIAN_POINT('',(0.001,0.00122815849311125,0.00696459545906225));
#10021=CARTESIAN_POINT('',(0.001,0.00118310149159635,0.00688721357685804));
#10022=CARTESIAN_POINT('',(0.001,0.00117778942468725,0.00686528852692544));
#10023=CARTESIAN_POINT('',(0.001,0.00117434999934956,0.00677395131658472));
#10024=CARTESIAN_POINT('',(0.00099995,0.00117435012139875,0.00677395131200998));
#10025=CARTESIAN_POINT('',(0.001,0.00117434980399382,0.00677394612844625));
#10026=CARTESIAN_POINT('',(0.001,0.00117434980399382,0.00662272552352746));
#10027=CARTESIAN_POINT('',(0.001,0.00117434980399382,0.00647150491860866));
#10028=CARTESIAN_POINT('',(0.001,0.00117434980399382,0.00632028431368986));
#10029=CARTESIAN_POINT('',(0.00099995,0.00117434949149382,0.00632028431368986));
#10030=CARTESIAN_POINT('',(0.001,0.00117434949149382,0.00632028400118986));
#10031=CARTESIAN_POINT('',(0.001,0.0010766282820822,0.00632028400118986));
#10032=CARTESIAN_POINT('',(0.001,0.000978907072670576,0.00632028400118986));
#10033=CARTESIAN_POINT('',(0.001,0.000881185863258953,0.00632028400118986));
#10034=CARTESIAN_POINT('',(0.00099995,0.000881185863258953,0.00632028431368986));
#10035=CARTESIAN_POINT('',(0.001,0.000881185550758953,0.00632028431368986));
#10036=CARTESIAN_POINT('',(0.001,0.000881185550758953,0.00663695076804955));
#10037=CARTESIAN_POINT('',(0.001,0.000881185550758953,0.00695361722240924));
#10038=CARTESIAN_POINT('',(0.001,0.000881185550758953,0.00727028367676893));
#10039=CARTESIAN_POINT('',(0.00099995,0.000881185863258953,0.00727028367676893));
#10040=CARTESIAN_POINT('',(0.001,0.000881185863258953,0.00727028398926893));
#10041=CARTESIAN_POINT('',(0.001,0.000978907072670576,0.00727028398926893));
#10042=CARTESIAN_POINT('',(0.001,0.0010766282820822,0.00727028398926893));
#10043=CARTESIAN_POINT('',(0.001,0.00117434949149382,0.00727028398926893));
#10044=CARTESIAN_POINT('',(0.00099995,0.00117434949149382,0.00727028367676893));
#10045=CARTESIAN_POINT('',(0.001,0.00117434980399382,0.00727028367676893));
#10046=CARTESIAN_POINT('',(0.001,0.00117434980399382,0.00721152736475149));
#10047=CARTESIAN_POINT('',(0.001,0.00117434980399382,0.00715277105273405));
#10048=CARTESIAN_POINT('',(0.001,0.00117434980399382,0.0070940147407166));
#10049=CARTESIAN_POINT('',(0.00099995,0.00117435025711882,0.0070940147407166));
#10050=CARTESIAN_POINT('',(0.001,0.00117435017899382,0.0070940144282166));
#10051=CARTESIAN_POINT('',(0.001,0.00117558699618055,0.0070940144282166));
#10052=CARTESIAN_POINT('',(0.001,0.00117682381336728,0.0070940144282166));
#10053=CARTESIAN_POINT('',(0.001,0.00117806063055401,0.0070940144282166));
#10054=CARTESIAN_POINT('',(0.001,0.00510701539046537,0.00632028431368986));
#10055=CARTESIAN_POINT('',(0.001,0.00510701539046537,0.00663695076804955));
#10056=CARTESIAN_POINT('',(0.001,0.00510701539046537,0.00695361722240924));
#10057=CARTESIAN_POINT('',(0.001,0.00510701539046537,0.00727028367676893));
#10058=CARTESIAN_POINT('',(0.00099995,0.00510701570296537,0.00632028431368986));
#10059=CARTESIAN_POINT('',(0.00099995,0.00510701570296537,0.00727028367676893));
#10060=CARTESIAN_POINT('',(0.001,0.00510701570296537,0.00727028398926893));
#10061=CARTESIAN_POINT('',(0.001,0.00520473691237699,0.00727028398926893));
#10062=CARTESIAN_POINT('',(0.001,0.00530245812178862,0.00727028398926893));
#10063=CARTESIAN_POINT('',(0.001,0.00540017933120024,0.00727028398926893));
#10064=CARTESIAN_POINT('',(0.00099995,0.00540017933120024,0.00727028367676893));
#10065=CARTESIAN_POINT('',(0.001,0.00540017964370024,0.00727028367676893));
#10066=CARTESIAN_POINT('',(0.001,0.00540017964370024,0.00695361722240924));
#10067=CARTESIAN_POINT('',(0.001,0.00540017964370024,0.00663695076804955));
#10068=CARTESIAN_POINT('',(0.001,0.00540017964370024,0.00632028431368986));
#10069=CARTESIAN_POINT('',(0.00099995,0.00540017933120024,0.00632028431368986));
#10070=CARTESIAN_POINT('',(0.001,0.00540017933120024,0.00632028400118986));
#10071=CARTESIAN_POINT('',(0.001,0.00530245812178862,0.00632028400118986));
#10072=CARTESIAN_POINT('',(0.001,0.00520473691237699,0.00632028400118986));
#10073=CARTESIAN_POINT('',(0.001,0.00510701570296537,0.00632028400118986));
#10074=CARTESIAN_POINT('',(0.001,-0.00893591967956331,0.00257023451101463));
#10075=CARTESIAN_POINT('',(0.001,-0.00895410812400232,0.00252653749041191));
#10076=CARTESIAN_POINT('',(0.001,-0.00896007806631087,0.00251627954998087));
#10077=CARTESIAN_POINT('',(0.001,-0.0089910995735338,0.00247923490774315));
#10078=CARTESIAN_POINT('',(0.00099995,-0.00893591986501433,0.0025702345356823));
#10079=CARTESIAN_POINT('',(0.00099995,-0.00899109971443067,0.0024792350264552));
#10080=CARTESIAN_POINT('',(0.001,-0.0089910995735338,0.00247923490774315));
#10081=CARTESIAN_POINT('',(0.001,-0.00902515824878291,0.00244661105666972));
#10082=CARTESIAN_POINT('',(0.001,-0.009034798172369,0.00243982531539797));
#10083=CARTESIAN_POINT('',(0.001,-0.00907825586931016,0.00241899189722221));
#10084=CARTESIAN_POINT('',(0.00099995,-0.00907825592358827,0.00241899207376349));
#10085=CARTESIAN_POINT('',(0.001,-0.00907825586931016,0.00241899189722221));
#10086=CARTESIAN_POINT('',(0.001,-0.00912716472190482,0.00240180107973747));
#10087=CARTESIAN_POINT('',(0.001,-0.0091399574112795,0.00239940809519634));
#10088=CARTESIAN_POINT('',(0.001,-0.00919294507009302,0.00239741978867083));
#10089=CARTESIAN_POINT('',(0.00099995,-0.00919294507654699,0.00239741996066929));
#10090=CARTESIAN_POINT('',(0.001,-0.00919294518963602,0.00239741978418511));
#10091=CARTESIAN_POINT('',(0.001,-0.00922603540470543,0.00239864873571586));
#10092=CARTESIAN_POINT('',(0.001,-0.00923435190358822,0.00239977396452296));
#10093=CARTESIAN_POINT('',(0.001,-0.00926739623383787,0.00240844902765434));
#10094=CARTESIAN_POINT('',(0.00099995,-0.00926739619527519,0.00240844920488323));
#10095=CARTESIAN_POINT('',(0.001,-0.00926739623383787,0.00240844902765434));
#10096=CARTESIAN_POINT('',(0.001,-0.00929936223260166,0.00241947248485409));
#10097=CARTESIAN_POINT('',(0.001,-0.00930712121777598,0.00242309112783941));
#10098=CARTESIAN_POINT('',(0.001,-0.00933659066991117,0.00244176921617668));
#10099=CARTESIAN_POINT('',(0.00099995,-0.00933659054610628,0.00244176935127691));
#10100=CARTESIAN_POINT('',(0.001,-0.00933659066991117,0.00244176921617668));
#10101=CARTESIAN_POINT('',(0.001,-0.00936496825645118,0.00246298399956053));
#10102=CARTESIAN_POINT('',(0.001,-0.00937157120878212,0.00246906232445382));
#10103=CARTESIAN_POINT('',(0.001,-0.00939534118012693,0.00249684986841362));
#10104=CARTESIAN_POINT('',(0.00099995,-0.00939534115963792,0.00249685011801613));
#10105=CARTESIAN_POINT('',(0.001,-0.00939534129207737,0.00249685002057609));
#10106=CARTESIAN_POINT('',(0.001,-0.00941485225187559,0.00252336922612451));
#10107=CARTESIAN_POINT('',(0.001,-0.00941881559446247,0.00253074832066453));
#10108=CARTESIAN_POINT('',(0.001,-0.00942713352339245,0.0025634985031552));
#10109=CARTESIAN_POINT('',(0.00099995,-0.00942713414142211,0.0025634983461849));
#10110=CARTESIAN_POINT('',(0.001,-0.00942713478473479,0.00256349863610474));
#10111=CARTESIAN_POINT('',(0.001,-0.00944941263522882,0.00251406459299992));
#10112=CARTESIAN_POINT('',(0.001,-0.00945766182480098,0.00250356320642161));
#10113=CARTESIAN_POINT('',(0.001,-0.00950137180821207,0.00246939596903008));
#10114=CARTESIAN_POINT('',(0.00099995,-0.00950137189707125,0.00246939612444672));
#10115=CARTESIAN_POINT('',(0.001,-0.00950137180821207,0.00246939596903008));
#10116=CARTESIAN_POINT('',(0.001,-0.0095513632285252,0.00244026009033783));
#10117=CARTESIAN_POINT('',(0.001,-0.00956492669013591,0.00243583308270596));
#10118=CARTESIAN_POINT('',(0.001,-0.00962390127394449,0.00243169723035444));
#10119=CARTESIAN_POINT('',(0.00099995,-0.00962390128608543,0.0024316974034773));
#10120=CARTESIAN_POINT('',(0.001,-0.00962390137450006,0.00243169722330254));
#10121=CARTESIAN_POINT('',(0.001,-0.00966741247326637,0.00243361264958039));
#10122=CARTESIAN_POINT('',(0.001,-0.00967816755716492,0.00243554683816949));
#10123=CARTESIAN_POINT('',(0.001,-0.00971982044712808,0.00245104250681084));
#10124=CARTESIAN_POINT('',(0.00099995,-0.00971982035990867,0.00245104266801089));
#10125=CARTESIAN_POINT('',(0.001,-0.00971982044712808,0.00245104250681084));
#10126=CARTESIAN_POINT('',(0.001,-0.00975676746302723,0.0024694119360427));
#10127=CARTESIAN_POINT('',(0.001,-0.00976541422343464,0.00247521569503398));
#10128=CARTESIAN_POINT('',(0.001,-0.00979616587595251,0.0025046306587426));
#10129=CARTESIAN_POINT('',(0.00099995,-0.00979616573614867,0.00250463077784868));
#10130=CARTESIAN_POINT('',(0.001,-0.00979616587595251,0.0025046306587426));
#10131=CARTESIAN_POINT('',(0.001,-0.00982358086102615,0.00253695706296662));
#10132=CARTESIAN_POINT('',(0.001,-0.00982924110063045,0.00254593787264606));
#10133=CARTESIAN_POINT('',(0.001,-0.00984652062491682,0.00258565780889671));
#10134=CARTESIAN_POINT('',(0.00099995,-0.00984652044991534,0.00258565785760401));
#10135=CARTESIAN_POINT('',(0.001,-0.00984652062491682,0.00258565780889671));
#10136=CARTESIAN_POINT('',(0.001,-0.00986064153130691,0.0026287497119748));
#10137=CARTESIAN_POINT('',(0.001,-0.00986270646497213,0.00263993229069871));
#10138=CARTESIAN_POINT('',(0.001,-0.00986454700664785,0.0026862382627694));
#10139=CARTESIAN_POINT('',(0.00099995,-0.00986454683067398,0.0026862382649482));
#10140=CARTESIAN_POINT('',(0.001,-0.00986454700664785,0.0026862382627694));
#10141=CARTESIAN_POINT('',(0.001,-0.00986272403000646,0.00273197975204693));
#10142=CARTESIAN_POINT('',(0.001,-0.00986088278621491,0.00274334360150569));
#10143=CARTESIAN_POINT('',(0.001,-0.00984612887338903,0.00278766689073723));
#10144=CARTESIAN_POINT('',(0.00099995,-0.00984612870275767,0.00278766682972575));
#10145=CARTESIAN_POINT('',(0.001,-0.00984612887338903,0.00278766689073723));
#10146=CARTESIAN_POINT('',(0.001,-0.00982894847277674,0.002826615930693));
#10147=CARTESIAN_POINT('',(0.001,-0.00982344837351112,0.00283578725703306));
#10148=CARTESIAN_POINT('',(0.001,-0.00979533275203016,0.00286891159784477));
#10149=CARTESIAN_POINT('',(0.00099995,-0.00979533260987833,0.00286891148148438));
#10150=CARTESIAN_POINT('',(0.001,-0.00979533275203016,0.00286891159784477));
#10151=CARTESIAN_POINT('',(0.001,-0.00976545805510144,0.00289744493608286));
#10152=CARTESIAN_POINT('',(0.001,-0.00975702182000966,0.0029035434858788));
#10153=CARTESIAN_POINT('',(0.001,-0.00971874927715566,0.00292231139909905));
#10154=CARTESIAN_POINT('',(0.00099995,-0.00971874920562213,0.00292231123193735));
#10155=CARTESIAN_POINT('',(0.001,-0.00971874927715566,0.00292231139909905));
#10156=CARTESIAN_POINT('',(0.001,-0.00967837000054945,0.00293720002199662));
#10157=CARTESIAN_POINT('',(0.001,-0.00966783363637881,0.00293940897491179));
#10158=CARTESIAN_POINT('',(0.001,-0.00962390147620819,0.00294141408706105));
#10159=CARTESIAN_POINT('',(0.00099995,-0.00962390146822768,0.00294141391220566));
#10160=CARTESIAN_POINT('',(0.001,-0.00962390137450006,0.00294141409170311));
#10161=CARTESIAN_POINT('',(0.001,-0.00959511571871181,0.00294031586347014));
#10162=CARTESIAN_POINT('',(0.001,-0.00958788804171051,0.00293929964219756));
#10163=CARTESIAN_POINT('',(0.001,-0.0095592495574167,0.00293136653673332));
#10164=CARTESIAN_POINT('',(0.00099995,-0.00955924964661112,0.00293136637654961));
#10165=CARTESIAN_POINT('',(0.001,-0.0095592495574167,0.00293136653673332));
#10166=CARTESIAN_POINT('',(0.001,-0.00953240743338743,0.00292181483466506));
#10167=CARTESIAN_POINT('',(0.001,-0.00952584160445229,0.00291878144911849));
#10168=CARTESIAN_POINT('',(0.001,-0.00950084616975095,0.00290333268415611));
#10169=CARTESIAN_POINT('',(0.00099995,-0.00950084629368536,0.00290333254850434));
#10170=CARTESIAN_POINT('',(0.001,-0.00950084616975095,0.00290333268415611));
#10171=CARTESIAN_POINT('',(0.001,-0.00947769686424455,0.00288666232708894));
#10172=CARTESIAN_POINT('',(0.001,-0.0094722223353838,0.00288192988153646));
#10173=CARTESIAN_POINT('',(0.001,-0.00945219738022592,0.00286035713922661));
#10174=CARTESIAN_POINT('',(0.00099995,-0.00945219729548435,0.00286035678594718));
#10175=CARTESIAN_POINT('',(0.001,-0.00945219717344241,0.00286035688535425));
#10176=CARTESIAN_POINT('',(0.001,-0.00943672289447856,0.00284135877888602));
#10177=CARTESIAN_POINT('',(0.001,-0.00943339515842518,0.00283591536538546));
#10178=CARTESIAN_POINT('',(0.001,-0.00942704560547781,0.0028114786945318));
#10179=CARTESIAN_POINT('',(0.00099995,-0.00942704472792552,0.00281147892256124));
#10180=CARTESIAN_POINT('',(0.001,-0.0094270438521926,0.00281147868776833));
#10181=CARTESIAN_POINT('',(0.001,-0.00941863542360764,0.00284284136539695));
#10182=CARTESIAN_POINT('',(0.001,-0.00941502365107517,0.00285017725363699));
#10183=CARTESIAN_POINT('',(0.001,-0.00939485529096446,0.00287703973379919));
#10184=CARTESIAN_POINT('',(0.00099995,-0.00939485515884002,0.00287703963459964));
#10185=CARTESIAN_POINT('',(0.001,-0.00939485517875459,0.00287703988325279));
#10186=CARTESIAN_POINT('',(0.001,-0.00937183763174112,0.00290341136316635));
#10187=CARTESIAN_POINT('',(0.001,-0.0093654003061219,0.0029095546474193));
#10188=CARTESIAN_POINT('',(0.001,-0.0093363377226999,0.00293094036352318));
#10189=CARTESIAN_POINT('',(0.00099995,-0.00933633761417212,0.00293094021735007));
#10190=CARTESIAN_POINT('',(0.001,-0.0093363377226999,0.00293094036352318));
#10191=CARTESIAN_POINT('',(0.001,-0.00930765101548201,0.00294882944280432));
#10192=CARTESIAN_POINT('',(0.001,-0.00929996654462931,0.00295262378672154));
#10193=CARTESIAN_POINT('',(0.001,-0.0092669747544935,0.00296392318975609));
#10194=CARTESIAN_POINT('',(0.00099995,-0.00926697472265336,0.00296392301206279));
#10195=CARTESIAN_POINT('',(0.001,-0.0092669747544935,0.00296392318975609));
#10196=CARTESIAN_POINT('',(0.001,-0.00923513190935128,0.00297234730306688));
#10197=CARTESIAN_POINT('',(0.001,-0.00922688057984454,0.00297373006324215));
#10198=CARTESIAN_POINT('',(0.001,-0.00919294518963602,0.00297505674135368));
#10199=CARTESIAN_POINT('',(0.00099995,-0.00919294508768365,0.00297505656384212));
#10200=CARTESIAN_POINT('',(0.001,-0.00919294508114349,0.00297505673726207));
#10201=CARTESIAN_POINT('',(0.001,-0.009141443345907,0.00297311443535179));
#10202=CARTESIAN_POINT('',(0.001,-0.00912861486020685,0.00297105613916099));
#10203=CARTESIAN_POINT('',(0.001,-0.00907895518080499,0.00295390603315514));
#10204=CARTESIAN_POINT('',(0.00099995,-0.00907895523164273,0.00295390585574814));
#10205=CARTESIAN_POINT('',(0.001,-0.00907895518080499,0.00295390603315514));
#10206=CARTESIAN_POINT('',(0.001,-0.00903627232789224,0.00293381048028356));
#10207=CARTESIAN_POINT('',(0.001,-0.00902639944289207,0.00292732892173751));
#10208=CARTESIAN_POINT('',(0.001,-0.0089914715065172,0.00289416370165032));
#10209=CARTESIAN_POINT('',(0.00099995,-0.00899147164927612,0.0028941635846522));
#10210=CARTESIAN_POINT('',(0.001,-0.0089914715065172,0.00289416370165032));
#10211=CARTESIAN_POINT('',(0.001,-0.00896083176011201,0.00285778148799088));
#10212=CARTESIAN_POINT('',(0.001,-0.00895458633934063,0.0028476527006798));
#10213=CARTESIAN_POINT('',(0.001,-0.00893598911897447,0.00280274269354027));
#10214=CARTESIAN_POINT('',(0.00099995,-0.008935989307646,0.00280274267734558));
#10215=CARTESIAN_POINT('',(0.001,-0.00893598911897447,0.00280274269354027));
#10216=CARTESIAN_POINT('',(0.001,-0.0089207473296926,0.00275241708828481));
#10217=CARTESIAN_POINT('',(0.001,-0.00891861904951547,0.00273935618857181));
#10218=CARTESIAN_POINT('',(0.001,-0.00891684202091005,0.0026856130100457));
#10219=CARTESIAN_POINT('',(0.00099995,-0.00891684219321253,0.00268561301147374));
#10220=CARTESIAN_POINT('',(0.001,-0.00891684202091005,0.0026856130100457));
#10221=CARTESIAN_POINT('',(0.001,-0.00891860429584369,0.00263377591743862));
#10222=CARTESIAN_POINT('',(0.001,-0.00892046457460235,0.00262080787439743));
#10223=CARTESIAN_POINT('',(0.001,-0.00893591967956331,0.00257023451101463));
#10224=CARTESIAN_POINT('',(0.001,-0.00936610518022043,0.000283482827797844));
#10225=CARTESIAN_POINT('',(0.001,-0.00933905330873119,0.000264681105234782));
#10226=CARTESIAN_POINT('',(0.001,-0.0092785088429991,0.000215235594729088));
#10227=CARTESIAN_POINT('',(0.001,-0.00927062487720508,0.000133698022851823));
#10228=CARTESIAN_POINT('',(0.001,-0.00926596304015424,8.54843593804178E-5));
#10229=CARTESIAN_POINT('',(0.001,-0.00936610462246357,0.000283482643110826));
#10230=CARTESIAN_POINT('',(0.00099995,-0.00926596304015424,8.54843593804179E-5));
#10231=CARTESIAN_POINT('',(0.001,-0.00926596304015424,8.54843593804178E-5));
#10232=CARTESIAN_POINT('',(0.001,-0.00926805975139057,3.64821602143736E-5));
#10233=CARTESIAN_POINT('',(0.001,-0.00927020745649284,2.43537821535413E-5));
#10234=CARTESIAN_POINT('',(0.001,-0.00928762448565271,-2.25496553214255E-5));
#10235=CARTESIAN_POINT('',(0.00099995,-0.00928762465166012,-2.25495783758059E-5));
#10236=CARTESIAN_POINT('',(0.001,-0.00928762448565271,-2.25496553214255E-5));
#10237=CARTESIAN_POINT('',(0.001,-0.00930819182934434,-6.37779749037118E-5));
#10238=CARTESIAN_POINT('',(0.001,-0.00931471501424706,-7.3294017612606E-5));
#10239=CARTESIAN_POINT('',(0.001,-0.00934756515161302,-0.000106973674181289));
#10240=CARTESIAN_POINT('',(0.00099995,-0.00934756526478831,-0.000106973527961954));
#10241=CARTESIAN_POINT('',(0.001,-0.00934756515161302,-0.000106973674181289));
#10242=CARTESIAN_POINT('',(0.001,-0.00938395429486257,-0.000136983433207446));
#10243=CARTESIAN_POINT('',(0.001,-0.00939405150422383,-0.00014311669106246));
#10244=CARTESIAN_POINT('',(0.001,-0.00943856475488451,-0.000161623086813277));
#10245=CARTESIAN_POINT('',(0.00099995,-0.00943856478380659,-0.000161622903247339));
#10246=CARTESIAN_POINT('',(0.001,-0.00943856475488451,-0.000161623086813277));
#10247=CARTESIAN_POINT('',(0.001,-0.00948868592296506,-0.000177030619061537));
#10248=CARTESIAN_POINT('',(0.001,-0.0095016983278032,-0.000179188400991244));
#10249=CARTESIAN_POINT('',(0.001,-0.00955528726414945,-0.000180998172643966));
#10250=CARTESIAN_POINT('',(0.00099995,-0.00955528727419766,-0.000180997999968971));
#10251=CARTESIAN_POINT('',(0.001,-0.00955528726414945,-0.000180998172643966));
#10252=CARTESIAN_POINT('',(0.001,-0.00961160184633828,-0.000178976794271546));
#10253=CARTESIAN_POINT('',(0.001,-0.00962565841861849,-0.00017685575081966));
#10254=CARTESIAN_POINT('',(0.001,-0.00968037573234346,-0.000159316983106917));
#10255=CARTESIAN_POINT('',(0.00099995,-0.00968037568602956,-0.000159316805932253));
#10256=CARTESIAN_POINT('',(0.001,-0.00968037573234346,-0.000159316983106917));
#10257=CARTESIAN_POINT('',(0.001,-0.00972730842245486,-0.000139096839110637));
#10258=CARTESIAN_POINT('',(0.001,-0.00973836106441805,-0.000132568409390382));
#10259=CARTESIAN_POINT('',(0.001,-0.00977820401624944,-9.8919894579238E-5));
#10260=CARTESIAN_POINT('',(0.00099995,-0.00977820390067935,-9.8919750461177E-5));
#10261=CARTESIAN_POINT('',(0.001,-0.00977820401624944,-9.8919894579238E-5));
#10262=CARTESIAN_POINT('',(0.001,-0.00981265443389623,-6.27482369430025E-5));
#10263=CARTESIAN_POINT('',(0.001,-0.00981984656761426,-5.25383710235689E-5));
#10264=CARTESIAN_POINT('',(0.001,-0.00984191363291051,-6.51689994651705E-6));
#10265=CARTESIAN_POINT('',(0.00099995,-0.00984191345916975,-6.51684350681889E-6));
#10266=CARTESIAN_POINT('',(0.001,-0.00984191363291051,-6.51689994651705E-6));
#10267=CARTESIAN_POINT('',(0.001,-0.00985964037590603,4.30069575248166E-5));
#10268=CARTESIAN_POINT('',(0.001,-0.00986223388932055,5.59171743561852E-5));
#10269=CARTESIAN_POINT('',(0.001,-0.00986454700664785,0.000109625432607346));
#10270=CARTESIAN_POINT('',(0.00099995,-0.00986454683082719,0.000109625485445683));
#10271=CARTESIAN_POINT('',(0.001,-0.00986454700664785,0.000109625432607346));
#10272=CARTESIAN_POINT('',(0.001,-0.00986185242391829,0.000164231294684038));
#10273=CARTESIAN_POINT('',(0.001,-0.00985909280956529,0.000177620666564455));
#10274=CARTESIAN_POINT('',(0.001,-0.00983671648041513,0.000228698227521592));
#10275=CARTESIAN_POINT('',(0.00099995,-0.00983671631248083,0.000228698146172378));
#10276=CARTESIAN_POINT('',(0.001,-0.00983671648041513,0.000228698227521592));
#10277=CARTESIAN_POINT('',(0.001,-0.00980844341841569,0.000274794615615897));
#10278=CARTESIAN_POINT('',(0.001,-0.00979944318267053,0.000284792722974389));
#10279=CARTESIAN_POINT('',(0.001,-0.00975524333850648,0.000317987177488023));
#10280=CARTESIAN_POINT('',(0.00099995,-0.00975524330874166,0.000317986975196103));
#10281=CARTESIAN_POINT('',(0.001,-0.00975524333850648,0.000317987177488023));
#10282=CARTESIAN_POINT('',(0.001,-0.00970087253422404,0.00034983727251579));
#10283=CARTESIAN_POINT('',(0.001,-0.00968610569337665,0.000355875258101723));
#10284=CARTESIAN_POINT('',(0.001,-0.00962382717111718,0.000372785262054107));
#10285=CARTESIAN_POINT('',(0.00099995,-0.00962382712529566,0.000372785093295713));
#10286=CARTESIAN_POINT('',(0.001,-0.0096238270177057,0.000372785303708726));
#10287=CARTESIAN_POINT('',(0.001,-0.00954611492650097,0.000388127281140835));
#10288=CARTESIAN_POINT('',(0.001,-0.00952612149687262,0.000390066005714175));
#10289=CARTESIAN_POINT('',(0.001,-0.00944580008820798,0.000391560170766526));
#10290=CARTESIAN_POINT('',(0.00099995,-0.00944580007734979,0.000391560004372479));
#10291=CARTESIAN_POINT('',(0.001,-0.00944580008820798,0.000391560170766526));
#10292=CARTESIAN_POINT('',(0.001,-0.00934648428132354,0.000389633772551862));
#10293=CARTESIAN_POINT('',(0.001,-0.0093213866722848,0.000387322796990545));
#10294=CARTESIAN_POINT('',(0.001,-0.0092232353760412,0.000367538306829148));
#10295=CARTESIAN_POINT('',(0.00099995,-0.00922323527080076,0.000367538096165806));
#10296=CARTESIAN_POINT('',(0.001,-0.00922323522401213,0.000367538264596713));
#10297=CARTESIAN_POINT('',(0.001,-0.00914540866066558,0.000345918676912295));
#10298=CARTESIAN_POINT('',(0.001,-0.00912651275464608,0.000338363555167376));
#10299=CARTESIAN_POINT('',(0.001,-0.00905655977861192,0.000296663019773179));
#10300=CARTESIAN_POINT('',(0.00099995,-0.00905655981233185,0.0002966628202976));
#10301=CARTESIAN_POINT('',(0.001,-0.00905655977861192,0.000296663019773179));
#10302=CARTESIAN_POINT('',(0.001,-0.00900078605222005,0.0002542103743338));
#10303=CARTESIAN_POINT('',(0.001,-0.00898876655137405,0.000241516836618389));
#10304=CARTESIAN_POINT('',(0.001,-0.0089516152216604,0.000180391643163377));
#10305=CARTESIAN_POINT('',(0.00099995,-0.00895161539410708,0.000180391568076042));
#10306=CARTESIAN_POINT('',(0.001,-0.0089516152216604,0.000180391643163377));
#10307=CARTESIAN_POINT('',(0.001,-0.00892292817769787,0.000113674066440953));
#10308=CARTESIAN_POINT('',(0.001,-0.0089189207015004,9.59858469250613E-5));
#10309=CARTESIAN_POINT('',(0.001,-0.00891557244197633,2.17696763245401E-5));
#10310=CARTESIAN_POINT('',(0.00099995,-0.00891557261991962,2.17697433816958E-5));
#10311=CARTESIAN_POINT('',(0.001,-0.00891557244197633,2.17696763245401E-5));
#10312=CARTESIAN_POINT('',(0.001,-0.00891915205284028,-4.83973760309996E-5));
#10313=CARTESIAN_POINT('',(0.001,-0.00892243805059682,-6.56877066449545E-5));
#10314=CARTESIAN_POINT('',(0.001,-0.0089463188324202,-0.00013339055368568));
#10315=CARTESIAN_POINT('',(0.00099995,-0.00894631910182871,-0.000133390458657161));
#10316=CARTESIAN_POINT('',(0.001,-0.00894631910182871,-0.000133390750768966));
#10317=CARTESIAN_POINT('',(0.001,-0.00898021603244602,-0.000133390750768966));
#10318=CARTESIAN_POINT('',(0.001,-0.00901411296306334,-0.000133390750768966));
#10319=CARTESIAN_POINT('',(0.001,-0.00904800989368065,-0.000133390750768966));
#10320=CARTESIAN_POINT('',(0.00099995,-0.00904800989368065,-0.000133390415352892));
#10321=CARTESIAN_POINT('',(0.001,-0.00904801020573816,-0.000133390292374279));
#10322=CARTESIAN_POINT('',(0.001,-0.0090216868054331,-6.65954686068632E-5));
#10323=CARTESIAN_POINT('',(0.001,-0.00901668839953874,-4.87428011426666E-5));
#10324=CARTESIAN_POINT('',(0.001,-0.00901078728572633,2.37136818138894E-5));
#10325=CARTESIAN_POINT('',(0.00099995,-0.00901078748501572,2.37139430028572E-5));
#10326=CARTESIAN_POINT('',(0.001,-0.00901078731470764,2.37139607004229E-5));
#10327=CARTESIAN_POINT('',(0.001,-0.0090214064957889,0.000125902022447387));
#10328=CARTESIAN_POINT('',(0.001,-0.00903164365440998,0.00014782388767536));
#10329=CARTESIAN_POINT('',(0.001,-0.00911132325963285,0.000216261122342759));
#10330=CARTESIAN_POINT('',(0.00099995,-0.00911132325963285,0.000216261122342759));
#10331=CARTESIAN_POINT('',(0.001,-0.00911132325963285,0.000216261122342759));
#10332=CARTESIAN_POINT('',(0.001,-0.0091510538826029,0.000236040826292967));
#10333=CARTESIAN_POINT('',(0.001,-0.00923146174696899,0.000276071503728573));
#10334=CARTESIAN_POINT('',(0.001,-0.00932060982013196,0.000282019976245647));
#10335=CARTESIAN_POINT('',(0.001,-0.00936610518022043,0.000283482827797844));
#10336=CARTESIAN_POINT('',(0.001,-0.00935546500221994,-0.00265467942924339));
#10337=CARTESIAN_POINT('',(0.001,-0.00935546500221994,-0.00253238143665153));
#10338=CARTESIAN_POINT('',(0.001,-0.00935546500221994,-0.00241008344405968));
#10339=CARTESIAN_POINT('',(0.001,-0.00935546500221994,-0.00228778545146782));
#10340=CARTESIAN_POINT('',(0.00099995,-0.00935546468971994,-0.00265467942924339));
#10341=CARTESIAN_POINT('',(0.00099995,-0.00935546468971994,-0.00228778545146782));
#10342=CARTESIAN_POINT('',(0.001,-0.00935546468971994,-0.00228778513896782));
#10343=CARTESIAN_POINT('',(0.001,-0.00932414980978118,-0.00228778513896782));
#10344=CARTESIAN_POINT('',(0.001,-0.00929283492984242,-0.00228778513896782));
#10345=CARTESIAN_POINT('',(0.001,-0.00926152004990366,-0.00228778513896782));
#10346=CARTESIAN_POINT('',(0.00099995,-0.00926152004990366,-0.00228778545146782));
#10347=CARTESIAN_POINT('',(0.001,-0.00926151973740366,-0.00228778545146782));
#10348=CARTESIAN_POINT('',(0.001,-0.00926151973740366,-0.00241008344405967));
#10349=CARTESIAN_POINT('',(0.001,-0.00926151973740366,-0.00253238143665153));
#10350=CARTESIAN_POINT('',(0.001,-0.00926151973740366,-0.00265467942924339));
#10351=CARTESIAN_POINT('',(0.00099995,-0.00926152004990366,-0.00265467942924339));
#10352=CARTESIAN_POINT('',(0.001,-0.00926152004990366,-0.00265467974174339));
#10353=CARTESIAN_POINT('',(0.001,-0.00929283492984242,-0.00265467974174339));
#10354=CARTESIAN_POINT('',(0.001,-0.00932414980978118,-0.00265467974174339));
#10355=CARTESIAN_POINT('',(0.001,-0.00935546468971994,-0.00265467974174339));
#10356=CARTESIAN_POINT('',(0.001,-0.00909576165884276,-0.00612531779489083));
#10357=CARTESIAN_POINT('',(0.001,-0.00896023466337755,-0.00616208048354543));
#10358=CARTESIAN_POINT('',(0.001,-0.00882470766791233,-0.00619884317220002));
#10359=CARTESIAN_POINT('',(0.001,-0.00868918067244711,-0.00623560586085462));
#10360=CARTESIAN_POINT('',(0.00099995,-0.00909576158131489,-0.0061253175090815));
#10361=CARTESIAN_POINT('',(0.00099995,-0.00868918074997498,-0.00623560614666394));
#10362=CARTESIAN_POINT('',(0.001,-0.00868918045383727,-0.00623560614666394));
#10363=CARTESIAN_POINT('',(0.001,-0.00868918045383727,-0.00636234895420984));
#10364=CARTESIAN_POINT('',(0.001,-0.00868918045383727,-0.00648909176175574));
#10365=CARTESIAN_POINT('',(0.001,-0.00868918045383727,-0.00661583456930164));
#10366=CARTESIAN_POINT('',(0.00099995,-0.00868918078269956,-0.00661583456930165));
#10367=CARTESIAN_POINT('',(0.001,-0.00868918086879462,-0.00661583488669423));
#10368=CARTESIAN_POINT('',(0.001,-0.00882470771615659,-0.00657907223821372));
#10369=CARTESIAN_POINT('',(0.001,-0.00896023456351856,-0.00654230958973321));
#10370=CARTESIAN_POINT('',(0.001,-0.00909576141088053,-0.0065055469412527));
#10371=CARTESIAN_POINT('',(0.00099995,-0.00909576153826737,-0.00650554741086892));
#10372=CARTESIAN_POINT('',(0.001,-0.0090957618774526,-0.00650554741086892));
#10373=CARTESIAN_POINT('',(0.001,-0.0090957618774526,-0.00650861965712136));
#10374=CARTESIAN_POINT('',(0.001,-0.0090957618774526,-0.0065116919033738));
#10375=CARTESIAN_POINT('',(0.001,-0.0090957618774526,-0.00651476414962624));
#10376=CARTESIAN_POINT('',(0.001,-0.00909576208254531,-0.00651494187322159));
#10377=CARTESIAN_POINT('',(0.001,-0.00909576193970172,-0.00651496535061064));
#10378=CARTESIAN_POINT('',(0.001,-0.00909583637618816,-0.00663525098753984));
#10379=CARTESIAN_POINT('',(0.001,-0.00916788739610239,-0.00674441259273219));
#10380=CARTESIAN_POINT('',(0.001,-0.00927950746864358,-0.00679132321797163));
#10381=CARTESIAN_POINT('',(0.000999998668202898,-0.00927950750833993,-0.00679132312351312));
#10382=CARTESIAN_POINT('',(0.001,-0.00927974328947876,-0.00679142221881013));
#10383=CARTESIAN_POINT('',(0.001,-0.0093908378416796,-0.00683801053309985));
#10384=CARTESIAN_POINT('',(0.001,-0.00950193239388045,-0.00688459884738958));
#10385=CARTESIAN_POINT('',(0.001,-0.00961302694608129,-0.00693118716167931));
#10386=CARTESIAN_POINT('',(0.001,-0.00961318879517267,-0.00693125481095984));
#10387=CARTESIAN_POINT('',(0.001,-0.00961321159550438,-0.00693126452708139));
#10388=CARTESIAN_POINT('',(0.001,-0.0097976005176204,-0.0070084522018585));
#10389=CARTESIAN_POINT('',(0.001,-0.0100288866604878,-0.00685622046378726));
#10390=CARTESIAN_POINT('',(0.001,-0.010029045434266,-0.00665478232654322));
#10391=CARTESIAN_POINT('',(0.000999998688256917,-0.0100290453315615,-0.00665478232646298));
#10392=CARTESIAN_POINT('',(0.001,-0.0100290455340551,-0.00665452909249542));
#10393=CARTESIAN_POINT('',(0.001,-0.0100290455340551,-0.00644152580547013));
#10394=CARTESIAN_POINT('',(0.001,-0.0100290455340551,-0.00622852251844484));
#10395=CARTESIAN_POINT('',(0.001,-0.0100290455340551,-0.00601551923141955));
#10396=CARTESIAN_POINT('',(0.00099995,-0.0100290452457256,-0.00601551923141955));
#10397=CARTESIAN_POINT('',(0.001,-0.0100290453572309,-0.00601551896552398));
#10398=CARTESIAN_POINT('',(0.001,-0.00972269075243988,-0.00588704691780101));
#10399=CARTESIAN_POINT('',(0.001,-0.00941633614764887,-0.00575857487007804));
#10400=CARTESIAN_POINT('',(0.001,-0.00910998154285786,-0.00563010282235506));
#10401=CARTESIAN_POINT('',(0.00099995,-0.00910998165436312,-0.00563010255645949));
#10402=CARTESIAN_POINT('',(0.001,-0.00910998136603366,-0.00563010255645949));
#10403=CARTESIAN_POINT('',(0.001,-0.00910998136603366,-0.00556252375243819));
#10404=CARTESIAN_POINT('',(0.001,-0.00910998136603366,-0.0054949449484169));
#10405=CARTESIAN_POINT('',(0.001,-0.00910998136603366,-0.0054273661443956));
#10406=CARTESIAN_POINT('',(0.00099995,-0.0091099817027042,-0.0054273661443956));
#10407=CARTESIAN_POINT('',(0.001,-0.00910998183290433,-0.0054273658339202));
#10408=CARTESIAN_POINT('',(0.001,-0.00941633624433103,-0.00555583780055442));
#10409=CARTESIAN_POINT('',(0.001,-0.00972269065575773,-0.00568430976718865));
#10410=CARTESIAN_POINT('',(0.001,-0.0100290450671844,-0.00581278173382288));
#10411=CARTESIAN_POINT('',(0.00099995,-0.0100290451973846,-0.00581278142334748));
#10412=CARTESIAN_POINT('',(0.001,-0.0100290455340551,-0.00581278142334748));
#10413=CARTESIAN_POINT('',(0.001,-0.0100290455340551,-0.00569687180030492));
#10414=CARTESIAN_POINT('',(0.001,-0.0100290455340551,-0.00558096217726236));
#10415=CARTESIAN_POINT('',(0.001,-0.0100290455340551,-0.0054650525542198));
#10416=CARTESIAN_POINT('',(0.00099995,-0.0100290452457256,-0.0054650525542198));
#10417=CARTESIAN_POINT('',(0.001,-0.0100290453572309,-0.00546505228832422));
#10418=CARTESIAN_POINT('',(0.001,-0.0097210965854243,-0.00533591171498518));
#10419=CARTESIAN_POINT('',(0.001,-0.00941314781361771,-0.00520677114164613));
#10420=CARTESIAN_POINT('',(0.001,-0.00910519904181111,-0.00507763056830709));
#10421=CARTESIAN_POINT('',(0.001,-0.00910503719271886,-0.0050775629190262));
#10422=CARTESIAN_POINT('',(0.001,-0.00910501439237921,-0.00507755320290133));
#10423=CARTESIAN_POINT('',(0.001,-0.0089206254702644,-0.00500036552813124));
#10424=CARTESIAN_POINT('',(0.001,-0.00868933932740319,-0.00515259726620348));
#10425=CARTESIAN_POINT('',(0.001,-0.00868918055362644,-0.0053540354034455));
#10426=CARTESIAN_POINT('',(0.000999998688256305,-0.00868918065633085,-0.00535403540352573));
#10427=CARTESIAN_POINT('',(0.001,-0.00868918045383727,-0.00535428863749098));
#10428=CARTESIAN_POINT('',(0.001,-0.00868918045383727,-0.00543702998989919));
#10429=CARTESIAN_POINT('',(0.001,-0.00868918045383727,-0.0055197713423074));
#10430=CARTESIAN_POINT('',(0.001,-0.00868918045383727,-0.00560251269471562));
#10431=CARTESIAN_POINT('',(0.001,-0.00868918065892998,-0.00560269041831095));
#10432=CARTESIAN_POINT('',(0.001,-0.00868918051608639,-0.00560271389570018));
#10433=CARTESIAN_POINT('',(0.001,-0.00868925495257288,-0.00572299953263078));
#10434=CARTESIAN_POINT('',(0.001,-0.00876130597248872,-0.00583216113782404));
#10435=CARTESIAN_POINT('',(0.001,-0.00887292604503232,-0.00587907176306273));
#10436=CARTESIAN_POINT('',(0.00099999866820173,-0.00887292608472867,-0.00587907166860422));
#10437=CARTESIAN_POINT('',(0.001,-0.00887316186586343,-0.00587917076389951));
#10438=CARTESIAN_POINT('',(0.001,-0.00894736181078508,-0.00591028705435487));
#10439=CARTESIAN_POINT('',(0.001,-0.00902156175570674,-0.00594140334481024));
#10440=CARTESIAN_POINT('',(0.001,-0.00909576170062839,-0.00597251963526561));
#10441=CARTESIAN_POINT('',(0.00099995,-0.00909576158912314,-0.00597251990116119));
#10442=CARTESIAN_POINT('',(0.001,-0.0090957618774526,-0.00597251990116118));
#10443=CARTESIAN_POINT('',(0.001,-0.0090957618774526,-0.00602345243713462));
#10444=CARTESIAN_POINT('',(0.001,-0.0090957618774526,-0.00607438497310806));
#10445=CARTESIAN_POINT('',(0.001,-0.0090957618774526,-0.0061253175090815));
#10446=CARTESIAN_POINT('',(0.001,-0.00134116807746712,-0.00583389371983775));
#10447=CARTESIAN_POINT('',(0.001,-0.00130348580550726,-0.00583611525745953));
#10448=CARTESIAN_POINT('',(0.001,-0.00125935894619732,-0.00583898450879431));
#10449=CARTESIAN_POINT('',(0.001,-0.00117399495958194,-0.00585471338248271));
#10450=CARTESIAN_POINT('',(0.001,-0.00109945036098681,-0.00589923027698888));
#10451=CARTESIAN_POINT('',(0.001,-0.00106633242137571,-0.00592634492393876));
#10452=CARTESIAN_POINT('',(0.001,-0.00103662708568398,-0.00595078826300868));
#10453=CARTESIAN_POINT('',(0.00099995,-0.00134116807201791,-0.00583389389885787));
#10454=CARTESIAN_POINT('',(0.00099995,-0.001036627253607,-0.00595078838625566));
#10455=CARTESIAN_POINT('',(0.001,-0.00103662708568398,-0.00595078826300868));
#10456=CARTESIAN_POINT('',(0.001,-0.00101454418009715,-0.00598201092516678));
#10457=CARTESIAN_POINT('',(0.001,-0.000988730392389367,-0.00601869795606049));
#10458=CARTESIAN_POINT('',(0.001,-0.000947992533879363,-0.00609702671389033));
#10459=CARTESIAN_POINT('',(0.001,-0.000933501677032918,-0.00618529987566173));
#10460=CARTESIAN_POINT('',(0.001,-0.000931001553619579,-0.00622886989406924));
#10461=CARTESIAN_POINT('',(0.001,-0.000928961273924782,-0.00626807070112914));
#10462=CARTESIAN_POINT('',(0.00099995,-0.000928961405909184,-0.00626807070796407));
#10463=CARTESIAN_POINT('',(0.001,-0.000928961129663621,-0.00626807347290286));
#10464=CARTESIAN_POINT('',(0.001,-0.000928961129663621,-0.00630703821645983));
#10465=CARTESIAN_POINT('',(0.001,-0.000928961129663621,-0.00634600296001681));
#10466=CARTESIAN_POINT('',(0.001,-0.000928961129663621,-0.00638496770357379));
#10467=CARTESIAN_POINT('',(0.00099995,-0.000928961442163621,-0.00638496770357379));
#10468=CARTESIAN_POINT('',(0.001,-0.000928961442163621,-0.00638496801607379));
#10469=CARTESIAN_POINT('',(0.001,-0.00112466430206417,-0.00638496801607379));
#10470=CARTESIAN_POINT('',(0.001,-0.00132036716196472,-0.00638496801607379));
#10471=CARTESIAN_POINT('',(0.001,-0.00151607002186527,-0.00638496801607379));
#10472=CARTESIAN_POINT('',(0.00099995,-0.00151607002186527,-0.00638496834552564));
#10473=CARTESIAN_POINT('',(0.001,-0.00151607033896811,-0.00638496843487878));
#10474=CARTESIAN_POINT('',(0.001,-0.00150473215942265,-0.00642520580517092));
#10475=CARTESIAN_POINT('',(0.001,-0.00149126062467431,-0.00647224326542984));
#10476=CARTESIAN_POINT('',(0.001,-0.00144624690787498,-0.00654642326818418));
#10477=CARTESIAN_POINT('',(0.001,-0.00136008188660882,-0.00657275116896159));
#10478=CARTESIAN_POINT('',(0.001,-0.00131231362058673,-0.00657727551337895));
#10479=CARTESIAN_POINT('',(0.001,-0.00126909831277409,-0.00658096400694846));
#10480=CARTESIAN_POINT('',(0.00099995,-0.00126909829953956,-0.00658096385188497));
#10481=CARTESIAN_POINT('',(0.001,-0.00126909801530663,-0.00658096403233775));
#10482=CARTESIAN_POINT('',(0.001,-0.00114776029521374,-0.00657440508452902));
#10483=CARTESIAN_POINT('',(0.001,-0.00111842482492624,-0.00656764450128746));
#10484=CARTESIAN_POINT('',(0.001,-0.00100806324949319,-0.00651065181917413));
#10485=CARTESIAN_POINT('',(0.00099995,-0.00100806309294679,-0.00651065212231701));
#10486=CARTESIAN_POINT('',(0.001,-0.00100806275176826,-0.00651065212231701));
#10487=CARTESIAN_POINT('',(0.001,-0.00100806275176826,-0.00657744876328086));
#10488=CARTESIAN_POINT('',(0.001,-0.00100806275176826,-0.00664424540424472));
#10489=CARTESIAN_POINT('',(0.001,-0.00100806275176826,-0.00671104204520858));
#10490=CARTESIAN_POINT('',(0.00099995,-0.00100806304114284,-0.00671104204520859));
#10491=CARTESIAN_POINT('',(0.001,-0.0010080629345685,-0.00671104230411093));
#10492=CARTESIAN_POINT('',(0.001,-0.00104221953145593,-0.00672510247172377));
#10493=CARTESIAN_POINT('',(0.001,-0.00108232232708207,-0.00674156052466397));
#10494=CARTESIAN_POINT('',(0.001,-0.00116520739668723,-0.00676701562276447));
#10495=CARTESIAN_POINT('',(0.001,-0.00125241977582385,-0.00677552247417946));
#10496=CARTESIAN_POINT('',(0.001,-0.00129453019563047,-0.00677681759006121));
#10497=CARTESIAN_POINT('',(0.001,-0.00133237907457176,-0.00677783906810054));
#10498=CARTESIAN_POINT('',(0.00099995,-0.00133237931007754,-0.00677783889805647));
#10499=CARTESIAN_POINT('',(0.001,-0.00133237931830942,-0.00677783905534379));
#10500=CARTESIAN_POINT('',(0.001,-0.00137368636176251,-0.00677567712478194));
#10501=CARTESIAN_POINT('',(0.001,-0.00142206784331851,-0.0067728591982017));
#10502=CARTESIAN_POINT('',(0.001,-0.00151616648532162,-0.00675687161918589));
#10503=CARTESIAN_POINT('',(0.001,-0.00159974789395566,-0.00671073732305725));
#10504=CARTESIAN_POINT('',(0.001,-0.00163717656641614,-0.00668246527095635));
#10505=CARTESIAN_POINT('',(0.001,-0.00167075821924034,-0.00665698945872554));
#10506=CARTESIAN_POINT('',(0.00099995,-0.00167075806890017,-0.00665698931443576));
#10507=CARTESIAN_POINT('',(0.001,-0.00167075821924034,-0.00665698945872554));
#10508=CARTESIAN_POINT('',(0.001,-0.00169550974758155,-0.00662426613762276));
#10509=CARTESIAN_POINT('',(0.001,-0.00172444611832764,-0.00658581215119644));
#10510=CARTESIAN_POINT('',(0.001,-0.00177003575623098,-0.00650313584642019));
#10511=CARTESIAN_POINT('',(0.001,-0.00178616709255005,-0.00640875966565367));
#10512=CARTESIAN_POINT('',(0.001,-0.00178892393258165,-0.006362004548171));
#10513=CARTESIAN_POINT('',(0.001,-0.00179116824436012,-0.006319928917811));
#10514=CARTESIAN_POINT('',(0.00099995,-0.00179116807334544,-0.00631992892084761));
#10515=CARTESIAN_POINT('',(0.001,-0.00179116824436012,-0.006319928917811));
#10516=CARTESIAN_POINT('',(0.001,-0.00178857876525138,-0.00627649991554627));
#10517=CARTESIAN_POINT('',(0.001,-0.00178525685317634,-0.00622563020366601));
#10518=CARTESIAN_POINT('',(0.001,-0.00176751491400291,-0.00612683399862195));
#10519=CARTESIAN_POINT('',(0.001,-0.00171807773963407,-0.00603928086536043));
#10520=CARTESIAN_POINT('',(0.001,-0.00168811236045248,-0.0060000450909804));
#10521=CARTESIAN_POINT('',(0.001,-0.00166109004783455,-0.00596485078685054));
#10522=CARTESIAN_POINT('',(0.00099995,-0.00166108990725892,-0.00596485092653536));
#10523=CARTESIAN_POINT('',(0.001,-0.00166109004783455,-0.00596485078685054));
#10524=CARTESIAN_POINT('',(0.001,-0.00163047307103139,-0.00593948163580227));
#10525=CARTESIAN_POINT('',(0.001,-0.00159445391747077,-0.00590990068344925));
#10526=CARTESIAN_POINT('',(0.001,-0.00151690223624045,-0.00586130694460066));
#10527=CARTESIAN_POINT('',(0.001,-0.00142677727962058,-0.00584155854150492));
#10528=CARTESIAN_POINT('',(0.001,-0.00138171251051075,-0.00583742667262272));
#10529=CARTESIAN_POINT('',(0.001,-0.00134116807746712,-0.00583389371983775));
#10530=CARTESIAN_POINT('',(0.001,0.00301249345970329,-0.00635991916410693));
#10531=CARTESIAN_POINT('',(0.001,0.00298832146655631,-0.00637851937874031));
#10532=CARTESIAN_POINT('',(0.001,0.00296532341173403,-0.0063978553241876));
#10533=CARTESIAN_POINT('',(0.001,0.00294349929523644,-0.00641792700044878));
#10534=CARTESIAN_POINT('',(0.00099995,0.00301249360403067,-0.00635991936838303));
#10535=CARTESIAN_POINT('',(0.00099995,0.00294349904295253,-0.00641792747945854));
#10536=CARTESIAN_POINT('',(0.001,0.00294349892837844,-0.00641792736376326));
#10537=CARTESIAN_POINT('',(0.001,0.00292064409256671,-0.00644056145271016));
#10538=CARTESIAN_POINT('',(0.001,0.00291510286250021,-0.00644678339068716));
#10539=CARTESIAN_POINT('',(0.001,0.00289603850078758,-0.006473737511561));
#10540=CARTESIAN_POINT('',(0.00099995,0.00289603852815084,-0.00647373779216015));
#10541=CARTESIAN_POINT('',(0.001,0.00289603838476693,-0.00647373770707228));
#10542=CARTESIAN_POINT('',(0.001,0.00288358637923284,-0.00649472112089524));
#10543=CARTESIAN_POINT('',(0.001,0.00288115206643195,-0.0065005441394871));
#10544=CARTESIAN_POINT('',(0.001,0.00287846052473008,-0.00652559267975919));
#10545=CARTESIAN_POINT('',(0.00099995,0.00287846077329945,-0.00652559270646761));
#10546=CARTESIAN_POINT('',(0.001,0.00287846077329944,-0.00652559295646914));
#10547=CARTESIAN_POINT('',(0.001,0.00305658550183116,-0.00652559295646914));
#10548=CARTESIAN_POINT('',(0.001,0.00323471023036287,-0.00652559295646914));
#10549=CARTESIAN_POINT('',(0.001,0.00341283495889458,-0.00652559295646914));
#10550=CARTESIAN_POINT('',(0.00099995,0.00341283495889458,-0.00652559320646914));
#10551=CARTESIAN_POINT('',(0.001,0.00341283520889458,-0.00652559320646914));
#10552=CARTESIAN_POINT('',(0.001,0.00341283520889458,-0.00660235085826293));
#10553=CARTESIAN_POINT('',(0.001,0.00341283520889458,-0.00667910851005673));
#10554=CARTESIAN_POINT('',(0.001,0.00341283520889458,-0.00675586616185053));
#10555=CARTESIAN_POINT('',(0.00099995,0.00341283495889458,-0.00675586616185053));
#10556=CARTESIAN_POINT('',(0.001,0.00341283495889458,-0.00675586641185053));
#10557=CARTESIAN_POINT('',(0.001,0.00313334298574496,-0.00675586641185053));
#10558=CARTESIAN_POINT('',(0.001,0.00285385101259535,-0.00675586641185053));
#10559=CARTESIAN_POINT('',(0.001,0.00257435903944573,-0.00675586641185053));
#10560=CARTESIAN_POINT('',(0.00099995,0.00257435903944573,-0.00675586616185053));
#10561=CARTESIAN_POINT('',(0.001,0.00257435878944573,-0.00675586616185053));
#10562=CARTESIAN_POINT('',(0.001,0.00257435878944573,-0.00672422561621022));
#10563=CARTESIAN_POINT('',(0.001,0.00257435878944573,-0.00669258507056991));
#10564=CARTESIAN_POINT('',(0.001,0.00257435878944573,-0.0066609445249296));
#10565=CARTESIAN_POINT('',(0.00099995,0.00257435911454929,-0.00666093977885306));
#10566=CARTESIAN_POINT('',(0.001,0.00257435896463736,-0.00666093977332754));
#10567=CARTESIAN_POINT('',(0.001,0.00257726791938703,-0.0065820452784633));
#10568=CARTESIAN_POINT('',(0.001,0.00258050198316817,-0.00656253974801452));
#10569=CARTESIAN_POINT('',(0.001,0.00260687848758873,-0.00648736060015925));
#10570=CARTESIAN_POINT('',(0.00099995,0.00260687862986141,-0.00648736074085842));
#10571=CARTESIAN_POINT('',(0.001,0.00260687848758873,-0.00648736060015925));
#10572=CARTESIAN_POINT('',(0.001,0.00263648481007349,-0.00642294054896887));
#10573=CARTESIAN_POINT('',(0.001,0.0026454022826244,-0.00640742772300325));
#10574=CARTESIAN_POINT('',(0.001,0.00268861672115501,-0.00634937227122553));
#10575=CARTESIAN_POINT('',(0.00099995,0.00268861681561957,-0.00634937244371771));
#10576=CARTESIAN_POINT('',(0.001,0.00268861672115501,-0.00634937227122553));
#10577=CARTESIAN_POINT('',(0.001,0.00273211884383551,-0.00629802875903603));
#10578=CARTESIAN_POINT('',(0.001,0.00274400939776748,-0.0062858684790787));
#10579=CARTESIAN_POINT('',(0.001,0.00279628100763875,-0.00624126790118838));
#10580=CARTESIAN_POINT('',(0.00099995,0.00279628111288325,-0.0062412680245371));
#10581=CARTESIAN_POINT('',(0.001,0.00279628237915215,-0.00624126673094996));
#10582=CARTESIAN_POINT('',(0.001,0.00283319465635472,-0.0062118896883807));
#10583=CARTESIAN_POINT('',(0.001,0.00287024655261861,-0.0061836245508389));
#10584=CARTESIAN_POINT('',(0.001,0.00290743806794381,-0.00615647131832457));
#10585=CARTESIAN_POINT('',(0.00099995,0.00290743806803896,-0.00615647131845355));
#10586=CARTESIAN_POINT('',(0.001,0.00290746411514458,-0.00615645230166682));
#10587=CARTESIAN_POINT('',(0.001,0.00294126523111442,-0.0061319218550628));
#10588=CARTESIAN_POINT('',(0.001,0.00297363830183128,-0.00610672652468141));
#10589=CARTESIAN_POINT('',(0.001,0.00300458332729515,-0.00608086631052264));
#10590=CARTESIAN_POINT('',(0.00099995,0.00300458367819351,-0.00608086577675457));
#10591=CARTESIAN_POINT('',(0.001,0.00300458378804696,-0.00608086590007603));
#10592=CARTESIAN_POINT('',(0.001,0.00303761101341346,-0.00605144460113007));
#10593=CARTESIAN_POINT('',(0.001,0.00304563695637323,-0.0060434849457332));
#10594=CARTESIAN_POINT('',(0.001,0.00307489594650444,-0.00600923553459414));
#10595=CARTESIAN_POINT('',(0.00099995,0.00307489590622651,-0.00600923529836118));
#10596=CARTESIAN_POINT('',(0.001,0.00307489604551592,-0.00600923540382005));
#10597=CARTESIAN_POINT('',(0.001,0.00309715145338961,-0.00597984051886278));
#10598=CARTESIAN_POINT('',(0.001,0.00310215670996565,-0.00597184271132905));
#10599=CARTESIAN_POINT('',(0.001,0.00311752280426201,-0.00593716517441042));
#10600=CARTESIAN_POINT('',(0.00099995,0.0031175226434417,-0.00593716507382448));
#10601=CARTESIAN_POINT('',(0.001,0.00311752280426201,-0.00593716517441042));
#10602=CARTESIAN_POINT('',(0.001,0.00312843860863369,-0.00590401832453914));
#10603=CARTESIAN_POINT('',(0.001,0.00313011160768032,-0.00589536952165899));
#10604=CARTESIAN_POINT('',(0.001,0.00313158532810387,-0.00585938200704821));
#10605=CARTESIAN_POINT('',(0.00099995,0.00313158515955155,-0.00585938184169273));
#10606=CARTESIAN_POINT('',(0.001,0.00313158531935273,-0.00585938183362894));
#10607=CARTESIAN_POINT('',(0.001,0.0031285367682399,-0.00579896959720105));
#10608=CARTESIAN_POINT('',(0.001,0.00312448629258959,-0.00578456418657521));
#10609=CARTESIAN_POINT('',(0.001,0.00308588227462944,-0.00573721401743658));
#10610=CARTESIAN_POINT('',(0.00099995,0.00308588214436784,-0.00573721418608875));
#10611=CARTESIAN_POINT('',(0.001,0.00308588227462944,-0.00573721401743658));
#10612=CARTESIAN_POINT('',(0.001,0.00303069910172396,-0.00570183113810055));
#10613=CARTESIAN_POINT('',(0.001,0.00301422021005194,-0.00569777953918232));
#10614=CARTESIAN_POINT('',(0.001,0.0029461362047213,-0.00569590546540983));
#10615=CARTESIAN_POINT('',(0.00099995,0.0029461361638048,-0.00569590564689352));
#10616=CARTESIAN_POINT('',(0.001,0.0029461362047213,-0.00569590546540983));
#10617=CARTESIAN_POINT('',(0.001,0.00290804087884155,-0.00570037602785032));
#10618=CARTESIAN_POINT('',(0.001,0.00286337219997128,-0.00570574105188747));
#10619=CARTESIAN_POINT('',(0.001,0.00277727731294096,-0.00572730784259016));
#10620=CARTESIAN_POINT('',(0.001,0.00270077747900276,-0.00577434091835055));
#10621=CARTESIAN_POINT('',(0.001,0.00266608455686081,-0.00580098657520382));
#10622=CARTESIAN_POINT('',(0.001,0.00263500393853517,-0.00582510432951512));
#10623=CARTESIAN_POINT('',(0.00099995,0.00263500378527299,-0.00582510413200383));
#10624=CARTESIAN_POINT('',(0.001,0.00263500353527245,-0.00582510413200383));
#10625=CARTESIAN_POINT('',(0.001,0.00263500353527245,-0.00574365904602406));
#10626=CARTESIAN_POINT('',(0.001,0.00263500353527245,-0.00566221396004429));
#10627=CARTESIAN_POINT('',(0.001,0.00263500353527245,-0.00558076887406453));
#10628=CARTESIAN_POINT('',(0.00099995,0.00263500378527289,-0.00558076887406453));
#10629=CARTESIAN_POINT('',(0.001,0.00263500367096047,-0.0055807686639118));
#10630=CARTESIAN_POINT('',(0.001,0.00267312078099527,-0.00556003490920597));
#10631=CARTESIAN_POINT('',(0.001,0.00271790740030293,-0.00553585325091471));
#10632=CARTESIAN_POINT('',(0.001,0.00281127930561871,-0.00549629437223682));
#10633=CARTESIAN_POINT('',(0.001,0.00291226860486102,-0.00548045176566604));
#10634=CARTESIAN_POINT('',(0.001,0.00296157617026744,-0.00547719477470446));
#10635=CARTESIAN_POINT('',(0.001,0.00300590152266522,-0.00547442110365989));
#10636=CARTESIAN_POINT('',(0.00099995,0.0030059015332232,-0.00547442127238852));
#10637=CARTESIAN_POINT('',(0.001,0.00300590178203758,-0.0054744210874296));
#10638=CARTESIAN_POINT('',(0.001,0.00308276965266594,-0.00547653865033905));
#10639=CARTESIAN_POINT('',(0.001,0.00310217091981972,-0.00547891059869799));
#10640=CARTESIAN_POINT('',(0.001,0.00317772766781029,-0.00549946993939646));
#10641=CARTESIAN_POINT('',(0.00099995,0.00317772766142553,-0.00549947012799216));
#10642=CARTESIAN_POINT('',(0.001,0.00317772766781029,-0.00549946993939646));
#10643=CARTESIAN_POINT('',(0.001,0.00323914557630272,-0.00552237878834474));
#10644=CARTESIAN_POINT('',(0.001,0.00325377767671571,-0.00553003864576708));
#10645=CARTESIAN_POINT('',(0.001,0.00330648800563988,-0.00557110071532496));
#10646=CARTESIAN_POINT('',(0.00099995,0.00330648789756404,-0.00557110086688292));
#10647=CARTESIAN_POINT('',(0.001,0.00330648800563988,-0.00557110071532496));
#10648=CARTESIAN_POINT('',(0.001,0.00335041484708837,-0.00561463837242792));
#10649=CARTESIAN_POINT('',(0.001,0.0033595157069756,-0.00562709708719071));
#10650=CARTESIAN_POINT('',(0.001,0.00338690778446373,-0.00568404019229181));
#10651=CARTESIAN_POINT('',(0.00099995,0.00338690760547256,-0.0056840402402415));
#10652=CARTESIAN_POINT('',(0.001,0.00338690778446373,-0.00568404019229181));
#10653=CARTESIAN_POINT('',(0.001,0.00340891514856363,-0.00574723934166573));
#10654=CARTESIAN_POINT('',(0.001,0.00341200066178462,-0.00576374784069621));
#10655=CARTESIAN_POINT('',(0.001,0.003414592949869,-0.00583213590435751));
#10656=CARTESIAN_POINT('',(0.00099995,0.00341459277928299,-0.00583213589234235));
#10657=CARTESIAN_POINT('',(0.001,0.003414592949869,-0.00583213590435751));
#10658=CARTESIAN_POINT('',(0.001,0.00341232776941919,-0.00590183189873635));
#10659=CARTESIAN_POINT('',(0.001,0.00340978960308295,-0.00591932319455925));
#10660=CARTESIAN_POINT('',(0.001,0.00338778635692772,-0.00598682344310053));
#10661=CARTESIAN_POINT('',(0.00099995,0.00338778619904771,-0.005986823334995));
#10662=CARTESIAN_POINT('',(0.001,0.00338778635692772,-0.00598682344310053));
#10663=CARTESIAN_POINT('',(0.001,0.00336257534177103,-0.00604444248140683));
#10664=CARTESIAN_POINT('',(0.001,0.0033548021101075,-0.00605823906234093));
#10665=CARTESIAN_POINT('',(0.001,0.00331659516525444,-0.00610987022869356));
#10666=CARTESIAN_POINT('',(0.00099995,0.00331659507237006,-0.00610987005253351));
#10667=CARTESIAN_POINT('',(0.001,0.00331659516525444,-0.00610987022869356));
#10668=CARTESIAN_POINT('',(0.001,0.00327534686159829,-0.00615828884615424));
#10669=CARTESIAN_POINT('',(0.001,0.00326400777335384,-0.00616963742408866));
#10670=CARTESIAN_POINT('',(0.001,0.00321420351668816,-0.00621138328304255));
#10671=CARTESIAN_POINT('',(0.00099995,0.00321420341287881,-0.00621138315918567));
#10672=CARTESIAN_POINT('',(0.001,0.00321420273018059,-0.00621138394229182));
#10673=CARTESIAN_POINT('',(0.001,0.00317489923437276,-0.00624208614788399));
#10674=CARTESIAN_POINT('',(0.001,0.00313476245999175,-0.0062718224581276));
#10675=CARTESIAN_POINT('',(0.001,0.00309379240703758,-0.00630059287302264));
#10676=CARTESIAN_POINT('',(0.00099995,0.00309355651869909,-0.00630076500784961));
#10677=CARTESIAN_POINT('',(0.001,0.00309355651869909,-0.00630076500784962));
#10678=CARTESIAN_POINT('',(0.001,0.00306653549903383,-0.00632048305993539));
#10679=CARTESIAN_POINT('',(0.001,0.00303951447936856,-0.00634020111202116));
#10680=CARTESIAN_POINT('',(0.001,0.00301249345970329,-0.00635991916410693));
#10681=CARTESIAN_POINT('',(0.001,0.00593343402050508,-0.00575570594440943));
#10682=CARTESIAN_POINT('',(0.001,0.00598429522732455,-0.0057751706326828));
#10683=CARTESIAN_POINT('',(0.001,0.00599775268246083,-0.00577776639105364));
#10684=CARTESIAN_POINT('',(0.001,0.00605349051557554,-0.00577977094720846));
#10685=CARTESIAN_POINT('',(0.00099995,0.00593343409520685,-0.00575570577355563));
#10686=CARTESIAN_POINT('',(0.00099995,0.00605349051921018,-0.00577977077202999));
#10687=CARTESIAN_POINT('',(0.001,0.00605349051557554,-0.00577977094720846));
#10688=CARTESIAN_POINT('',(0.001,0.0061466487504799,-0.00577467970393384));
#10689=CARTESIAN_POINT('',(0.001,0.0061692645874405,-0.00576975548051867));
#10690=CARTESIAN_POINT('',(0.001,0.00625662648154305,-0.0057340749374589));
#10691=CARTESIAN_POINT('',(0.00099995,0.00625662660863435,-0.00573407524863757));
#10692=CARTESIAN_POINT('',(0.001,0.00625662694476618,-0.00573407524863757));
#10693=CARTESIAN_POINT('',(0.001,0.00625662694476618,-0.00576271524968221));
#10694=CARTESIAN_POINT('',(0.001,0.00625662694476618,-0.00579135525072685));
#10695=CARTESIAN_POINT('',(0.001,0.00625662694476618,-0.00581999525177149));
#10696=CARTESIAN_POINT('',(0.00099995,0.00625662665475207,-0.00581999525177149));
#10697=CARTESIAN_POINT('',(0.001,0.00625662675867817,-0.00581999551361647));
#10698=CARTESIAN_POINT('',(0.001,0.0061668187149469,-0.00585564021462586));
#10699=CARTESIAN_POINT('',(0.001,0.00614334338106925,-0.00586063641880571));
#10700=CARTESIAN_POINT('',(0.001,0.00604566047690882,-0.00586517136465555));
#10701=CARTESIAN_POINT('',(0.00099995,0.00604566050416336,-0.00586517118990326));
#10702=CARTESIAN_POINT('',(0.001,0.00604566047690882,-0.00586517136465555));
#10703=CARTESIAN_POINT('',(0.001,0.00597775468222419,-0.00586245416808825));
#10704=CARTESIAN_POINT('',(0.001,0.00596089020797684,-0.00585960558378021));
#10705=CARTESIAN_POINT('',(0.001,0.00589571880899443,-0.00583606671463495));
#10706=CARTESIAN_POINT('',(0.00099995,0.00589571887727879,-0.00583606654446082));
#10707=CARTESIAN_POINT('',(0.001,0.00589571880899443,-0.00583606671463495));
#10708=CARTESIAN_POINT('',(0.001,0.00583954069562312,-0.00580861318152525));
#10709=CARTESIAN_POINT('',(0.001,0.00582656080907194,-0.00579985313535004));
#10710=CARTESIAN_POINT('',(0.001,0.00578076901637091,-0.0057553786404038));
#10711=CARTESIAN_POINT('',(0.00099995,0.00578076916403662,-0.00575537852824652));
#10712=CARTESIAN_POINT('',(0.001,0.00578076901637091,-0.0057553786404038));
#10713=CARTESIAN_POINT('',(0.001,0.00574046358827723,-0.00570646113247118));
#10714=CARTESIAN_POINT('',(0.001,0.00573224437918729,-0.00569288495067305));
#10715=CARTESIAN_POINT('',(0.001,0.00570759209595694,-0.00563298065136915));
#10716=CARTESIAN_POINT('',(0.00099995,0.00570759228242711,-0.00563298063217562));
#10717=CARTESIAN_POINT('',(0.001,0.00570759209595694,-0.00563298065136915));
#10718=CARTESIAN_POINT('',(0.001,0.00568728726011114,-0.00556646579138799));
#10719=CARTESIAN_POINT('',(0.001,0.00568439899903046,-0.00554922737389426));
#10720=CARTESIAN_POINT('',(0.001,0.00568191992841734,-0.00547817569147593));
#10721=CARTESIAN_POINT('',(0.00099995,0.00568192010285044,-0.00547817570162338));
#10722=CARTESIAN_POINT('',(0.001,0.00568191992841734,-0.00547817569147593));
#10723=CARTESIAN_POINT('',(0.001,0.00568457324096818,-0.00540458505063679));
#10724=CARTESIAN_POINT('',(0.001,0.00568728035619358,-0.00538622542340091));
#10725=CARTESIAN_POINT('',(0.001,0.00570916141174807,-0.00531434889804369));
#10726=CARTESIAN_POINT('',(0.00099995,0.0057091615943009,-0.00531434892656362));
#10727=CARTESIAN_POINT('',(0.001,0.00570916141174807,-0.00531434889804369));
#10728=CARTESIAN_POINT('',(0.001,0.00573493675555242,-0.00525127591339178));
#10729=CARTESIAN_POINT('',(0.001,0.00574338113230971,-0.00523640251595346));
#10730=CARTESIAN_POINT('',(0.001,0.00578730250500216,-0.00518248017798906));
#10731=CARTESIAN_POINT('',(0.00099995,0.0057873026492616,-0.00518248029355023));
#10732=CARTESIAN_POINT('',(0.001,0.00578730250500216,-0.00518248017798906));
#10733=CARTESIAN_POINT('',(0.001,0.00583542717091684,-0.00513506613510507));
#10734=CARTESIAN_POINT('',(0.001,0.00584909245981086,-0.00512514075821049));
#10735=CARTESIAN_POINT('',(0.001,0.00591085861228479,-0.00509430613290316));
#10736=CARTESIAN_POINT('',(0.00099995,0.00591085867852662,-0.00509430630421291));
#10737=CARTESIAN_POINT('',(0.001,0.00591085861228479,-0.00509430613290316));
#10738=CARTESIAN_POINT('',(0.001,0.00597984742142675,-0.00506883017063345));
#10739=CARTESIAN_POINT('',(0.001,0.00599791962962045,-0.0050652375857772));
#10740=CARTESIAN_POINT('',(0.001,0.00607306147717012,-0.00506219286393171));
#10741=CARTESIAN_POINT('',(0.00099995,0.0060730614389941,-0.00506219303877394));
#10742=CARTESIAN_POINT('',(0.001,0.00607306147717012,-0.00506219286393171));
#10743=CARTESIAN_POINT('',(0.001,0.00615624425948678,-0.00506551561682521));
#10744=CARTESIAN_POINT('',(0.001,0.00617674222660847,-0.00506894385301783));
#10745=CARTESIAN_POINT('',(0.001,0.00625662674173747,-0.0050953508607061));
#10746=CARTESIAN_POINT('',(0.00099995,0.00625662665153708,-0.00509535113357303));
#10747=CARTESIAN_POINT('',(0.001,0.00625662694476618,-0.00509535113357302));
#10748=CARTESIAN_POINT('',(0.001,0.00625662694476618,-0.0051262402899517));
#10749=CARTESIAN_POINT('',(0.001,0.00625662694476618,-0.00515712944633038));
#10750=CARTESIAN_POINT('',(0.001,0.00625662694476618,-0.00518801860270906));
#10751=CARTESIAN_POINT('',(0.00099995,0.00625662660999997,-0.00518801860270907));
#10752=CARTESIAN_POINT('',(0.001,0.0062566264907399,-0.0051880189155112));
#10753=CARTESIAN_POINT('',(0.001,0.00617764591003603,-0.00515790624129716));
#10754=CARTESIAN_POINT('',(0.001,0.00615706802225666,-0.00515294772780936));
#10755=CARTESIAN_POINT('',(0.001,0.00607193688653482,-0.005147593206873));
#10756=CARTESIAN_POINT('',(0.00099995,0.00607193687653534,-0.00514759338742569));
#10757=CARTESIAN_POINT('',(0.001,0.00607193688653482,-0.005147593206873));
#10758=CARTESIAN_POINT('',(0.001,0.00601509079204974,-0.00514968115970918));
#10759=CARTESIAN_POINT('',(0.001,0.00600090712382763,-0.00515199333287306));
#10760=CARTESIAN_POINT('',(0.001,0.0059465050210811,-0.00517188068400866));
#10761=CARTESIAN_POINT('',(0.00099995,0.00594650508304543,-0.00517188085875356));
#10762=CARTESIAN_POINT('',(0.001,0.0059465050210811,-0.00517188068400866));
#10763=CARTESIAN_POINT('',(0.001,0.00590101064286341,-0.00519484692505491));
#10764=CARTESIAN_POINT('',(0.001,0.00589059046957175,-0.00520218680864208));
#10765=CARTESIAN_POINT('',(0.001,0.00585430684290899,-0.0052394767470265));
#10766=CARTESIAN_POINT('',(0.00099995,0.00585430700388121,-0.00523947684402128));
#10767=CARTESIAN_POINT('',(0.001,0.00585430684290899,-0.0052394767470265));
#10768=CARTESIAN_POINT('',(0.001,0.00582234218200403,-0.00528085160774575));
#10769=CARTESIAN_POINT('',(0.001,0.00581590870988489,-0.00529226533050752));
#10770=CARTESIAN_POINT('',(0.001,0.00579689490400328,-0.00534221146177298));
#10771=CARTESIAN_POINT('',(0.00099995,0.00579689509554438,-0.00534221146149096));
#10772=CARTESIAN_POINT('',(0.001,0.00579689490400328,-0.00534221146177298));
#10773=CARTESIAN_POINT('',(0.001,0.00578107497067951,-0.00539853814885267));
#10774=CARTESIAN_POINT('',(0.001,0.00577885527558533,-0.00541310502277696));
#10775=CARTESIAN_POINT('',(0.001,0.0057769882937528,-0.0054728968806172));
#10776=CARTESIAN_POINT('',(0.00099995,0.0057769884670382,-0.00547289685965601));
#10777=CARTESIAN_POINT('',(0.001,0.0057769882937528,-0.0054728968806172));
#10778=CARTESIAN_POINT('',(0.001,0.00577868893019711,-0.00552647502512276));
#10779=CARTESIAN_POINT('',(0.001,0.00578044144758572,-0.005539902134793));
#10780=CARTESIAN_POINT('',(0.001,0.00579472551845087,-0.00559268902908808));
#10781=CARTESIAN_POINT('',(0.00099995,0.00579472571237887,-0.00559268904055717));
#10782=CARTESIAN_POINT('',(0.001,0.00579472551845087,-0.00559268902908808));
#10783=CARTESIAN_POINT('',(0.001,0.00581163759877623,-0.00563880824912261));
#10784=CARTESIAN_POINT('',(0.001,0.00581730736063594,-0.00564976636381447));
#10785=CARTESIAN_POINT('',(0.001,0.00584736223124041,-0.00568989325236326));
#10786=CARTESIAN_POINT('',(0.00099995,0.00584736239104057,-0.00568989315623151));
#10787=CARTESIAN_POINT('',(0.001,0.00584736223124041,-0.00568989325236326));
#10788=CARTESIAN_POINT('',(0.001,0.00588038456730646,-0.00572510956991382));
#10789=CARTESIAN_POINT('',(0.001,0.00588988962307493,-0.00573252553238557));
#10790=CARTESIAN_POINT('',(0.001,0.00593343402050508,-0.00575570594440943));
#10791=CARTESIAN_POINT('',(0.001,0.00851211691998019,-0.00505843307744509));
#10792=CARTESIAN_POINT('',(0.001,0.00852369816572553,-0.00505843307744509));
#10793=CARTESIAN_POINT('',(0.001,0.00853527941147087,-0.00505843307744509));
#10794=CARTESIAN_POINT('',(0.001,0.00854686065721621,-0.00505843307744509));
#10795=CARTESIAN_POINT('',(0.00099995,0.0085121170156038,-0.00505843334190024));
#10796=CARTESIAN_POINT('',(0.00099995,0.00854686065721621,-0.00505843338994509));
#10797=CARTESIAN_POINT('',(0.001,0.00854686106346621,-0.00505843338994509));
#10798=CARTESIAN_POINT('',(0.001,0.00854686106346621,-0.00532287003255691));
#10799=CARTESIAN_POINT('',(0.001,0.00854686106346621,-0.00558730667516873));
#10800=CARTESIAN_POINT('',(0.001,0.00854686106346621,-0.00585174331778055));
#10801=CARTESIAN_POINT('',(0.00099995,0.00854686075096621,-0.00585174331778055));
#10802=CARTESIAN_POINT('',(0.001,0.00854686075096621,-0.00585174363028055));
#10803=CARTESIAN_POINT('',(0.001,0.00851696187870516,-0.00585174363028055));
#10804=CARTESIAN_POINT('',(0.001,0.00848706300644411,-0.00585174363028055));
#10805=CARTESIAN_POINT('',(0.001,0.00845716413418306,-0.00585174363028055));
#10806=CARTESIAN_POINT('',(0.00099995,0.00845716413418306,-0.00585174331778055));
#10807=CARTESIAN_POINT('',(0.001,0.00845716382168306,-0.00585174331778055));
#10808=CARTESIAN_POINT('',(0.001,0.00845716382168306,-0.00562679074999383));
#10809=CARTESIAN_POINT('',(0.001,0.00845716382168306,-0.00540183818220711));
#10810=CARTESIAN_POINT('',(0.001,0.00845716382168306,-0.0051768856144204));
#10811=CARTESIAN_POINT('',(0.00099995,0.00845716314736118,-0.0051768856144204));
#10812=CARTESIAN_POINT('',(0.001,0.008457162719545,-0.00517688545583528));
#10813=CARTESIAN_POINT('',(0.001,0.00845160915151099,-0.00519186826507022));
#10814=CARTESIAN_POINT('',(0.001,0.00844867197053902,-0.00519556684182662));
#10815=CARTESIAN_POINT('',(0.001,0.0084324501252787,-0.00520578803892966));
#10816=CARTESIAN_POINT('',(0.00099995,0.00843230090011242,-0.0052058818076157));
#10817=CARTESIAN_POINT('',(0.001,0.00843215638511259,-0.00520597318267435));
#10818=CARTESIAN_POINT('',(0.001,0.00841653504315504,-0.0052158175623446));
#10819=CARTESIAN_POINT('',(0.001,0.00840072749727355,-0.00522515168023214));
#10820=CARTESIAN_POINT('',(0.001,0.00838473374746813,-0.00523397553633696));
#10821=CARTESIAN_POINT('',(0.00099995,0.00838473343053051,-0.0052339755055672));
#10822=CARTESIAN_POINT('',(0.001,0.00838473351127124,-0.00523397565990319));
#10823=CARTESIAN_POINT('',(0.001,0.00836885587259984,-0.0052422820316653));
#10824=CARTESIAN_POINT('',(0.001,0.00835270766228743,-0.00525005468450796));
#10825=CARTESIAN_POINT('',(0.001,0.00833628888033403,-0.00525729361843115));
#10826=CARTESIAN_POINT('',(0.00099995,0.00833628790928855,-0.0052572938119486));
#10827=CARTESIAN_POINT('',(0.001,0.0083362879693083,-0.00525729396825533));
#10828=CARTESIAN_POINT('',(0.001,0.00831716848192052,-0.00526463562150339));
#10829=CARTESIAN_POINT('',(0.001,0.00829712526711028,-0.00527067936098644));
#10830=CARTESIAN_POINT('',(0.001,0.00827615832487758,-0.00527542518670448));
#10831=CARTESIAN_POINT('',(0.00099995,0.00827615825284309,-0.00527542486845719));
#10832=CARTESIAN_POINT('',(0.001,0.00827615792654528,-0.00527542486845719));
#10833=CARTESIAN_POINT('',(0.001,0.00827615792654528,-0.00524940603188142));
#10834=CARTESIAN_POINT('',(0.001,0.00827615792654528,-0.00522338719530566));
#10835=CARTESIAN_POINT('',(0.001,0.00827615792654528,-0.00519736835872989));
#10836=CARTESIAN_POINT('',(0.00099995,0.00827615821840155,-0.0051973683587299));
#10837=CARTESIAN_POINT('',(0.001,0.00827615812199797,-0.00519736808325576));
#10838=CARTESIAN_POINT('',(0.001,0.00833301658898678,-0.00517747022060982));
#10839=CARTESIAN_POINT('',(0.001,0.00834696895394057,-0.00517133546661305));
#10840=CARTESIAN_POINT('',(0.001,0.00840037263627532,-0.00514088368795208));
#10841=CARTESIAN_POINT('',(0.00099995,0.00840037254673576,-0.00514088353092585));
#10842=CARTESIAN_POINT('',(0.001,0.0084003728141643,-0.00514088358651644));
#10843=CARTESIAN_POINT('',(0.001,0.00845163193853106,-0.00510756736624562));
#10844=CARTESIAN_POINT('',(0.001,0.00846408554540369,-0.00509839370528626));
#10845=CARTESIAN_POINT('',(0.001,0.00851211691998018,-0.00505843307744509));
#10846=CARTESIAN_POINT('',(0.001,0.00648758416641153,-0.0071095145499789));
#10847=CARTESIAN_POINT('',(0.001,0.0065889186510561,-0.0071095145499789));
#10848=CARTESIAN_POINT('',(0.001,0.00669025313570067,-0.0071095145499789));
#10849=CARTESIAN_POINT('',(0.001,0.00679158762034524,-0.0071095145499789));
#10850=CARTESIAN_POINT('',(0.00099995,0.00648758416641153,-0.0071095142999789));
#10851=CARTESIAN_POINT('',(0.00099995,0.00679158762034524,-0.0071095147999789));
#10852=CARTESIAN_POINT('',(0.001,0.00679158787034524,-0.0071095147999789));
#10853=CARTESIAN_POINT('',(0.001,0.00679158787034524,-0.00713798143912793));
#10854=CARTESIAN_POINT('',(0.001,0.00679158787034524,-0.00716644807827696));
#10855=CARTESIAN_POINT('',(0.001,0.00679158787034524,-0.00719491471742599));
#10856=CARTESIAN_POINT('',(0.00099995,0.00679158762034524,-0.00719491471742599));
#10857=CARTESIAN_POINT('',(0.001,0.00679158762034524,-0.00719491496742599));
#10858=CARTESIAN_POINT('',(0.001,0.00665963790529931,-0.00719491496742599));
#10859=CARTESIAN_POINT('',(0.001,0.00652768819025339,-0.00719491496742599));
#10860=CARTESIAN_POINT('',(0.001,0.00639573847520746,-0.00719491496742599));
#10861=CARTESIAN_POINT('',(0.00099995,0.00639573847520746,-0.00719491471742599));
#10862=CARTESIAN_POINT('',(0.001,0.00639573822520746,-0.00719491471742599));
#10863=CARTESIAN_POINT('',(0.001,0.00639573822520746,-0.0069360281693163));
#10864=CARTESIAN_POINT('',(0.001,0.00639573822520746,-0.00667714162120661));
#10865=CARTESIAN_POINT('',(0.001,0.00639573822520746,-0.00641825507309692));
#10866=CARTESIAN_POINT('',(0.00099995,0.00639573847520746,-0.00641825507309692));
#10867=CARTESIAN_POINT('',(0.001,0.00639573847520746,-0.00641825482309692));
#10868=CARTESIAN_POINT('',(0.001,0.00642635353894215,-0.00641825482309692));
#10869=CARTESIAN_POINT('',(0.001,0.00645696860267684,-0.00641825482309692));
#10870=CARTESIAN_POINT('',(0.001,0.00648758366641153,-0.00641825482309692));
#10871=CARTESIAN_POINT('',(0.00099995,0.00648758366641153,-0.00641825507309692));
#10872=CARTESIAN_POINT('',(0.001,0.00648758391641153,-0.00641825507309692));
#10873=CARTESIAN_POINT('',(0.001,0.00648758391641153,-0.00664867481539091));
#10874=CARTESIAN_POINT('',(0.001,0.00648758391641153,-0.0068790945576849));
#10875=CARTESIAN_POINT('',(0.001,0.00648758391641153,-0.0071095142999789));
#10876=CARTESIAN_POINT('',(0.001,0.00932724734819741,-0.00697498979882239));
#10877=CARTESIAN_POINT('',(0.001,0.00931258042704643,-0.00703349827091011));
#10878=CARTESIAN_POINT('',(0.001,0.00930741598198106,-0.00704799682977892));
#10879=CARTESIAN_POINT('',(0.001,0.0092780559768535,-0.00710185237289302));
#10880=CARTESIAN_POINT('',(0.00099995,0.00932724717980784,-0.00697498975661063));
#10881=CARTESIAN_POINT('',(0.00099995,0.00927805576700406,-0.00710185236356546));
#10882=CARTESIAN_POINT('',(0.001,0.0092780559127761,-0.00710185246498892));
#10883=CARTESIAN_POINT('',(0.001,0.00924926109321456,-0.00714323810622597));
#10884=CARTESIAN_POINT('',(0.001,0.00924053391725409,-0.00715234028409601));
#10885=CARTESIAN_POINT('',(0.001,0.00919774110220445,-0.00718081161440246));
#10886=CARTESIAN_POINT('',(0.00099995,0.0091977410054219,-0.00718081145278248));
#10887=CARTESIAN_POINT('',(0.001,0.00919774110220445,-0.00718081161440246));
#10888=CARTESIAN_POINT('',(0.001,0.00915231711834017,-0.00720215715993231));
#10889=CARTESIAN_POINT('',(0.001,0.00914020719323284,-0.00720519540405421));
#10890=CARTESIAN_POINT('',(0.001,0.00908894712828172,-0.00720780558944576));
#10891=CARTESIAN_POINT('',(0.00099995,0.00908894712920187,-0.00720780541509914));
#10892=CARTESIAN_POINT('',(0.001,0.00908894712828172,-0.00720780558944576));
#10893=CARTESIAN_POINT('',(0.001,0.00904171928918067,-0.00720535348891289));
#10894=CARTESIAN_POINT('',(0.001,0.00903019251971898,-0.00720282226912828));
#10895=CARTESIAN_POINT('',(0.001,0.00898661936424745,-0.00718216285169952));
#10896=CARTESIAN_POINT('',(0.00099995,0.00898661946812093,-0.00718216269445913));
#10897=CARTESIAN_POINT('',(0.001,0.00898661936424745,-0.00718216285169952));
#10898=CARTESIAN_POINT('',(0.001,0.0089470796164468,-0.00715574987617604));
#10899=CARTESIAN_POINT('',(0.001,0.00893860488106044,-0.00714746756557347));
#10900=CARTESIAN_POINT('',(0.001,0.00891070247783789,-0.00710764319810267));
#10901=CARTESIAN_POINT('',(0.00099995,0.0089107026243816,-0.00710764309542891));
#10902=CARTESIAN_POINT('',(0.001,0.00891070241831315,-0.00710764311314456));
#10903=CARTESIAN_POINT('',(0.001,0.00888328662975767,-0.00705755793373837));
#10904=CARTESIAN_POINT('',(0.001,0.00887816140961101,-0.00704399496304635));
#10905=CARTESIAN_POINT('',(0.001,0.00886402845094261,-0.00698722164897017));
#10906=CARTESIAN_POINT('',(0.00099995,0.00886402861921379,-0.00698722160708153));
#10907=CARTESIAN_POINT('',(0.001,0.00886402840517534,-0.00698722146511905));
#10908=CARTESIAN_POINT('',(0.001,0.0088510918401745,-0.00691552342337549));
#10909=CARTESIAN_POINT('',(0.001,0.00884941157202596,-0.00689701004614981));
#10910=CARTESIAN_POINT('',(0.001,0.00884817953012956,-0.00682239607036941));
#10911=CARTESIAN_POINT('',(0.00099995,0.00884817968878614,-0.00682239513862717));
#10912=CARTESIAN_POINT('',(0.001,0.00884817954606593,-0.00682239513619642));
#10913=CARTESIAN_POINT('',(0.001,0.00884939571372428,-0.00675110508100686));
#10914=CARTESIAN_POINT('',(0.001,0.00884893340793876,-0.00669330648898554));
#10915=CARTESIAN_POINT('',(0.001,0.00888273467522105,-0.00658087731178154));
#10916=CARTESIAN_POINT('',(0.001,0.0088992119596242,-0.00654489964900951));
#10917=CARTESIAN_POINT('',(0.001,0.00891397530935777,-0.00651168249607913));
#10918=CARTESIAN_POINT('',(0.00099995,0.00891397555006854,-0.00651168249473789));
#10919=CARTESIAN_POINT('',(0.001,0.00891397540225357,-0.00651168237822566));
#10920=CARTESIAN_POINT('',(0.001,0.00897847308236436,-0.00642985656463754));
#10921=CARTESIAN_POINT('',(0.001,0.00899932080516592,-0.00641724344168271));
#10922=CARTESIAN_POINT('',(0.001,0.00910526181362642,-0.00640536420107715));
#10923=CARTESIAN_POINT('',(0.00099995,0.00910526183003463,-0.00640536443288584));
#10924=CARTESIAN_POINT('',(0.001,0.00910526181362642,-0.00640536420107715));
#10925=CARTESIAN_POINT('',(0.001,0.00916143089340709,-0.00642684661254751));
#10926=CARTESIAN_POINT('',(0.001,0.00922851062840563,-0.00645221752796562));
#10927=CARTESIAN_POINT('',(0.001,0.0093211785541507,-0.00653369492762194));
#10928=CARTESIAN_POINT('',(0.001,0.00934399240294998,-0.00666750935704805));
#10929=CARTESIAN_POINT('',(0.001,0.00934431399823651,-0.00673884935698413));
#10930=CARTESIAN_POINT('',(0.001,0.00934393133714348,-0.00680341943654797));
#10931=CARTESIAN_POINT('',(0.00099995,0.00934393121019168,-0.00680341943578926));
#10932=CARTESIAN_POINT('',(0.001,0.00934393132828248,-0.00680342093170516));
#10933=CARTESIAN_POINT('',(0.001,0.00934263728998444,-0.00687945268755972));
#10934=CARTESIAN_POINT('',(0.001,0.00934109797844339,-0.00689889175124703));
#10935=CARTESIAN_POINT('',(0.001,0.0093272473921634,-0.00697498962343566));
#10936=CARTESIAN_POINT('',(0.001,0.00802093471191896,-0.00718971170545451));
#10937=CARTESIAN_POINT('',(0.001,0.00797185657534271,-0.00720426174809568));
#10938=CARTESIAN_POINT('',(0.001,0.00795908664621403,-0.0072062350122928));
#10939=CARTESIAN_POINT('',(0.001,0.00790672774218095,-0.00720780558944576));
#10940=CARTESIAN_POINT('',(0.00099995,0.00802093468794952,-0.00718971152068018));
#10941=CARTESIAN_POINT('',(0.00099995,0.00790672765149819,-0.0072078054254364));
#10942=CARTESIAN_POINT('',(0.001,0.00790672774218095,-0.00720780558944576));
#10943=CARTESIAN_POINT('',(0.001,0.00783422982545998,-0.00720560172028365));
#10944=CARTESIAN_POINT('',(0.001,0.00781591582719467,-0.00720263430861674));
#10945=CARTESIAN_POINT('',(0.001,0.00774817984105778,-0.00717417753394658));
#10946=CARTESIAN_POINT('',(0.00099995,0.00774817993510211,-0.00717417731009214));
#10947=CARTESIAN_POINT('',(0.001,0.00774817968510164,-0.00717417731009214));
#10948=CARTESIAN_POINT('',(0.001,0.00774817968510164,-0.00714385040289123));
#10949=CARTESIAN_POINT('',(0.001,0.00774817968510164,-0.00711352349569032));
#10950=CARTESIAN_POINT('',(0.001,0.00774817968510164,-0.00708319658848941));
#10951=CARTESIAN_POINT('',(0.00099995,0.00774817993510211,-0.00708319658848941));
#10952=CARTESIAN_POINT('',(0.001,0.00774818004204812,-0.00708319636251913));
#10953=CARTESIAN_POINT('',(0.001,0.00781579156054274,-0.00711519541031132));
#10954=CARTESIAN_POINT('',(0.001,0.00783402032472297,-0.00712123168203319));
#10955=CARTESIAN_POINT('',(0.001,0.00790942991875184,-0.00712831340790622));
#10956=CARTESIAN_POINT('',(0.00099995,0.00790942987894862,-0.00712831321787451));
#10957=CARTESIAN_POINT('',(0.001,0.00790942991875184,-0.00712831340790622));
#10958=CARTESIAN_POINT('',(0.001,0.00794254261265709,-0.00712728989219154));
#10959=CARTESIAN_POINT('',(0.001,0.00795094411612132,-0.00712618879324124));
#10960=CARTESIAN_POINT('',(0.001,0.00798356379173768,-0.00711637109578483));
#10961=CARTESIAN_POINT('',(0.00099995,0.00798356376144126,-0.0071163709137075));
#10962=CARTESIAN_POINT('',(0.001,0.00798356379173768,-0.00711637109578483));
#10963=CARTESIAN_POINT('',(0.001,0.00801010187500647,-0.00710547906809004));
#10964=CARTESIAN_POINT('',(0.001,0.00801644556255121,-0.0071019136273824));
#10965=CARTESIAN_POINT('',(0.001,0.00803908313416017,-0.00708294443846576));
#10966=CARTESIAN_POINT('',(0.00099995,0.00803908301110253,-0.00708294429973776));
#10967=CARTESIAN_POINT('',(0.001,0.00803908313416017,-0.00708294443846576));
#10968=CARTESIAN_POINT('',(0.001,0.00805807357176765,-0.0070627403249023));
#10969=CARTESIAN_POINT('',(0.001,0.00806211025890511,-0.00705698636404677));
#10970=CARTESIAN_POINT('',(0.001,0.00807416732214464,-0.00703071475089423));
#10971=CARTESIAN_POINT('',(0.00099995,0.0080741671462998,-0.00703071470114095));
#10972=CARTESIAN_POINT('',(0.001,0.00807416732214464,-0.00703071475089423));
#10973=CARTESIAN_POINT('',(0.001,0.00808394086803689,-0.00700177409424239));
#10974=CARTESIAN_POINT('',(0.001,0.00808537333577047,-0.00699419511097757));
#10975=CARTESIAN_POINT('',(0.001,0.00808655853174699,-0.00696267388821475));
#10976=CARTESIAN_POINT('',(0.00099995,0.00808655836124292,-0.00696267373241772));
#10977=CARTESIAN_POINT('',(0.001,0.00808655852179344,-0.00696267372275938));
#10978=CARTESIAN_POINT('',(0.001,0.0080829740972429,-0.00690309087671489));
#10979=CARTESIAN_POINT('',(0.001,0.00807860933868434,-0.00688916960786705));
#10980=CARTESIAN_POINT('',(0.001,0.00803881461523546,-0.00684368319869869));
#10981=CARTESIAN_POINT('',(0.00099995,0.00803881449790068,-0.00684368337476834));
#10982=CARTESIAN_POINT('',(0.001,0.00803881461523546,-0.00684368319869869));
#10983=CARTESIAN_POINT('',(0.001,0.00798187674573635,-0.00680877300726492));
#10984=CARTESIAN_POINT('',(0.001,0.00796502560134196,-0.00680473639270009));
#10985=CARTESIAN_POINT('',(0.001,0.00789569343031728,-0.00680282515801048));
#10986=CARTESIAN_POINT('',(0.00099995,0.00789569342627365,-0.00680282530476531));
#10987=CARTESIAN_POINT('',(0.001,0.00789569164417756,-0.00680282510877483));
#10988=CARTESIAN_POINT('',(0.001,0.00785644930921936,-0.00680378395032625));
#10989=CARTESIAN_POINT('',(0.001,0.00781461926193304,-0.00680589042117947));
#10990=CARTESIAN_POINT('',(0.001,0.0077702015023186,-0.00680914452133447));
#10991=CARTESIAN_POINT('',(0.00099995,0.00777020148405232,-0.00680914427200267));
#10992=CARTESIAN_POINT('',(0.001,0.00777020123451309,-0.00680914425683007));
#10993=CARTESIAN_POINT('',(0.001,0.0077781235753298,-0.00667884785719482));
#10994=CARTESIAN_POINT('',(0.001,0.00778604591614652,-0.00654855145755957));
#10995=CARTESIAN_POINT('',(0.001,0.00779396825696323,-0.00641825505792433));
#10996=CARTESIAN_POINT('',(0.00099995,0.00779396850650239,-0.00641825507309692));
#10997=CARTESIAN_POINT('',(0.001,0.0077939685065024,-0.00641825482309692));
#10998=CARTESIAN_POINT('',(0.001,0.00791065536441474,-0.00641825482309692));
#10999=CARTESIAN_POINT('',(0.001,0.00802734222232708,-0.00641825482309692));
#11000=CARTESIAN_POINT('',(0.001,0.00814402908023942,-0.00641825482309692));
#11001=CARTESIAN_POINT('',(0.00099995,0.00814402908023942,-0.00641825507309692));
#11002=CARTESIAN_POINT('',(0.001,0.00814402933023942,-0.00641825507309692));
#11003=CARTESIAN_POINT('',(0.001,0.00814402933023942,-0.00644582652498723));
#11004=CARTESIAN_POINT('',(0.001,0.00814402933023942,-0.00647339797687754));
#11005=CARTESIAN_POINT('',(0.001,0.00814402933023942,-0.00650096942876785));
#11006=CARTESIAN_POINT('',(0.00099995,0.00814402908023942,-0.00650096942876785));
#11007=CARTESIAN_POINT('',(0.001,0.00814402908023942,-0.00650096967876785));
#11008=CARTESIAN_POINT('',(0.001,0.00805340604157649,-0.00650096967876785));
#11009=CARTESIAN_POINT('',(0.001,0.00796278300291357,-0.00650096967876785));
#11010=CARTESIAN_POINT('',(0.001,0.00787215996425064,-0.00650096967876785));
#11011=CARTESIAN_POINT('',(0.00099995,0.00787215996425064,-0.00650096992876785));
#11012=CARTESIAN_POINT('',(0.001,0.00787215971480846,-0.0065009699120765));
#11013=CARTESIAN_POINT('',(0.001,0.00786717747355998,-0.00657542651886593));
#11014=CARTESIAN_POINT('',(0.001,0.00786219523231149,-0.00664988312565537));
#11015=CARTESIAN_POINT('',(0.001,0.007857212991063,-0.0067243397324448));
#11016=CARTESIAN_POINT('',(0.00099995,0.00785721324050523,-0.00672433974913615));
#11017=CARTESIAN_POINT('',(0.001,0.0078572132611034,-0.00672433999828616));
#11018=CARTESIAN_POINT('',(0.001,0.00787820744479443,-0.00672260432357216));
#11019=CARTESIAN_POINT('',(0.001,0.00789862591279623,-0.00672155250825017));
#11020=CARTESIAN_POINT('',(0.001,0.00791846866510881,-0.00672118455232017));
#11021=CARTESIAN_POINT('',(0.00099995,0.00791846995363231,-0.00672118474810228));
#11022=CARTESIAN_POINT('',(0.001,0.00791846995806665,-0.0067211845881832));
#11023=CARTESIAN_POINT('',(0.001,0.00796761799426118,-0.00672254784192777));
#11024=CARTESIAN_POINT('',(0.001,0.0079800249729708,-0.00672408769526016));
#11025=CARTESIAN_POINT('',(0.001,0.00802824879787935,-0.00673750758231513));
#11026=CARTESIAN_POINT('',(0.00099995,0.00802824878977054,-0.00673750777117591));
#11027=CARTESIAN_POINT('',(0.001,0.00802824879787935,-0.00673750758231513));
#11028=CARTESIAN_POINT('',(0.001,0.00806733195105263,-0.00675249327548678));
#11029=CARTESIAN_POINT('',(0.001,0.00807659749375447,-0.00675750450184636));
#11030=CARTESIAN_POINT('',(0.001,0.00810977185867799,-0.00678434103787772));
#11031=CARTESIAN_POINT('',(0.00099995,0.00810977174208614,-0.00678434118274381));
#11032=CARTESIAN_POINT('',(0.001,0.00810977185867799,-0.00678434103787772));
#11033=CARTESIAN_POINT('',(0.001,0.0081374593093982,-0.00681302187551266));
#11034=CARTESIAN_POINT('',(0.001,0.0081432106416623,-0.00682121736861203));
#11035=CARTESIAN_POINT('',(0.001,0.00816015506886018,-0.00685870967865817));
#11036=CARTESIAN_POINT('',(0.00099995,0.0081601548860948,-0.00685870971385864));
#11037=CARTESIAN_POINT('',(0.001,0.00816015506886018,-0.00685870967865817));
#11038=CARTESIAN_POINT('',(0.001,0.00817385310390718,-0.0069007307105429));
#11039=CARTESIAN_POINT('',(0.001,0.00817575534420873,-0.00691168043582276));
#11040=CARTESIAN_POINT('',(0.001,0.00817733014725221,-0.0069568580395066));
#11041=CARTESIAN_POINT('',(0.00099995,0.00817732997483117,-0.00695685804015935));
#11042=CARTESIAN_POINT('',(0.001,0.00817733014725221,-0.0069568580395066));
#11043=CARTESIAN_POINT('',(0.001,0.00817560416601615,-0.00700281474329432));
#11044=CARTESIAN_POINT('',(0.001,0.00817381190700545,-0.00701426257792348));
#11045=CARTESIAN_POINT('',(0.001,0.0081591143717624,-0.00705880388677947));
#11046=CARTESIAN_POINT('',(0.00099995,0.00815911419130697,-0.00705880384728553));
#11047=CARTESIAN_POINT('',(0.001,0.0081591143717624,-0.00705880388677947));
#11048=CARTESIAN_POINT('',(0.001,0.00814159150090785,-0.00709766694068173));
#11049=CARTESIAN_POINT('',(0.001,0.0081358445289374,-0.00710664702195744));
#11050=CARTESIAN_POINT('',(0.001,0.00810610438488496,-0.00713843032778137));
#11051=CARTESIAN_POINT('',(0.00099995,0.0081061042630438,-0.00713843018830049));
#11052=CARTESIAN_POINT('',(0.001,0.00810610438488496,-0.00713843032778137));
#11053=CARTESIAN_POINT('',(0.001,0.0080722916943948,-0.00716693678964309));
#11054=CARTESIAN_POINT('',(0.001,0.00806281698289382,-0.00717266835596849));
#11055=CARTESIAN_POINT('',(0.001,0.00802093471191896,-0.00718971170545451));
#11056=CARTESIAN_POINT('',(0.001,0.00512923460099495,-0.00641825482309692));
#11057=CARTESIAN_POINT('',(0.001,0.00516318308760513,-0.00641825482309692));
#11058=CARTESIAN_POINT('',(0.001,0.0051971315742153,-0.00641825482309692));
#11059=CARTESIAN_POINT('',(0.001,0.00523108006082548,-0.00641825482309692));
#11060=CARTESIAN_POINT('',(0.00099995,0.00512923460099495,-0.00641825507309692));
#11061=CARTESIAN_POINT('',(0.001,0.00523108006082548,-0.00641825482309692));
#11062=CARTESIAN_POINT('',(0.0009999,0.00523108006082548,-0.00549589803406235));
#11063=CARTESIAN_POINT('',(0.0009999025,0.00523108006082548,-0.00674356764045365));
#11064=CARTESIAN_POINT('',(0.0009999,0.00521989672236217,-0.00675623923600547));
#11065=CARTESIAN_POINT('',(0.00099995,0.00551818544767869,-0.00641825482309692));
#11066=CARTESIAN_POINT('',(0.001,0.00551818544767869,-0.00641825482309692));
#11067=CARTESIAN_POINT('',(0.001,0.00555324844164312,-0.00641825482309692));
#11068=CARTESIAN_POINT('',(0.001,0.00558831143560755,-0.00641825482309692));
#11069=CARTESIAN_POINT('',(0.001,0.00562337442957197,-0.00641825482309692));
#11070=CARTESIAN_POINT('',(0.00099995,0.00562337442957197,-0.00641825507309692));
#11071=CARTESIAN_POINT('',(0.001,0.00562337461789475,-0.00641825523751872));
#11072=CARTESIAN_POINT('',(0.001,0.00551416254295498,-0.00654334279264635));
#11073=CARTESIAN_POINT('',(0.001,0.00540495046801521,-0.00666843034777398));
#11074=CARTESIAN_POINT('',(0.001,0.00529573839307544,-0.00679351790290162));
#11075=CARTESIAN_POINT('',(0.00099995,0.00529573858139822,-0.00679351806732343));
#11076=CARTESIAN_POINT('',(0.001,0.00529573839276553,-0.00679351823138959));
#11077=CARTESIAN_POINT('',(0.001,0.00541211191676954,-0.00692731700537967));
#11078=CARTESIAN_POINT('',(0.001,0.00552848544077355,-0.00706111577936974));
#11079=CARTESIAN_POINT('',(0.001,0.00564485896477756,-0.00719491455335982));
#11080=CARTESIAN_POINT('',(0.00099995,0.00564485877614486,-0.00719491471742599));
#11081=CARTESIAN_POINT('',(0.001,0.00564485877614486,-0.00719491496742599));
#11082=CARTESIAN_POINT('',(0.001,0.00560233194882904,-0.00719491496742599));
#11083=CARTESIAN_POINT('',(0.001,0.00555980512151321,-0.00719491496742599));
#11084=CARTESIAN_POINT('',(0.001,0.00551727829419739,-0.00719491496742599));
#11085=CARTESIAN_POINT('',(0.001,0.00551727829419739,-0.00719491496742599));
#11086=CARTESIAN_POINT('',(0.001,0.00552298476326039,-0.00720147699122517));
#11087=CARTESIAN_POINT('',(0.0009999025,0.00522108006082548,-0.00685430857226228));
#11088=CARTESIAN_POINT('',(0.001,0.00522108006082548,-0.00341953468560389));
#11089=CARTESIAN_POINT('',(0.00099995,0.00522108006082548,-0.00719491496742599));
#11090=CARTESIAN_POINT('',(0.001,0.00522108006082548,-0.00719491496742599));
#11091=CARTESIAN_POINT('',(0.001,0.00519046490754864,-0.00719491496742599));
#11092=CARTESIAN_POINT('',(0.001,0.00515984975427179,-0.00719491496742599));
#11093=CARTESIAN_POINT('',(0.001,0.00512923460099495,-0.00719491496742599));
#11094=CARTESIAN_POINT('',(0.00099995,0.00512923460099495,-0.00719491471742599));
#11095=CARTESIAN_POINT('',(0.001,0.00512923435099495,-0.00719491471742599));
#11096=CARTESIAN_POINT('',(0.001,0.00512923435099495,-0.0069360281693163));
#11097=CARTESIAN_POINT('',(0.001,0.00512923435099495,-0.00667714162120661));
#11098=CARTESIAN_POINT('',(0.001,0.00512923435099495,-0.00641825507309692));
#11099=CARTESIAN_POINT('',(0.001,0.00762085100687358,-0.00563181846167696));
#11100=CARTESIAN_POINT('',(0.001,0.00760618408572268,-0.00569032693376426));
#11101=CARTESIAN_POINT('',(0.001,0.00760101964065742,-0.0057048254926331));
#11102=CARTESIAN_POINT('',(0.001,0.00757165963552965,-0.00575868103574758));
#11103=CARTESIAN_POINT('',(0.00099995,0.00762085083848401,-0.00563181841946519));
#11104=CARTESIAN_POINT('',(0.00099995,0.0075716594256809,-0.00575868102641838));
#11105=CARTESIAN_POINT('',(0.001,0.00757165957145317,-0.00575868112784208));
#11106=CARTESIAN_POINT('',(0.001,0.0075428647717936,-0.00580006671147194));
#11107=CARTESIAN_POINT('',(0.001,0.00753413761234155,-0.00580916889416189));
#11108=CARTESIAN_POINT('',(0.001,0.00749134490989222,-0.00583764027725702));
#11109=CARTESIAN_POINT('',(0.00099995,0.00749134481310862,-0.00583764011563636));
#11110=CARTESIAN_POINT('',(0.001,0.00749134490989222,-0.00583764027725702));
#11111=CARTESIAN_POINT('',(0.001,0.00744592084680371,-0.00585898579641647));
#11112=CARTESIAN_POINT('',(0.001,0.00743381090891077,-0.00586202404757074));
#11113=CARTESIAN_POINT('',(0.001,0.00738255078695788,-0.00586463425230032));
#11114=CARTESIAN_POINT('',(0.00099995,0.00738255078787593,-0.00586463407795371));
#11115=CARTESIAN_POINT('',(0.001,0.00738255078695788,-0.00586463425230032));
#11116=CARTESIAN_POINT('',(0.001,0.00733532300351797,-0.00586218217079786));
#11117=CARTESIAN_POINT('',(0.001,0.0073237962445019,-0.00585965095809478));
#11118=CARTESIAN_POINT('',(0.001,0.00728022317193522,-0.00583899151455408));
#11119=CARTESIAN_POINT('',(0.00099995,0.00728022327580763,-0.00583899135731444));
#11120=CARTESIAN_POINT('',(0.001,0.00728022317193522,-0.00583899151455408));
#11121=CARTESIAN_POINT('',(0.001,0.00724068331543555,-0.00581257859177477));
#11122=CARTESIAN_POINT('',(0.001,0.00723220856012118,-0.00580429628715867));
#11123=CARTESIAN_POINT('',(0.001,0.00720430613651498,-0.00576447186095863));
#11124=CARTESIAN_POINT('',(0.00099995,0.00720430628305844,-0.00576447175828511));
#11125=CARTESIAN_POINT('',(0.001,0.00720430607698931,-0.00576447177599913));
#11126=CARTESIAN_POINT('',(0.001,0.00717689028843377,-0.00571438659659281));
#11127=CARTESIAN_POINT('',(0.001,0.00717176506828717,-0.00570082362590087));
#11128=CARTESIAN_POINT('',(0.001,0.00715763210961876,-0.00564405031182473));
#11129=CARTESIAN_POINT('',(0.00099995,0.00715763227788995,-0.00564405026993609));
#11130=CARTESIAN_POINT('',(0.001,0.00715763206385149,-0.00564405012797361));
#11131=CARTESIAN_POINT('',(0.001,0.0071446954988507,-0.00557235208623022));
#11132=CARTESIAN_POINT('',(0.001,0.00714301523070212,-0.00555383870900484));
#11133=CARTESIAN_POINT('',(0.001,0.00714178318880571,-0.00547922473322397));
#11134=CARTESIAN_POINT('',(0.00099995,0.00714178334746194,-0.00547922380147674));
#11135=CARTESIAN_POINT('',(0.001,0.00714178320474193,-0.00547922379904603));
#11136=CARTESIAN_POINT('',(0.001,0.00714299935494568,-0.00540793372537541));
#11137=CARTESIAN_POINT('',(0.001,0.00714253703000854,-0.00535013511653199));
#11138=CARTESIAN_POINT('',(0.001,0.00717633839014008,-0.00523770595303828));
#11139=CARTESIAN_POINT('',(0.001,0.00719281572353348,-0.00520172830178073));
#11140=CARTESIAN_POINT('',(0.001,0.00720757911704554,-0.0051685111589337));
#11141=CARTESIAN_POINT('',(0.00099995,0.00720757935775647,-0.00516851115759049));
#11142=CARTESIAN_POINT('',(0.001,0.00720757920994188,-0.00516851104107905));
#11143=CARTESIAN_POINT('',(0.001,0.00727207671764077,-0.00508668509885388));
#11144=CARTESIAN_POINT('',(0.001,0.00729292444239611,-0.00507407201064055));
#11145=CARTESIAN_POINT('',(0.001,0.00739886547230257,-0.00506219286393171));
#11146=CARTESIAN_POINT('',(0.00099995,0.00739886548871052,-0.00506219309574018));
#11147=CARTESIAN_POINT('',(0.001,0.00739886547230257,-0.00506219286393171));
#11148=CARTESIAN_POINT('',(0.001,0.00745503455208353,-0.00508367527540218));
#11149=CARTESIAN_POINT('',(0.001,0.00752211428708198,-0.00510904619082024));
#11150=CARTESIAN_POINT('',(0.001,0.00761478221282716,-0.00519052359047696));
#11151=CARTESIAN_POINT('',(0.001,0.0076375960616262,-0.0053243380199036));
#11152=CARTESIAN_POINT('',(0.001,0.00763791765691268,-0.00539567801983991));
#11153=CARTESIAN_POINT('',(0.001,0.00763753499581964,-0.00546024809940419));
#11154=CARTESIAN_POINT('',(0.00099995,0.00763753486886782,-0.00546024809864548));
#11155=CARTESIAN_POINT('',(0.001,0.00763753498695864,-0.00546024959455973));
#11156=CARTESIAN_POINT('',(0.001,0.00763624094866057,-0.00553628135041442));
#11157=CARTESIAN_POINT('',(0.001,0.00763470163711952,-0.00555572041410172));
#11158=CARTESIAN_POINT('',(0.001,0.00762085105083956,-0.00563181828629023));
#11159=CARTESIAN_POINT('',(0.001,0.00421088316444665,-0.00565635459910721));
#11160=CARTESIAN_POINT('',(0.001,0.00430353193675886,-0.00562703041524373));
#11161=CARTESIAN_POINT('',(0.001,0.00432626993037084,-0.00561815308551168));
#11162=CARTESIAN_POINT('',(0.001,0.00441478869152244,-0.00557549529127844));
#11163=CARTESIAN_POINT('',(0.00099995,0.00421088323988557,-0.00565635483745357));
#11164=CARTESIAN_POINT('',(0.00099995,0.00441478858144103,-0.00557549514655273));
#11165=CARTESIAN_POINT('',(0.001,0.00441478869152244,-0.00557549529127844));
#11166=CARTESIAN_POINT('',(0.001,0.00449443602059438,-0.00553273403802045));
#11167=CARTESIAN_POINT('',(0.001,0.00451384117947087,-0.00552081345035868));
#11168=CARTESIAN_POINT('',(0.001,0.00458793422413048,-0.00546738982550867));
#11169=CARTESIAN_POINT('',(0.00099995,0.00458793430486036,-0.00546739007550943));
#11170=CARTESIAN_POINT('',(0.001,0.00458793422413048,-0.00546738982550867));
#11171=CARTESIAN_POINT('',(0.001,0.00464389098131228,-0.00546738982550867));
#11172=CARTESIAN_POINT('',(0.001,0.00469984773849409,-0.00546738982550867));
#11173=CARTESIAN_POINT('',(0.001,0.00475580449567589,-0.00546738982550867));
#11174=CARTESIAN_POINT('',(0.00099995,0.00475580449567589,-0.00546739007550867));
#11175=CARTESIAN_POINT('',(0.001,0.00475580474567589,-0.00546739007550867));
#11176=CARTESIAN_POINT('',(0.001,0.00475580474567589,-0.00589688210428929));
#11177=CARTESIAN_POINT('',(0.001,0.00475580474567589,-0.00632637413306991));
#11178=CARTESIAN_POINT('',(0.001,0.00475580474567589,-0.00675586616185053));
#11179=CARTESIAN_POINT('',(0.00099995,0.00475580449567589,-0.00675586616185053));
#11180=CARTESIAN_POINT('',(0.001,0.00475580449567589,-0.00675586641185053));
#11181=CARTESIAN_POINT('',(0.001,0.00466351958556542,-0.00675586641185053));
#11182=CARTESIAN_POINT('',(0.001,0.00457123467545494,-0.00675586641185053));
#11183=CARTESIAN_POINT('',(0.001,0.00447894976534447,-0.00675586641185053));
#11184=CARTESIAN_POINT('',(0.00099995,0.00447894976534447,-0.00675586616185053));
#11185=CARTESIAN_POINT('',(0.001,0.00447894951534447,-0.00675586616185053));
#11186=CARTESIAN_POINT('',(0.001,0.00447894951534447,-0.00643067116142285));
#11187=CARTESIAN_POINT('',(0.001,0.00447894951534447,-0.00610547616099516));
#11188=CARTESIAN_POINT('',(0.001,0.00447894951534447,-0.00578028116056748));
#11189=CARTESIAN_POINT('',(0.00099995,0.00447894906062104,-0.00578028116056749));
#11190=CARTESIAN_POINT('',(0.001,0.00447894890117654,-0.00578028096801241));
#11191=CARTESIAN_POINT('',(0.001,0.0044566037676339,-0.00579878388872671));
#11192=CARTESIAN_POINT('',(0.001,0.00445057048820373,-0.005803062839403));
#11193=CARTESIAN_POINT('',(0.001,0.00442489675641846,-0.00581851270417457));
#11194=CARTESIAN_POINT('',(0.00099995,0.00442489667072966,-0.00581851256177869));
#11195=CARTESIAN_POINT('',(0.001,0.00442489644718346,-0.00581851289026507));
#11196=CARTESIAN_POINT('',(0.001,0.00440341651367264,-0.00583040299580008));
#11197=CARTESIAN_POINT('',(0.001,0.00438129742867864,-0.00584124282067527));
#11198=CARTESIAN_POINT('',(0.001,0.00435853919220146,-0.00585103236489065));
#11199=CARTESIAN_POINT('',(0.00099995,0.00435853913614227,-0.00585103219934027));
#11200=CARTESIAN_POINT('',(0.001,0.00435853919220146,-0.00585103236489065));
#11201=CARTESIAN_POINT('',(0.001,0.00433468081377325,-0.00586040213264853));
#11202=CARTESIAN_POINT('',(0.001,0.00431036450289068,-0.00586860527155628));
#11203=CARTESIAN_POINT('',(0.001,0.00428559025955376,-0.0058756417816139));
#11204=CARTESIAN_POINT('',(0.00099995,0.00428559013125738,-0.00587564163675691));
#11205=CARTESIAN_POINT('',(0.001,0.00428559025955376,-0.0058756417816139));
#11206=CARTESIAN_POINT('',(0.001,0.00426084035428659,-0.00588183198118868));
#11207=CARTESIAN_POINT('',(0.001,0.00423593802641595,-0.00588666595431507));
#11208=CARTESIAN_POINT('',(0.001,0.00421088327594187,-0.00589014370099308));
#11209=CARTESIAN_POINT('',(0.00099995,0.00421088324141538,-0.00589014345225375));
#11210=CARTESIAN_POINT('',(0.001,0.00421088298988518,-0.00589014345225375));
#11211=CARTESIAN_POINT('',(0.001,0.00421088298988518,-0.00581221391398702));
#11212=CARTESIAN_POINT('',(0.001,0.00421088298988518,-0.00573428437572029));
#11213=CARTESIAN_POINT('',(0.001,0.00421088298988518,-0.00565635483745356));
#11214=CARTESIAN_POINT('',(0.001,0.00013319751453575,-0.00585674524657496));
#11215=CARTESIAN_POINT('',(0.001,0.000213369910340949,-0.00584002509406668));
#11216=CARTESIAN_POINT('',(0.001,0.000233976460597255,-0.00583714391820304));
#11217=CARTESIAN_POINT('',(0.001,0.00031644901466545,-0.00583389371983775));
#11218=CARTESIAN_POINT('',(0.00099995,0.000133197485053457,-0.00585674541537139));
#11219=CARTESIAN_POINT('',(0.00099995,0.000316449510046924,-0.00583389394255436));
#11220=CARTESIAN_POINT('',(0.001,0.000316449531256224,-0.00583389379319849));
#11221=CARTESIAN_POINT('',(0.001,0.000390368774652617,-0.00584439102506875));
#11222=CARTESIAN_POINT('',(0.001,0.000476534213494742,-0.00585731406836504));
#11223=CARTESIAN_POINT('',(0.001,0.000618879750167399,-0.00591558979470673));
#11224=CARTESIAN_POINT('',(0.001,0.000677909204364027,-0.0060587582771108));
#11225=CARTESIAN_POINT('',(0.001,0.000690547305388087,-0.00614238483129437));
#11226=CARTESIAN_POINT('',(0.001,0.000701410242512992,-0.00621797480308455));
#11227=CARTESIAN_POINT('',(0.00099995,0.000701410105966094,-0.00621797482270517));
#11228=CARTESIAN_POINT('',(0.001,0.000701410381318893,-0.00621797576896914));
#11229=CARTESIAN_POINT('',(0.001,0.000701410381318893,-0.00639727254576294));
#11230=CARTESIAN_POINT('',(0.001,0.000701410381318893,-0.00657656932255674));
#11231=CARTESIAN_POINT('',(0.001,0.000701410381318893,-0.00675586609935054));
#11232=CARTESIAN_POINT('',(0.00099995,0.000701410068818893,-0.00675586609935054));
#11233=CARTESIAN_POINT('',(0.001,0.000701410068818893,-0.00675586641185054));
#11234=CARTESIAN_POINT('',(0.001,0.000613812509640223,-0.00675586641185054));
#11235=CARTESIAN_POINT('',(0.001,0.000526214950461553,-0.00675586641185054));
#11236=CARTESIAN_POINT('',(0.001,0.000438617391282882,-0.00675586641185054));
#11237=CARTESIAN_POINT('',(0.00099995,0.000438617391282882,-0.00675586609935054));
#11238=CARTESIAN_POINT('',(0.001,0.000438617078782882,-0.00675586609935054));
#11239=CARTESIAN_POINT('',(0.001,0.000438617078782882,-0.00671279991534162));
#11240=CARTESIAN_POINT('',(0.001,0.000438617078782882,-0.0066697337313327));
#11241=CARTESIAN_POINT('',(0.001,0.000438617078782882,-0.00662666754732379));
#11242=CARTESIAN_POINT('',(0.00099995,0.000438616641282882,-0.00662666754732379));
#11243=CARTESIAN_POINT('',(0.001,0.000438616703782882,-0.00662666723482379));
#11244=CARTESIAN_POINT('',(0.001,0.000437445042534976,-0.00662666723482379));
#11245=CARTESIAN_POINT('',(0.001,0.000436273381287071,-0.00662666723482379));
#11246=CARTESIAN_POINT('',(0.001,0.000435101720039165,-0.00662666723482379));
#11247=CARTESIAN_POINT('',(0.00099995,0.000435101783993931,-0.00662666750181124));
#11248=CARTESIAN_POINT('',(0.001,0.00043510159683403,-0.00662666723482379));
#11249=CARTESIAN_POINT('',(0.001,0.000390362148482721,-0.0066849100651393));
#11250=CARTESIAN_POINT('',(0.001,0.000355302727945173,-0.00673363864649844));
#11251=CARTESIAN_POINT('',(0.001,0.000245244765759819,-0.00676962737091019));
#11252=CARTESIAN_POINT('',(0.001,0.000204377442614502,-0.00677364170397839));
#11253=CARTESIAN_POINT('',(0.001,0.000167035171486852,-0.00677783905684772));
#11254=CARTESIAN_POINT('',(0.00099995,0.000167035152064016,-0.00677783888404963));
#11255=CARTESIAN_POINT('',(0.001,0.00016703507137474,-0.00677783906810054));
#11256=CARTESIAN_POINT('',(0.001,6.64100005703058E-5,-0.00677216354731806));
#11257=CARTESIAN_POINT('',(0.001,4.28248634625629E-5,-0.00676564541568345));
#11258=CARTESIAN_POINT('',(0.001,-3.90682535153963E-5,-0.00670357153169879));
#11259=CARTESIAN_POINT('',(0.00099995,-3.90681130451214E-5,-0.0067035713842317));
#11260=CARTESIAN_POINT('',(0.001,-3.90682535153963E-5,-0.00670357153169879));
#11261=CARTESIAN_POINT('',(0.001,-9.95126338638168E-5,-0.00662719913578319));
#11262=CARTESIAN_POINT('',(0.001,-0.000107681575812559,-0.00660507216215943));
#11263=CARTESIAN_POINT('',(0.001,-0.00011421480941597,-0.00650537804119357));
#11264=CARTESIAN_POINT('',(0.00099995,-0.00011421460577036,-0.00650537793287806));
#11265=CARTESIAN_POINT('',(0.001,-0.000114214780027368,-0.00650537789729049));
#11266=CARTESIAN_POINT('',(0.001,-0.000102924189184891,-0.00645009283889233));
#11267=CARTESIAN_POINT('',(0.001,-8.94389131080596E-5,-0.00638542466010824));
#11268=CARTESIAN_POINT('',(0.001,-3.64991355103317E-5,-0.00627937393016072));
#11269=CARTESIAN_POINT('',(0.001,7.57188071391163E-5,-0.00622962750359312));
#11270=CARTESIAN_POINT('',(0.001,0.000138868151834628,-0.0062153836570748));
#11271=CARTESIAN_POINT('',(0.001,0.000196037472321915,-0.00620303476674296));
#11272=CARTESIAN_POINT('',(0.00099995,0.00019603749941853,-0.00620303489223838));
#11273=CARTESIAN_POINT('',(0.001,0.000196039287568893,-0.00620303437464007));
#11274=CARTESIAN_POINT('',(0.001,0.000277484356679059,-0.0061921945393418));
#11275=CARTESIAN_POINT('',(0.001,0.000358929425789224,-0.00618135470404353));
#11276=CARTESIAN_POINT('',(0.001,0.00044037449489939,-0.00617051486874526));
#11277=CARTESIAN_POINT('',(0.00099995,0.000440374453344131,-0.00617051455651995));
#11278=CARTESIAN_POINT('',(0.001,0.000440374763675946,-0.00617051450262013));
#11279=CARTESIAN_POINT('',(0.001,0.000420013260342742,-0.00605328318953858));
#11280=CARTESIAN_POINT('',(0.001,0.000402289277711788,-0.00603677622435933));
#11281=CARTESIAN_POINT('',(0.001,0.000280414075201673,-0.00602285857616531));
#11282=CARTESIAN_POINT('',(0.00099995,0.000280414056567935,-0.0060228587393419));
#11283=CARTESIAN_POINT('',(0.001,0.000280413834573592,-0.00602285854868659));
#11284=CARTESIAN_POINT('',(0.001,0.00020851021675663,-0.00602866054451002));
#11285=CARTESIAN_POINT('',(0.001,0.000150253806414272,-0.00603238509057314));
#11286=CARTESIAN_POINT('',(0.001,4.11817396519593E-5,-0.0060798508748402));
#11287=CARTESIAN_POINT('',(0.001,6.53893216528564E-6,-0.00610020559630953));
#11288=CARTESIAN_POINT('',(0.001,-2.5444500389389E-5,-0.00611865908316305));
#11289=CARTESIAN_POINT('',(0.00099995,-2.54446721703817E-5,-0.00611865878543029));
#11290=CARTESIAN_POINT('',(0.001,-2.54450159055331E-5,-0.00611865878543029));
#11291=CARTESIAN_POINT('',(0.001,-2.54450159055331E-5,-0.00604893246274112));
#11292=CARTESIAN_POINT('',(0.001,-2.54450159055331E-5,-0.00597920614005196));
#11293=CARTESIAN_POINT('',(0.001,-2.54450159055331E-5,-0.00590947981736279));
#11294=CARTESIAN_POINT('',(0.00099995,-2.54447281863337E-5,-0.0059094798173628));
#11295=CARTESIAN_POINT('',(0.001,-2.54448419048045E-5,-0.00590947955968588));
#11296=CARTESIAN_POINT('',(0.001,4.14479644750225E-5,-0.00587995834167386));
#11297=CARTESIAN_POINT('',(0.001,5.98189194439799E-5,-0.00587417644986461));
#11298=CARTESIAN_POINT('',(0.001,0.00013319751453575,-0.00585674524657496));
#11299=CARTESIAN_POINT('',(0.001,-0.00417432272600952,-0.00585674524657497));
#11300=CARTESIAN_POINT('',(0.001,-0.00409415013662034,-0.0058400250522565));
#11301=CARTESIAN_POINT('',(0.001,-0.00407354355646256,-0.00583714388707868));
#11302=CARTESIAN_POINT('',(0.001,-0.00399107077884499,-0.00583389371983775));
#11303=CARTESIAN_POINT('',(0.00099995,-0.00417432275548961,-0.00585674541537083));
#11304=CARTESIAN_POINT('',(0.00099995,-0.00399107028346252,-0.00583389394255434));
#11305=CARTESIAN_POINT('',(0.001,-0.00399107026225325,-0.00583389379319856));
#11306=CARTESIAN_POINT('',(0.001,-0.00391715101395048,-0.00584439101686815));
#11307=CARTESIAN_POINT('',(0.001,-0.00383098557062514,-0.00585731405125597));
#11308=CARTESIAN_POINT('',(0.001,-0.00368864005564028,-0.00591558976048148));
#11309=CARTESIAN_POINT('',(0.001,-0.00362961072800764,-0.00605875825188922));
#11310=CARTESIAN_POINT('',(0.001,-0.00361697271077371,-0.00614238481953173));
#11311=CARTESIAN_POINT('',(0.001,-0.00360610984902087,-0.00621797480307629));
#11312=CARTESIAN_POINT('',(0.00099995,-0.00360610998556761,-0.00621797482269675));
#11313=CARTESIAN_POINT('',(0.001,-0.00360610971021477,-0.00621797576896915));
#11314=CARTESIAN_POINT('',(0.001,-0.00360610971021477,-0.00639727254576294));
#11315=CARTESIAN_POINT('',(0.001,-0.00360610971021477,-0.00657656932255674));
#11316=CARTESIAN_POINT('',(0.001,-0.00360610971021477,-0.00675586609935054));
#11317=CARTESIAN_POINT('',(0.00099995,-0.00360611002271477,-0.00675586609935054));
#11318=CARTESIAN_POINT('',(0.001,-0.00360611002271477,-0.00675586641185054));
#11319=CARTESIAN_POINT('',(0.001,-0.00369370748255236,-0.00675586641185054));
#11320=CARTESIAN_POINT('',(0.001,-0.00378130494238996,-0.00675586641185054));
#11321=CARTESIAN_POINT('',(0.001,-0.00386890240222755,-0.00675586641185054));
#11322=CARTESIAN_POINT('',(0.00099995,-0.00386890240222755,-0.00675586609935054));
#11323=CARTESIAN_POINT('',(0.001,-0.00386890271472755,-0.00675586609935054));
#11324=CARTESIAN_POINT('',(0.001,-0.00386890271472755,-0.00671279991534162));
#11325=CARTESIAN_POINT('',(0.001,-0.00386890271472755,-0.0066697337313327));
#11326=CARTESIAN_POINT('',(0.001,-0.00386890271472755,-0.00662666754732379));
#11327=CARTESIAN_POINT('',(0.00099995,-0.00386890315222755,-0.00662666754732379));
#11328=CARTESIAN_POINT('',(0.001,-0.00386890308972756,-0.00662666723482379));
#11329=CARTESIAN_POINT('',(0.001,-0.003870074800646,-0.00662666723482379));
#11330=CARTESIAN_POINT('',(0.001,-0.00387124651156444,-0.00662666723482379));
#11331=CARTESIAN_POINT('',(0.001,-0.00387241822248288,-0.00662666723482379));
#11332=CARTESIAN_POINT('',(0.00099995,-0.00387241815852812,-0.00662666750181124));
#11333=CARTESIAN_POINT('',(0.001,-0.00387241834568802,-0.00662666723482379));
#11334=CARTESIAN_POINT('',(0.001,-0.00391715779403951,-0.00668491006513954));
#11335=CARTESIAN_POINT('',(0.001,-0.00395221721457692,-0.00673363864649856));
#11336=CARTESIAN_POINT('',(0.001,-0.00406227517676272,-0.0067696273709103));
#11337=CARTESIAN_POINT('',(0.001,-0.00410314249990814,-0.00677364170397847));
#11338=CARTESIAN_POINT('',(0.001,-0.00414048477103596,-0.00677783905684781));
#11339=CARTESIAN_POINT('',(0.00099995,-0.00414048479045877,-0.00677783888404999));
#11340=CARTESIAN_POINT('',(0.001,-0.00414048487114731,-0.00677783906810054));
#11341=CARTESIAN_POINT('',(0.001,-0.00424111006966874,-0.0067721636762591));
#11342=CARTESIAN_POINT('',(0.001,-0.00426469524926377,-0.00676564561143913));
#11343=CARTESIAN_POINT('',(0.001,-0.00434658834504906,-0.00670357153169879));
#11344=CARTESIAN_POINT('',(0.00099995,-0.00434658820457906,-0.00670357138423248));
#11345=CARTESIAN_POINT('',(0.001,-0.00434658834504906,-0.00670357153169879));
#11346=CARTESIAN_POINT('',(0.001,-0.00440703282134426,-0.00662719917495889));
#11347=CARTESIAN_POINT('',(0.001,-0.0044152017596456,-0.00660507220322206));
#11348=CARTESIAN_POINT('',(0.001,-0.00442173482644383,-0.00650537804119358));
#11349=CARTESIAN_POINT('',(0.00099995,-0.00442173462279863,-0.00650537793287823));
#11350=CARTESIAN_POINT('',(0.001,-0.00442173479705534,-0.00650537789729078));
#11351=CARTESIAN_POINT('',(0.001,-0.0044104442296161,-0.00645009285196481));
#11352=CARTESIAN_POINT('',(0.001,-0.00439695898031768,-0.00638542468907471));
#11353=CARTESIAN_POINT('',(0.001,-0.00434401926712009,-0.00627937396795124));
#11354=CARTESIAN_POINT('',(0.001,-0.00423180138495986,-0.00622962752358831));
#11355=CARTESIAN_POINT('',(0.001,-0.0041686520656439,-0.00621538366679581));
#11356=CARTESIAN_POINT('',(0.001,-0.00411148276821095,-0.00620303476674075));
#11357=CARTESIAN_POINT('',(0.00099995,-0.00411148274111429,-0.00620303489223627));
#11358=CARTESIAN_POINT('',(0.001,-0.00411148095297638,-0.00620303437464008));
#11359=CARTESIAN_POINT('',(0.001,-0.00403003573485495,-0.00619219453934183));
#11360=CARTESIAN_POINT('',(0.001,-0.00394859051673353,-0.00618135470404358));
#11361=CARTESIAN_POINT('',(0.001,-0.0038671452986121,-0.00617051486874533));
#11362=CARTESIAN_POINT('',(0.00099995,-0.00386714534016731,-0.00617051455651984));
#11363=CARTESIAN_POINT('',(0.001,-0.00386714502983546,-0.00617051450261924));
#11364=CARTESIAN_POINT('',(0.001,-0.00388750679458187,-0.00605328337561627));
#11365=CARTESIAN_POINT('',(0.001,-0.00390523072551686,-0.00603677635606497));
#11366=CARTESIAN_POINT('',(0.001,-0.00402710571831,-0.00602285857616548));
#11367=CARTESIAN_POINT('',(0.00099995,-0.00402710573694396,-0.00602285873934216));
#11368=CARTESIAN_POINT('',(0.001,-0.00402710595893685,-0.00602285854868659));
#11369=CARTESIAN_POINT('',(0.001,-0.00409900969177776,-0.00602866048545002));
#11370=CARTESIAN_POINT('',(0.001,-0.00415726620111768,-0.00603238496334958));
#11371=CARTESIAN_POINT('',(0.001,-0.00426633842240742,-0.00607985078488273));
#11372=CARTESIAN_POINT('',(0.001,-0.00430098127023596,-0.00610020555491915));
#11373=CARTESIAN_POINT('',(0.001,-0.00433296474093449,-0.00611865908316263));
#11374=CARTESIAN_POINT('',(0.00099995,-0.00433296491271563,-0.00611865878542994));
#11375=CARTESIAN_POINT('',(0.001,-0.00433296525645081,-0.00611865878542994));
#11376=CARTESIAN_POINT('',(0.001,-0.00433296525645081,-0.00604893246274089));
#11377=CARTESIAN_POINT('',(0.001,-0.00433296525645081,-0.00597920614005185));
#11378=CARTESIAN_POINT('',(0.001,-0.00433296525645081,-0.0059094798173628));
#11379=CARTESIAN_POINT('',(0.00099995,-0.00433296496873161,-0.00590947981736281));
#11380=CARTESIAN_POINT('',(0.001,-0.00433296508245008,-0.0059094795596859));
#11381=CARTESIAN_POINT('',(0.001,-0.00426607227607022,-0.00587995834167386));
#11382=CARTESIAN_POINT('',(0.001,-0.00424770132110109,-0.00587417644986454));
#11383=CARTESIAN_POINT('',(0.001,-0.00417432272600952,-0.00585674524657497));
#11384=CARTESIAN_POINT('',(0.001,-0.00904494059817102,-0.00376725020635445));
#11385=CARTESIAN_POINT('',(0.001,-0.00902193693137007,-0.00370714148126417));
#11386=CARTESIAN_POINT('',(0.001,-0.009018869227438,-0.00369123721324142));
#11387=CARTESIAN_POINT('',(0.001,-0.00901650024191644,-0.00362536522376854));
#11388=CARTESIAN_POINT('',(0.00099995,-0.00904494076902573,-0.00376725013165567));
#11389=CARTESIAN_POINT('',(0.00099995,-0.00901650041719751,-0.00362536522299724));
#11390=CARTESIAN_POINT('',(0.001,-0.00901650024191644,-0.00362536522376854));
#11391=CARTESIAN_POINT('',(0.001,-0.00902251720102649,-0.00351526914027406));
#11392=CARTESIAN_POINT('',(0.001,-0.00902833673926379,-0.00348854134307595));
#11393=CARTESIAN_POINT('',(0.001,-0.00907050469211263,-0.00338529546318356));
#11394=CARTESIAN_POINT('',(0.00099995,-0.00907050438093404,-0.00338529533609203));
#11395=CARTESIAN_POINT('',(0.001,-0.00907050438093404,-0.00338529499996025));
#11396=CARTESIAN_POINT('',(0.001,-0.00903665702009863,-0.00338529499996025));
#11397=CARTESIAN_POINT('',(0.001,-0.00900280965926323,-0.00338529499996025));
#11398=CARTESIAN_POINT('',(0.001,-0.00896896229842782,-0.00338529499996025));
#11399=CARTESIAN_POINT('',(0.00099995,-0.00896896229842782,-0.00338529528997429));
#11400=CARTESIAN_POINT('',(0.001,-0.00896896203658287,-0.00338529518604817));
#11401=CARTESIAN_POINT('',(0.001,-0.00892683646306823,-0.00349143194804333));
#11402=CARTESIAN_POINT('',(0.001,-0.00892093185404271,-0.00351917550978351));
#11403=CARTESIAN_POINT('',(0.001,-0.00891557244197633,-0.00363461891937572));
#11404=CARTESIAN_POINT('',(0.00099995,-0.00891557261682633,-0.00363461889609625));
#11405=CARTESIAN_POINT('',(0.001,-0.00891557244197633,-0.00363461891937572));
#11406=CARTESIAN_POINT('',(0.001,-0.00891880047647245,-0.0037152858200264));
#11407=CARTESIAN_POINT('',(0.001,-0.00892227539252349,-0.00373514798827603));
#11408=CARTESIAN_POINT('',(0.001,-0.00894996879236009,-0.00381182270872909));
#11409=CARTESIAN_POINT('',(0.00099995,-0.00894996896284198,-0.00381182264150035));
#11410=CARTESIAN_POINT('',(0.001,-0.00894996879236009,-0.00381182270872909));
#11411=CARTESIAN_POINT('',(0.001,-0.00898241388828757,-0.00387821500155339));
#11412=CARTESIAN_POINT('',(0.001,-0.00899276667591583,-0.00389355485521153));
#11413=CARTESIAN_POINT('',(0.001,-0.00904532743231561,-0.00394767242300827));
#11414=CARTESIAN_POINT('',(0.00099995,-0.00904532754251018,-0.00394767227332211));
#11415=CARTESIAN_POINT('',(0.001,-0.00904532743231561,-0.00394767242300827));
#11416=CARTESIAN_POINT('',(0.001,-0.00910313903178121,-0.00399530615784959));
#11417=CARTESIAN_POINT('',(0.001,-0.00911918361284011,-0.00400501977611257));
#11418=CARTESIAN_POINT('',(0.001,-0.00918997963504102,-0.004034154292229));
#11419=CARTESIAN_POINT('',(0.00099995,-0.00918997965805632,-0.00403415410699717));
#11420=CARTESIAN_POINT('',(0.001,-0.00918997963504102,-0.004034154292229));
#11421=CARTESIAN_POINT('',(0.001,-0.0092689815324355,-0.00405827097443033));
#11422=CARTESIAN_POINT('',(0.001,-0.00928936728472727,-0.00406157846411174));
#11423=CARTESIAN_POINT('',(0.001,-0.00937293095127847,-0.00406449409950096));
#11424=CARTESIAN_POINT('',(0.00099995,-0.00937293094807123,-0.00406449392505737));
#11425=CARTESIAN_POINT('',(0.001,-0.00937293095127847,-0.00406449409950096));
#11426=CARTESIAN_POINT('',(0.001,-0.00946035106605023,-0.00406134211948179));
#11427=CARTESIAN_POINT('',(0.001,-0.00948198580436939,-0.00405804137270634));
#11428=CARTESIAN_POINT('',(0.001,-0.00956654442087915,-0.0040322995446952));
#11429=CARTESIAN_POINT('',(0.00099995,-0.00956654439801732,-0.00403229936010653));
#11430=CARTESIAN_POINT('',(0.001,-0.00956654442087915,-0.0040322995446952));
#11431=CARTESIAN_POINT('',(0.001,-0.00964147033943297,-0.00400168041957477));
#11432=CARTESIAN_POINT('',(0.001,-0.00965895611445234,-0.00399161923422653));
#11433=CARTESIAN_POINT('',(0.001,-0.00972238925830629,-0.00393995108831245));
#11434=CARTESIAN_POINT('',(0.00099995,-0.00972238914664742,-0.00393995094047839));
#11435=CARTESIAN_POINT('',(0.001,-0.00972238925830629,-0.00393995108831245));
#11436=CARTESIAN_POINT('',(0.001,-0.00977871211453954,-0.00388278407320543));
#11437=CARTESIAN_POINT('',(0.001,-0.0097903300350689,-0.00386657400864237));
#11438=CARTESIAN_POINT('',(0.001,-0.00982659494118002,-0.00379393021393139));
#11439=CARTESIAN_POINT('',(0.00099995,-0.00982659477191354,-0.00379393014296036));
#11440=CARTESIAN_POINT('',(0.001,-0.00982659494118002,-0.00379393021393139));
#11441=CARTESIAN_POINT('',(0.001,-0.00985685272103238,-0.00371199219966686));
#11442=CARTESIAN_POINT('',(0.001,-0.0098609660797385,-0.0036906100291439));
#11443=CARTESIAN_POINT('',(0.001,-0.00986454700664785,-0.00360223593938667));
#11444=CARTESIAN_POINT('',(0.00099995,-0.0098645468319129,-0.00360223597571738));
#11445=CARTESIAN_POINT('',(0.001,-0.00986454700664785,-0.00360223593938667));
#11446=CARTESIAN_POINT('',(0.001,-0.00986062015163015,-0.00350392901697274));
#11447=CARTESIAN_POINT('',(0.001,-0.00985656859959566,-0.00347970415011851));
#11448=CARTESIAN_POINT('',(0.001,-0.00982536022357195,-0.00338529520298862));
#11449=CARTESIAN_POINT('',(0.00099995,-0.0098253599507052,-0.00338529529318922));
#11450=CARTESIAN_POINT('',(0.001,-0.0098253599507052,-0.00338529499996025));
#11451=CARTESIAN_POINT('',(0.001,-0.0097888545466725,-0.00338529499996025));
#11452=CARTESIAN_POINT('',(0.001,-0.00975234914263979,-0.00338529499996025));
#11453=CARTESIAN_POINT('',(0.001,-0.00971584373860708,-0.00338529499996025));
#11454=CARTESIAN_POINT('',(0.00099995,-0.00971584373860708,-0.0033852953347264));
#11455=CARTESIAN_POINT('',(0.001,-0.00971584342580501,-0.00338529545398667));
#11456=CARTESIAN_POINT('',(0.001,-0.00975143115655176,-0.00347863615009688));
#11457=CARTESIAN_POINT('',(0.001,-0.00975729121960906,-0.00350295545970105));
#11458=CARTESIAN_POINT('',(0.001,-0.00976361928121355,-0.00360356497395355));
#11459=CARTESIAN_POINT('',(0.00099995,-0.00976361910066114,-0.00360356498395232));
#11460=CARTESIAN_POINT('',(0.001,-0.00976361928121355,-0.00360356497395355));
#11461=CARTESIAN_POINT('',(0.001,-0.00976115171503999,-0.00367074670492435));
#11462=CARTESIAN_POINT('',(0.001,-0.00975841915937494,-0.00368750922468634));
#11463=CARTESIAN_POINT('',(0.001,-0.0097349159939697,-0.00375180261957962));
#11464=CARTESIAN_POINT('',(0.00099995,-0.00973491582012755,-0.00375180255514673));
#11465=CARTESIAN_POINT('',(0.001,-0.0097349159939697,-0.00375180261957962));
#11466=CARTESIAN_POINT('',(0.001,-0.00970777414829901,-0.00380556874585213));
#11467=CARTESIAN_POINT('',(0.001,-0.00969909974514465,-0.00381788349721571));
#11468=CARTESIAN_POINT('',(0.001,-0.0096550297512224,-0.00386076408255417));
#11469=CARTESIAN_POINT('',(0.00099995,-0.00965502965422985,-0.00386076392158109));
#11470=CARTESIAN_POINT('',(0.001,-0.0096550297512224,-0.00386076408255417));
#11471=CARTESIAN_POINT('',(0.001,-0.00960613217252384,-0.00389854049780858));
#11472=CARTESIAN_POINT('',(0.001,-0.00959264323112573,-0.00390614370064935));
#11473=CARTESIAN_POINT('',(0.001,-0.0095336159838846,-0.0039286145828994));
#11474=CARTESIAN_POINT('',(0.00099995,-0.00953361598416528,-0.00392861439135881));
#11475=CARTESIAN_POINT('',(0.001,-0.0095336159838846,-0.0039286145828994));
#11476=CARTESIAN_POINT('',(0.001,-0.00946704806672987,-0.0039473108679432));
#11477=CARTESIAN_POINT('',(0.001,-0.00944983266507433,-0.00394993414584646));
#11478=CARTESIAN_POINT('',(0.001,-0.0093791695459297,-0.00395214061069805));
#11479=CARTESIAN_POINT('',(0.00099995,-0.0093791695709125,-0.00395214043728839));
#11480=CARTESIAN_POINT('',(0.001,-0.0093791695459297,-0.00395214061069805));
#11481=CARTESIAN_POINT('',(0.001,-0.00931584989071346,-0.00395013088071941));
#11482=CARTESIAN_POINT('',(0.001,-0.00929998148402695,-0.00394805973141516));
#11483=CARTESIAN_POINT('',(0.001,-0.00923759696618822,-0.00393117847669441));
#11484=CARTESIAN_POINT('',(0.00099995,-0.00923759695784943,-0.00393117828361427));
#11485=CARTESIAN_POINT('',(0.001,-0.00923759696618822,-0.00393117847669441));
#11486=CARTESIAN_POINT('',(0.001,-0.00918309247213337,-0.00391119142031992));
#11487=CARTESIAN_POINT('',(0.001,-0.00917014198568859,-0.00390449078333958));
#11488=CARTESIAN_POINT('',(0.001,-0.00912271929518488,-0.00386897141862232));
#11489=CARTESIAN_POINT('',(0.00099995,-0.00912271939131313,-0.00386897125882045));
#11490=CARTESIAN_POINT('',(0.001,-0.00912271929518488,-0.00386897141862232));
#11491=CARTESIAN_POINT('',(0.001,-0.00908109990741977,-0.00382994508192257));
#11492=CARTESIAN_POINT('',(0.001,-0.00907233558187465,-0.00381871183314495));
#11493=CARTESIAN_POINT('',(0.001,-0.00904494059817102,-0.00376725020635445));
#11494=CARTESIAN_POINT('',(0.001,-0.00984931265548971,-0.00119438153851114));
#11495=CARTESIAN_POINT('',(0.001,-0.00984931265548971,-0.00116062994680478));
#11496=CARTESIAN_POINT('',(0.001,-0.00984931265548971,-0.00112687835509842));
#11497=CARTESIAN_POINT('',(0.001,-0.00984931265548971,-0.00109312676339206));
#11498=CARTESIAN_POINT('',(0.00099995,-0.00984931236490941,-0.00119438153851114));
#11499=CARTESIAN_POINT('',(0.00099995,-0.00984931236481782,-0.00109312676339206));
#11500=CARTESIAN_POINT('',(0.001,-0.00984931246633489,-0.00109312649102387));
#11501=CARTESIAN_POINT('',(0.001,-0.0095433556554544,-0.000979090268796344));
#11502=CARTESIAN_POINT('',(0.001,-0.00923739884457392,-0.000865054046568821));
#11503=CARTESIAN_POINT('',(0.001,-0.00893144203369343,-0.000751017824341298));
#11504=CARTESIAN_POINT('',(0.00099995,-0.00893144191692944,-0.000751018137616661));
#11505=CARTESIAN_POINT('',(0.001,-0.00893144158260133,-0.000751018137616661));
#11506=CARTESIAN_POINT('',(0.001,-0.00893144158260133,-0.000789117099499481));
#11507=CARTESIAN_POINT('',(0.001,-0.00893144158260133,-0.000827216061382301));
#11508=CARTESIAN_POINT('',(0.001,-0.00893144158260133,-0.000865315023265121));
#11509=CARTESIAN_POINT('',(0.00099995,-0.00893144187324504,-0.000865315023265121));
#11510=CARTESIAN_POINT('',(0.001,-0.00893144177160676,-0.00086531529555803));
#11511=CARTESIAN_POINT('',(0.001,-0.00901925088542776,-0.000898091644004725));
#11512=CARTESIAN_POINT('',(0.001,-0.00910705999924875,-0.00093086799245142));
#11513=CARTESIAN_POINT('',(0.001,-0.00919486911306974,-0.000963644340898115));
#11514=CARTESIAN_POINT('',(0.00099995,-0.00919486901143146,-0.000963644613191023));
#11515=CARTESIAN_POINT('',(0.001,-0.00919486930207517,-0.000963644613191023));
#11516=CARTESIAN_POINT('',(0.001,-0.00919486930207517,-0.00108510622705949));
#11517=CARTESIAN_POINT('',(0.001,-0.00919486930207517,-0.00120656784092795));
#11518=CARTESIAN_POINT('',(0.001,-0.00919486930207517,-0.00132802945479642));
#11519=CARTESIAN_POINT('',(0.00099995,-0.00919486901094349,-0.00132802945479642));
#11520=CARTESIAN_POINT('',(0.001,-0.00919486911047938,-0.00132802972838418));
#11521=CARTESIAN_POINT('',(0.001,-0.0091070599983853,-0.00135997618205605));
#11522=CARTESIAN_POINT('',(0.001,-0.00901925088629121,-0.00139192263572792));
#11523=CARTESIAN_POINT('',(0.001,-0.00893144177419712,-0.00142386908939979));
#11524=CARTESIAN_POINT('',(0.00099995,-0.00893144187373302,-0.00142386936298755));
#11525=CARTESIAN_POINT('',(0.001,-0.00893144158260133,-0.00142386936298755));
#11526=CARTESIAN_POINT('',(0.001,-0.00893144158260133,-0.00146195511148226));
#11527=CARTESIAN_POINT('',(0.001,-0.00893144158260133,-0.00150004085997698));
#11528=CARTESIAN_POINT('',(0.001,-0.00893144158260133,-0.00153812660847169));
#11529=CARTESIAN_POINT('',(0.00099995,-0.00893144191702103,-0.0015381266084717));
#11530=CARTESIAN_POINT('',(0.001,-0.00893144203430712,-0.00153812692164977));
#11531=CARTESIAN_POINT('',(0.001,-0.00923739884514487,-0.00142354521797798));
#11532=CARTESIAN_POINT('',(0.001,-0.00954335565598261,-0.00130896351430619));
#11533=CARTESIAN_POINT('',(0.001,-0.00984931246682036,-0.0011943818106344));
#11534=CARTESIAN_POINT('',(0.001,-0.00939192654976706,0.00148864721682564));
#11535=CARTESIAN_POINT('',(0.001,-0.00939731208768384,0.00149121453053866));
#11536=CARTESIAN_POINT('',(0.001,-0.00941000257140692,0.00149728290348842));
#11537=CARTESIAN_POINT('',(0.001,-0.00942242818716803,0.00150387853506752));
#11538=CARTESIAN_POINT('',(0.001,-0.00942958382503297,0.00150767681371849));
#11539=CARTESIAN_POINT('',(0.001,-0.00939192685694743,0.00148864736326012));
#11540=CARTESIAN_POINT('',(0.00099995,-0.00942958382503297,0.00150767681371849));
#11541=CARTESIAN_POINT('',(0.001,-0.00942958382503297,0.00150767681371849));
#11542=CARTESIAN_POINT('',(0.001,-0.00956949338361586,0.00157923017657595));
#11543=CARTESIAN_POINT('',(0.001,-0.00970940294219875,0.00165078353943342));
#11544=CARTESIAN_POINT('',(0.001,-0.00984931250078164,0.00172233690229088));
#11545=CARTESIAN_POINT('',(0.00099995,-0.00984931237144803,0.00172233715517918));
#11546=CARTESIAN_POINT('',(0.001,-0.00984931265548971,0.00172233715517918));
#11547=CARTESIAN_POINT('',(0.001,-0.00984931265548971,0.00175883919377407));
#11548=CARTESIAN_POINT('',(0.001,-0.00984931265548971,0.00179534123236897));
#11549=CARTESIAN_POINT('',(0.001,-0.00984931265548971,0.00183184327096386));
#11550=CARTESIAN_POINT('',(0.00099995,-0.00984931231464129,0.00183184327096386));
#11551=CARTESIAN_POINT('',(0.001,-0.00984931216004103,0.00183184357473419));
#11552=CARTESIAN_POINT('',(0.001,-0.0096580693571479,0.00173451285014554));
#11553=CARTESIAN_POINT('',(0.001,-0.00946682655425476,0.00163718212555689));
#11554=CARTESIAN_POINT('',(0.001,-0.00927558375136163,0.00153985140096825));
#11555=CARTESIAN_POINT('',(0.00099995,-0.00927558368977303,0.00153985165776711));
#11556=CARTESIAN_POINT('',(0.001,-0.00927558375136163,0.00153985140096825));
#11557=CARTESIAN_POINT('',(0.001,-0.00916086979927486,0.00153985140096825));
#11558=CARTESIAN_POINT('',(0.001,-0.00904615584718809,0.00153985140096825));
#11559=CARTESIAN_POINT('',(0.001,-0.00893144189510133,0.00153985140096825));
#11560=CARTESIAN_POINT('',(0.00099995,-0.00893144189510133,0.00153985108846825));
#11561=CARTESIAN_POINT('',(0.001,-0.00893144158260133,0.00153985108846825));
#11562=CARTESIAN_POINT('',(0.001,-0.00893144158260133,0.00150366968796573));
#11563=CARTESIAN_POINT('',(0.001,-0.00893144158260133,0.0014674882874632));
#11564=CARTESIAN_POINT('',(0.001,-0.00893144158260133,0.00143130688696068));
#11565=CARTESIAN_POINT('',(0.00099995,-0.00893144189510133,0.00143130688696068));
#11566=CARTESIAN_POINT('',(0.001,-0.00893144189510133,0.00143130657446068));
#11567=CARTESIAN_POINT('',(0.001,-0.00904533260770268,0.00143130657446068));
#11568=CARTESIAN_POINT('',(0.001,-0.00915922332030402,0.00143130657446068));
#11569=CARTESIAN_POINT('',(0.001,-0.00927311403290536,0.00143130657446068));
#11570=CARTESIAN_POINT('',(0.00099995,-0.00927311397394589,0.0014313063181775));
#11571=CARTESIAN_POINT('',(0.001,-0.00927311403290536,0.00143130657446068));
#11572=CARTESIAN_POINT('',(0.001,-0.00946518007766555,0.0013379961781879));
#11573=CARTESIAN_POINT('',(0.001,-0.00965724612242575,0.00124468578191513));
#11574=CARTESIAN_POINT('',(0.001,-0.00984931216718594,0.00115137538564235));
#11575=CARTESIAN_POINT('',(0.00099995,-0.0098493123156782,0.00115137569129233));
#11576=CARTESIAN_POINT('',(0.001,-0.00984931265548971,0.00115137569129233));
#11577=CARTESIAN_POINT('',(0.001,-0.00984931265548971,0.00118973918596028));
#11578=CARTESIAN_POINT('',(0.001,-0.00984931265548971,0.00122810268062824));
#11579=CARTESIAN_POINT('',(0.001,-0.00984931265548971,0.00126646617529619));
#11580=CARTESIAN_POINT('',(0.00099995,-0.0098493123704823,0.00126646617529618));
#11581=CARTESIAN_POINT('',(0.001,-0.00984931249585179,0.00126646643124875));
#11582=CARTESIAN_POINT('',(0.001,-0.00970793502552298,0.00133571528016658));
#11583=CARTESIAN_POINT('',(0.001,-0.00956655755519416,0.00140496412908441));
#11584=CARTESIAN_POINT('',(0.001,-0.00942518008486535,0.00147421297800225));
#11585=CARTESIAN_POINT('',(0.00099995,-0.00942517997854396,0.00147421275166392));
#11586=CARTESIAN_POINT('',(0.001,-0.00942518008486535,0.00147421297800224));
#11587=CARTESIAN_POINT('',(0.001,-0.00941807536021974,0.00147740997246584));
#11588=CARTESIAN_POINT('',(0.001,-0.00941097063557412,0.00148060696692945));
#11589=CARTESIAN_POINT('',(0.001,-0.00940386591092851,0.00148380396139305));
#11590=CARTESIAN_POINT('',(0.00099995,-0.00940386591092851,0.00148380396139305));
#11591=CARTESIAN_POINT('',(0.001,-0.00875976879632387,-8.6855576626692E-5));
#11592=CARTESIAN_POINT('',(0.001,0.00986009836070534,0.00087782682687044));
#11593=CARTESIAN_POINT('',(0.001,0.00986009836070534,0.00109017870052894));
#11594=CARTESIAN_POINT('',(0.001,0.00986009836070534,0.00130253057418743));
#11595=CARTESIAN_POINT('',(0.001,0.00986009836070534,0.00151488244784593));
#11596=CARTESIAN_POINT('',(0.000999949943359417,0.00986009810963895,0.000877826431365371));
#11597=CARTESIAN_POINT('',(0.00099995,0.00986009867320534,0.00151488244784593));
#11598=CARTESIAN_POINT('',(0.001,0.00986009867320534,0.00151488276034593));
#11599=CARTESIAN_POINT('',(0.001,0.00989906331880447,0.00151488276034593));
#11600=CARTESIAN_POINT('',(0.001,0.00993802796440359,0.00151488276034593));
#11601=CARTESIAN_POINT('',(0.001,0.00997699261000272,0.00151488276034593));
#11602=CARTESIAN_POINT('',(0.00099995,0.00997699261000272,0.00151488244784593));
#11603=CARTESIAN_POINT('',(0.001,0.00997699292250272,0.00151488244784593));
#11604=CARTESIAN_POINT('',(0.001,0.00997699292250272,0.00130248070496797));
#11605=CARTESIAN_POINT('',(0.001,0.00997699292250272,0.00109007896209001));
#11606=CARTESIAN_POINT('',(0.001,0.00997699292250272,0.000877677219212054));
#11607=CARTESIAN_POINT('',(0.00099995,0.00997699267242538,0.000877677216467112));
#11608=CARTESIAN_POINT('',(0.001,0.00997699292250272,0.000877677219212054));
#11609=CARTESIAN_POINT('',(0.001,0.00997425297469373,0.000748866833285366));
#11610=CARTESIAN_POINT('',(0.001,0.00996958441437422,0.000717332345683179));
#11611=CARTESIAN_POINT('',(0.001,0.0099072022350907,0.000601895170509814));
#11612=CARTESIAN_POINT('',(0.00099995,0.00990720202750661,0.000601895243678096));
#11613=CARTESIAN_POINT('',(0.001,0.0099072022350907,0.000601895170509814));
#11614=CARTESIAN_POINT('',(0.001,0.00983562652300956,0.000529023314425896));
#11615=CARTESIAN_POINT('',(0.001,0.00981363485970512,0.000518724214436131));
#11616=CARTESIAN_POINT('',(0.001,0.0097092386690593,0.000510000083685067));
#11617=CARTESIAN_POINT('',(0.00099995,0.00970923865699045,0.000510000228173411));
#11618=CARTESIAN_POINT('',(0.001,0.00970923775680658,0.000510000007450579));
#11619=CARTESIAN_POINT('',(0.001,0.00969332891239773,0.000510207178562094));
#11620=CARTESIAN_POINT('',(0.001,0.00967769705103388,0.000511244994768708));
#11621=CARTESIAN_POINT('',(0.001,0.00966234217271503,0.000513113456070422));
#11622=CARTESIAN_POINT('',(0.00099995,0.00966234191779782,0.000513113686799994));
#11623=CARTESIAN_POINT('',(0.001,0.00966234188411421,0.00051311351153561));
#11624=CARTESIAN_POINT('',(0.001,0.00964605885351694,0.000516242899178746));
#11625=CARTESIAN_POINT('',(0.001,0.00962971862748069,0.000520851786040192));
#11626=CARTESIAN_POINT('',(0.001,0.00961332120600547,0.000526940172119947));
#11627=CARTESIAN_POINT('',(0.00099995,0.00961332130577021,0.000526940440809161));
#11628=CARTESIAN_POINT('',(0.001,0.00961332101364914,0.000526940440809161));
#11629=CARTESIAN_POINT('',(0.001,0.00961332101364914,0.000564000251959285));
#11630=CARTESIAN_POINT('',(0.001,0.00961332101364914,0.000601060063109409));
#11631=CARTESIAN_POINT('',(0.001,0.00961332101364914,0.000638119874259533));
#11632=CARTESIAN_POINT('',(0.00099995,0.00961332134644788,0.000638119874259533));
#11633=CARTESIAN_POINT('',(0.001,0.00961332145452767,0.000638120189018552));
#11634=CARTESIAN_POINT('',(0.001,0.0096549934269953,0.000623810926804665));
#11635=CARTESIAN_POINT('',(0.001,0.00966603548555743,0.000621130753660049));
#11636=CARTESIAN_POINT('',(0.001,0.00971059426538941,0.000618007796108722));
#11637=CARTESIAN_POINT('',(0.00099995,0.00971059458566638,0.000618007994077366));
#11638=CARTESIAN_POINT('',(0.001,0.00971059460202489,0.000618007829590047));
#11639=CARTESIAN_POINT('',(0.001,0.00977147756430035,0.000624063179734012));
#11640=CARTESIAN_POINT('',(0.001,0.00978479961005427,0.000629782680660312));
#11641=CARTESIAN_POINT('',(0.001,0.00982382507927963,0.000680161314060758));
#11642=CARTESIAN_POINT('',(0.00099995,0.00982382492618029,0.000680161432657792));
#11643=CARTESIAN_POINT('',(0.001,0.00982382517181631,0.000680161433517932));
#11644=CARTESIAN_POINT('',(0.001,0.00985684213055129,0.000763504822211106));
#11645=CARTESIAN_POINT('',(0.001,0.0098594975690835,0.000786288050260739));
#11646=CARTESIAN_POINT('',(0.001,0.00986009835809889,0.000877826429735268));
#11647=CARTESIAN_POINT('',(0.001,0.00279788439696275,0.00656520607040289));
#11648=CARTESIAN_POINT('',(0.001,0.00280821065946921,0.00662077834200575));
#11649=CARTESIAN_POINT('',(0.001,0.00281175518639359,0.00663492147004221));
#11650=CARTESIAN_POINT('',(0.001,0.00282849965914413,0.0066904497404924));
#11651=CARTESIAN_POINT('',(0.00099995,0.00279788400050347,0.00656520614407187));
#11652=CARTESIAN_POINT('',(0.000999949999837539,0.00282849989807564,0.00669044966844284));
#11653=CARTESIAN_POINT('',(0.001,0.0028284996939398,0.00669044985588232));
#11654=CARTESIAN_POINT('',(0.001,0.00288818399211638,0.00688372781676366));
#11655=CARTESIAN_POINT('',(0.001,0.00294786829029296,0.00707700577764499));
#11656=CARTESIAN_POINT('',(0.001,0.00300755258846954,0.00727028373852633));
#11657=CARTESIAN_POINT('',(0.00099995,0.00300755282733977,0.00727028366476312));
#11658=CARTESIAN_POINT('',(0.001,0.00300755282733978,0.00727028391476312));
#11659=CARTESIAN_POINT('',(0.001,0.00310434621758762,0.00727028391476312));
#11660=CARTESIAN_POINT('',(0.001,0.00320113960783546,0.00727028391476312));
#11661=CARTESIAN_POINT('',(0.001,0.0032979329980833,0.00727028391476312));
#11662=CARTESIAN_POINT('',(0.00099995,0.0032979329980833,0.00727028366476312));
#11663=CARTESIAN_POINT('',(0.001,0.00329793323207852,0.00727028357675041));
#11664=CARTESIAN_POINT('',(0.001,0.00316928737754585,0.0069282589508314));
#11665=CARTESIAN_POINT('',(0.001,0.00304064152301318,0.00658623432491238));
#11666=CARTESIAN_POINT('',(0.001,0.00291199566848051,0.00624420969899336));
#11667=CARTESIAN_POINT('',(0.00099995,0.00291199451879224,0.00624420735250613));
#11668=CARTESIAN_POINT('',(0.001,0.00291199464444218,0.00624420729891326));
#11669=CARTESIAN_POINT('',(0.001,0.00288480760234992,0.00618048797766682));
#11670=CARTESIAN_POINT('',(0.001,0.0028523698698518,0.00610633671153829));
#11671=CARTESIAN_POINT('',(0.001,0.0027700781226924,0.00597657155970968));
#11672=CARTESIAN_POINT('',(0.001,0.00263616150646708,0.00590824643265963));
#11673=CARTESIAN_POINT('',(0.001,0.00256057428331545,0.00589020621948327));
#11674=CARTESIAN_POINT('',(0.001,0.0024926599089157,0.00587404389231999));
#11675=CARTESIAN_POINT('',(0.00099995,0.00249265986635692,0.00587404407115317));
#11676=CARTESIAN_POINT('',(0.001,0.00249265970713865,0.0058740438443009));
#11677=CARTESIAN_POINT('',(0.001,0.00241381984218846,0.00587538574090932));
#11678=CARTESIAN_POINT('',(0.001,0.00239356038922891,0.00587751320047931));
#11679=CARTESIAN_POINT('',(0.001,0.00231731792884873,0.00589816489973161));
#11680=CARTESIAN_POINT('',(0.00099995,0.00231731799337108,0.00589816513793622));
#11681=CARTESIAN_POINT('',(0.001,0.00231731774337065,0.00589816513793622));
#11682=CARTESIAN_POINT('',(0.001,0.00231731774337065,0.00597609458598682));
#11683=CARTESIAN_POINT('',(0.001,0.00231731774337065,0.00605402403403742));
#11684=CARTESIAN_POINT('',(0.001,0.00231731774337065,0.00613195348208802));
#11685=CARTESIAN_POINT('',(0.00099995,0.00231731799337125,0.00613195348208802));
#11686=CARTESIAN_POINT('',(0.001,0.00231731810552187,0.00613195370552093));
#11687=CARTESIAN_POINT('',(0.001,0.00237010714207604,0.00610545635979909));
#11688=CARTESIAN_POINT('',(0.001,0.0023841921479945,0.00610141669362644));
#11689=CARTESIAN_POINT('',(0.001,0.00244441749579679,0.00609762772138754));
#11690=CARTESIAN_POINT('',(0.00099995,0.00244441764027806,0.00609762791503529));
#11691=CARTESIAN_POINT('',(0.001,0.00244441766274823,0.00609762774322206));
#11692=CARTESIAN_POINT('',(0.001,0.00253709158641887,0.00610974798152731));
#11693=CARTESIAN_POINT('',(0.001,0.0025550700288792,0.00612098020948898));
#11694=CARTESIAN_POINT('',(0.001,0.0026021321372444,0.00620431642389841));
#11695=CARTESIAN_POINT('',(0.00099995,0.0026021320059871,0.00620431649801583));
#11696=CARTESIAN_POINT('',(0.001,0.00260213257796537,0.00620431720431486));
#11697=CARTESIAN_POINT('',(0.001,0.00261883179904205,0.00624359121922367));
#11698=CARTESIAN_POINT('',(0.001,0.00263553102011873,0.00628286523413247));
#11699=CARTESIAN_POINT('',(0.001,0.00265223024119541,0.00632213924904128));
#11700=CARTESIAN_POINT('',(0.00099995,0.00265223001112906,0.00632213934686497));
#11701=CARTESIAN_POINT('',(0.001,0.00265223024268144,0.00632213944111726));
#11702=CARTESIAN_POINT('',(0.001,0.00252358440555112,0.00663818748424845));
#11703=CARTESIAN_POINT('',(0.001,0.00239493856842079,0.00695423552737964));
#11704=CARTESIAN_POINT('',(0.001,0.00226629273129046,0.00727028357051084));
#11705=CARTESIAN_POINT('',(0.00099995,0.00226629296284285,0.00727028366476312));
#11706=CARTESIAN_POINT('',(0.001,0.00226629296284285,0.00727028391476312));
#11707=CARTESIAN_POINT('',(0.001,0.00237452845442003,0.00727028391476312));
#11708=CARTESIAN_POINT('',(0.001,0.0024827639459972,0.00727028391476312));
#11709=CARTESIAN_POINT('',(0.001,0.00259099943757437,0.00727028391476312));
#11710=CARTESIAN_POINT('',(0.00099995,0.00259099943757438,0.00727028366476312));
#11711=CARTESIAN_POINT('',(0.001,0.00259099967659364,0.00727028373804197));
#11712=CARTESIAN_POINT('',(0.001,0.00265006547732046,0.00707762427485271));
#11713=CARTESIAN_POINT('',(0.001,0.00270913127804727,0.00688496481166345));
#11714=CARTESIAN_POINT('',(0.001,0.00276819707877409,0.00669230534847418));
#11715=CARTESIAN_POINT('',(0.000999950000004817,0.00276819683911195,0.00669230527723816));
#11716=CARTESIAN_POINT('',(0.001,0.00276819707877409,0.00669230534847418));
#11717=CARTESIAN_POINT('',(0.001,0.00278327695146338,0.00663736208057157));
#11718=CARTESIAN_POINT('',(0.001,0.0027861247060159,0.00662304101589675));
#11719=CARTESIAN_POINT('',(0.001,0.00279417335211863,0.0065652060873301));
#11720=CARTESIAN_POINT('',(0.00099995,0.00279417375984476,0.00656520614407187));
#11721=CARTESIAN_POINT('',(0.001,0.00279417370544031,0.00656520589407125));
#11722=CARTESIAN_POINT('',(0.001,0.00279541048778012,0.00656520589407125));
#11723=CARTESIAN_POINT('',(0.001,0.00279664727011993,0.00656520589407125));
#11724=CARTESIAN_POINT('',(0.001,0.00279788405245974,0.00656520589407125));
#11725=CARTESIAN_POINT('',(0.001,-0.0003369295405649,0.00682218833978811));
#11726=CARTESIAN_POINT('',(0.001,-0.000339009882238259,0.0067769328419662));
#11727=CARTESIAN_POINT('',(0.001,-0.000341720299417385,0.0067238973401123));
#11728=CARTESIAN_POINT('',(0.001,-0.000357073570306235,0.00661967091396522));
#11729=CARTESIAN_POINT('',(0.001,-0.000401339208952877,0.00652381931647402));
#11730=CARTESIAN_POINT('',(0.001,-0.000428458652337929,0.00648011389682501));
#11731=CARTESIAN_POINT('',(0.001,-0.0004528963374399,0.0064408895295445));
#11732=CARTESIAN_POINT('',(0.00099995,-0.000336929706518032,0.00682218833122739));
#11733=CARTESIAN_POINT('',(0.00099995,-0.000452896517842718,0.00644088962198313));
#11734=CARTESIAN_POINT('',(0.001,-0.0004528963374399,0.0064408895295445));
#11735=CARTESIAN_POINT('',(0.001,-0.000481198072399806,0.00641285962247824));
#11736=CARTESIAN_POINT('',(0.001,-0.000514517040391306,0.00638016875507086));
#11737=CARTESIAN_POINT('',(0.001,-0.00058790184677326,0.00632668275557635));
#11738=CARTESIAN_POINT('',(0.001,-0.000677010980301981,0.0063052530168361));
#11739=CARTESIAN_POINT('',(0.001,-0.000722137383002689,0.00630084500751208));
#11740=CARTESIAN_POINT('',(0.001,-0.00076275972597826,0.00629709064181486));
#11741=CARTESIAN_POINT('',(0.00099995,-0.000762759741571107,0.00629709082386618));
#11742=CARTESIAN_POINT('',(0.001,-0.00076275972597826,0.00629709064181486));
#11743=CARTESIAN_POINT('',(0.001,-0.000832787357317309,0.00630348953965572));
#11744=CARTESIAN_POINT('',(0.001,-0.000920060705360235,0.00631742252716297));
#11745=CARTESIAN_POINT('',(0.001,-0.000980690834775908,0.00637678834758368));
#11746=CARTESIAN_POINT('',(0.001,-0.00102809188835848,0.00643068446930089));
#11747=CARTESIAN_POINT('',(0.00099995,-0.00102809205794753,0.00643068421930012));
#11748=CARTESIAN_POINT('',(0.001,-0.00102809200141784,0.00643068446930089));
#11749=CARTESIAN_POINT('',(0.001,-0.00102932883379263,0.00643068446930089));
#11750=CARTESIAN_POINT('',(0.001,-0.00103056566616741,0.00643068446930089));
#11751=CARTESIAN_POINT('',(0.001,-0.00103180249854219,0.00643068446930089));
#11752=CARTESIAN_POINT('',(0.00099995,-0.00103180243604219,0.00643068421930089));
#11753=CARTESIAN_POINT('',(0.001,-0.00103180287354219,0.00643068421930089));
#11754=CARTESIAN_POINT('',(0.001,-0.00103180287354219,0.00639388422993055));
#11755=CARTESIAN_POINT('',(0.001,-0.00103180287354219,0.00635708424056021));
#11756=CARTESIAN_POINT('',(0.001,-0.00103180287354219,0.00632028425118986));
#11757=CARTESIAN_POINT('',(0.00099995,-0.00103180312354219,0.00632028425118986));
#11758=CARTESIAN_POINT('',(0.001,-0.00103180312354219,0.00632028400118986));
#11759=CARTESIAN_POINT('',(0.001,-0.0011295242752794,0.00632028400118986));
#11760=CARTESIAN_POINT('',(0.001,-0.00122724542701662,0.00632028400118986));
#11761=CARTESIAN_POINT('',(0.001,-0.00132496657875383,0.00632028400118986));
#11762=CARTESIAN_POINT('',(0.00099995,-0.00132496657875383,0.00632028425118986));
#11763=CARTESIAN_POINT('',(0.001,-0.00132496682875383,0.00632028425118986));
#11764=CARTESIAN_POINT('',(0.001,-0.00132496682875383,0.00678909920259761));
#11765=CARTESIAN_POINT('',(0.001,-0.00132496682875383,0.00725791415400536));
#11766=CARTESIAN_POINT('',(0.001,-0.00132496682875383,0.00772672910541311));
#11767=CARTESIAN_POINT('',(0.00099995,-0.00132496657875383,0.00772672910541311));
#11768=CARTESIAN_POINT('',(0.001,-0.00132496657875383,0.00772672935541311));
#11769=CARTESIAN_POINT('',(0.001,-0.00122724542701662,0.00772672935541311));
#11770=CARTESIAN_POINT('',(0.001,-0.0011295242752794,0.00772672935541311));
#11771=CARTESIAN_POINT('',(0.001,-0.00103180312354219,0.00772672935541311));
#11772=CARTESIAN_POINT('',(0.00099995,-0.00103180312354219,0.00772672910541311));
#11773=CARTESIAN_POINT('',(0.001,-0.00103180287354219,0.00772672910541311));
#11774=CARTESIAN_POINT('',(0.001,-0.00103180287354219,0.00752695715255768));
#11775=CARTESIAN_POINT('',(0.001,-0.00103180287354219,0.00732718519970225));
#11776=CARTESIAN_POINT('',(0.001,-0.00103180287354219,0.00712741324684682));
#11777=CARTESIAN_POINT('',(0.00099995,-0.00103180243604219,0.00712741324684682));
#11778=CARTESIAN_POINT('',(0.001,-0.00103180249854219,0.00712741299684682));
#11779=CARTESIAN_POINT('',(0.001,-0.00103056566766983,0.00712741299684682));
#11780=CARTESIAN_POINT('',(0.001,-0.00102932883679746,0.00712741299684682));
#11781=CARTESIAN_POINT('',(0.001,-0.0010280920059251,0.00712741299684682));
#11782=CARTESIAN_POINT('',(0.00099995,-0.0010280920647084,0.00712741324684745));
#11783=CARTESIAN_POINT('',(0.001,-0.00102809188835848,0.00712741299684682));
#11784=CARTESIAN_POINT('',(0.001,-0.00100158217059011,0.00715942610730258));
#11785=CARTESIAN_POINT('',(0.001,-0.00097032774072047,0.00719674769489606));
#11786=CARTESIAN_POINT('',(0.001,-0.000899497387664196,0.00725824990630505));
#11787=CARTESIAN_POINT('',(0.001,-0.000808398935965494,0.0072835259691978));
#11788=CARTESIAN_POINT('',(0.001,-0.000761442902953599,0.00728888319483123));
#11789=CARTESIAN_POINT('',(0.001,-0.000719156246116047,0.00729347742314973));
#11790=CARTESIAN_POINT('',(0.00099995,-0.000719156262148586,0.00729347724087371));
#11791=CARTESIAN_POINT('',(0.001,-0.000719156246116047,0.00729347742314973));
#11792=CARTESIAN_POINT('',(0.001,-0.000646871612653998,0.00728792049440764));
#11793=CARTESIAN_POINT('',(0.001,-0.000587718411390194,0.00728537583407475));
#11794=CARTESIAN_POINT('',(0.001,-0.000491168132773696,0.00722170806794198));
#11795=CARTESIAN_POINT('',(0.001,-0.000462669793324675,0.00719311630949297));
#11796=CARTESIAN_POINT('',(0.001,-0.000436197500159626,0.00716730556603113));
#11797=CARTESIAN_POINT('',(0.00099995,-0.000436197685946985,0.00716730547211916));
#11798=CARTESIAN_POINT('',(0.001,-0.000436197500159626,0.00716730556603113));
#11799=CARTESIAN_POINT('',(0.001,-0.000415417977865697,0.00713239646083431));
#11800=CARTESIAN_POINT('',(0.001,-0.000391101965022823,0.00709139764707666));
#11801=CARTESIAN_POINT('',(0.001,-0.000353327135600217,0.00700493817839155));
#11802=CARTESIAN_POINT('',(0.001,-0.000340531853823766,0.00691019557407524));
#11803=CARTESIAN_POINT('',(0.001,-0.000338525421535185,0.00686386178118817));
#11804=CARTESIAN_POINT('',(0.001,-0.0003369295405649,0.00682218833978811));
#11805=CARTESIAN_POINT('',(0.001,-0.00480118742161024,0.00683610423620382));
#11806=CARTESIAN_POINT('',(0.001,-0.00478384822116132,0.00681694297646292));
#11807=CARTESIAN_POINT('',(0.001,-0.00476730385305613,0.00679699701517802));
#11808=CARTESIAN_POINT('',(0.001,-0.00475155431729466,0.00677626635234913));
#11809=CARTESIAN_POINT('',(0.00099995,-0.00480118782986988,0.00683610441651629));
#11810=CARTESIAN_POINT('',(0.00099995,-0.00475155444920719,0.00677626625213233));
#11811=CARTESIAN_POINT('',(0.001,-0.0047515536653303,0.00677626549418607));
#11812=CARTESIAN_POINT('',(0.001,-0.00473651740022617,0.00675560633278748));
#11813=CARTESIAN_POINT('',(0.001,-0.00472213753563869,0.00673473233428046));
#11814=CARTESIAN_POINT('',(0.001,-0.00470841407156786,0.00671364349866499));
#11815=CARTESIAN_POINT('',(0.000999949999999986,-0.00470841428056407,0.00671364336266164));
#11816=CARTESIAN_POINT('',(0.001,-0.00470841398411024,0.00671364336426893));
#11817=CARTESIAN_POINT('',(0.001,-0.0046246087682453,0.00658252370478807));
#11818=CARTESIAN_POINT('',(0.001,-0.00454080355238036,0.0064514040453072));
#11819=CARTESIAN_POINT('',(0.001,-0.00445699833651541,0.00632028438582634));
#11820=CARTESIAN_POINT('',(0.00099995,-0.00445699854716446,0.00632028425118986));
#11821=CARTESIAN_POINT('',(0.001,-0.00445699854716446,0.00632028400118986));
#11822=CARTESIAN_POINT('',(0.001,-0.00457172812497213,0.00632028400118986));
#11823=CARTESIAN_POINT('',(0.001,-0.00468645770277979,0.00632028400118986));
#11824=CARTESIAN_POINT('',(0.001,-0.00480118728058746,0.00632028400118986));
#11825=CARTESIAN_POINT('',(0.00099995,-0.00480118728058746,0.00632028425118986));
#11826=CARTESIAN_POINT('',(0.001,-0.0048011874945503,0.0063202841218844));
#11827=CARTESIAN_POINT('',(0.001,-0.00487014341500878,0.00643438606886803));
#11828=CARTESIAN_POINT('',(0.001,-0.00493909933546727,0.00654848801585166));
#11829=CARTESIAN_POINT('',(0.001,-0.00500805525592575,0.00666258996283529));
#11830=CARTESIAN_POINT('',(0.00099995,-0.00500805525592576,0.00666258996283529));
#11831=CARTESIAN_POINT('',(0.001,-0.00500807223789919,0.00666261806305089));
#11832=CARTESIAN_POINT('',(0.001,-0.00502253686471667,0.00668658447483115));
#11833=CARTESIAN_POINT('',(0.001,-0.00503738060676938,0.00670977783420615));
#11834=CARTESIAN_POINT('',(0.001,-0.00505260346405733,0.00673219814117589));
#11835=CARTESIAN_POINT('',(0.00099995,-0.00505260455815589,0.00673219938390807));
#11836=CARTESIAN_POINT('',(0.001,-0.00505260442654167,0.00673219947862353));
#11837=CARTESIAN_POINT('',(0.001,-0.00506606287421703,0.00675090098959514));
#11838=CARTESIAN_POINT('',(0.001,-0.00508044244712893,0.00676837285066657));
#11839=CARTESIAN_POINT('',(0.001,-0.00509574314527739,0.00678461506183782));
#11840=CARTESIAN_POINT('',(0.00099995,-0.00509574348044047,0.00678461514898251));
#11841=CARTESIAN_POINT('',(0.001,-0.00509574336637649,0.00678461527008454));
#11842=CARTESIAN_POINT('',(0.001,-0.00511374563911573,0.00680157107053188));
#11843=CARTESIAN_POINT('',(0.001,-0.00511876888068174,0.00680551146205528));
#11844=CARTESIAN_POINT('',(0.001,-0.00514120211773146,0.00681801348145643));
#11845=CARTESIAN_POINT('',(0.00099995,-0.00514120224970319,0.00681801333868749));
#11846=CARTESIAN_POINT('',(0.001,-0.00514120211773146,0.00681801348145643));
#11847=CARTESIAN_POINT('',(0.001,-0.00516271018582087,0.00682696767238311));
#11848=CARTESIAN_POINT('',(0.001,-0.0051684325987414,0.00682838960251331));
#11849=CARTESIAN_POINT('',(0.001,-0.00519268800478981,0.00682960999200993));
#11850=CARTESIAN_POINT('',(0.00099995,-0.00519268801250426,0.00682960983861561));
#11851=CARTESIAN_POINT('',(0.001,-0.00519269136660326,0.00682961016114393));
#11852=CARTESIAN_POINT('',(0.001,-0.00521959557815811,0.00682961016114393));
#11853=CARTESIAN_POINT('',(0.001,-0.00524649978971295,0.00682961016114393));
#11854=CARTESIAN_POINT('',(0.001,-0.0052734040012678,0.00682961016114393));
#11855=CARTESIAN_POINT('',(0.00099995,-0.0052734040012678,0.00682960991114393));
#11856=CARTESIAN_POINT('',(0.001,-0.0052734042512678,0.00682960991114393));
#11857=CARTESIAN_POINT('',(0.001,-0.0052734042512678,0.00665983469115924));
#11858=CARTESIAN_POINT('',(0.001,-0.0052734042512678,0.00649005947117455));
#11859=CARTESIAN_POINT('',(0.001,-0.0052734042512678,0.00632028425118986));
#11860=CARTESIAN_POINT('',(0.00099995,-0.0052734045012678,0.00632028425118986));
#11861=CARTESIAN_POINT('',(0.001,-0.0052734045012678,0.00632028400118986));
#11862=CARTESIAN_POINT('',(0.001,-0.005373290400571,0.00632028400118986));
#11863=CARTESIAN_POINT('',(0.001,-0.00547317629987419,0.00632028400118986));
#11864=CARTESIAN_POINT('',(0.001,-0.00557306219917739,0.00632028400118986));
#11865=CARTESIAN_POINT('',(0.00099995,-0.00557306219917739,0.00632028425118986));
#11866=CARTESIAN_POINT('',(0.001,-0.00557306244917739,0.00632028425118986));
#11867=CARTESIAN_POINT('',(0.001,-0.00557306244917739,0.00676374110186544));
#11868=CARTESIAN_POINT('',(0.001,-0.00557306244917739,0.00720719795254102));
#11869=CARTESIAN_POINT('',(0.001,-0.00557306244917739,0.0076506548032166));
#11870=CARTESIAN_POINT('',(0.00099995,-0.00557306219917739,0.0076506548032166));
#11871=CARTESIAN_POINT('',(0.001,-0.00557306219917739,0.0076506550532166));
#11872=CARTESIAN_POINT('',(0.001,-0.00541472894495539,0.0076506550532166));
#11873=CARTESIAN_POINT('',(0.001,-0.0052563956907334,0.0076506550532166));
#11874=CARTESIAN_POINT('',(0.001,-0.0050980624365114,0.0076506550532166));
#11875=CARTESIAN_POINT('',(0.00099995,-0.00509806006168107,0.00765065480321384));
#11876=CARTESIAN_POINT('',(0.001,-0.0050980600551727,0.00765065493813706));
#11877=CARTESIAN_POINT('',(0.001,-0.00501493450550757,0.00764663782771513));
#11878=CARTESIAN_POINT('',(0.001,-0.00491847430454216,0.00764194810672468));
#11879=CARTESIAN_POINT('',(0.001,-0.00474774207832482,0.00759437097250846));
#11880=CARTESIAN_POINT('',(0.001,-0.00467670599328888,0.00749191859475763));
#11881=CARTESIAN_POINT('',(0.001,-0.00463620937412677,0.00737302909749442));
#11882=CARTESIAN_POINT('',(0.001,-0.00462457087725373,0.00732932409503287));
#11883=CARTESIAN_POINT('',(0.001,-0.00461378518493014,0.00728883890339555));
#11884=CARTESIAN_POINT('',(0.00099995,-0.00461378536088283,0.00728883885652006));
#11885=CARTESIAN_POINT('',(0.001,-0.00461378512852419,0.00728883869167009));
#11886=CARTESIAN_POINT('',(0.001,-0.0046158143686176,0.00723111282277339));
#11887=CARTESIAN_POINT('',(0.001,-0.00461791649300461,0.00721669463284217));
#11888=CARTESIAN_POINT('',(0.001,-0.00463512299530733,0.00716034746881166));
#11889=CARTESIAN_POINT('',(0.00099995,-0.00463512316666896,0.00716034753318938));
#11890=CARTESIAN_POINT('',(0.001,-0.00463512299530733,0.00716034746881166));
#11891=CARTESIAN_POINT('',(0.001,-0.00465560908724976,0.0071102248373453));
#11892=CARTESIAN_POINT('',(0.001,-0.00466217367978181,0.00709830768998507));
#11893=CARTESIAN_POINT('',(0.001,-0.00469542575948465,0.00705412193353811));
#11894=CARTESIAN_POINT('',(0.00099995,-0.00469542589385032,0.00705412205790033));
#11895=CARTESIAN_POINT('',(0.001,-0.00469542575948465,0.00705412193353811));
#11896=CARTESIAN_POINT('',(0.001,-0.00473237466307434,0.0070131176931197));
#11897=CARTESIAN_POINT('',(0.001,-0.00474280121310877,0.00700397443623217));
#11898=CARTESIAN_POINT('',(0.001,-0.00478959074192274,0.00697248115356603));
#11899=CARTESIAN_POINT('',(0.00099995,-0.00478959080206317,0.00697248132892452));
#11900=CARTESIAN_POINT('',(0.001,-0.00478959074192274,0.00697248115356603));
#11901=CARTESIAN_POINT('',(0.001,-0.00484113649516487,0.00694316829074905));
#11902=CARTESIAN_POINT('',(0.001,-0.00485479879320856,0.0069371343647349));
#11903=CARTESIAN_POINT('',(0.001,-0.00491251541415669,0.00691867266059427));
#11904=CARTESIAN_POINT('',(0.00099995,-0.00491251531151075,0.00691867233969386));
#11905=CARTESIAN_POINT('',(0.001,-0.0049125155615114,0.00691867243094931));
#11906=CARTESIAN_POINT('',(0.001,-0.0049125155615114,0.00691743560446467));
#11907=CARTESIAN_POINT('',(0.001,-0.0049125155615114,0.00691619877798003));
#11908=CARTESIAN_POINT('',(0.001,-0.0049125155615114,0.00691496195149539));
#11909=CARTESIAN_POINT('',(0.00099995,-0.00491251531151001,0.00691496203859903));
#11910=CARTESIAN_POINT('',(0.001,-0.00491251542637724,0.00691496172740743));
#11911=CARTESIAN_POINT('',(0.001,-0.00488566288453388,0.00690504992233625));
#11912=CARTESIAN_POINT('',(0.001,-0.00487922743096914,0.00690172929608165));
#11913=CARTESIAN_POINT('',(0.001,-0.00485499620567847,0.00688481043901258));
#11914=CARTESIAN_POINT('',(0.00099995,-0.00485499630421938,0.00688481029788296));
#11915=CARTESIAN_POINT('',(0.001,-0.00485499603622187,0.00688481032069364));
#11916=CARTESIAN_POINT('',(0.001,-0.0048300483341502,0.00686508379887758));
#11917=CARTESIAN_POINT('',(0.001,-0.00482402739617327,0.00685968114462626));
#11918=CARTESIAN_POINT('',(0.001,-0.00480118770936948,0.00683610453324772));
#11919=CARTESIAN_POINT('',(0.001,-0.00417079208367098,0.007269356242973));
#11920=CARTESIAN_POINT('',(0.001,-0.00408616541773721,0.00728700537759715));
#11921=CARTESIAN_POINT('',(0.001,-0.00406441402031483,0.00729004661104517));
#11922=CARTESIAN_POINT('',(0.001,-0.00397735936515558,0.00729347734864393));
#11923=CARTESIAN_POINT('',(0.00099995,-0.00417079209254869,0.00726935607894474));
#11924=CARTESIAN_POINT('',(0.00099995,-0.00397735900320198,0.00729347713112012));
#11925=CARTESIAN_POINT('',(0.001,-0.0039773589800778,0.00729347729395938));
#11926=CARTESIAN_POINT('',(0.001,-0.00389980049305792,0.00728246327865744));
#11927=CARTESIAN_POINT('',(0.001,-0.00380816351826002,0.00726872509200768));
#11928=CARTESIAN_POINT('',(0.001,-0.00365818532635643,0.00720725096543856));
#11929=CARTESIAN_POINT('',(0.001,-0.00359580151775127,0.00705611785188431));
#11930=CARTESIAN_POINT('',(0.001,-0.00358247813028956,0.00696784766997033));
#11931=CARTESIAN_POINT('',(0.001,-0.00357101180435554,0.00688805813840402));
#11932=CARTESIAN_POINT('',(0.00099995,-0.00357101195294628,0.00688805811705166));
#11933=CARTESIAN_POINT('',(0.001,-0.00357101170294512,0.00688805743272939));
#11934=CARTESIAN_POINT('',(0.001,-0.00357101170294512,0.00669879970554955));
#11935=CARTESIAN_POINT('',(0.001,-0.00357101170294512,0.00650954197836971));
#11936=CARTESIAN_POINT('',(0.001,-0.00357101170294512,0.00632028425118986));
#11937=CARTESIAN_POINT('',(0.00099995,-0.00357101195294512,0.00632028425118986));
#11938=CARTESIAN_POINT('',(0.001,-0.00357101195294512,0.00632028400118986));
#11939=CARTESIAN_POINT('',(0.001,-0.00366347597501314,0.00632028400118986));
#11940=CARTESIAN_POINT('',(0.001,-0.00375593999708117,0.00632028400118986));
#11941=CARTESIAN_POINT('',(0.001,-0.00384840401914919,0.00632028400118986));
#11942=CARTESIAN_POINT('',(0.00099995,-0.00384840401914919,0.00632028425118986));
#11943=CARTESIAN_POINT('',(0.001,-0.00384840426914919,0.00632028425118986));
#11944=CARTESIAN_POINT('',(0.001,-0.00384840426914919,0.00636574305697727));
#11945=CARTESIAN_POINT('',(0.001,-0.00384840426914919,0.00641120186276467));
#11946=CARTESIAN_POINT('',(0.001,-0.00384840426914919,0.00645666066855207));
#11947=CARTESIAN_POINT('',(0.00099995,-0.00384840470664919,0.00645666066855207));
#11948=CARTESIAN_POINT('',(0.001,-0.00384840464414919,0.00645666091855207));
#11949=CARTESIAN_POINT('',(0.001,-0.00384964147314206,0.00645666091855207));
#11950=CARTESIAN_POINT('',(0.001,-0.00385087830213493,0.00645666091855207));
#11951=CARTESIAN_POINT('',(0.001,-0.0038521151311278,0.00645666091855207));
#11952=CARTESIAN_POINT('',(0.00099995,-0.00385211506952525,0.00645666066855142));
#11953=CARTESIAN_POINT('',(0.001,-0.0038521152543329,0.00645666091855207));
#11954=CARTESIAN_POINT('',(0.001,-0.00387572775127444,0.00642592165639823));
#11955=CARTESIAN_POINT('',(0.001,-0.00390358288005858,0.00639008601474333));
#11956=CARTESIAN_POINT('',(0.001,-0.0039675694010116,0.00633100572582086));
#11957=CARTESIAN_POINT('',(0.001,-0.00405189717498463,0.00630668538559877));
#11958=CARTESIAN_POINT('',(0.001,-0.00409565744386945,0.00630152119236169));
#11959=CARTESIAN_POINT('',(0.001,-0.00413507429831255,0.00629709064181486));
#11960=CARTESIAN_POINT('',(0.00099995,-0.0041350742451333,0.00629709082367603));
#11961=CARTESIAN_POINT('',(0.001,-0.00413507429831255,0.00629709064181486));
#11962=CARTESIAN_POINT('',(0.001,-0.00424128982572894,0.00630308125390788));
#11963=CARTESIAN_POINT('',(0.001,-0.00426618530036346,0.00630996141829349));
#11964=CARTESIAN_POINT('',(0.001,-0.00435262797348726,0.00637548416073957));
#11965=CARTESIAN_POINT('',(0.00099995,-0.0043526278335933,0.0063754843064878));
#11966=CARTESIAN_POINT('',(0.001,-0.00435262797348726,0.00637548416073957));
#11967=CARTESIAN_POINT('',(0.001,-0.00441643040553134,0.00645609939681187));
#11968=CARTESIAN_POINT('',(0.001,-0.00442505319549291,0.00647945562060688));
#11969=CARTESIAN_POINT('',(0.001,-0.00443194923870791,0.00658468826826253));
#11970=CARTESIAN_POINT('',(0.00099995,-0.00443194903951811,0.00658468833673589));
#11971=CARTESIAN_POINT('',(0.001,-0.00443194921730867,0.00658468837304515));
#11972=CARTESIAN_POINT('',(0.001,-0.00442003135610425,0.00664304486497733));
#11973=CARTESIAN_POINT('',(0.001,-0.00440579688846612,0.00671130573001192));
#11974=CARTESIAN_POINT('',(0.001,-0.0043499159636474,0.0068232482541854));
#11975=CARTESIAN_POINT('',(0.001,-0.00423146348992772,0.0068757584554711));
#11976=CARTESIAN_POINT('',(0.001,-0.00416480581440796,0.00689079367097368));
#11977=CARTESIAN_POINT('',(0.001,-0.00410446029051131,0.00690382868520119));
#11978=CARTESIAN_POINT('',(0.00099995,-0.00410446026057514,0.00690382854658608));
#11979=CARTESIAN_POINT('',(0.001,-0.00410445896857012,0.00690382897074857));
#11980=CARTESIAN_POINT('',(0.001,-0.00401848899051346,0.00691527101461435));
#11981=CARTESIAN_POINT('',(0.001,-0.00393251901245681,0.00692671305848013));
#11982=CARTESIAN_POINT('',(0.001,-0.00384654903440015,0.0069381551023459));
#11983=CARTESIAN_POINT('',(0.00099995,-0.00384654906738276,0.00693815535016129));
#11984=CARTESIAN_POINT('',(0.001,-0.00384654882107045,0.00693815539294282));
#11985=CARTESIAN_POINT('',(0.001,-0.00386804188569958,0.00706189942361932));
#11986=CARTESIAN_POINT('',(0.001,-0.00388675043993431,0.00707932347041345));
#11987=CARTESIAN_POINT('',(0.001,-0.00401539633797427,0.00709401440785767));
#11988=CARTESIAN_POINT('',(0.00099995,-0.00401539635700164,0.00709401424123684));
#11989=CARTESIAN_POINT('',(0.001,-0.00401539651625383,0.0070940144282166));
#11990=CARTESIAN_POINT('',(0.001,-0.00405334573010329,0.00709095231514414));
#11991=CARTESIAN_POINT('',(0.001,-0.00409784954671007,0.0070872263142592));
#11992=CARTESIAN_POINT('',(0.001,-0.00418532480957114,0.00707125905109968));
#11993=CARTESIAN_POINT('',(0.001,-0.00426684728449103,0.00703390571702631));
#11994=CARTESIAN_POINT('',(0.001,-0.00430448729822408,0.00701237038547048));
#11995=CARTESIAN_POINT('',(0.001,-0.00433824767997387,0.00699289163939314));
#11996=CARTESIAN_POINT('',(0.00099995,-0.00433824780491148,0.00699289185593551));
#11997=CARTESIAN_POINT('',(0.001,-0.00433824805491198,0.00699289185593551));
#11998=CARTESIAN_POINT('',(0.001,-0.00433824805491198,0.00706649192137334));
#11999=CARTESIAN_POINT('',(0.001,-0.00433824805491198,0.00714009198681116));
#12000=CARTESIAN_POINT('',(0.001,-0.00433824805491198,0.00721369205224899));
#12001=CARTESIAN_POINT('',(0.00099995,-0.00433824780491154,0.00721369205224899));
#12002=CARTESIAN_POINT('',(0.001,-0.00433824790403696,0.00721369227685959));
#12003=CARTESIAN_POINT('',(0.001,-0.00426732772252303,0.00724499081720816));
#12004=CARTESIAN_POINT('',(0.001,-0.00424787229596229,0.00725104570373609));
#12005=CARTESIAN_POINT('',(0.001,-0.00417079208367098,0.007269356242973));
#12006=CARTESIAN_POINT('',(0.001,0.000271664280960674,0.00729347734864393));
#12007=CARTESIAN_POINT('',(0.001,0.000311440012396556,0.00729113242384167));
#12008=CARTESIAN_POINT('',(0.001,0.000358018363113156,0.00728810380531687));
#12009=CARTESIAN_POINT('',(0.001,0.000448124778570174,0.00727150115624945));
#12010=CARTESIAN_POINT('',(0.001,0.000526810678954764,0.00722451106217776));
#12011=CARTESIAN_POINT('',(0.001,0.000561768459160604,0.0071958899993714));
#12012=CARTESIAN_POINT('',(0.001,0.000593124051163311,0.0071700886559073));
#12013=CARTESIAN_POINT('',(0.00099995,0.000271664288135678,0.00729347717041843));
#12014=CARTESIAN_POINT('',(0.00099995,0.000593123891836626,0.00717008852673602));
#12015=CARTESIAN_POINT('',(0.001,0.000593124051163311,0.0071700886559073));
#12016=CARTESIAN_POINT('',(0.001,0.000616433914684031,0.00713713136910483));
#12017=CARTESIAN_POINT('',(0.001,0.000643681908769984,0.00709840619613127));
#12018=CARTESIAN_POINT('',(0.001,0.000686683192591279,0.00701572569055459));
#12019=CARTESIAN_POINT('',(0.001,0.000701979005227214,0.00692254808599218));
#12020=CARTESIAN_POINT('',(0.001,0.000704617948254499,0.0068765574024015));
#12021=CARTESIAN_POINT('',(0.001,0.000706771526331135,0.00683517850698574));
#12022=CARTESIAN_POINT('',(0.00099995,0.000706771381309194,0.00683517849945531));
#12023=CARTESIAN_POINT('',(0.001,0.0007067716313101,0.00683517648990789));
#12024=CARTESIAN_POINT('',(0.001,0.0007067716313101,0.00679404703383095));
#12025=CARTESIAN_POINT('',(0.001,0.0007067716313101,0.00675291757775401));
#12026=CARTESIAN_POINT('',(0.001,0.0007067716313101,0.00671178812167707));
#12027=CARTESIAN_POINT('',(0.00099995,0.0007067713813101,0.00671178812167707));
#12028=CARTESIAN_POINT('',(0.001,0.0007067713813101,0.00671178787167707));
#12029=CARTESIAN_POINT('',(0.001,0.000500195982345222,0.00671178787167707));
#12030=CARTESIAN_POINT('',(0.001,0.000293620583380344,0.00671178787167707));
#12031=CARTESIAN_POINT('',(0.001,8.70451844154662E-5,0.00671178787167707));
#12032=CARTESIAN_POINT('',(0.00099995,8.70451844154664E-5,0.00671178762167659));
#12033=CARTESIAN_POINT('',(0.001,8.70449437861519E-5,0.00671178755387137));
#12034=CARTESIAN_POINT('',(0.001,9.90131288673966E-5,0.00666931476172334));
#12035=CARTESIAN_POINT('',(0.001,0.000113233203394076,0.00661966411365366));
#12036=CARTESIAN_POINT('',(0.001,0.000160747819144515,0.00654136293539632));
#12037=CARTESIAN_POINT('',(0.001,0.000251699819620198,0.00651357230620656));
#12038=CARTESIAN_POINT('',(0.001,0.000302121891412691,0.00650879658426282));
#12039=CARTESIAN_POINT('',(0.001,0.00034773807011384,0.00650490314824634));
#12040=CARTESIAN_POINT('',(0.00099995,0.000347738083631249,0.00650490330662087));
#12041=CARTESIAN_POINT('',(0.001,0.000347738285133953,0.00650490312989393));
#12042=CARTESIAN_POINT('',(0.001,0.000475817138014681,0.00651182640904397));
#12043=CARTESIAN_POINT('',(0.001,0.000506782303786581,0.00651896261043299));
#12044=CARTESIAN_POINT('',(0.001,0.000623275292058082,0.00657912175115486));
#12045=CARTESIAN_POINT('',(0.00099995,0.000623275406768803,0.00657912152902549));
#12046=CARTESIAN_POINT('',(0.001,0.00062327565676939,0.00657912152902549));
#12047=CARTESIAN_POINT('',(0.001,0.00062327565676939,0.00650861389472567));
#12048=CARTESIAN_POINT('',(0.001,0.00062327565676939,0.00643810626042585));
#12049=CARTESIAN_POINT('',(0.001,0.00062327565676939,0.00636759862612603));
#12050=CARTESIAN_POINT('',(0.00099995,0.000623275406768923,0.00636759862612603));
#12051=CARTESIAN_POINT('',(0.001,0.000623275499273003,0.00636759840140432));
#12052=CARTESIAN_POINT('',(0.001,0.000587221296981229,0.00635275712868432));
#12053=CARTESIAN_POINT('',(0.001,0.000544890554263332,0.00633538476140615));
#12054=CARTESIAN_POINT('',(0.001,0.00045740074024901,0.0063085154801304));
#12055=CARTESIAN_POINT('',(0.001,0.000365343224418641,0.00629953597896571));
#12056=CARTESIAN_POINT('',(0.001,0.000320893339229981,0.00629816888981751));
#12057=CARTESIAN_POINT('',(0.001,0.000280941743919964,0.00629709064181486));
#12058=CARTESIAN_POINT('',(0.00099995,0.000280941581828653,0.0062970908104601));
#12059=CARTESIAN_POINT('',(0.001,0.000280941573469151,0.00629709065073588));
#12060=CARTESIAN_POINT('',(0.001,0.000237339679455009,0.00629937267736538));
#12061=CARTESIAN_POINT('',(0.001,0.000186270336090691,0.00630234714158898));
#12062=CARTESIAN_POINT('',(0.001,8.69439814878214E-5,0.00631922289143728));
#12063=CARTESIAN_POINT('',(0.001,-1.280814116245E-6,0.00636792021917689));
#12064=CARTESIAN_POINT('',(0.001,-4.07888287687545E-5,0.00639776296141351));
#12065=CARTESIAN_POINT('',(0.001,-7.6236109664326E-5,0.00642465411837736));
#12066=CARTESIAN_POINT('',(0.00099995,-7.6235963512366E-5,0.00642465426350038));
#12067=CARTESIAN_POINT('',(0.001,-7.6236109664326E-5,0.00642465411837736));
#12068=CARTESIAN_POINT('',(0.001,-0.000102362840083195,0.00645919535502438));
#12069=CARTESIAN_POINT('',(0.001,-0.000132906922671909,0.00649978561995651));
#12070=CARTESIAN_POINT('',(0.001,-0.000181029508008857,0.00658705498627538));
#12071=CARTESIAN_POINT('',(0.001,-0.00019805698780963,0.00668667433401621));
#12072=CARTESIAN_POINT('',(0.001,-0.000200966923508468,0.00673602699984487));
#12073=CARTESIAN_POINT('',(0.001,-0.000203335862090473,0.00678044020350614));
#12074=CARTESIAN_POINT('',(0.00099995,-0.000203335691590327,0.00678044020431318));
#12075=CARTESIAN_POINT('',(0.001,-0.000203335862090473,0.00678044020350614));
#12076=CARTESIAN_POINT('',(0.001,-0.000200602528917864,0.00682628192706192));
#12077=CARTESIAN_POINT('',(0.001,-0.000197096073140511,0.00687997773291753));
#12078=CARTESIAN_POINT('',(0.001,-0.000178368490445337,0.00698426261936346));
#12079=CARTESIAN_POINT('',(0.001,-0.000126184839580183,0.00707667983396855));
#12080=CARTESIAN_POINT('',(0.001,-9.4554734699413E-5,0.00711809538505595));
#12081=CARTESIAN_POINT('',(0.001,-6.60311984323314E-5,0.00715524493868986));
#12082=CARTESIAN_POINT('',(0.00099995,-6.60310566826285E-5,0.00715524480256837));
#12083=CARTESIAN_POINT('',(0.001,-6.60311984323314E-5,0.00715524493868986));
#12084=CARTESIAN_POINT('',(0.001,-3.37133030661505E-5,0.0071820235470729));
#12085=CARTESIAN_POINT('',(0.001,4.30688477477626E-6,0.00721324795865792));
#12086=CARTESIAN_POINT('',(0.001,8.61669847425641E-5,0.00726454138245371));
#12087=CARTESIAN_POINT('',(0.001,0.000181298947621265,0.00728538680815455));
#12088=CARTESIAN_POINT('',(0.001,0.000228867348098514,0.00728974817215172));
#12089=CARTESIAN_POINT('',(0.001,0.000271664280960674,0.00729347734864393));
#12090=CARTESIAN_POINT('',(0.001,0.00494095208174955,0.00722668050940672));
#12091=CARTESIAN_POINT('',(0.001,0.00493729132753118,0.00718559932996946));
#12092=CARTESIAN_POINT('',(0.001,0.0049327441989163,0.00713749080148112));
#12093=CARTESIAN_POINT('',(0.001,0.00491144269995443,0.00704554111070897));
#12094=CARTESIAN_POINT('',(0.001,0.00485736626616215,0.00696757084115547));
#12095=CARTESIAN_POINT('',(0.001,0.00482548802788562,0.00693321485106104));
#12096=CARTESIAN_POINT('',(0.001,0.00479668857581388,0.00690243735130468));
#12097=CARTESIAN_POINT('',(0.00099995,0.00494095187389576,0.00722668061403839));
#12098=CARTESIAN_POINT('',(0.00099995,0.00479668848110661,0.00690243753365422));
#12099=CARTESIAN_POINT('',(0.001,0.00479668857581388,0.00690243735130468));
#12100=CARTESIAN_POINT('',(0.001,0.00475831050836306,0.00687700696487035));
#12101=CARTESIAN_POINT('',(0.001,0.00471322160055223,0.00684727853074634));
#12102=CARTESIAN_POINT('',(0.001,0.00461750383499064,0.00680040115464193));
#12103=CARTESIAN_POINT('',(0.001,0.00451085854608796,0.00678376937272428));
#12104=CARTESIAN_POINT('',(0.001,0.00445840405849504,0.00678091312591087));
#12105=CARTESIAN_POINT('',(0.001,0.00441121753502348,0.00677858500428057));
#12106=CARTESIAN_POINT('',(0.00099995,0.00441121752854722,0.00677858513618684));
#12107=CARTESIAN_POINT('',(0.001,0.00441121460921537,0.00677858485992589));
#12108=CARTESIAN_POINT('',(0.001,0.00436359119825295,0.00677858485992589));
#12109=CARTESIAN_POINT('',(0.001,0.00431596778729053,0.00677858485992589));
#12110=CARTESIAN_POINT('',(0.001,0.00426834437632811,0.00677858485992589));
#12111=CARTESIAN_POINT('',(0.00099995,0.00426834437632811,0.00677858454742589));
#12112=CARTESIAN_POINT('',(0.001,0.00426834406382811,0.0067785845474259));
#12113=CARTESIAN_POINT('',(0.001,0.00426834406382811,0.00662581780284722));
#12114=CARTESIAN_POINT('',(0.001,0.00426834406382811,0.00647305105826854));
#12115=CARTESIAN_POINT('',(0.001,0.00426834406382811,0.00632028431368986));
#12116=CARTESIAN_POINT('',(0.00099995,0.00426834375132811,0.00632028431368986));
#12117=CARTESIAN_POINT('',(0.001,0.00426834375132811,0.00632028400118986));
#12118=CARTESIAN_POINT('',(0.001,0.00416845789990039,0.00632028400118986));
#12119=CARTESIAN_POINT('',(0.001,0.00406857204847268,0.00632028400118986));
#12120=CARTESIAN_POINT('',(0.001,0.00396868619704496,0.00632028400118986));
#12121=CARTESIAN_POINT('',(0.00099995,0.00396868619704496,0.00632028431368986));
#12122=CARTESIAN_POINT('',(0.001,0.00396868588454496,0.00632028431368986));
#12123=CARTESIAN_POINT('',(0.001,0.00396868588454496,0.00676374112269878));
#12124=CARTESIAN_POINT('',(0.001,0.00396868588454496,0.0072071979317077));
#12125=CARTESIAN_POINT('',(0.001,0.00396868588454496,0.00765065474071661));
#12126=CARTESIAN_POINT('',(0.00099995,0.00396868619704496,0.00765065474071661));
#12127=CARTESIAN_POINT('',(0.001,0.00396868619704496,0.00765065505321661));
#12128=CARTESIAN_POINT('',(0.001,0.00412516378262134,0.00765065505321661));
#12129=CARTESIAN_POINT('',(0.001,0.00428164136819771,0.00765065505321661));
#12130=CARTESIAN_POINT('',(0.001,0.00443811895377409,0.00765065505321661));
#12131=CARTESIAN_POINT('',(0.00099995,0.00443812086782637,0.00765065477591095));
#12132=CARTESIAN_POINT('',(0.001,0.00443812087751952,0.00765065489106809));
#12133=CARTESIAN_POINT('',(0.001,0.00452739848288696,0.00764312985736479));
#12134=CARTESIAN_POINT('',(0.001,0.00463393934112194,0.00763421153391187));
#12135=CARTESIAN_POINT('',(0.001,0.00481478340432842,0.00757298918268393));
#12136=CARTESIAN_POINT('',(0.001,0.00488378259653733,0.00745377240362349));
#12137=CARTESIAN_POINT('',(0.001,0.00492113885157725,0.00732058523398956));
#12138=CARTESIAN_POINT('',(0.001,0.00493141244795191,0.00727182511199253));
#12139=CARTESIAN_POINT('',(0.001,0.00494095205170004,0.00722668065161064));
#12140=CARTESIAN_POINT('',(0.001,0.0104900738438405,0.00103747367901287));
#12141=CARTESIAN_POINT('',(0.001,0.0105189494317733,0.00106390079392807));
#12142=CARTESIAN_POINT('',(0.001,0.0105259554468745,0.00107116564958617));
#12143=CARTESIAN_POINT('',(0.001,0.0105506722430169,0.00110290536493063));
#12144=CARTESIAN_POINT('',(0.00099995,0.0104900737409175,0.00103747379147819));
#12145=CARTESIAN_POINT('',(0.00099995,0.0105506721603365,0.00110290556567759));
#12146=CARTESIAN_POINT('',(0.001,0.0105506723102291,0.00110290546576339));
#12147=CARTESIAN_POINT('',(0.001,0.0105697715936239,0.00113155850214836));
#12148=CARTESIAN_POINT('',(0.001,0.0105738881066438,0.00113926806420887));
#12149=CARTESIAN_POINT('',(0.001,0.0105863099346339,0.00117253044456243));
#12150=CARTESIAN_POINT('',(0.00099995,0.0105863097576048,0.00117253050374437));
#12151=CARTESIAN_POINT('',(0.001,0.0105863099346339,0.00117253044456243));
#12152=CARTESIAN_POINT('',(0.001,0.0105959277955538,0.00120785043304068));
#12153=CARTESIAN_POINT('',(0.001,0.0105972975840665,0.00121704068335956));
#12154=CARTESIAN_POINT('',(0.001,0.0105983795771777,0.00125483939260244));
#12155=CARTESIAN_POINT('',(0.00099995,0.0105983794082472,0.00125483945213429));
#12156=CARTESIAN_POINT('',(0.001,0.0105983795771777,0.00125483939260244));
#12157=CARTESIAN_POINT('',(0.001,0.0105973412645758,0.00128852543177436));
#12158=CARTESIAN_POINT('',(0.001,0.0105961855511701,0.00129708514107269));
#12159=CARTESIAN_POINT('',(0.001,0.0105856369981944,0.00133006142288446));
#12160=CARTESIAN_POINT('',(0.00099995,0.0105856368124778,0.00133006139516117));
#12161=CARTESIAN_POINT('',(0.001,0.0105856369981944,0.00133006142288446));
#12162=CARTESIAN_POINT('',(0.001,0.0105739833925751,0.00135642749258315));
#12163=CARTESIAN_POINT('',(0.001,0.0105701868228588,0.00136265932911148));
#12164=CARTESIAN_POINT('',(0.001,0.0105501008579909,0.00138451391667128));
#12165=CARTESIAN_POINT('',(0.00099995,0.0105501007307907,0.00138451378026722));
#12166=CARTESIAN_POINT('',(0.001,0.0105501008579909,0.00138451391667128));
#12167=CARTESIAN_POINT('',(0.001,0.0105283738860312,0.0014029433470391));
#12168=CARTESIAN_POINT('',(0.001,0.0105222675630788,0.0014066959742629));
#12169=CARTESIAN_POINT('',(0.001,0.010494932661432,0.00141755612403154));
#12170=CARTESIAN_POINT('',(0.00099995,0.010494932673197,0.00141755592740677));
#12171=CARTESIAN_POINT('',(0.001,0.010494932661432,0.00141755612403154));
#12172=CARTESIAN_POINT('',(0.001,0.0104640951821007,0.00142644514817941));
#12173=CARTESIAN_POINT('',(0.001,0.0104560623699531,0.00142772353039813));
#12174=CARTESIAN_POINT('',(0.001,0.0104229309956014,0.00142874995082617));
#12175=CARTESIAN_POINT('',(0.00099995,0.0104229308908922,0.00142874976988039));
#12176=CARTESIAN_POINT('',(0.001,0.0104229308798992,0.00142874994350025));
#12177=CARTESIAN_POINT('',(0.001,0.0103688784359169,0.0014253275011722));
#12178=CARTESIAN_POINT('',(0.001,0.010355755810936,0.00142219668187141));
#12179=CARTESIAN_POINT('',(0.001,0.0103052571431544,0.00139953714615025));
#12180=CARTESIAN_POINT('',(0.00099995,0.0103052572132754,0.00139953698988269));
#12181=CARTESIAN_POINT('',(0.001,0.010305256749171,0.00139953696936369));
#12182=CARTESIAN_POINT('',(0.001,0.0102458028942747,0.00136661214546714));
#12183=CARTESIAN_POINT('',(0.001,0.0102309373854304,0.00135711654030012));
#12184=CARTESIAN_POINT('',(0.001,0.0101738684330688,0.00131688665041889));
#12185=CARTESIAN_POINT('',(0.00099995,0.0101738682322707,0.00131688693526913));
#12186=CARTESIAN_POINT('',(0.001,0.0101738678837597,0.00131688693526913));
#12187=CARTESIAN_POINT('',(0.001,0.0101738678837597,0.00135525336367451));
#12188=CARTESIAN_POINT('',(0.001,0.0101738678837597,0.00139361979207988));
#12189=CARTESIAN_POINT('',(0.001,0.0101738678837597,0.00143198622048526));
#12190=CARTESIAN_POINT('',(0.00099995,0.0101738681588017,0.00143198622048526));
#12191=CARTESIAN_POINT('',(0.001,0.0101738679959298,0.00143198642385777));
#12192=CARTESIAN_POINT('',(0.001,0.0102226892207925,0.00147108511262406));
#12193=CARTESIAN_POINT('',(0.001,0.0102359695246416,0.00147964886944439));
#12194=CARTESIAN_POINT('',(0.001,0.0102939667353809,0.00150620968848467));
#12195=CARTESIAN_POINT('',(0.00099995,0.0102939668399876,0.00150620952681339));
#12196=CARTESIAN_POINT('',(0.001,0.0102939667353809,0.00150620968848467));
#12197=CARTESIAN_POINT('',(0.001,0.0103542100900223,0.0015262365273143));
#12198=CARTESIAN_POINT('',(0.001,0.0103699304333769,0.00152900786303411));
#12199=CARTESIAN_POINT('',(0.001,0.0104348287564824,0.00153128897677683));
#12200=CARTESIAN_POINT('',(0.00099995,0.0104348287623642,0.00153128880926901));
#12201=CARTESIAN_POINT('',(0.001,0.0104348297963321,0.00153128901332617));
#12202=CARTESIAN_POINT('',(0.001,0.0104430667608758,0.00153077097445727));
#12203=CARTESIAN_POINT('',(0.001,0.0104513037254194,0.00153025293558836));
#12204=CARTESIAN_POINT('',(0.001,0.0104595406899631,0.00152973489671945));
#12205=CARTESIAN_POINT('',(0.00099995,0.0104595406598047,0.00152973464770549));
#12206=CARTESIAN_POINT('',(0.001,0.0104595406899631,0.00152973489671945));
#12207=CARTESIAN_POINT('',(0.001,0.0104673194829517,0.00152833354147215));
#12208=CARTESIAN_POINT('',(0.001,0.0104750982759403,0.00152693218622485));
#12209=CARTESIAN_POINT('',(0.001,0.0104828770689288,0.00152553083097755));
#12210=CARTESIAN_POINT('',(0.001,0.0104828770689288,0.00152553083097755));
#12211=CARTESIAN_POINT('',(0.001,0.0104831086645305,0.00152548910886049));
#12212=CARTESIAN_POINT('',(0.001,0.010525708796776,0.00151924000335433));
#12213=CARTESIAN_POINT('',(0.001,0.010536181839522,0.00151646617258086));
#12214=CARTESIAN_POINT('',(0.001,0.0105765526542842,0.00149909602314234));
#12215=CARTESIAN_POINT('',(0.00099995,0.0105765525920264,0.00149909585240335));
#12216=CARTESIAN_POINT('',(0.001,0.0105765526542842,0.00149909602314234));
#12217=CARTESIAN_POINT('',(0.001,0.010612069242867,0.00147988181205465));
#12218=CARTESIAN_POINT('',(0.001,0.0106204201086283,0.00147398886615822));
#12219=CARTESIAN_POINT('',(0.001,0.0106500337073981,0.0014447342774272));
#12220=CARTESIAN_POINT('',(0.00099995,0.0106500335749262,0.00144473414884325));
#12221=CARTESIAN_POINT('',(0.001,0.0106500337073981,0.0014447342774272));
#12222=CARTESIAN_POINT('',(0.001,0.0106758511297776,0.00141322004986202));
#12223=CARTESIAN_POINT('',(0.001,0.0106812136673538,0.00140445976550649));
#12224=CARTESIAN_POINT('',(0.001,0.0106972550401866,0.00136558690875769));
#12225=CARTESIAN_POINT('',(0.00099995,0.010697254856645,0.00136558688056117));
#12226=CARTESIAN_POINT('',(0.001,0.0106972550401866,0.00136558690875769));
#12227=CARTESIAN_POINT('',(0.001,0.0107104688574173,0.00132232978898114));
#12228=CARTESIAN_POINT('',(0.001,0.0107123307739631,0.00131110926080128));
#12229=CARTESIAN_POINT('',(0.001,0.0107139069388091,0.0012648903748393));
#12230=CARTESIAN_POINT('',(0.00099995,0.0107139067669582,0.00126489041595571));
#12231=CARTESIAN_POINT('',(0.001,0.0107139069388091,0.0012648903748393));
#12232=CARTESIAN_POINT('',(0.001,0.0107124305757311,0.00121366869449909));
#12233=CARTESIAN_POINT('',(0.001,0.0107108158961029,0.00120077009752963));
#12234=CARTESIAN_POINT('',(0.001,0.0106970467219531,0.00115040974527597));
#12235=CARTESIAN_POINT('',(0.00099995,0.0106970465486381,0.00115040981106313));
#12236=CARTESIAN_POINT('',(0.001,0.0106970467219531,0.00115040974527597));
#12237=CARTESIAN_POINT('',(0.001,0.0106807839269001,0.00110651823712766));
#12238=CARTESIAN_POINT('',(0.001,0.0106755588659231,0.00109596356162064));
#12239=CARTESIAN_POINT('',(0.001,0.0106490724279097,0.00105616477266542));
#12240=CARTESIAN_POINT('',(0.00099995,0.010649072279066,0.00105616487172231));
#12241=CARTESIAN_POINT('',(0.001,0.0106490723589837,0.00105616466909647));
#12242=CARTESIAN_POINT('',(0.001,0.0106197385533777,0.00101820070570178));
#12243=CARTESIAN_POINT('',(0.001,0.0106115815494005,0.0010092631171928));
#12244=CARTESIAN_POINT('',(0.001,0.0105754578659713,0.000976125465929507));
#12245=CARTESIAN_POINT('',(0.00099995,0.0105754577630489,0.000976125629743595));
#12246=CARTESIAN_POINT('',(0.001,0.0105754578659713,0.000976125465929507));
#12247=CARTESIAN_POINT('',(0.001,0.0105273001516046,0.000938239421223343));
#12248=CARTESIAN_POINT('',(0.001,0.0105138294544084,0.000929622287084489));
#12249=CARTESIAN_POINT('',(0.001,0.0104585420141399,0.000899285244047641));
#12250=CARTESIAN_POINT('',(0.00099995,0.010458542171605,0.000899285041743531));
#12251=CARTESIAN_POINT('',(0.001,0.0104585420141399,0.000899285244047641));
#12252=CARTESIAN_POINT('',(0.001,0.010427641451151,0.000866388388198057));
#12253=CARTESIAN_POINT('',(0.001,0.0104193010076102,0.000858616790000477));
#12254=CARTESIAN_POINT('',(0.001,0.010383395862332,0.000829694198788993));
#12255=CARTESIAN_POINT('',(0.00099995,0.0103833958246335,0.00082969424582003));
#12256=CARTESIAN_POINT('',(0.001,0.0103833734045207,0.000829676108658313));
#12257=CARTESIAN_POINT('',(0.001,0.0103522826801301,0.000805213005532712));
#12258=CARTESIAN_POINT('',(0.001,0.0103443548069286,0.000798468001992846));
#12259=CARTESIAN_POINT('',(0.001,0.0103156494895398,0.000769941823780536));
#12260=CARTESIAN_POINT('',(0.00099995,0.0103156494079241,0.00076994147486581));
#12261=CARTESIAN_POINT('',(0.001,0.0103156492796424,0.000769941590085865));
#12262=CARTESIAN_POINT('',(0.001,0.0102959650207539,0.000748025605366024));
#12263=CARTESIAN_POINT('',(0.001,0.0102913722511195,0.000741981027344806));
#12264=CARTESIAN_POINT('',(0.001,0.0102766793022334,0.000715537386238574));
#12265=CARTESIAN_POINT('',(0.00099995,0.0102766794583821,0.000715537270180198));
#12266=CARTESIAN_POINT('',(0.001,0.0102766793022334,0.000715537386238574));
#12267=CARTESIAN_POINT('',(0.001,0.0102656309758317,0.000689429814544948));
#12268=CARTESIAN_POINT('',(0.001,0.0102636886956019,0.000682512441718257));
#12269=CARTESIAN_POINT('',(0.001,0.0102594773272454,0.000653533207476138));
#12270=CARTESIAN_POINT('',(0.00099995,0.0102594770812867,0.000653533261020222));
#12271=CARTESIAN_POINT('',(0.001,0.0102594773272454,0.000653533207476138));
#12272=CARTESIAN_POINT('',(0.001,0.0102575679526221,0.000647912301042857));
#12273=CARTESIAN_POINT('',(0.001,0.0102561836552412,0.000642310975635461));
#12274=CARTESIAN_POINT('',(0.001,0.0102553244351027,0.000636729231253948));
#12275=CARTESIAN_POINT('',(0.000999950000936996,0.0102553244728234,0.000636729225447214));
#12276=CARTESIAN_POINT('',(0.001,0.010255322361964,0.000636715756952762));
#12277=CARTESIAN_POINT('',(0.001,0.010255058904238,0.000634809345160369));
#12278=CARTESIAN_POINT('',(0.001,0.0102547954465121,0.000632902933367975));
#12279=CARTESIAN_POINT('',(0.001,0.0102545319887861,0.000630996521575581));
#12280=CARTESIAN_POINT('',(0.00099995,0.0102545323228931,0.000630996558407848));
#12281=CARTESIAN_POINT('',(0.001,0.0102545323228931,0.000630996095240115));
#12282=CARTESIAN_POINT('',(0.001,0.0104140373208868,0.000630996095240115));
#12283=CARTESIAN_POINT('',(0.001,0.0105735423188805,0.000630996095240115));
#12284=CARTESIAN_POINT('',(0.001,0.0107330473168742,0.000630996095240115));
#12285=CARTESIAN_POINT('',(0.00099995,0.0107330473168742,0.000630995782740115));
#12286=CARTESIAN_POINT('',(0.001,0.0107330476293742,0.000630995782740115));
#12287=CARTESIAN_POINT('',(0.001,0.0107330476293742,0.000596132687968412));
#12288=CARTESIAN_POINT('',(0.001,0.0107330476293742,0.00056126959319671));
#12289=CARTESIAN_POINT('',(0.001,0.0107330476293742,0.000526406498425006));
#12290=CARTESIAN_POINT('',(0.00099995,0.0107330473168742,0.000526406498425006));
#12291=CARTESIAN_POINT('',(0.001,0.0107330473168742,0.000526406185925006));
#12292=CARTESIAN_POINT('',(0.001,0.0105341217295531,0.000526406185925006));
#12293=CARTESIAN_POINT('',(0.001,0.010335196142232,0.000526406185925006));
#12294=CARTESIAN_POINT('',(0.001,0.0101362705549109,0.000526406185925006));
#12295=CARTESIAN_POINT('',(0.00099995,0.0101362705549109,0.000526406498425006));
#12296=CARTESIAN_POINT('',(0.001,0.0101362702424109,0.000526406498425006));
#12297=CARTESIAN_POINT('',(0.001,0.0101362702424109,0.000546405093684991));
#12298=CARTESIAN_POINT('',(0.001,0.0101362702424109,0.000566403688944975));
#12299=CARTESIAN_POINT('',(0.001,0.0101362702424109,0.000586402284204959));
#12300=CARTESIAN_POINT('',(0.00099995,0.0101362704925794,0.000586402292384778));
#12301=CARTESIAN_POINT('',(0.001,0.0101362702424109,0.000586402284204959));
#12302=CARTESIAN_POINT('',(0.001,0.0101374610699064,0.000638237738193142));
#12303=CARTESIAN_POINT('',(0.001,0.010138909009433,0.000651436727482419));
#12304=CARTESIAN_POINT('',(0.001,0.0101520997086942,0.00070245833903551));
#12305=CARTESIAN_POINT('',(0.00099995,0.0101520999018172,0.00070245832312541));
#12306=CARTESIAN_POINT('',(0.001,0.0101520997086942,0.00070245833903551));
#12307=CARTESIAN_POINT('',(0.001,0.0101682327549408,0.000745877295164465));
#12308=CARTESIAN_POINT('',(0.001,0.0101736141995833,0.000756176237896688));
#12309=CARTESIAN_POINT('',(0.001,0.0102012008754265,0.000794631125148677));
#12310=CARTESIAN_POINT('',(0.00099995,0.0102012010203098,0.000794631021212372));
#12311=CARTESIAN_POINT('',(0.001,0.0102012009719789,0.000794631259739398));
#12312=CARTESIAN_POINT('',(0.001,0.0102349198234816,0.000834589921520297));
#12313=CARTESIAN_POINT('',(0.001,0.0102443417195333,0.000843937749942799));
#12314=CARTESIAN_POINT('',(0.001,0.0102851957257237,0.000878476762479542));
#12315=CARTESIAN_POINT('',(0.00099995,0.010285195823282,0.000878476647072562));
#12316=CARTESIAN_POINT('',(0.001,0.0102851975510299,0.000878478305637835));
#12317=CARTESIAN_POINT('',(0.001,0.0103242832145474,0.000909543292080848));
#12318=CARTESIAN_POINT('',(0.001,0.0103650246780497,0.000940532889321932));
#12319=CARTESIAN_POINT('',(0.001,0.0104074219415366,0.000971447097361087));
#12320=CARTESIAN_POINT('',(0.000999950000887376,0.0104074367441816,0.000971458313010524));
#12321=CARTESIAN_POINT('',(0.001,0.0104074368310398,0.000971458196490701));
#12322=CARTESIAN_POINT('',(0.001,0.0104360392799023,0.000992779665993376));
#12323=CARTESIAN_POINT('',(0.001,0.0104635845769605,0.00101478448466145));
#12324=CARTESIAN_POINT('',(0.001,0.0104900727222144,0.00103747265249491));
#12325=CARTESIAN_POINT('',(0.001,-0.00954377246375884,0.00069983857859032));
#12326=CARTESIAN_POINT('',(0.001,-0.00959475389834883,0.000735181437648429));
#12327=CARTESIAN_POINT('',(0.001,-0.0096463185976281,0.000769042172027802));
#12328=CARTESIAN_POINT('',(0.001,-0.00969846656159666,0.00080142078172844));
#12329=CARTESIAN_POINT('',(0.00099995,-0.00954377256125971,0.000699838437947108));
#12330=CARTESIAN_POINT('',(0.00099995,-0.0096984674290245,0.000801421102658194));
#12331=CARTESIAN_POINT('',(0.001,-0.00969846734441805,0.00080142124547124));
#12332=CARTESIAN_POINT('',(0.001,-0.00976334377306347,0.000839853985686433));
#12333=CARTESIAN_POINT('',(0.001,-0.00978014397916721,0.000849037906514707));
#12334=CARTESIAN_POINT('',(0.001,-0.00984931249535458,0.000882769718870316));
#12335=CARTESIAN_POINT('',(0.00099995,-0.00984931237038468,0.000882769975126087));
#12336=CARTESIAN_POINT('',(0.001,-0.00984931265548971,0.000882769975126087));
#12337=CARTESIAN_POINT('',(0.001,-0.00984931265548971,0.000918349810860095));
#12338=CARTESIAN_POINT('',(0.001,-0.00984931265548971,0.000953929646594103));
#12339=CARTESIAN_POINT('',(0.001,-0.00984931265548971,0.000989509482328111));
#12340=CARTESIAN_POINT('',(0.00099995,-0.00984931234298971,0.000989509482328111));
#12341=CARTESIAN_POINT('',(0.001,-0.00984931234298971,0.000989509794828111));
#12342=CARTESIAN_POINT('',(0.001,-0.00964978456249184,0.000989509794828111));
#12343=CARTESIAN_POINT('',(0.001,-0.00945025678199397,0.000989509794828111));
#12344=CARTESIAN_POINT('',(0.001,-0.0092507290014961,0.000989509794828111));
#12345=CARTESIAN_POINT('',(0.00099995,-0.0092507290014961,0.000989510107328111));
#12346=CARTESIAN_POINT('',(0.001,-0.0092507286889961,0.000989510107328111));
#12347=CARTESIAN_POINT('',(0.001,-0.0092507286889961,0.00103584774193606));
#12348=CARTESIAN_POINT('',(0.001,-0.0092507286889961,0.00108218537654401));
#12349=CARTESIAN_POINT('',(0.001,-0.0092507286889961,0.00112852301115196));
#12350=CARTESIAN_POINT('',(0.00099995,-0.0092507283764961,0.00112852301115196));
#12351=CARTESIAN_POINT('',(0.001,-0.0092507283764961,0.00112852332365196));
#12352=CARTESIAN_POINT('',(0.001,-0.00921814394245889,0.00112852332365196));
#12353=CARTESIAN_POINT('',(0.001,-0.00918555950842168,0.00112852332365196));
#12354=CARTESIAN_POINT('',(0.001,-0.00915297507438447,0.00112852332365196));
#12355=CARTESIAN_POINT('',(0.00099995,-0.00915297507438447,0.00112852301115196));
#12356=CARTESIAN_POINT('',(0.001,-0.00915297476188447,0.00112852301115196));
#12357=CARTESIAN_POINT('',(0.001,-0.00915297476188447,0.00108218537654401));
#12358=CARTESIAN_POINT('',(0.001,-0.00915297476188447,0.00103584774193606));
#12359=CARTESIAN_POINT('',(0.001,-0.00915297476188447,0.000989510107328111));
#12360=CARTESIAN_POINT('',(0.00099995,-0.00915297444938447,0.000989510107328111));
#12361=CARTESIAN_POINT('',(0.001,-0.00915297444938447,0.000989509794828111));
#12362=CARTESIAN_POINT('',(0.001,-0.00907913026462342,0.000989509794828111));
#12363=CARTESIAN_POINT('',(0.001,-0.00900528607986238,0.000989509794828111));
#12364=CARTESIAN_POINT('',(0.001,-0.00893144189510133,0.000989509794828111));
#12365=CARTESIAN_POINT('',(0.00099995,-0.00893144189510133,0.000989509482328111));
#12366=CARTESIAN_POINT('',(0.001,-0.00893144158260133,0.000989509482328111));
#12367=CARTESIAN_POINT('',(0.001,-0.00893144158260133,0.000954385865588202));
#12368=CARTESIAN_POINT('',(0.001,-0.00893144158260133,0.000919262248848293));
#12369=CARTESIAN_POINT('',(0.001,-0.00893144158260133,0.000884138632108384));
#12370=CARTESIAN_POINT('',(0.00099995,-0.00893144189510133,0.000884138632108384));
#12371=CARTESIAN_POINT('',(0.001,-0.00893144189510133,0.000884138319608384));
#12372=CARTESIAN_POINT('',(0.001,-0.00900528607986238,0.000884138319608384));
#12373=CARTESIAN_POINT('',(0.001,-0.00907913026462342,0.000884138319608384));
#12374=CARTESIAN_POINT('',(0.001,-0.00915297444938447,0.000884138319608384));
#12375=CARTESIAN_POINT('',(0.00099995,-0.00915297444938447,0.000884138007108384));
#12376=CARTESIAN_POINT('',(0.001,-0.00915297476188447,0.000884138007108384));
#12377=CARTESIAN_POINT('',(0.001,-0.00915297476188447,0.000743220318217291));
#12378=CARTESIAN_POINT('',(0.001,-0.00915297476188447,0.000602302629326198));
#12379=CARTESIAN_POINT('',(0.001,-0.00915297476188447,0.000461384940435105));
#12380=CARTESIAN_POINT('',(0.00099995,-0.00915297507438447,0.000461384940435105));
#12381=CARTESIAN_POINT('',(0.001,-0.00915297507438447,0.000461384627935105));
#12382=CARTESIAN_POINT('',(0.001,-0.00918297756421195,0.000461384627935105));
#12383=CARTESIAN_POINT('',(0.001,-0.00921298005403942,0.000461384627935105));
#12384=CARTESIAN_POINT('',(0.001,-0.0092429825438669,0.000461384627935105));
#12385=CARTESIAN_POINT('',(0.00099995,-0.0092429824446468,0.000461384893269954));
#12386=CARTESIAN_POINT('',(0.001,-0.0092429825438669,0.000461384627935105));
#12387=CARTESIAN_POINT('',(0.001,-0.00929120445673258,0.000503311929766419));
#12388=CARTESIAN_POINT('',(0.001,-0.0093402417443652,0.000544383304977499));
#12389=CARTESIAN_POINT('',(0.001,-0.00939009440676477,0.000584598753568345));
#12390=CARTESIAN_POINT('',(0.00099995,-0.00939009498886642,0.000584598993519317));
#12391=CARTESIAN_POINT('',(0.001,-0.00939009488345042,0.000584599127796489));
#12392=CARTESIAN_POINT('',(0.001,-0.00944051977538104,0.000624185825792976));
#12393=CARTESIAN_POINT('',(0.001,-0.00949174553700406,0.000662598907786508));
#12394=CARTESIAN_POINT('',(0.001,-0.00954377216831949,0.000699838373777085));
#12395=CARTESIAN_POINT('',(0.001,-0.00893591967956331,-0.00200134726989586));
#12396=CARTESIAN_POINT('',(0.001,-0.00895410796139223,-0.00204504439372382));
#12397=CARTESIAN_POINT('',(0.001,-0.00896007788552117,-0.00205530235695798));
#12398=CARTESIAN_POINT('',(0.001,-0.0089910995735338,-0.00209234687316734));
#12399=CARTESIAN_POINT('',(0.00099995,-0.00893591986501403,-0.00200134724523608));
#12400=CARTESIAN_POINT('',(0.00099995,-0.00899109971442647,-0.00209234675445741));
#12401=CARTESIAN_POINT('',(0.001,-0.0089910995735338,-0.00209234687316734));
#12402=CARTESIAN_POINT('',(0.001,-0.00902515814524536,-0.00212497097752634));
#12403=CARTESIAN_POINT('',(0.001,-0.00903479806201055,-0.00213175676103159));
#12404=CARTESIAN_POINT('',(0.001,-0.00907825586931017,-0.0021525901817115));
#12405=CARTESIAN_POINT('',(0.00099995,-0.00907825592358295,-0.00215259000516881));
#12406=CARTESIAN_POINT('',(0.001,-0.00907825586931017,-0.0021525901817115));
#12407=CARTESIAN_POINT('',(0.001,-0.00912716472189959,-0.00216978099919441));
#12408=CARTESIAN_POINT('',(0.001,-0.0091399574112741,-0.00217217398373636));
#12409=CARTESIAN_POINT('',(0.001,-0.00919294507007632,-0.00217416229026226));
#12410=CARTESIAN_POINT('',(0.00099995,-0.00919294507653032,-0.00217416211826275));
#12411=CARTESIAN_POINT('',(0.001,-0.00919294518963602,-0.00217416229474861));
#12412=CARTESIAN_POINT('',(0.001,-0.00922603536255262,-0.00217293328372205));
#12413=CARTESIAN_POINT('',(0.001,-0.00923435186114222,-0.00217180808457756));
#12414=CARTESIAN_POINT('',(0.001,-0.00926739623383787,-0.0021631333493026));
#12415=CARTESIAN_POINT('',(0.00099995,-0.00926739619527125,-0.00216313317206333));
#12416=CARTESIAN_POINT('',(0.001,-0.00926739623383787,-0.0021631333493026));
#12417=CARTESIAN_POINT('',(0.001,-0.00929936216766358,-0.0021521095935636));
#12418=CARTESIAN_POINT('',(0.001,-0.0093071211533895,-0.0021484909158202));
#12419=CARTESIAN_POINT('',(0.001,-0.00933659066991117,-0.00212981286275703));
#12420=CARTESIAN_POINT('',(0.00099995,-0.00933659054614119,-0.00212981272763722));
#12421=CARTESIAN_POINT('',(0.001,-0.00933659066991117,-0.00212981286275703));
#12422=CARTESIAN_POINT('',(0.001,-0.00936496845482688,-0.00210859829622237));
#12423=CARTESIAN_POINT('',(0.001,-0.00937157140246886,-0.00210251996609874));
#12424=CARTESIAN_POINT('',(0.001,-0.00939534118012693,-0.00207473221052009));
#12425=CARTESIAN_POINT('',(0.00099995,-0.00939534115963155,-0.00207473196093183));
#12426=CARTESIAN_POINT('',(0.001,-0.00939534129206833,-0.00207473205836991));
#12427=CARTESIAN_POINT('',(0.001,-0.00941485225187264,-0.00204821285281477));
#12428=CARTESIAN_POINT('',(0.001,-0.0094188155944607,-0.00204083375827521));
#12429=CARTESIAN_POINT('',(0.001,-0.00942713352339161,-0.00200808357578182));
#12430=CARTESIAN_POINT('',(0.00099995,-0.00942713414142147,-0.00200808373275217));
#12431=CARTESIAN_POINT('',(0.001,-0.00942713478473464,-0.0020080834428328));
#12432=CARTESIAN_POINT('',(0.001,-0.00944941256319429,-0.00205751744426148));
#12433=CARTESIAN_POINT('',(0.001,-0.00945766174017717,-0.00206801880368836));
#12434=CARTESIAN_POINT('',(0.001,-0.00950137180821207,-0.00210218581188042));
#12435=CARTESIAN_POINT('',(0.00099995,-0.00950137189706965,-0.00210218565646642));
#12436=CARTESIAN_POINT('',(0.001,-0.00950137180821207,-0.00210218581188042));
#12437=CARTESIAN_POINT('',(0.001,-0.00955136314813901,-0.00213132198984473));
#12438=CARTESIAN_POINT('',(0.001,-0.00956492660630516,-0.00213574904238979));
#12439=CARTESIAN_POINT('',(0.001,-0.00962390127394144,-0.00213988484857916));
#12440=CARTESIAN_POINT('',(0.00099995,-0.00962390128608218,-0.00213988467545696));
#12441=CARTESIAN_POINT('',(0.001,-0.00962390137450006,-0.00213988485563118));
#12442=CARTESIAN_POINT('',(0.001,-0.00966741247326646,-0.0021379694293533));
#12443=CARTESIAN_POINT('',(0.001,-0.00967816755716503,-0.0021360352407642));
#12444=CARTESIAN_POINT('',(0.001,-0.00971982044712808,-0.00212053957212288));
#12445=CARTESIAN_POINT('',(0.00099995,-0.00971982035987969,-0.00212053941092714));
#12446=CARTESIAN_POINT('',(0.001,-0.00971982044712808,-0.00212053957212288));
#12447=CARTESIAN_POINT('',(0.001,-0.00975676709075036,-0.00210216960578801));
#12448=CARTESIAN_POINT('',(0.001,-0.00976541386453604,-0.00209636584518864));
#12449=CARTESIAN_POINT('',(0.001,-0.00979616587595251,-0.00206695142019112));
#12450=CARTESIAN_POINT('',(0.00099995,-0.00979616573617774,-0.00206695130105008));
#12451=CARTESIAN_POINT('',(0.001,-0.00979616587595251,-0.00206695142019112));
#12452=CARTESIAN_POINT('',(0.001,-0.00982358113216811,-0.002034625338873));
#12453=CARTESIAN_POINT('',(0.001,-0.00982924134947906,-0.00202564454464896));
#12454=CARTESIAN_POINT('',(0.001,-0.00984652062491682,-0.00198592456806023));
#12455=CARTESIAN_POINT('',(0.00099995,-0.00984652044990905,-0.00198592451937297));
#12456=CARTESIAN_POINT('',(0.001,-0.00984652062491682,-0.00198592456806023));
#12457=CARTESIAN_POINT('',(0.001,-0.00986064141152473,-0.00194283249797838));
#12458=CARTESIAN_POINT('',(0.001,-0.00986270637787225,-0.00193164989746176));
#12459=CARTESIAN_POINT('',(0.001,-0.00986454700664785,-0.00188534381616432));
#12460=CARTESIAN_POINT('',(0.00099995,-0.00986454683067434,-0.00188534381397105));
#12461=CARTESIAN_POINT('',(0.001,-0.00986454700664785,-0.00188534381616432));
#12462=CARTESIAN_POINT('',(0.001,-0.00986272414510658,-0.00183960229858878));
#12463=CARTESIAN_POINT('',(0.001,-0.00986088294487423,-0.00182823841174432));
#12464=CARTESIAN_POINT('',(0.001,-0.00984612887338903,-0.00178391518819649));
#12465=CARTESIAN_POINT('',(0.00099995,-0.00984612870276333,-0.00178391524921921));
#12466=CARTESIAN_POINT('',(0.001,-0.00984612887338903,-0.00178391518819649));
#12467=CARTESIAN_POINT('',(0.001,-0.00982894839356502,-0.00174496608074214));
#12468=CARTESIAN_POINT('',(0.001,-0.00982344828642081,-0.00173579473294908));
#12469=CARTESIAN_POINT('',(0.001,-0.00979533275203016,-0.00170267018306572));
#12470=CARTESIAN_POINT('',(0.00099995,-0.00979533260987634,-0.00170267029943103));
#12471=CARTESIAN_POINT('',(0.001,-0.00979533275203016,-0.00170267018306572));
#12472=CARTESIAN_POINT('',(0.001,-0.0097654579527705,-0.00167413709520281));
#12473=CARTESIAN_POINT('',(0.001,-0.00975702171117057,-0.00166803859013199));
#12474=CARTESIAN_POINT('',(0.001,-0.00971874927715566,-0.00164927067983467));
#12475=CARTESIAN_POINT('',(0.00099995,-0.00971874920562241,-0.00164927084700099));
#12476=CARTESIAN_POINT('',(0.001,-0.00971874927715566,-0.00164927067983467));
#12477=CARTESIAN_POINT('',(0.001,-0.00967836994306498,-0.00163438237414352));
#12478=CARTESIAN_POINT('',(0.001,-0.00966783357717054,-0.00163217346074344));
#12479=CARTESIAN_POINT('',(0.001,-0.00962390147617544,-0.00163016828989454));
#12480=CARTESIAN_POINT('',(0.00099995,-0.00962390146819508,-0.00163016846474137));
#12481=CARTESIAN_POINT('',(0.001,-0.00962390137450006,-0.00163016828525383));
#12482=CARTESIAN_POINT('',(0.001,-0.00959511568911465,-0.00163126586573067));
#12483=CARTESIAN_POINT('',(0.001,-0.00958788801199835,-0.00163228200965938));
#12484=CARTESIAN_POINT('',(0.001,-0.0095592495574167,-0.00164021524417717));
#12485=CARTESIAN_POINT('',(0.00099995,-0.00955924964669013,-0.00164021540434013));
#12486=CARTESIAN_POINT('',(0.001,-0.0095592495574167,-0.00164021524417717));
#12487=CARTESIAN_POINT('',(0.001,-0.00953240758679354,-0.00164976726710503));
#12488=CARTESIAN_POINT('',(0.001,-0.00952584175584071,-0.00165280065902548));
#12489=CARTESIAN_POINT('',(0.001,-0.00950084616975095,-0.00166824909675438));
#12490=CARTESIAN_POINT('',(0.00099995,-0.00950084629368662,-0.00166824923242473));
#12491=CARTESIAN_POINT('',(0.001,-0.00950084616975095,-0.00166824909675438));
#12492=CARTESIAN_POINT('',(0.001,-0.00947769706136638,-0.0016849196793792));
#12493=CARTESIAN_POINT('',(0.001,-0.00947222252808539,-0.0016896521246117));
#12494=CARTESIAN_POINT('',(0.001,-0.00945219738022592,-0.00171122464168388));
#12495=CARTESIAN_POINT('',(0.00099995,-0.00945219729543181,-0.00171122499502258));
#12496=CARTESIAN_POINT('',(0.001,-0.00945219717339121,-0.00171122489561502));
#12497=CARTESIAN_POINT('',(0.001,-0.00943672264029689,-0.00173022300953933));
#12498=CARTESIAN_POINT('',(0.001,-0.0094333949454432,-0.00173566641389742));
#12499=CARTESIAN_POINT('',(0.001,-0.00942704560546388,-0.00176010338430329));
#12500=CARTESIAN_POINT('',(0.00099995,-0.00942704472790538,-0.00176010315628268));
#12501=CARTESIAN_POINT('',(0.001,-0.0094270438521688,-0.00176010339107657));
#12502=CARTESIAN_POINT('',(0.001,-0.00941863542359493,-0.00172874071351301));
#12503=CARTESIAN_POINT('',(0.001,-0.00941502365105821,-0.0017214048252756));
#12504=CARTESIAN_POINT('',(0.001,-0.00939485529097351,-0.00169454234514659));
#12505=CARTESIAN_POINT('',(0.00099995,-0.00939485515884628,-0.00169454244434822));
#12506=CARTESIAN_POINT('',(0.001,-0.00939485517875459,-0.00169454219568092));
#12507=CARTESIAN_POINT('',(0.001,-0.00937183744328491,-0.00166817092335946));
#12508=CARTESIAN_POINT('',(0.001,-0.00936540010889334,-0.00166202766338481));
#12509=CARTESIAN_POINT('',(0.001,-0.00933633772269991,-0.00164064171541054));
#12510=CARTESIAN_POINT('',(0.00099995,-0.00933633761409536,-0.00164064186152191));
#12511=CARTESIAN_POINT('',(0.001,-0.00933633772269991,-0.00164064171541054));
#12512=CARTESIAN_POINT('',(0.001,-0.00930765131298511,-0.00162275200543235));
#12513=CARTESIAN_POINT('',(0.001,-0.00929996685233473,-0.00161895762243746));
#12514=CARTESIAN_POINT('',(0.001,-0.0092669747544935,-0.00160765888917763));
#12515=CARTESIAN_POINT('',(0.00099995,-0.00926697472270524,-0.00160765906686959));
#12516=CARTESIAN_POINT('',(0.001,-0.0092669747544935,-0.00160765888917763));
#12517=CARTESIAN_POINT('',(0.001,-0.00923513192387537,-0.00159923471172539));
#12518=CARTESIAN_POINT('',(0.001,-0.00922688059454894,-0.00159785197650324));
#12519=CARTESIAN_POINT('',(0.001,-0.00919294518963602,-0.00159652563560326));
#12520=CARTESIAN_POINT('',(0.00099995,-0.00919294508770511,-0.00159652581311081));
#12521=CARTESIAN_POINT('',(0.001,-0.00919294508116485,-0.00159652563969419));
#12522=CARTESIAN_POINT('',(0.001,-0.0091414434015425,-0.00159846800274739));
#12523=CARTESIAN_POINT('',(0.001,-0.00912861491468547,-0.00160052627084091));
#12524=CARTESIAN_POINT('',(0.001,-0.00907895518080499,-0.00161767604577858));
#12525=CARTESIAN_POINT('',(0.00099995,-0.00907895523161103,-0.00161767622319398));
#12526=CARTESIAN_POINT('',(0.001,-0.00907895518080499,-0.00161767604577858));
#12527=CARTESIAN_POINT('',(0.001,-0.00903627195770495,-0.0016377710503864));
#12528=CARTESIAN_POINT('',(0.001,-0.00902639908914864,-0.0016442526113701));
#12529=CARTESIAN_POINT('',(0.001,-0.0089914715065172,-0.0016774183772834));
#12530=CARTESIAN_POINT('',(0.00099995,-0.00899147164927268,-0.00167741849426916));
#12531=CARTESIAN_POINT('',(0.001,-0.0089914715065172,-0.0016774183772834));
#12532=CARTESIAN_POINT('',(0.001,-0.00896083130020104,-0.00171380043612944));
#12533=CARTESIAN_POINT('',(0.001,-0.00895458592082573,-0.00172392928732284));
#12534=CARTESIAN_POINT('',(0.001,-0.00893598911897447,-0.00176883968341667));
#12535=CARTESIAN_POINT('',(0.00099995,-0.00893598930764844,-0.00176883969958799));
#12536=CARTESIAN_POINT('',(0.001,-0.00893598911897447,-0.00176883968341667));
#12537=CARTESIAN_POINT('',(0.001,-0.00892074740108384,-0.00181916504735155));
#12538=CARTESIAN_POINT('',(0.001,-0.00891861910218656,-0.00183222586618067));
#12539=CARTESIAN_POINT('',(0.001,-0.00891684202091005,-0.00188596877086479));
#12540=CARTESIAN_POINT('',(0.00099995,-0.0089168421932125,-0.00188596876944223));
#12541=CARTESIAN_POINT('',(0.001,-0.00891684202091005,-0.00188596877086479));
#12542=CARTESIAN_POINT('',(0.001,-0.00891860424275944,-0.00193780587557723));
#12543=CARTESIAN_POINT('',(0.001,-0.00892046450207598,-0.00195077394166476));
#12544=CARTESIAN_POINT('',(0.001,-0.00893591967956331,-0.00200134726989586));
#12545=CARTESIAN_POINT('',(0.001,-0.00984931265548971,-0.00471766758010823));
#12546=CARTESIAN_POINT('',(0.001,-0.00984931265548971,-0.00467815271106162));
#12547=CARTESIAN_POINT('',(0.001,-0.00984931265548971,-0.00463863784201501));
#12548=CARTESIAN_POINT('',(0.001,-0.00984931265548971,-0.00459912297296841));
#12549=CARTESIAN_POINT('',(0.00099995,-0.00984931234298971,-0.00471766758010823));
#12550=CARTESIAN_POINT('',(0.001,-0.00984931265548971,-0.00459912297296841));
#12551=CARTESIAN_POINT('',(0.0009999,-0.00935198633102156,-0.00459912297296841));
#12552=CARTESIAN_POINT('',(0.0009999025,-0.00946279188584665,-0.00459912297296841));
#12553=CARTESIAN_POINT('',(0.001,-0.00793825644505896,-0.00594460428851671));
#12554=CARTESIAN_POINT('',(0.00099995,-0.00984931265548971,-0.00425799841809589));
#12555=CARTESIAN_POINT('',(0.001,-0.00984931265548971,-0.00425799841809589));
#12556=CARTESIAN_POINT('',(0.001,-0.00984931265548971,-0.00421656038600624));
#12557=CARTESIAN_POINT('',(0.001,-0.00984931265548971,-0.00417512235391659));
#12558=CARTESIAN_POINT('',(0.001,-0.00984931265548971,-0.00413368432182694));
#12559=CARTESIAN_POINT('',(0.00099995,-0.00984931230188426,-0.00413368432182694));
#12560=CARTESIAN_POINT('',(0.001,-0.00984931206932248,-0.00413368405545909));
#12561=CARTESIAN_POINT('',(0.001,-0.00970148136311811,-0.00426275282976644));
#12562=CARTESIAN_POINT('',(0.001,-0.00955365065691373,-0.00439182160407378));
#12563=CARTESIAN_POINT('',(0.001,-0.00940581995070936,-0.00452089037838113));
#12564=CARTESIAN_POINT('',(0.00099995,-0.00940581975080388,-0.00452089014941662));
#12565=CARTESIAN_POINT('',(0.001,-0.00940581955133079,-0.00452089037875793));
#12566=CARTESIAN_POINT('',(0.001,-0.00924769375692662,-0.00438335806678818));
#12567=CARTESIAN_POINT('',(0.001,-0.00908956796252245,-0.00424582575481843));
#12568=CARTESIAN_POINT('',(0.001,-0.00893144216811828,-0.00410829344284868));
#12569=CARTESIAN_POINT('',(0.00099995,-0.00893144193611787,-0.0041082937095878));
#12570=CARTESIAN_POINT('',(0.001,-0.00893144158260133,-0.0041082937095878));
#12571=CARTESIAN_POINT('',(0.001,-0.00893144158260133,-0.0041533320367822));
#12572=CARTESIAN_POINT('',(0.001,-0.00893144158260133,-0.0041983703639766));
#12573=CARTESIAN_POINT('',(0.001,-0.00893144158260133,-0.004243408691171));
#12574=CARTESIAN_POINT('',(0.00099995,-0.00893144158260133,-0.004243408691171));
#12575=CARTESIAN_POINT('',(0.001,-0.00533808328890016,-0.00111855110453309));
#12576=CARTESIAN_POINT('',(0.001,-0.00935198633102157,-0.00460912297296841));
#12577=CARTESIAN_POINT('',(0.001,-0.00467599316551078,-0.00460912297296841));
#12578=CARTESIAN_POINT('',(0.00099995,-0.00893144158260133,-0.00460912297296841));
#12579=CARTESIAN_POINT('',(0.001,-0.00893144158260133,-0.00460912297296841));
#12580=CARTESIAN_POINT('',(0.001,-0.00893144158260133,-0.00464530450868168));
#12581=CARTESIAN_POINT('',(0.001,-0.00893144158260133,-0.00468148604439495));
#12582=CARTESIAN_POINT('',(0.001,-0.00893144158260133,-0.00471766758010823));
#12583=CARTESIAN_POINT('',(0.00099995,-0.00893144189510133,-0.00471766758010823));
#12584=CARTESIAN_POINT('',(0.001,-0.00893144189510133,-0.00471766789260823));
#12585=CARTESIAN_POINT('',(0.001,-0.00923739871106412,-0.00471766789260823));
#12586=CARTESIAN_POINT('',(0.001,-0.00954335552702692,-0.00471766789260823));
#12587=CARTESIAN_POINT('',(0.001,-0.00984931234298971,-0.00471766789260823));
#12588=CARTESIAN_POINT('',(0.001,-0.00255317964813252,-0.00600176445141674));
#12589=CARTESIAN_POINT('',(0.001,-0.00252774619117405,-0.00596936905959226));
#12590=CARTESIAN_POINT('',(0.001,-0.00249774944354491,-0.00593160037706601));
#12591=CARTESIAN_POINT('',(0.001,-0.00242909331811432,-0.00586940323472367));
#12592=CARTESIAN_POINT('',(0.001,-0.00233925486040003,-0.00584390303928144));
#12593=CARTESIAN_POINT('',(0.001,-0.00229273629962345,-0.00583851310503516));
#12594=CARTESIAN_POINT('',(0.001,-0.0022508362846357,-0.00583389371983775));
#12595=CARTESIAN_POINT('',(0.00099995,-0.00255317991200206,-0.00600176424425287));
#12596=CARTESIAN_POINT('',(0.00099995,-0.00225083622851822,-0.0058338939260443));
#12597=CARTESIAN_POINT('',(0.001,-0.00225083618650886,-0.00583389374226862));
#12598=CARTESIAN_POINT('',(0.001,-0.00218940186802609,-0.00584793704866211));
#12599=CARTESIAN_POINT('',(0.001,-0.0021175127461015,-0.00586461692915157));
#12600=CARTESIAN_POINT('',(0.001,-0.00200581249568475,-0.00592818044942327));
#12601=CARTESIAN_POINT('',(0.001,-0.00196795478218218,-0.00605799031469246));
#12602=CARTESIAN_POINT('',(0.001,-0.00196201095705018,-0.00613041896212878));
#12603=CARTESIAN_POINT('',(0.001,-0.00195728177355809,-0.00619600099679744));
#12604=CARTESIAN_POINT('',(0.00099995,-0.00195728189874977,-0.00619600100581238));
#12605=CARTESIAN_POINT('',(0.001,-0.00195728162097756,-0.00619600311271915));
#12606=CARTESIAN_POINT('',(0.001,-0.00195728162097756,-0.00638262410826294));
#12607=CARTESIAN_POINT('',(0.001,-0.00195728162097756,-0.00656924510380674));
#12608=CARTESIAN_POINT('',(0.001,-0.00195728162097756,-0.00675586609935054));
#12609=CARTESIAN_POINT('',(0.00099995,-0.00195728193347756,-0.00675586609935054));
#12610=CARTESIAN_POINT('',(0.001,-0.00195728193347756,-0.00675586641185054));
#12611=CARTESIAN_POINT('',(0.001,-0.00204956680192137,-0.00675586641185054));
#12612=CARTESIAN_POINT('',(0.001,-0.00214185167036517,-0.00675586641185054));
#12613=CARTESIAN_POINT('',(0.001,-0.00223413653880898,-0.00675586641185054));
#12614=CARTESIAN_POINT('',(0.00099995,-0.00223413653880898,-0.00675586609935054));
#12615=CARTESIAN_POINT('',(0.001,-0.00223413685130898,-0.00675586609935054));
#12616=CARTESIAN_POINT('',(0.001,-0.00223413685130898,-0.00658477246146449));
#12617=CARTESIAN_POINT('',(0.001,-0.00223413685130898,-0.00641367882357845));
#12618=CARTESIAN_POINT('',(0.001,-0.00223413685130898,-0.0062425851856924));
#12619=CARTESIAN_POINT('',(0.00099995,-0.00223413717373864,-0.00624257995020412));
#12620=CARTESIAN_POINT('',(0.001,-0.00223413708164003,-0.00624257994619063));
#12621=CARTESIAN_POINT('',(0.001,-0.00224001812701541,-0.00610880384211243));
#12622=CARTESIAN_POINT('',(0.001,-0.00224979516267011,-0.00608179749904635));
#12623=CARTESIAN_POINT('',(0.001,-0.00237827746101026,-0.00604658905074304));
#12624=CARTESIAN_POINT('',(0.00099995,-0.00237827751251243,-0.00604658923868451));
#12625=CARTESIAN_POINT('',(0.001,-0.00237827757167641,-0.00604658902041682));
#12626=CARTESIAN_POINT('',(0.001,-0.00243650222158146,-0.0060535734577737));
#12627=CARTESIAN_POINT('',(0.001,-0.00244967509158137,-0.00606003093722179));
#12628=CARTESIAN_POINT('',(0.001,-0.00248989859390083,-0.00610547572724589));
#12629=CARTESIAN_POINT('',(0.00099995,-0.00248989839503445,-0.00610547577121773));
#12630=CARTESIAN_POINT('',(0.001,-0.00248989859390083,-0.00610547572724589));
#12631=CARTESIAN_POINT('',(0.001,-0.00252470001734755,-0.00616510107237433));
#12632=CARTESIAN_POINT('',(0.001,-0.00252935363318917,-0.00618157466291881));
#12633=CARTESIAN_POINT('',(0.001,-0.00253296485012406,-0.00625224942287424));
#12634=CARTESIAN_POINT('',(0.00099995,-0.0025329647217969,-0.00625224942941767));
#12635=CARTESIAN_POINT('',(0.001,-0.00253296503591362,-0.00625225305907497));
#12636=CARTESIAN_POINT('',(0.001,-0.00253296503591362,-0.00642012407250016));
#12637=CARTESIAN_POINT('',(0.001,-0.00253296503591362,-0.00658799508592535));
#12638=CARTESIAN_POINT('',(0.001,-0.00253296503591362,-0.00675586609935054));
#12639=CARTESIAN_POINT('',(0.00099995,-0.00253296534841362,-0.00675586609935054));
#12640=CARTESIAN_POINT('',(0.001,-0.00253296534841362,-0.00675586641185054));
#12641=CARTESIAN_POINT('',(0.001,-0.00262554327302757,-0.00675586641185054));
#12642=CARTESIAN_POINT('',(0.001,-0.00271812119764153,-0.00675586641185054));
#12643=CARTESIAN_POINT('',(0.001,-0.00281069912225548,-0.00675586641185054));
#12644=CARTESIAN_POINT('',(0.00099995,-0.00281069912225548,-0.00675586609935054));
#12645=CARTESIAN_POINT('',(0.001,-0.00281069943475548,-0.00675586609935054));
#12646=CARTESIAN_POINT('',(0.001,-0.00281069943475548,-0.00658301462114899));
#12647=CARTESIAN_POINT('',(0.001,-0.00281069943475548,-0.00641016314294744));
#12648=CARTESIAN_POINT('',(0.001,-0.00281069943475548,-0.00623731166474589));
#12649=CARTESIAN_POINT('',(0.00099995,-0.00281069975690837,-0.00623730672427252));
#12650=CARTESIAN_POINT('',(0.001,-0.00281069966413731,-0.00623730672000107));
#12651=CARTESIAN_POINT('',(0.001,-0.00281675846315585,-0.00610670196094221));
#12652=CARTESIAN_POINT('',(0.001,-0.00282652722112463,-0.00608049205823057));
#12653=CARTESIAN_POINT('',(0.001,-0.00295220343126443,-0.00604658905073752));
#12654=CARTESIAN_POINT('',(0.00099995,-0.00295220348119777,-0.00604658923583742));
#12655=CARTESIAN_POINT('',(0.001,-0.00295220354366127,-0.00604658902041682));
#12656=CARTESIAN_POINT('',(0.001,-0.00301079064688076,-0.0060526235218593));
#12657=CARTESIAN_POINT('',(0.001,-0.0030243456074198,-0.00605852371035857));
#12658=CARTESIAN_POINT('',(0.001,-0.00306602189111534,-0.00610283896677264));
#12659=CARTESIAN_POINT('',(0.00099995,-0.00306602170540175,-0.00610283904531266));
#12660=CARTESIAN_POINT('',(0.001,-0.00306602189111534,-0.00610283896677264));
#12661=CARTESIAN_POINT('',(0.001,-0.0031015682999277,-0.00616472318219547));
#12662=CARTESIAN_POINT('',(0.001,-0.00310592902233971,-0.00618225589905647));
#12663=CARTESIAN_POINT('',(0.001,-0.00310864853981727,-0.00625576303895542));
#12664=CARTESIAN_POINT('',(0.00099995,-0.0031086484178933,-0.00625576304345818));
#12665=CARTESIAN_POINT('',(0.001,-0.00310864874887291,-0.00625576869003543));
#12666=CARTESIAN_POINT('',(0.001,-0.00310864874887291,-0.0064224678264738));
#12667=CARTESIAN_POINT('',(0.001,-0.00310864874887291,-0.00658916696291217));
#12668=CARTESIAN_POINT('',(0.001,-0.00310864874887291,-0.00675586609935054));
#12669=CARTESIAN_POINT('',(0.00099995,-0.00310864906137291,-0.00675586609935054));
#12670=CARTESIAN_POINT('',(0.001,-0.00310864906137291,-0.00675586641185054));
#12671=CARTESIAN_POINT('',(0.001,-0.00320122698598686,-0.00675586641185054));
#12672=CARTESIAN_POINT('',(0.001,-0.00329380491060082,-0.00675586641185054));
#12673=CARTESIAN_POINT('',(0.001,-0.00338638283521477,-0.00675586641185054));
#12674=CARTESIAN_POINT('',(0.00099995,-0.00338638283521477,-0.00675586609935054));
#12675=CARTESIAN_POINT('',(0.001,-0.00338638314771477,-0.00675586609935054));
#12676=CARTESIAN_POINT('',(0.001,-0.00338638314771477,-0.00645586629576294));
#12677=CARTESIAN_POINT('',(0.001,-0.00338638314771477,-0.00615586649217534));
#12678=CARTESIAN_POINT('',(0.001,-0.00338638314771477,-0.00585586668858775));
#12679=CARTESIAN_POINT('',(0.00099995,-0.00338638283521477,-0.00585586668858775));
#12680=CARTESIAN_POINT('',(0.001,-0.00338638283521477,-0.00585586637608775));
#12681=CARTESIAN_POINT('',(0.001,-0.00329380491060082,-0.00585586637608775));
#12682=CARTESIAN_POINT('',(0.001,-0.00320122698598686,-0.00585586637608775));
#12683=CARTESIAN_POINT('',(0.001,-0.00310864906137291,-0.00585586637608775));
#12684=CARTESIAN_POINT('',(0.00099995,-0.00310864906137291,-0.00585586668858775));
#12685=CARTESIAN_POINT('',(0.001,-0.00310864874887291,-0.00585586668858775));
#12686=CARTESIAN_POINT('',(0.001,-0.00310864874887291,-0.00590274148522147));
#12687=CARTESIAN_POINT('',(0.001,-0.00310864874887291,-0.00594961628185519));
#12688=CARTESIAN_POINT('',(0.001,-0.00310864874887291,-0.00599649107848891));
#12689=CARTESIAN_POINT('',(0.00099995,-0.00310864831137291,-0.00599649107848891));
#12690=CARTESIAN_POINT('',(0.001,-0.00310864837387291,-0.00599649139098891));
#12691=CARTESIAN_POINT('',(0.001,-0.00310747666542287,-0.00599649139098891));
#12692=CARTESIAN_POINT('',(0.001,-0.00310630495697283,-0.00599649139098891));
#12693=CARTESIAN_POINT('',(0.001,-0.00310513324852279,-0.00599649139098891));
#12694=CARTESIAN_POINT('',(0.00099995,-0.00310513331683031,-0.00599649112183973));
#12695=CARTESIAN_POINT('',(0.001,-0.00310513305661878,-0.0059964913029008));
#12696=CARTESIAN_POINT('',(0.001,-0.00306206894850613,-0.00593460179028295));
#12697=CARTESIAN_POINT('',(0.001,-0.00304871452424704,-0.00592144704218969));
#12698=CARTESIAN_POINT('',(0.001,-0.00298428335952583,-0.00587915741257438));
#12699=CARTESIAN_POINT('',(0.00099995,-0.00298428326167932,-0.00587915756420988));
#12700=CARTESIAN_POINT('',(0.001,-0.00298428335952583,-0.00587915741257438));
#12701=CARTESIAN_POINT('',(0.001,-0.00291320135320018,-0.00584392203322142));
#12702=CARTESIAN_POINT('',(0.001,-0.00289432603282827,-0.00583878385093411));
#12703=CARTESIAN_POINT('',(0.001,-0.00281421521472756,-0.00583389371983775));
#12704=CARTESIAN_POINT('',(0.00099995,-0.00281421497753783,-0.00583389391144681));
#12705=CARTESIAN_POINT('',(0.001,-0.00281421495923203,-0.00583389374854992));
#12706=CARTESIAN_POINT('',(0.001,-0.00273843911161511,-0.00584240931888871));
#12707=CARTESIAN_POINT('',(0.001,-0.00267591002904774,-0.00584704951332966));
#12708=CARTESIAN_POINT('',(0.001,-0.00259406177189591,-0.00593119074031458));
#12709=CARTESIAN_POINT('',(0.001,-0.00257298113846665,-0.00596824930900365));
#12710=CARTESIAN_POINT('',(0.001,-0.00255318020082626,-0.00600176441489333));
#12711=CARTESIAN_POINT('',(0.001,0.0019090273401692,-0.00649834668417737));
#12712=CARTESIAN_POINT('',(0.001,0.00191694976450296,-0.0064408080091855));
#12713=CARTESIAN_POINT('',(0.001,0.00192005303528865,-0.00642634572708977));
#12714=CARTESIAN_POINT('',(0.001,0.00193627318573174,-0.0063691477512575));
#12715=CARTESIAN_POINT('',(0.00099995,0.00190902693209458,-0.00649834662798978));
#12716=CARTESIAN_POINT('',(0.000999949995906676,0.0019362734196855,-0.00636914784189907));
#12717=CARTESIAN_POINT('',(0.001,0.00193627318573173,-0.0063691477512575));
#12718=CARTESIAN_POINT('',(0.001,0.00202328501864369,-0.00607793686199077));
#12719=CARTESIAN_POINT('',(0.001,0.00211029685155564,-0.00578672597272404));
#12720=CARTESIAN_POINT('',(0.001,0.00219730868446759,-0.00549551508345731));
#12721=CARTESIAN_POINT('',(0.00099995,0.00219730896674357,-0.00549551516779946));
#12722=CARTESIAN_POINT('',(0.001,0.00219730896674357,-0.00549551487319239));
#12723=CARTESIAN_POINT('',(0.001,0.00229633211988916,-0.00549551487319239));
#12724=CARTESIAN_POINT('',(0.001,0.00239535527303476,-0.00549551487319239));
#12725=CARTESIAN_POINT('',(0.001,0.00249437842618036,-0.00549551487319239));
#12726=CARTESIAN_POINT('',(0.00099995,0.00249437842618036,-0.00549551520604904));
#12727=CARTESIAN_POINT('',(0.001,0.00249437874088666,-0.00549551531446256));
#12728=CARTESIAN_POINT('',(0.001,0.00234965218015278,-0.00591563228126175));
#12729=CARTESIAN_POINT('',(0.001,0.00220492561941891,-0.00633574924806093));
#12730=CARTESIAN_POINT('',(0.001,0.00206019905868504,-0.00675586621486012));
#12731=CARTESIAN_POINT('',(0.00099995,0.00206019878247197,-0.00675586611970718));
#12732=CARTESIAN_POINT('',(0.001,0.00206019878247197,-0.00675586641185053));
#12733=CARTESIAN_POINT('',(0.001,0.00195297235125411,-0.00675586641185053));
#12734=CARTESIAN_POINT('',(0.001,0.00184574592003624,-0.00675586641185053));
#12735=CARTESIAN_POINT('',(0.001,0.00173851948881838,-0.00675586641185053));
#12736=CARTESIAN_POINT('',(0.00099995,0.00173851948881838,-0.00675586611948572));
#12737=CARTESIAN_POINT('',(0.001,0.00173851921204122,-0.00675586621367484));
#12738=CARTESIAN_POINT('',(0.001,0.00159555059004113,-0.00633574924678));
#12739=CARTESIAN_POINT('',(0.001,0.00145258196804103,-0.00591563227988516));
#12740=CARTESIAN_POINT('',(0.001,0.00130961334604093,-0.00549551531299032));
#12741=CARTESIAN_POINT('',(0.00099995,0.00130961366094141,-0.00549551520582758));
#12742=CARTESIAN_POINT('',(0.001,0.00130961366094141,-0.00549551487319239));
#12743=CARTESIAN_POINT('',(0.001,0.00141156658184506,-0.00549551487319239));
#12744=CARTESIAN_POINT('',(0.001,0.00151351950274871,-0.00549551487319239));
#12745=CARTESIAN_POINT('',(0.001,0.00161547242365235,-0.00549551487319239));
#12746=CARTESIAN_POINT('',(0.00099995,0.00161547242365235,-0.00549551516775518));
#12747=CARTESIAN_POINT('',(0.001,0.00161547270582346,-0.00549551508321701));
#12748=CARTESIAN_POINT('',(0.001,0.00170307025367893,-0.00578789779988013));
#12749=CARTESIAN_POINT('',(0.001,0.0017906678015344,-0.00608028051654324));
#12750=CARTESIAN_POINT('',(0.001,0.00187826534938987,-0.00637266323320636));
#12751=CARTESIAN_POINT('',(0.00099995,0.00187826511402818,-0.00637266331932509));
#12752=CARTESIAN_POINT('',(0.001,0.00187826534938988,-0.00637266323320635));
#12753=CARTESIAN_POINT('',(0.001,0.00189360684495887,-0.00642709429941137));
#12754=CARTESIAN_POINT('',(0.001,0.00189679816668241,-0.00644138279279568));
#12755=CARTESIAN_POINT('',(0.001,0.00190375405294623,-0.00649834667696291));
#12756=CARTESIAN_POINT('',(0.00099995,0.00190375446466114,-0.00649834662668784));
#12757=CARTESIAN_POINT('',(0.001,0.0019037544156292,-0.00649834692828425));
#12758=CARTESIAN_POINT('',(0.001,0.00190551193697073,-0.00649834692828425));
#12759=CARTESIAN_POINT('',(0.001,0.00190726945831226,-0.00649834692828425));
#12760=CARTESIAN_POINT('',(0.001,0.00190902697965379,-0.00649834692828425));
#12761=CARTESIAN_POINT('',(0.001,0.00512923460099496,-0.00507508348595148));
#12762=CARTESIAN_POINT('',(0.001,0.00516318308760513,-0.00507508348595148));
#12763=CARTESIAN_POINT('',(0.001,0.00519713157421531,-0.00507508348595148));
#12764=CARTESIAN_POINT('',(0.001,0.00523108006082548,-0.00507508348595148));
#12765=CARTESIAN_POINT('',(0.00099995,0.00512923460099496,-0.00507508373595148));
#12766=CARTESIAN_POINT('',(0.001,0.00523108006082548,-0.00507508348595148));
#12767=CARTESIAN_POINT('',(0.0009999,0.00523108006082548,-0.00549589803406235));
#12768=CARTESIAN_POINT('',(0.0009999025,0.00523108006082548,-0.00540039630330822));
#12769=CARTESIAN_POINT('',(0.0009999,0.00521989672236218,-0.00541306789886003));
#12770=CARTESIAN_POINT('',(0.00099995,0.0055181854476787,-0.00507508348595148));
#12771=CARTESIAN_POINT('',(0.001,0.0055181854476787,-0.00507508348595148));
#12772=CARTESIAN_POINT('',(0.001,0.00555324844164313,-0.00507508348595148));
#12773=CARTESIAN_POINT('',(0.001,0.00558831143560755,-0.00507508348595148));
#12774=CARTESIAN_POINT('',(0.001,0.00562337442957198,-0.00507508348595148));
#12775=CARTESIAN_POINT('',(0.00099995,0.00562337442957198,-0.00507508373595148));
#12776=CARTESIAN_POINT('',(0.001,0.00562337461789476,-0.00507508390037328));
#12777=CARTESIAN_POINT('',(0.001,0.00551416254295499,-0.00520017145550091));
#12778=CARTESIAN_POINT('',(0.001,0.00540495046801522,-0.00532525901062855));
#12779=CARTESIAN_POINT('',(0.001,0.00529573839307545,-0.00545034656575618));
#12780=CARTESIAN_POINT('',(0.00099995,0.00529573858139823,-0.00545034673017798));
#12781=CARTESIAN_POINT('',(0.001,0.00529573839276554,-0.00545034689424414));
#12782=CARTESIAN_POINT('',(0.001,0.00541211191676955,-0.00558414566823423));
#12783=CARTESIAN_POINT('',(0.001,0.00552848544077356,-0.00571794444222431));
#12784=CARTESIAN_POINT('',(0.001,0.00564485896477757,-0.00585174321621439));
#12785=CARTESIAN_POINT('',(0.00099995,0.00564485877614487,-0.00585174338028055));
#12786=CARTESIAN_POINT('',(0.001,0.00564485877614487,-0.00585174363028055));
#12787=CARTESIAN_POINT('',(0.001,0.00560674938832757,-0.00585174363028055));
#12788=CARTESIAN_POINT('',(0.001,0.00556864000051027,-0.00585174363028055));
#12789=CARTESIAN_POINT('',(0.001,0.00553053061269297,-0.00585174363028055));
#12790=CARTESIAN_POINT('',(0.00099995,0.00553053061269297,-0.00585174363028055));
#12791=CARTESIAN_POINT('',(0.001,0.00289102708599678,-0.00281650681939432));
#12792=CARTESIAN_POINT('',(0.001,0.00522108006082548,-0.00549589803406235));
#12793=CARTESIAN_POINT('',(0.001,0.00522108006082548,-0.00274794901703117));
#12794=CARTESIAN_POINT('',(0.00099995,0.00522108006082548,-0.00585174363028055));
#12795=CARTESIAN_POINT('',(0.001,0.00522108006082548,-0.00585174363028055));
#12796=CARTESIAN_POINT('',(0.001,0.00519046490754864,-0.00585174363028055));
#12797=CARTESIAN_POINT('',(0.001,0.0051598497542718,-0.00585174363028055));
#12798=CARTESIAN_POINT('',(0.001,0.00512923460099496,-0.00585174363028055));
#12799=CARTESIAN_POINT('',(0.00099995,0.00512923460099496,-0.00585174338028055));
#12800=CARTESIAN_POINT('',(0.001,0.00512923435099496,-0.00585174338028055));
#12801=CARTESIAN_POINT('',(0.001,0.00512923435099496,-0.00559285683217086));
#12802=CARTESIAN_POINT('',(0.001,0.00512923435099496,-0.00533397028406117));
#12803=CARTESIAN_POINT('',(0.001,0.00512923435099496,-0.00507508373595148));
#12804=CARTESIAN_POINT('',(0.001,0.00799555319568065,-0.00545019043314555));
#12805=CARTESIAN_POINT('',(0.001,0.00801824104207009,-0.00542942640417654));
#12806=CARTESIAN_POINT('',(0.001,0.00802374576791791,-0.00542371829384183));
#12807=CARTESIAN_POINT('',(0.001,0.00804316605232729,-0.00539877999495512));
#12808=CARTESIAN_POINT('',(0.00099995,0.00799555309275416,-0.00545019032067437));
#12809=CARTESIAN_POINT('',(0.00099995,0.00804316596852246,-0.00539877979631924));
#12810=CARTESIAN_POINT('',(0.001,0.00804316611821927,-0.00539877989610199));
#12811=CARTESIAN_POINT('',(0.001,0.00805809249986912,-0.00537638688702226));
#12812=CARTESIAN_POINT('',(0.001,0.00806136402191148,-0.00537032414086914));
#12813=CARTESIAN_POINT('',(0.001,0.00807116682432665,-0.00534407455395704));
#12814=CARTESIAN_POINT('',(0.00099995,0.00807116664807483,-0.00534407449247071));
#12815=CARTESIAN_POINT('',(0.001,0.00807116682432665,-0.00534407455395704));
#12816=CARTESIAN_POINT('',(0.001,0.00807872382636764,-0.00531632315824861));
#12817=CARTESIAN_POINT('',(0.001,0.0080798000996021,-0.00530910224798263));
#12818=CARTESIAN_POINT('',(0.001,0.00808065022133364,-0.00527940325360542));
#12819=CARTESIAN_POINT('',(0.00099995,0.00808065005264154,-0.0052794031960988));
#12820=CARTESIAN_POINT('',(0.001,0.00808065022133364,-0.00527940325360542));
#12821=CARTESIAN_POINT('',(0.001,0.00807983872837896,-0.0052530768474923));
#12822=CARTESIAN_POINT('',(0.001,0.00807896052412122,-0.0052463171236954));
#12823=CARTESIAN_POINT('',(0.001,0.00807063813112749,-0.00522030021916872));
#12824=CARTESIAN_POINT('',(0.00099995,0.0080706379464654,-0.0052203002491388));
#12825=CARTESIAN_POINT('',(0.001,0.00807063813112749,-0.00522030021916872));
#12826=CARTESIAN_POINT('',(0.001,0.00806153034750978,-0.00519969469667018));
#12827=CARTESIAN_POINT('',(0.001,0.00805856598973416,-0.005194761195204));
#12828=CARTESIAN_POINT('',(0.001,0.00804271693132891,-0.00517751607965475));
#12829=CARTESIAN_POINT('',(0.00099995,0.00804271678844763,-0.00517751619852862));
#12830=CARTESIAN_POINT('',(0.001,0.00804271693132891,-0.00517751607965475));
#12831=CARTESIAN_POINT('',(0.001,0.00802573650612073,-0.00516311272965463));
#12832=CARTESIAN_POINT('',(0.001,0.00802094768524411,-0.00516012693289112));
#12833=CARTESIAN_POINT('',(0.001,0.0079993706455089,-0.00515155445705896));
#12834=CARTESIAN_POINT('',(0.00099995,0.00799937063019529,-0.00515155464262516));
#12835=CARTESIAN_POINT('',(0.001,0.0079993706455089,-0.00515155445705896));
#12836=CARTESIAN_POINT('',(0.001,0.00797526740455841,-0.00514460661728652));
#12837=CARTESIAN_POINT('',(0.001,0.00796895175576082,-0.00514356956359069));
#12838=CARTESIAN_POINT('',(0.001,0.00794279779099001,-0.00514275927018171));
#12839=CARTESIAN_POINT('',(0.00099995,0.00794279765675217,-0.0051427594502795));
#12840=CARTESIAN_POINT('',(0.001,0.00794279764593101,-0.00514275927936606));
#12841=CARTESIAN_POINT('',(0.001,0.00790032788149874,-0.00514544823917265));
#12842=CARTESIAN_POINT('',(0.001,0.00789001723622165,-0.00514790815712394));
#12843=CARTESIAN_POINT('',(0.001,0.00785033975803733,-0.00516571209703236));
#12844=CARTESIAN_POINT('',(0.00099995,0.00785033982815846,-0.00516571225329909));
#12845=CARTESIAN_POINT('',(0.001,0.00785033936403765,-0.00516571227382666));
#12846=CARTESIAN_POINT('',(0.001,0.0078036256620051,-0.00519158174401604));
#12847=CARTESIAN_POINT('',(0.001,0.00779194562508851,-0.00519904258142963));
#12848=CARTESIAN_POINT('',(0.001,0.00774710586068887,-0.00523065178038038));
#12849=CARTESIAN_POINT('',(0.00099995,0.00774710565989082,-0.00523065149552997));
#12850=CARTESIAN_POINT('',(0.001,0.00774710531137957,-0.00523065149552997));
#12851=CARTESIAN_POINT('',(0.001,0.00774710531137957,-0.00520050649720804));
#12852=CARTESIAN_POINT('',(0.001,0.00774710531137957,-0.00517036149888611));
#12853=CARTESIAN_POINT('',(0.001,0.00774710531137957,-0.00514021650056419));
#12854=CARTESIAN_POINT('',(0.00099995,0.00774710558642176,-0.00514021650056419));
#12855=CARTESIAN_POINT('',(0.001,0.00774710542354984,-0.00514021629719185));
#12856=CARTESIAN_POINT('',(0.001,0.00778546492767066,-0.00510949589803527));
#12857=CARTESIAN_POINT('',(0.001,0.00779589945430426,-0.00510276723009902));
#12858=CARTESIAN_POINT('',(0.001,0.00784146870277895,-0.00508189808498865));
#12859=CARTESIAN_POINT('',(0.00099995,0.00784146880738336,-0.00508189824666068));
#12860=CARTESIAN_POINT('',(0.001,0.00784146870277895,-0.00508189808498865));
#12861=CARTESIAN_POINT('',(0.001,0.00788880268651834,-0.00506616275970962));
#12862=CARTESIAN_POINT('',(0.001,0.00790115437669082,-0.00506398526421069));
#12863=CARTESIAN_POINT('',(0.001,0.00795214573967891,-0.00506219290048211));
#12864=CARTESIAN_POINT('',(0.00099995,0.00795214574555943,-0.00506219306799007));
#12865=CARTESIAN_POINT('',(0.001,0.00795214677952303,-0.00506219286393171));
#12866=CARTESIAN_POINT('',(0.001,0.00795861865185274,-0.00506259988914972));
#12867=CARTESIAN_POINT('',(0.001,0.00796509052418245,-0.00506300691436773));
#12868=CARTESIAN_POINT('',(0.001,0.00797156239651216,-0.00506341393958574));
#12869=CARTESIAN_POINT('',(0.00099995,0.00797156236635456,-0.00506341418859971));
#12870=CARTESIAN_POINT('',(0.001,0.00797156239651216,-0.00506341393958574));
#12871=CARTESIAN_POINT('',(0.001,0.00797766157202128,-0.0050645126765669));
#12872=CARTESIAN_POINT('',(0.001,0.0079837607475304,-0.00506561141354806));
#12873=CARTESIAN_POINT('',(0.001,0.00798985992303952,-0.00506671015052922));
#12874=CARTESIAN_POINT('',(0.00099995,0.00798985961354661,-0.00506671186854874));
#12875=CARTESIAN_POINT('',(0.001,0.00799008036755098,-0.00506674986254221));
#12876=CARTESIAN_POINT('',(0.001,0.00802337655256143,-0.00507163422261874));
#12877=CARTESIAN_POINT('',(0.001,0.00803163832850013,-0.00507377817163574));
#12878=CARTESIAN_POINT('',(0.001,0.00806350047491564,-0.00508748736154085));
#12879=CARTESIAN_POINT('',(0.00099995,0.0080635004145204,-0.00508748753315536));
#12880=CARTESIAN_POINT('',(0.001,0.00806350047491564,-0.00508748736154085));
#12881=CARTESIAN_POINT('',(0.001,0.00809140651777059,-0.00510258403818369));
#12882=CARTESIAN_POINT('',(0.001,0.00809796793529865,-0.00510721419241279));
#12883=CARTESIAN_POINT('',(0.001,0.00812123562000765,-0.0051302001244927));
#12884=CARTESIAN_POINT('',(0.00099995,0.00812123548967376,-0.00513020025518088));
#12885=CARTESIAN_POINT('',(0.001,0.00812123562000765,-0.0051302001244927));
#12886=CARTESIAN_POINT('',(0.001,0.00814152083056365,-0.00515496120955567));
#12887=CARTESIAN_POINT('',(0.001,0.00814573425347708,-0.00516184427850268));
#12888=CARTESIAN_POINT('',(0.001,0.00815833802126421,-0.0051923872895146));
#12889=CARTESIAN_POINT('',(0.00099995,0.00815833783771495,-0.00519238731683683));
#12890=CARTESIAN_POINT('',(0.001,0.00815833802126421,-0.0051923872895146));
#12891=CARTESIAN_POINT('',(0.001,0.00816866767541537,-0.00522620145215116));
#12892=CARTESIAN_POINT('',(0.001,0.00817017772760678,-0.0052350176436101));
#12893=CARTESIAN_POINT('',(0.001,0.00817142183683886,-0.00527150604795462));
#12894=CARTESIAN_POINT('',(0.00099995,0.00817142166511347,-0.00527150600346423));
#12895=CARTESIAN_POINT('',(0.001,0.00817142183683886,-0.00527150604795462));
#12896=CARTESIAN_POINT('',(0.001,0.00817026784878479,-0.00531154088646284));
#12897=CARTESIAN_POINT('',(0.001,0.00816903972905858,-0.00532171564005417));
#12898=CARTESIAN_POINT('',(0.001,0.0081581744065143,-0.00536145504485613));
#12899=CARTESIAN_POINT('',(0.00099995,0.00815817423427294,-0.00536145497634044));
#12900=CARTESIAN_POINT('',(0.001,0.0081581744065143,-0.00536145504485613));
#12901=CARTESIAN_POINT('',(0.001,0.00814546352769311,-0.00539576070471754));
#12902=CARTESIAN_POINT('',(0.001,0.00814138655602804,-0.00540409103015165));
#12903=CARTESIAN_POINT('',(0.001,0.00812048049988333,-0.00543550476902047));
#12904=CARTESIAN_POINT('',(0.00099995,0.00812048035127166,-0.00543550467011821));
#12905=CARTESIAN_POINT('',(0.001,0.00812048042915835,-0.00543550487529283));
#12906=CARTESIAN_POINT('',(0.001,0.00809755266113184,-0.00546517801839707));
#12907=CARTESIAN_POINT('',(0.001,0.00809115779049465,-0.00547223270648461));
#12908=CARTESIAN_POINT('',(0.001,0.00806264037989153,-0.00549839284192568));
#12909=CARTESIAN_POINT('',(0.00099995,0.00806264027531029,-0.00549839267956998));
#12910=CARTESIAN_POINT('',(0.001,0.00806264037989153,-0.00549839284192568));
#12911=CARTESIAN_POINT('',(0.001,0.00802480207679603,-0.00552816028859133));
#12912=CARTESIAN_POINT('',(0.001,0.00801421799538115,-0.00553493089031292));
#12913=CARTESIAN_POINT('',(0.001,0.00797077799938692,-0.00555876728068834));
#12914=CARTESIAN_POINT('',(0.00099995,0.00797077815684976,-0.00555876748299513));
#12915=CARTESIAN_POINT('',(0.001,0.00797077799938692,-0.00555876728068834));
#12916=CARTESIAN_POINT('',(0.001,0.00794662537673093,-0.00558448034819398));
#12917=CARTESIAN_POINT('',(0.001,0.00794007924707855,-0.0055906136629983));
#12918=CARTESIAN_POINT('',(0.001,0.00791173345631305,-0.00561344675888607));
#12919=CARTESIAN_POINT('',(0.00099995,0.00791173337990279,-0.00561344666399648));
#12920=CARTESIAN_POINT('',(0.001,0.00791171694897188,-0.0056134600556994));
#12921=CARTESIAN_POINT('',(0.001,0.00789256223897511,-0.00562853144503864));
#12922=CARTESIAN_POINT('',(0.001,0.00787482498944178,-0.00564417617417606));
#12923=CARTESIAN_POINT('',(0.001,0.00785850520037188,-0.00566039424311167));
#12924=CARTESIAN_POINT('',(0.00099995,0.00785850499495274,-0.0056603947169214));
#12925=CARTESIAN_POINT('',(0.001,0.00785850487310931,-0.00566039460748238));
#12926=CARTESIAN_POINT('',(0.001,0.00784312139039524,-0.00567752242864938));
#12927=CARTESIAN_POINT('',(0.001,0.00783947760678043,-0.00568227844455658));
#12928=CARTESIAN_POINT('',(0.001,0.00782788569830431,-0.00570314060818201));
#12929=CARTESIAN_POINT('',(0.00099995,0.00782788584015937,-0.00570314074924173));
#12930=CARTESIAN_POINT('',(0.001,0.00782788569830431,-0.00570314060818201));
#12931=CARTESIAN_POINT('',(0.001,0.00781924989706743,-0.00572354707322497));
#12932=CARTESIAN_POINT('',(0.001,0.00781769427069239,-0.00572898187360923));
#12933=CARTESIAN_POINT('',(0.001,0.00781437004707827,-0.00575185809206015));
#12934=CARTESIAN_POINT('',(0.00099995,0.00781436980059027,-0.00575185804032662));
#12935=CARTESIAN_POINT('',(0.001,0.00781437004707827,-0.00575185809206015));
#12936=CARTESIAN_POINT('',(0.001,0.00781287129150913,-0.00575627011508581));
#12937=CARTESIAN_POINT('',(0.001,0.00781178422559104,-0.00576066678063911));
#12938=CARTESIAN_POINT('',(0.001,0.007811108849324,-0.00576504808872004));
#12939=CARTESIAN_POINT('',(0.00099995,0.00781110878155754,-0.00576504807827549));
#12940=CARTESIAN_POINT('',(0.001,0.00781110520266069,-0.0057650717712546));
#12941=CARTESIAN_POINT('',(0.001,0.00781089829941441,-0.00576656963454219));
#12942=CARTESIAN_POINT('',(0.001,0.00781069139616814,-0.00576806749782978));
#12943=CARTESIAN_POINT('',(0.001,0.00781048449292186,-0.00576956536111738));
#12944=CARTESIAN_POINT('',(0.00099995,0.00781048481817727,-0.00576956540604565));
#12945=CARTESIAN_POINT('',(0.001,0.00781048481817727,-0.00576956588696485));
#12946=CARTESIAN_POINT('',(0.001,0.0079358101022133,-0.00576956588696485));
#12947=CARTESIAN_POINT('',(0.001,0.00806113538624933,-0.00576956588696485));
#12948=CARTESIAN_POINT('',(0.001,0.00818646067028536,-0.00576956588696485));
#12949=CARTESIAN_POINT('',(0.00099995,0.00818646067028536,-0.00576956619946485));
#12950=CARTESIAN_POINT('',(0.001,0.00818646098278536,-0.00576956619946485));
#12951=CARTESIAN_POINT('',(0.001,0.00818646098278536,-0.00579695857223675));
#12952=CARTESIAN_POINT('',(0.001,0.00818646098278536,-0.00582435094500865));
#12953=CARTESIAN_POINT('',(0.001,0.00818646098278536,-0.00585174331778055));
#12954=CARTESIAN_POINT('',(0.00099995,0.00818646067028536,-0.00585174331778055));
#12955=CARTESIAN_POINT('',(0.001,0.00818646067028536,-0.00585174363028055));
#12956=CARTESIAN_POINT('',(0.001,0.00803016200280998,-0.00585174363028055));
#12957=CARTESIAN_POINT('',(0.001,0.00787386333533459,-0.00585174363028055));
#12958=CARTESIAN_POINT('',(0.001,0.00771756466785921,-0.00585174363028055));
#12959=CARTESIAN_POINT('',(0.00099995,0.00771756466785921,-0.00585174331778055));
#12960=CARTESIAN_POINT('',(0.001,0.00771756435535921,-0.00585174331778055));
#12961=CARTESIAN_POINT('',(0.001,0.00771756435535921,-0.00583603017230357));
#12962=CARTESIAN_POINT('',(0.001,0.00771756435535921,-0.00582031702682659));
#12963=CARTESIAN_POINT('',(0.001,0.00771756435535921,-0.00580460388134962));
#12964=CARTESIAN_POINT('',(0.00099995,0.00771756460556544,-0.00580460387040707));
#12965=CARTESIAN_POINT('',(0.001,0.00771756435535921,-0.00580460388134962));
#12966=CARTESIAN_POINT('',(0.001,0.00771849503570166,-0.00576408928130519));
#12967=CARTESIAN_POINT('',(0.001,0.00771959430330288,-0.00575367282639837));
#12968=CARTESIAN_POINT('',(0.001,0.00773000175856127,-0.00571341697048193));
#12969=CARTESIAN_POINT('',(0.00099995,0.0077300019506396,-0.00571341698904238));
#12970=CARTESIAN_POINT('',(0.001,0.00773000175856127,-0.00571341697048193));
#12971=CARTESIAN_POINT('',(0.001,0.00774261161614577,-0.00567948061516312));
#12972=CARTESIAN_POINT('',(0.001,0.00774680436067029,-0.00567135210281977));
#12973=CARTESIAN_POINT('',(0.001,0.00776858136285182,-0.0056409954521538));
#12974=CARTESIAN_POINT('',(0.00099995,0.00776858150752369,-0.00564099555593764));
#12975=CARTESIAN_POINT('',(0.001,0.00776858146093859,-0.00564099531542307));
#12976=CARTESIAN_POINT('',(0.001,0.00779494322813083,-0.00560975495896643));
#12977=CARTESIAN_POINT('',(0.001,0.00780232418093947,-0.00560238417061669));
#12978=CARTESIAN_POINT('',(0.001,0.00783457687837527,-0.00557511703695319));
#12979=CARTESIAN_POINT('',(0.00099995,0.00783457697593233,-0.00557511715236249));
#12980=CARTESIAN_POINT('',(0.001,0.00783457870386614,-0.00557511549364572));
#12981=CARTESIAN_POINT('',(0.001,0.00786528890722447,-0.00555070732143632));
#12982=CARTESIAN_POINT('',(0.001,0.00789730007840647,-0.00552635837701074));
#12983=CARTESIAN_POINT('',(0.001,0.00793061221741213,-0.00550206866036898));
#12984=CARTESIAN_POINT('',(0.000999950000957946,0.00793062755991619,-0.00550205704195742));
#12985=CARTESIAN_POINT('',(0.001,0.00793062764687936,-0.00550205715861588));
#12986=CARTESIAN_POINT('',(0.001,0.00795309959106853,-0.00548530539188972));
#12987=CARTESIAN_POINT('',(0.001,0.00797474106675586,-0.00546801682560626));
#12988=CARTESIAN_POINT('',(0.001,0.00799555207394137,-0.00545019145976549));
#12989=CARTESIAN_POINT('',(0.001,0.00593343402050508,-0.00709887728155486));
#12990=CARTESIAN_POINT('',(0.001,0.0059842952273244,-0.00711834196982819));
#12991=CARTESIAN_POINT('',(0.001,0.0059977526824607,-0.00712093772819908));
#12992=CARTESIAN_POINT('',(0.001,0.00605349051557554,-0.0071229422843539));
#12993=CARTESIAN_POINT('',(0.00099995,0.00593343409743247,-0.00709887711228223));
#12994=CARTESIAN_POINT('',(0.00099995,0.00605349051940485,-0.00712294210948479));
#12995=CARTESIAN_POINT('',(0.001,0.00605349051557554,-0.0071229422843539));
#12996=CARTESIAN_POINT('',(0.001,0.00614664879267098,-0.00711785103877345));
#12997=CARTESIAN_POINT('',(0.001,0.00616926462788416,-0.00711292680863928));
#12998=CARTESIAN_POINT('',(0.001,0.00625662660024061,-0.0070772462261256));
#12999=CARTESIAN_POINT('',(0.00099995,0.00625662669476579,-0.00707724645756675));
#13000=CARTESIAN_POINT('',(0.001,0.00625662694476617,-0.00707724645756675));
#13001=CARTESIAN_POINT('',(0.001,0.00625662694476617,-0.00710588650964756));
#13002=CARTESIAN_POINT('',(0.001,0.00625662694476617,-0.00713452656172837));
#13003=CARTESIAN_POINT('',(0.001,0.00625662694476617,-0.00716316661380918));
#13004=CARTESIAN_POINT('',(0.00099995,0.00625662669476581,-0.00716316661380918));
#13005=CARTESIAN_POINT('',(0.001,0.00625662678471122,-0.00716316684042941));
#13006=CARTESIAN_POINT('',(0.001,0.00616681872411559,-0.0071988115498109));
#13007=CARTESIAN_POINT('',(0.001,0.00614334339050804,-0.00720380775551295));
#13008=CARTESIAN_POINT('',(0.001,0.00604566047690881,-0.00720834270180099));
#13009=CARTESIAN_POINT('',(0.00099995,0.00604566049568234,-0.0072083425273153));
#13010=CARTESIAN_POINT('',(0.001,0.00604566047690881,-0.00720834270180099));
#13011=CARTESIAN_POINT('',(0.001,0.00597775468222429,-0.00720562550523369));
#13012=CARTESIAN_POINT('',(0.001,0.00596089020797693,-0.00720277692092569));
#13013=CARTESIAN_POINT('',(0.001,0.00589571880899442,-0.00717923805178039));
#13014=CARTESIAN_POINT('',(0.00099995,0.00589571887506208,-0.00717923788125001));
#13015=CARTESIAN_POINT('',(0.001,0.00589571880899442,-0.00717923805178039));
#13016=CARTESIAN_POINT('',(0.001,0.00583954069562311,-0.00715178451867069));
#13017=CARTESIAN_POINT('',(0.001,0.00582656080907186,-0.00714302447249541));
#13018=CARTESIAN_POINT('',(0.001,0.0057807690163709,-0.00709854997754924));
#13019=CARTESIAN_POINT('',(0.00099995,0.00578076915858069,-0.00709854986010124));
#13020=CARTESIAN_POINT('',(0.001,0.0057807690163709,-0.00709854997754924));
#13021=CARTESIAN_POINT('',(0.001,0.00574046358827719,-0.00704963246961656));
#13022=CARTESIAN_POINT('',(0.001,0.00573224437918738,-0.00703605628781867));
#13023=CARTESIAN_POINT('',(0.001,0.00570759209595693,-0.00697615198851459));
#13024=CARTESIAN_POINT('',(0.00099995,0.00570759227590518,-0.00697615195290275));
#13025=CARTESIAN_POINT('',(0.001,0.00570759209595693,-0.00697615198851459));
#13026=CARTESIAN_POINT('',(0.001,0.00568728726011118,-0.00690963712853359));
#13027=CARTESIAN_POINT('',(0.001,0.00568439899903045,-0.00689239871103986));
#13028=CARTESIAN_POINT('',(0.001,0.00568191992841733,-0.00682134702862136));
#13029=CARTESIAN_POINT('',(0.00099995,0.00568192010248605,-0.00682134703054075));
#13030=CARTESIAN_POINT('',(0.001,0.00568191992841733,-0.00682134702862136));
#13031=CARTESIAN_POINT('',(0.001,0.0056845732409682,-0.00674775638778217));
#13032=CARTESIAN_POINT('',(0.001,0.00568728035619354,-0.00672939676054645));
#13033=CARTESIAN_POINT('',(0.001,0.00570916141174806,-0.00665752023518913));
#13034=CARTESIAN_POINT('',(0.00099995,0.00570916159132444,-0.00665752027070856));
#13035=CARTESIAN_POINT('',(0.001,0.00570916141174806,-0.00665752023518913));
#13036=CARTESIAN_POINT('',(0.001,0.00573493675555243,-0.00659444725053722));
#13037=CARTESIAN_POINT('',(0.001,0.00574338113230959,-0.00657957385309906));
#13038=CARTESIAN_POINT('',(0.001,0.00578730250500215,-0.0065256515151345));
#13039=CARTESIAN_POINT('',(0.00099995,0.00578730264862066,-0.00652565163056287));
#13040=CARTESIAN_POINT('',(0.001,0.00578730250500215,-0.0065256515151345));
#13041=CARTESIAN_POINT('',(0.001,0.00583542717091688,-0.00647823747225046));
#13042=CARTESIAN_POINT('',(0.001,0.00584909245981084,-0.00646831209535596));
#13043=CARTESIAN_POINT('',(0.001,0.00591085861228479,-0.00643747747004859));
#13044=CARTESIAN_POINT('',(0.00099995,0.00591085868393049,-0.00643747763838953));
#13045=CARTESIAN_POINT('',(0.001,0.00591085861228479,-0.00643747747004859));
#13046=CARTESIAN_POINT('',(0.001,0.00597984742142687,-0.00641200150777887));
#13047=CARTESIAN_POINT('',(0.001,0.00599791962962041,-0.00640840892292264));
#13048=CARTESIAN_POINT('',(0.001,0.00607306147717012,-0.00640536420107715));
#13049=CARTESIAN_POINT('',(0.00099995,0.00607306145484515,-0.00640536437543134));
#13050=CARTESIAN_POINT('',(0.001,0.00607306147717012,-0.00640536420107715));
#13051=CARTESIAN_POINT('',(0.001,0.00615624426993938,-0.00640868695438819));
#13052=CARTESIAN_POINT('',(0.001,0.00617674223676198,-0.00641211519196322));
#13053=CARTESIAN_POINT('',(0.001,0.0062566267718515,-0.00643852220780618));
#13054=CARTESIAN_POINT('',(0.00099995,0.00625662669476575,-0.00643852244099981));
#13055=CARTESIAN_POINT('',(0.001,0.00625662694476617,-0.00643852244099981));
#13056=CARTESIAN_POINT('',(0.001,0.00625662694476617,-0.00646941164829676));
#13057=CARTESIAN_POINT('',(0.001,0.00625662694476617,-0.00650030085559371));
#13058=CARTESIAN_POINT('',(0.001,0.00625662694476617,-0.00653119006289066));
#13059=CARTESIAN_POINT('',(0.00099995,0.00625662669476576,-0.00653119006289067));
#13060=CARTESIAN_POINT('',(0.001,0.00625662660570324,-0.00653119029648836));
#13061=CARTESIAN_POINT('',(0.001,0.00617764595027454,-0.00650107758747272));
#13062=CARTESIAN_POINT('',(0.001,0.00615706806356181,-0.0064961190675528));
#13063=CARTESIAN_POINT('',(0.001,0.00607193688653482,-0.00649076454401843));
#13064=CARTESIAN_POINT('',(0.00099995,0.00607193687916574,-0.00649076472438845));
#13065=CARTESIAN_POINT('',(0.001,0.00607193688653482,-0.00649076454401843));
#13066=CARTESIAN_POINT('',(0.001,0.00601509079204962,-0.00649285249685465));
#13067=CARTESIAN_POINT('',(0.001,0.00600090712382766,-0.0064951646700185));
#13068=CARTESIAN_POINT('',(0.001,0.0059465050210811,-0.00651505202115409));
#13069=CARTESIAN_POINT('',(0.00099995,0.00594650508558055,-0.00651505219433617));
#13070=CARTESIAN_POINT('',(0.001,0.0059465050210811,-0.00651505202115409));
#13071=CARTESIAN_POINT('',(0.001,0.00590101064286326,-0.00653801826220042));
#13072=CARTESIAN_POINT('',(0.001,0.0058905904695717,-0.00654535814578758));
#13073=CARTESIAN_POINT('',(0.001,0.00585430684290899,-0.00658264808417194));
#13074=CARTESIAN_POINT('',(0.00099995,0.00585430699587673,-0.00658264818959879));
#13075=CARTESIAN_POINT('',(0.001,0.00585430684290899,-0.00658264808417194));
#13076=CARTESIAN_POINT('',(0.001,0.00582234218200415,-0.00662402294489096));
#13077=CARTESIAN_POINT('',(0.001,0.00581590870988495,-0.00663543666765279));
#13078=CARTESIAN_POINT('',(0.001,0.00579689490400327,-0.00668538279891841));
#13079=CARTESIAN_POINT('',(0.00099995,0.00579689508888674,-0.00668538281714857));
#13080=CARTESIAN_POINT('',(0.001,0.00579689490400327,-0.00668538279891841));
#13081=CARTESIAN_POINT('',(0.001,0.00578107497067952,-0.00674170948599801));
#13082=CARTESIAN_POINT('',(0.001,0.00577885527558533,-0.0067562763599222));
#13083=CARTESIAN_POINT('',(0.001,0.0057769882937528,-0.00681606821776264));
#13084=CARTESIAN_POINT('',(0.00099995,0.00577698846680094,-0.00681606820598107));
#13085=CARTESIAN_POINT('',(0.001,0.0057769882937528,-0.00681606821776264));
#13086=CARTESIAN_POINT('',(0.001,0.00577868893019711,-0.00686964636226818));
#13087=CARTESIAN_POINT('',(0.001,0.00578044144758573,-0.00688307347193849));
#13088=CARTESIAN_POINT('',(0.001,0.00579472551845086,-0.00693586036623351));
#13089=CARTESIAN_POINT('',(0.00099995,0.00579472570573595,-0.00693586035787479));
#13090=CARTESIAN_POINT('',(0.001,0.00579472551845086,-0.00693586036623351));
#13091=CARTESIAN_POINT('',(0.001,0.00581163759877626,-0.00698197958626817));
#13092=CARTESIAN_POINT('',(0.001,0.00581730736063599,-0.00699293770095996));
#13093=CARTESIAN_POINT('',(0.001,0.0058473622312404,-0.0070330645895087));
#13094=CARTESIAN_POINT('',(0.00099995,0.00584736238554695,-0.00703306448747209));
#13095=CARTESIAN_POINT('',(0.001,0.0058473622312404,-0.0070330645895087));
#13096=CARTESIAN_POINT('',(0.001,0.0058803845673064,-0.00706828090705918));
#13097=CARTESIAN_POINT('',(0.001,0.00588988962307484,-0.00707569686953099));
#13098=CARTESIAN_POINT('',(0.001,0.00593343402050508,-0.00709887728155486));
#13099=CARTESIAN_POINT('',(0.001,0.00867723722030451,-0.00682712238670059));
#13100=CARTESIAN_POINT('',(0.001,0.00866132789373325,-0.00685001257714398));
#13101=CARTESIAN_POINT('',(0.001,0.00861948925626899,-0.00690124251377616));
#13102=CARTESIAN_POINT('',(0.001,0.00855049592968004,-0.00690791365397726));
#13103=CARTESIAN_POINT('',(0.001,0.00850969995163453,-0.00691185832084052));
#13104=CARTESIAN_POINT('',(0.001,0.00867723703561821,-0.00682712294445413));
#13105=CARTESIAN_POINT('',(0.00099995,0.00850969995163453,-0.00691185832084052));
#13106=CARTESIAN_POINT('',(0.001,0.00850969995163453,-0.00691185832084052));
#13107=CARTESIAN_POINT('',(0.001,0.00846845363387122,-0.00691009335690722));
#13108=CARTESIAN_POINT('',(0.001,0.00845814972194913,-0.00690833201586247));
#13109=CARTESIAN_POINT('',(0.001,0.00841828639410508,-0.00689352944553726));
#13110=CARTESIAN_POINT('',(0.00099995,0.00841828647312836,-0.00689352928061786));
#13111=CARTESIAN_POINT('',(0.001,0.00841828639410508,-0.00689352944553726));
#13112=CARTESIAN_POINT('',(0.001,0.00838358366767677,-0.00687621734359337));
#13113=CARTESIAN_POINT('',(0.001,0.00837547860422482,-0.0068707330186044));
#13114=CARTESIAN_POINT('',(0.001,0.00834685082338823,-0.00684281036318176));
#13115=CARTESIAN_POINT('',(0.00099995,0.00834685097105977,-0.0068428102518439));
#13116=CARTESIAN_POINT('',(0.001,0.00834685082338823,-0.00684281036318176));
#13117=CARTESIAN_POINT('',(0.001,0.00832158988337701,-0.00681217977612821));
#13118=CARTESIAN_POINT('',(0.001,0.00831634271681492,-0.00680365518085572));
#13119=CARTESIAN_POINT('',(0.001,0.00830060924194825,-0.00676581069887512));
#13120=CARTESIAN_POINT('',(0.00099995,0.00830060942496905,-0.00676581066855833));
#13121=CARTESIAN_POINT('',(0.001,0.00830060924194825,-0.00676581069887512));
#13122=CARTESIAN_POINT('',(0.001,0.00828757199278736,-0.00672340049749972));
#13123=CARTESIAN_POINT('',(0.001,0.00828574615060482,-0.00671239000069153));
#13124=CARTESIAN_POINT('',(0.001,0.00828421468637956,-0.00666704550445907));
#13125=CARTESIAN_POINT('',(0.00099995,0.00828421485906125,-0.0066670454944299));
#13126=CARTESIAN_POINT('',(0.001,0.00828421468637956,-0.00666704550445907));
#13127=CARTESIAN_POINT('',(0.001,0.00828592544285496,-0.00661939476508233));
#13128=CARTESIAN_POINT('',(0.001,0.00828772019236339,-0.00660750074355618));
#13129=CARTESIAN_POINT('',(0.001,0.00830256039999498,-0.00656120143891208));
#13130=CARTESIAN_POINT('',(0.00099995,0.00830256057717717,-0.00656120148521531));
#13131=CARTESIAN_POINT('',(0.001,0.00830256039999498,-0.00656120143891208));
#13132=CARTESIAN_POINT('',(0.001,0.00831966970209681,-0.00652148918716456));
#13133=CARTESIAN_POINT('',(0.001,0.00832519373583185,-0.00651213694819955));
#13134=CARTESIAN_POINT('',(0.001,0.0083536654224254,-0.00647842362583511));
#13135=CARTESIAN_POINT('',(0.00099995,0.00835366556654251,-0.00647842374141182));
#13136=CARTESIAN_POINT('',(0.001,0.0083536654224254,-0.00647842362583511));
#13137=CARTESIAN_POINT('',(0.001,0.00838427237447459,-0.00644927340206937));
#13138=CARTESIAN_POINT('',(0.001,0.00839291149947276,-0.00644318773588183));
#13139=CARTESIAN_POINT('',(0.001,0.00843185270927919,-0.00642451547146671));
#13140=CARTESIAN_POINT('',(0.00099995,0.00843185276835763,-0.00642451564394511));
#13141=CARTESIAN_POINT('',(0.001,0.00843185270927919,-0.00642451547146671));
#13142=CARTESIAN_POINT('',(0.001,0.008473757423341,-0.00640951598746517));
#13143=CARTESIAN_POINT('',(0.001,0.00848468142445907,-0.00640732147267423));
#13144=CARTESIAN_POINT('',(0.001,0.00853012676142228,-0.00640536420107715));
#13145=CARTESIAN_POINT('',(0.00099995,0.00853012681426226,-0.00640536437689869));
#13146=CARTESIAN_POINT('',(0.001,0.00853012676142228,-0.00640536420107715));
#13147=CARTESIAN_POINT('',(0.001,0.00857633184419635,-0.00640764424308272));
#13148=CARTESIAN_POINT('',(0.001,0.0085876613486232,-0.00640997929797223));
#13149=CARTESIAN_POINT('',(0.001,0.00863088096283449,-0.00642891310215823));
#13150=CARTESIAN_POINT('',(0.00099995,0.0086308808814911,-0.00642891327009469));
#13151=CARTESIAN_POINT('',(0.001,0.00863088096283449,-0.00642891310215823));
#13152=CARTESIAN_POINT('',(0.001,0.00866988571030509,-0.00645283633556576));
#13153=CARTESIAN_POINT('',(0.001,0.00867834565641089,-0.00646045190277162));
#13154=CARTESIAN_POINT('',(0.001,0.00870643312834276,-0.00649785190881126));
#13155=CARTESIAN_POINT('',(0.00099995,0.00870643292605442,-0.00649785193857329));
#13156=CARTESIAN_POINT('',(0.001,0.00870643312834276,-0.00649785190881126));
#13157=CARTESIAN_POINT('',(0.001,0.00873338350667391,-0.0065438578436107));
#13158=CARTESIAN_POINT('',(0.001,0.0087384925711409,-0.00655635285780444));
#13159=CARTESIAN_POINT('',(0.001,0.00875280073185638,-0.00660905018033771));
#13160=CARTESIAN_POINT('',(0.00099995,0.00875280056336822,-0.00660905022608476));
#13161=CARTESIAN_POINT('',(0.001,0.00875280077360643,-0.00660905033410423));
#13162=CARTESIAN_POINT('',(0.001,0.00876572158275744,-0.00667449480863079));
#13163=CARTESIAN_POINT('',(0.001,0.00876741748700695,-0.00669139357617319));
#13164=CARTESIAN_POINT('',(0.001,0.00876868749760164,-0.00675968855679862));
#13165=CARTESIAN_POINT('',(0.00099995,0.00876868733111461,-0.00675968856511795));
#13166=CARTESIAN_POINT('',(0.001,0.00876868749760164,-0.00675968855679862));
#13167=CARTESIAN_POINT('',(0.001,0.00876705751027023,-0.00684372500481898));
#13168=CARTESIAN_POINT('',(0.001,0.00876510205337143,-0.00686496143526212));
#13169=CARTESIAN_POINT('',(0.001,0.00874836112164033,-0.00694801248670451));
#13170=CARTESIAN_POINT('',(0.00099995,0.00874836091254507,-0.00694801258609141));
#13171=CARTESIAN_POINT('',(0.001,0.00874836108103046,-0.00694801263289455));
#13172=CARTESIAN_POINT('',(0.001,0.00873016183057587,-0.00701352746743674));
#13173=CARTESIAN_POINT('',(0.001,0.00872382968911435,-0.00702959530770579));
#13174=CARTESIAN_POINT('',(0.001,0.00868838961027635,-0.00708904564441078));
#13175=CARTESIAN_POINT('',(0.00099995,0.00868838941131498,-0.00708904560970637));
#13176=CARTESIAN_POINT('',(0.001,0.00868838961027635,-0.00708904564441078));
#13177=CARTESIAN_POINT('',(0.001,0.00865246830415632,-0.00713623896704936));
#13178=CARTESIAN_POINT('',(0.001,0.00864172762065368,-0.00714640930340788));
#13179=CARTESIAN_POINT('',(0.001,0.00859000618361009,-0.00717784494222038));
#13180=CARTESIAN_POINT('',(0.00099995,0.00859000610654428,-0.0071778447709768));
#13181=CARTESIAN_POINT('',(0.001,0.00859000618361009,-0.00717784494222038));
#13182=CARTESIAN_POINT('',(0.001,0.00853355278065237,-0.0072021184841706));
#13183=CARTESIAN_POINT('',(0.001,0.0085185858420045,-0.00720550945992552));
#13184=CARTESIAN_POINT('',(0.001,0.00845578755043519,-0.00720834270180099));
#13185=CARTESIAN_POINT('',(0.00099995,0.00845578761452094,-0.00720834252399104));
#13186=CARTESIAN_POINT('',(0.001,0.00845578755043519,-0.00720834270180099));
#13187=CARTESIAN_POINT('',(0.001,0.00839641539089127,-0.00720531386970476));
#13188=CARTESIAN_POINT('',(0.001,0.00838178509817584,-0.00720253343967016));
#13189=CARTESIAN_POINT('',(0.001,0.0083244980865875,-0.00718232653596671));
#13190=CARTESIAN_POINT('',(0.00099995,0.00832449818161639,-0.0071823262665585));
#13191=CARTESIAN_POINT('',(0.001,0.00832449788950456,-0.0071823262665585));
#13192=CARTESIAN_POINT('',(0.001,0.00832449788950456,-0.00715364433638337));
#13193=CARTESIAN_POINT('',(0.001,0.00832449788950456,-0.00712496240620825));
#13194=CARTESIAN_POINT('',(0.001,0.00832449788950456,-0.00709628047603312));
#13195=CARTESIAN_POINT('',(0.00099995,0.00832449822492081,-0.00709628047603312));
#13196=CARTESIAN_POINT('',(0.001,0.00832449838991712,-0.00709628005735728));
#13197=CARTESIAN_POINT('',(0.001,0.00838101696553136,-0.00711855373637216));
#13198=CARTESIAN_POINT('',(0.001,0.00839612304498853,-0.00712278313875828));
#13199=CARTESIAN_POINT('',(0.001,0.00845743234060777,-0.00712777629555099));
#13200=CARTESIAN_POINT('',(0.00099995,0.00845743260330987,-0.00712777609638542));
#13201=CARTESIAN_POINT('',(0.001,0.00845743262097821,-0.00712777626641592));
#13202=CARTESIAN_POINT('',(0.001,0.00854389949991126,-0.00711879093745774));
#13203=CARTESIAN_POINT('',(0.001,0.00856244881537517,-0.00711012877214027));
#13204=CARTESIAN_POINT('',(0.001,0.00862035716675294,-0.00704270742894046));
#13205=CARTESIAN_POINT('',(0.00099995,0.00862035716675294,-0.00704270742894046));
#13206=CARTESIAN_POINT('',(0.001,0.00862035716675294,-0.00704270742894046));
#13207=CARTESIAN_POINT('',(0.001,0.00863709391843796,-0.00700908921149857));
#13208=CARTESIAN_POINT('',(0.001,0.00867096622618433,-0.0069410517196061));
#13209=CARTESIAN_POINT('',(0.001,0.00867599946300109,-0.00686561857926638));
#13210=CARTESIAN_POINT('',(0.001,0.00867723722030451,-0.00682712238670059));
#13211=CARTESIAN_POINT('',(0.0009999,-0.00879768540896249,0.00747191601071205));
#13212=CARTESIAN_POINT('',(0.0009999,-0.00879768540896249,0.00747191601071205));
#13213=CARTESIAN_POINT('',(0.0009999,-0.00879768540896249,0.00747191601071205));
#13214=CARTESIAN_POINT('',(0.0009999,0.00879155523177308,-0.00544395495403732));
#13215=CARTESIAN_POINT('',(0.0009999,0.00880827487005178,-0.00542052921112797));
#13216=CARTESIAN_POINT('',(0.0009999,0.00885134324929053,-0.00536884971750951));
#13217=CARTESIAN_POINT('',(0.0009999,0.00892121994182331,-0.0053617518262243));
#13218=CARTESIAN_POINT('',(0.0009999,0.00896206374071611,-0.00535760302018171));
#13219=CARTESIAN_POINT('',(0.0009999,0.00879155523426932,-0.0054439548967368));
#13220=CARTESIAN_POINT('',(0.000999900000000977,0.0106347174629294,-0.00552017678603796));
#13221=CARTESIAN_POINT('',(0.0009999,0.00879155523177308,-0.00544395495403732));
#13222=CARTESIAN_POINT('',(0.0009999,0.00878586738560447,-0.00545192414690101));
#13223=CARTESIAN_POINT('',(0.0009999,0.00878031549034726,-0.00546011942297264));
#13224=CARTESIAN_POINT('',(0.0009999,0.00877476359509005,-0.00546831469904428));
#13225=CARTESIAN_POINT('',(0.0009999,0.00880665863655581,-0.00534043233763223));
#13226=CARTESIAN_POINT('',(0.0009999,0.00880200675567208,-0.00536142805764238));
#13227=CARTESIAN_POINT('',(0.0009999,0.00879443147768069,-0.0053956181884049));
#13228=CARTESIAN_POINT('',(0.0009999,0.00879214278275646,-0.00543046874011321));
#13229=CARTESIAN_POINT('',(0.0009999,0.00879155523177308,-0.00544395495403732));
#13230=CARTESIAN_POINT('',(0.001,0.00879083162383056,-0.00544497103216709));
#13231=CARTESIAN_POINT('',(0.0009999,0.00879083162383056,-0.00544497103216709));
#13232=CARTESIAN_POINT('',(0.001,0.00883147369724322,-0.00538777703395831));
#13233=CARTESIAN_POINT('',(0.0009999,0.00883147369724322,-0.00538777703395831));
#13234=CARTESIAN_POINT('',(0.001,0.0088926063084154,-0.0053646583241114));
#13235=CARTESIAN_POINT('',(0.0009999,0.0088926063084154,-0.0053646583241114));
#13236=CARTESIAN_POINT('',(0.001,0.00896332152118031,-0.00535747525813872));
#13237=CARTESIAN_POINT('',(0.0009999,0.00896332152118031,-0.00535747525813872));
#13238=CARTESIAN_POINT('',(0.001,0.00879155523177308,-0.00544395495403732));
#13239=CARTESIAN_POINT('',(0.001,0.00880665863655581,-0.00534043233763223));
#13240=CARTESIAN_POINT('',(0.0009999,0.00880665863655581,-0.00534043233763223));
#13241=CARTESIAN_POINT('',(0.001,0.00880200675567208,-0.00536142805764238));
#13242=CARTESIAN_POINT('',(0.0009999,0.00880200675567208,-0.00536142805764238));
#13243=CARTESIAN_POINT('',(0.001,0.00879443147768069,-0.0053956181884049));
#13244=CARTESIAN_POINT('',(0.0009999,0.00879443147768069,-0.0053956181884049));
#13245=CARTESIAN_POINT('',(0.001,0.00879214278275646,-0.00543046874011321));
#13246=CARTESIAN_POINT('',(0.0009999,0.00879214278275646,-0.00543046874011321));
#13247=CARTESIAN_POINT('',(0.001,0.00879155523177308,-0.00544395495403732));
#13248=CARTESIAN_POINT('',(0.0009999,0.00879155523177308,-0.00544395495403732));
#13249=CARTESIAN_POINT('',(0.001,0.00879155523177308,-0.00544395495403732));
#13250=CARTESIAN_POINT('',(0.0009999,0.00879155523177308,-0.00544395495403732));
#13251=CARTESIAN_POINT('',(0.001,0.00878586738560447,-0.005451924146901));
#13252=CARTESIAN_POINT('',(0.0009999,0.00878586738560447,-0.005451924146901));
#13253=CARTESIAN_POINT('',(0.001,0.00878031549034725,-0.00546011942297264));
#13254=CARTESIAN_POINT('',(0.0009999,0.00878031549034725,-0.00546011942297264));
#13255=CARTESIAN_POINT('',(0.001,0.00877476359509005,-0.00546831469904428));
#13256=CARTESIAN_POINT('',(0.0009999,0.00877476359509005,-0.00546831469904428));
#13257=CARTESIAN_POINT('',(0.001,0.00879155523177308,-0.00544395495403732));
#13258=CARTESIAN_POINT('',(0.001,0.00879070902966036,-0.00546831469904428));
#13259=CARTESIAN_POINT('',(0.0009999,0.00879070902966036,-0.00546831469904428));
#13260=CARTESIAN_POINT('',(0.001,0.00879095544545587,-0.00546019033030562));
#13261=CARTESIAN_POINT('',(0.0009999,0.00879095544545587,-0.00546019033030562));
#13262=CARTESIAN_POINT('',(0.001,0.00879120186125137,-0.00545206596156695));
#13263=CARTESIAN_POINT('',(0.0009999,0.00879120186125137,-0.00545206596156695));
#13264=CARTESIAN_POINT('',(0.001,0.00879155523177308,-0.00544395495403732));
#13265=CARTESIAN_POINT('',(0.0009999,0.00879155523177308,-0.00544395495403732));
#13266=CARTESIAN_POINT('',(0.0009999,-0.00879768540896249,0.00747191601071205));
#13267=CARTESIAN_POINT('',(0.0009999,-0.00879768540896249,0.00747191601071205));
#13268=CARTESIAN_POINT('',(0.0009999,-0.00879768540896249,0.00747191601071205));
#13269=CARTESIAN_POINT('',(0.0009999,-0.00879768540896249,0.00747191601071205));
#13270=CARTESIAN_POINT('',(0.0009999,-0.00879768540896249,0.00747191601071205));
#13271=CARTESIAN_POINT('',(0.0009999,-0.00879768540896249,0.00747191601071205));
#13272=CARTESIAN_POINT('',(0.0009999,-0.00879768540896249,0.00747191601071205));
#13273=CARTESIAN_POINT('',(0.0009999,-0.00879768540896249,0.00747191601071205));
#13274=CARTESIAN_POINT('',(0.0009999,-0.00879768540896249,0.00747191601071205));
#13275=CARTESIAN_POINT('',(0.0009999,-0.00879768540896249,0.00747191601071205));
#13276=CARTESIAN_POINT('',(0.0009999,-0.00879768540896249,0.00747191601071205));
#13277=CARTESIAN_POINT('',(0.0009999,-0.00879768540896249,0.00747191601071205));
#13278=CARTESIAN_POINT('',(0.0009999,-0.00879768540896249,0.00747191601071205));
#13279=CARTESIAN_POINT('',(0.0009999,-0.00879768540896249,0.00747191601071205));
#13280=CARTESIAN_POINT('',(0.0009999,-0.00879768540896249,0.00747191601071205));
#13281=CARTESIAN_POINT('',(0.0009999,-0.00879768540896249,0.00747191601071205));
#13282=CARTESIAN_POINT('',(0.0009999,-0.00936610518022043,0.000283482827797844));
#13283=CARTESIAN_POINT('',(0.0009999,-0.00933905330873119,0.000264681105234782));
#13284=CARTESIAN_POINT('',(0.0009999,-0.0092785088429991,0.000215235594729088));
#13285=CARTESIAN_POINT('',(0.0009999,-0.00927062487720508,0.000133698022851823));
#13286=CARTESIAN_POINT('',(0.0009999,-0.00926596304015424,8.54843593804178E-5));
#13287=CARTESIAN_POINT('',(0.0009999,-0.00936610512201224,0.000283482825926303));
#13288=CARTESIAN_POINT('',(0.000999899999996844,-0.00948979069494905,-0.00371665663163353));
#13289=CARTESIAN_POINT('',(0.0009999,-0.00936610518022043,0.000283482827797845));
#13290=CARTESIAN_POINT('',(0.0009999,-0.00937572696292685,0.000290170205751716));
#13291=CARTESIAN_POINT('',(0.0009999,-0.00938564068933523,0.000296679669040676));
#13292=CARTESIAN_POINT('',(0.0009999,-0.00939555441574361,0.000303189132329637));
#13293=CARTESIAN_POINT('',(0.0009999,-0.00911132325963285,0.000216261122342759));
#13294=CARTESIAN_POINT('',(0.0009999,-0.0091510538826029,0.000236040826292967));
#13295=CARTESIAN_POINT('',(0.0009999,-0.00923146174696899,0.000276071503728573));
#13296=CARTESIAN_POINT('',(0.0009999,-0.00932060982013196,0.000282019976245647));
#13297=CARTESIAN_POINT('',(0.0009999,-0.00936610518022043,0.000283482827797844));
#13298=CARTESIAN_POINT('',(0.001,-0.00936729810048901,0.000284310003926567));
#13299=CARTESIAN_POINT('',(0.0009999,-0.00936729810048901,0.000284310003926567));
#13300=CARTESIAN_POINT('',(0.001,-0.00930014671477265,0.000237854738926322));
#13301=CARTESIAN_POINT('',(0.0009999,-0.00930014671477265,0.000237854738926322));
#13302=CARTESIAN_POINT('',(0.001,-0.00927379970214358,0.000166532705724322));
#13303=CARTESIAN_POINT('',(0.0009999,-0.00927379970214358,0.000166532705724322));
#13304=CARTESIAN_POINT('',(0.001,-0.00926582112877013,8.40166830884759E-5));
#13305=CARTESIAN_POINT('',(0.0009999,-0.00926582112877013,8.40166830884759E-5));
#13306=CARTESIAN_POINT('',(0.001,-0.00936610518022043,0.000283482827797844));
#13307=CARTESIAN_POINT('',(0.0009999,-0.00936772412238134,0.000283534226751476));
#13308=CARTESIAN_POINT('',(0.001,-0.00936772412238134,0.000283534226751476));
#13309=CARTESIAN_POINT('',(0.0009999,-0.00927669423528282,0.000280680966020385));
#13310=CARTESIAN_POINT('',(0.001,-0.00927669423528282,0.000280680966020385));
#13311=CARTESIAN_POINT('',(0.0009999,-0.0091912487116007,0.000256051633032767));
#13312=CARTESIAN_POINT('',(0.001,-0.0091912487116007,0.000256051633032767));
#13313=CARTESIAN_POINT('',(0.0009999,-0.00910987597041417,0.000215540596206098));
#13314=CARTESIAN_POINT('',(0.001,-0.00910987597041417,0.000215540596206098));
#13315=CARTESIAN_POINT('',(0.001,-0.00936610518022043,0.000283482827797845));
#13316=CARTESIAN_POINT('',(0.0009999,-0.00936610518022043,0.000283482827797845));
#13317=CARTESIAN_POINT('',(0.001,-0.00937572696292685,0.000290170205751717));
#13318=CARTESIAN_POINT('',(0.0009999,-0.00937572696292685,0.000290170205751717));
#13319=CARTESIAN_POINT('',(0.001,-0.00938564068933523,0.000296679669040676));
#13320=CARTESIAN_POINT('',(0.0009999,-0.00938564068933523,0.000296679669040676));
#13321=CARTESIAN_POINT('',(0.001,-0.00939555441574361,0.000303189132329637));
#13322=CARTESIAN_POINT('',(0.0009999,-0.00939555441574361,0.000303189132329637));
#13323=CARTESIAN_POINT('',(0.001,-0.00936610518022043,0.000283482827797844));
#13324=CARTESIAN_POINT('',(0.001,-0.00939555441574361,0.000284284923192674));
#13325=CARTESIAN_POINT('',(0.0009999,-0.00939555441574361,0.000284284923192674));
#13326=CARTESIAN_POINT('',(0.001,-0.00938573186516772,0.000284041495889462));
#13327=CARTESIAN_POINT('',(0.0009999,-0.00938573186516772,0.000284041495889462));
#13328=CARTESIAN_POINT('',(0.001,-0.00937590931459184,0.000283798068586251));
#13329=CARTESIAN_POINT('',(0.0009999,-0.00937590931459184,0.000283798068586251));
#13330=CARTESIAN_POINT('',(0.001,-0.00936610518022043,0.000283482827797844));
#13331=CARTESIAN_POINT('',(0.0009999,-0.00936610518022043,0.000283482827797844));
#13332=CARTESIAN_POINT('',(0.0009999,-0.00879768540896249,0.00747191601071205));
#13333=CARTESIAN_POINT('',(0.0009999,-0.00879768540896249,0.00747191601071205));
#13334=CARTESIAN_POINT('',(0.0009999,-0.00879768540896249,0.00747191601071205));
#13335=CARTESIAN_POINT('',(0.0009999,-0.00879768540896249,0.00747191601071205));
#13336=CARTESIAN_POINT('',(0.0009999,-0.00879768540896249,0.00747191601071205));
#13337=CARTESIAN_POINT('',(0.0009999,-0.00879768540896249,0.00747191601071205));
#13338=CARTESIAN_POINT('',(0.0009999,-0.00879768540896249,0.00747191601071205));
#13339=CARTESIAN_POINT('',(0.0009999,-0.00879768540896249,0.00747191601071205));
#13340=CARTESIAN_POINT('',(0.0009999,-0.00879768540896249,0.00747191601071205));
#13341=CARTESIAN_POINT('',(0.0009999,-0.00879768540896249,0.00747191601071205));
#13342=CARTESIAN_POINT('',(0.0009999,-0.00879768540896249,0.00747191601071205));
#13343=CARTESIAN_POINT('',(0.0009999,-0.00879768540896249,0.00747191601071205));
#13344=CARTESIAN_POINT('',(0.0009999,-0.00879768540896249,0.00747191601071205));
#13345=CARTESIAN_POINT('',(0.0009999,-0.00879768540896249,0.00747191601071205));
#13346=CARTESIAN_POINT('',(0.0009999,-0.00879768540896249,0.00747191601071205));
#13347=CARTESIAN_POINT('',(0.0009999,-0.00879768540896249,0.00747191601071205));
#13348=CARTESIAN_POINT('',(0.0009999,-0.00969402974514936,-0.00114668574836979));
#13349=CARTESIAN_POINT('',(0.0009999,-0.00969143397136861,-0.00114757294762188));
#13350=CARTESIAN_POINT('',(0.0009999,-0.00968250257228162,-0.00115074063207476));
#13351=CARTESIAN_POINT('',(0.0009999,-0.00967382040715611,-0.00115456199953979));
#13352=CARTESIAN_POINT('',(0.0009999,-0.00966765066222456,-0.00115727755058128));
#13353=CARTESIAN_POINT('',(0.0009999,-0.00969402973735549,-0.00114668574591921));
#13354=CARTESIAN_POINT('',(0.000999900000002067,-0.0100075507556147,-0.000144008051267296));
#13355=CARTESIAN_POINT('',(0.0009999,-0.00992450887541632,-0.00182597334364594));
#13356=CARTESIAN_POINT('',(0.0009999,-0.00967578356699255,-0.00114051583040077));
#13357=CARTESIAN_POINT('',(0.0009999,-0.00967998697883776,-0.00114199928736017));
#13358=CARTESIAN_POINT('',(0.0009999,-0.00968604256323464,-0.00114413640814386));
#13359=CARTESIAN_POINT('',(0.0009999,-0.00969215633299373,-0.00114609665093186));
#13360=CARTESIAN_POINT('',(0.0009999,-0.00969402974514936,-0.00114668574836979));
#13361=CARTESIAN_POINT('',(0.001,-0.00967578356699255,-0.00114051583040077));
#13362=CARTESIAN_POINT('',(0.0009999,-0.00967578356699255,-0.00114051583040077));
#13363=CARTESIAN_POINT('',(0.001,-0.00967998697883776,-0.00114199928736017));
#13364=CARTESIAN_POINT('',(0.0009999,-0.00967998697883776,-0.00114199928736017));
#13365=CARTESIAN_POINT('',(0.001,-0.00968604256323464,-0.00114413640814386));
#13366=CARTESIAN_POINT('',(0.0009999,-0.00968604256323464,-0.00114413640814386));
#13367=CARTESIAN_POINT('',(0.001,-0.00969215633299373,-0.00114609665093186));
#13368=CARTESIAN_POINT('',(0.0009999,-0.00969215633299373,-0.00114609665093186));
#13369=CARTESIAN_POINT('',(0.001,-0.00969402974514936,-0.00114668574836979));
#13370=CARTESIAN_POINT('',(0.0009999,-0.00969402974514936,-0.00114668574836979));
#13371=CARTESIAN_POINT('',(0.001,-0.00969402974514936,-0.00114668574836979));
#13372=CARTESIAN_POINT('',(0.001,-0.00969402974514936,-0.00114668574836979));
#13373=CARTESIAN_POINT('',(0.0009999,-0.00969402974514936,-0.00114668574836979));
#13374=CARTESIAN_POINT('',(0.001,-0.00969705402798778,-0.00114565209070199));
#13375=CARTESIAN_POINT('',(0.0009999,-0.00969705402798778,-0.00114565209070199));
#13376=CARTESIAN_POINT('',(0.001,-0.00970009355586485,-0.00114465841724312));
#13377=CARTESIAN_POINT('',(0.0009999,-0.00970009355586485,-0.00114465841724312));
#13378=CARTESIAN_POINT('',(0.001,-0.00970313308374193,-0.00114366474378426));
#13379=CARTESIAN_POINT('',(0.0009999,-0.00970313308374193,-0.00114366474378426));
#13380=CARTESIAN_POINT('',(0.001,-0.00969402974514936,-0.00114668574836979));
#13381=CARTESIAN_POINT('',(0.001,-0.0097037231697252,-0.00114966544139702));
#13382=CARTESIAN_POINT('',(0.0009999,-0.0097037231697252,-0.00114966544139702));
#13383=CARTESIAN_POINT('',(0.001,-0.00970048862865225,-0.00114868254469121));
#13384=CARTESIAN_POINT('',(0.0009999,-0.00970048862865225,-0.00114868254469121));
#13385=CARTESIAN_POINT('',(0.001,-0.0096972540875793,-0.0011476996479854));
#13386=CARTESIAN_POINT('',(0.0009999,-0.0096972540875793,-0.0011476996479854));
#13387=CARTESIAN_POINT('',(0.001,-0.00969402974514936,-0.00114668574836979));
#13388=CARTESIAN_POINT('',(0.0009999,-0.00969402974514936,-0.00114668574836979));
#13389=CARTESIAN_POINT('',(0.001,-0.00969402974514936,-0.00114668574836979));
#13390=CARTESIAN_POINT('',(0.0009999,-0.00969402974514936,-0.00114668574836979));
#13391=CARTESIAN_POINT('',(0.001,-0.00969143397136861,-0.00114757294762188));
#13392=CARTESIAN_POINT('',(0.0009999,-0.00969143397136861,-0.00114757294762188));
#13393=CARTESIAN_POINT('',(0.001,-0.00968250257228162,-0.00115074063207476));
#13394=CARTESIAN_POINT('',(0.0009999,-0.00968250257228162,-0.00115074063207476));
#13395=CARTESIAN_POINT('',(0.001,-0.00967382040715611,-0.00115456199953979));
#13396=CARTESIAN_POINT('',(0.0009999,-0.00967382040715611,-0.00115456199953979));
#13397=CARTESIAN_POINT('',(0.001,-0.00966765066222456,-0.00115727755058128));
#13398=CARTESIAN_POINT('',(0.0009999,-0.00966765066222456,-0.00115727755058128));
#13399=CARTESIAN_POINT('',(0.0009999,-0.00879768540896249,0.00747191601071205));
#13400=CARTESIAN_POINT('',(0.0009999,-0.00939192654976706,0.00148864721682564));
#13401=CARTESIAN_POINT('',(0.0009999,-0.00939731208768384,0.00149121453053866));
#13402=CARTESIAN_POINT('',(0.0009999,-0.00941000257140692,0.00149728290348842));
#13403=CARTESIAN_POINT('',(0.0009999,-0.00942242818716803,0.00150387853506752));
#13404=CARTESIAN_POINT('',(0.0009999,-0.00942958382503297,0.00150767681371849));
#13405=CARTESIAN_POINT('',(0.0009999,-0.00939192655113792,0.00148864721627296));
#13406=CARTESIAN_POINT('',(0.000999899999999448,-0.00893268838123329,0.0003318815912083));
#13407=CARTESIAN_POINT('',(0.0009999,-0.00939134027821604,0.00148836778004257));
#13408=CARTESIAN_POINT('',(0.0009999,-0.00875976879632387,-8.6855576626692E-5));
#13409=CARTESIAN_POINT('',(0.001,-0.00939192654976706,0.00148864721682564));
#13410=CARTESIAN_POINT('',(0.0009999,-0.00939192654976706,0.00148864721682564));
#13411=CARTESIAN_POINT('',(0.001,-0.00939731208768384,0.00149121453053866));
#13412=CARTESIAN_POINT('',(0.0009999,-0.00939731208768384,0.00149121453053866));
#13413=CARTESIAN_POINT('',(0.001,-0.00941000257140692,0.00149728290348842));
#13414=CARTESIAN_POINT('',(0.0009999,-0.00941000257140692,0.00149728290348842));
#13415=CARTESIAN_POINT('',(0.001,-0.00942242818716803,0.00150387853506752));
#13416=CARTESIAN_POINT('',(0.0009999,-0.00942242818716803,0.00150387853506752));
#13417=CARTESIAN_POINT('',(0.001,-0.00942958382503297,0.00150767681371849));
#13418=CARTESIAN_POINT('',(0.0009999,-0.00942958382503297,0.00150767681371849));
#13419=CARTESIAN_POINT('',(0.001,-0.00939192654976706,0.00148864721682564));
#13420=CARTESIAN_POINT('',(0.001,-0.00940386591092851,0.00148380396139305));
#13421=CARTESIAN_POINT('',(0.0009999,-0.00940386591092851,0.00148380396139305));
#13422=CARTESIAN_POINT('',(0.001,-0.00939989011505402,0.00148542848622301));
#13423=CARTESIAN_POINT('',(0.0009999,-0.00939989011505402,0.00148542848622301));
#13424=CARTESIAN_POINT('',(0.001,-0.00939591431917952,0.00148705301105297));
#13425=CARTESIAN_POINT('',(0.0009999,-0.00939591431917952,0.00148705301105297));
#13426=CARTESIAN_POINT('',(0.001,-0.00939192654976706,0.00148864721682563));
#13427=CARTESIAN_POINT('',(0.0009999,-0.00939192654976706,0.00148864721682563));
#13428=CARTESIAN_POINT('',(0.001,-0.00939192654976706,0.00148864721682564));
#13429=CARTESIAN_POINT('',(0.001,-0.00939192654976706,0.00148864721682564));
#13430=CARTESIAN_POINT('',(0.001,-0.00937194911376741,0.00149637994539421));
#13431=CARTESIAN_POINT('',(0.0009999,-0.00937194911376741,0.00149637994539421));
#13432=CARTESIAN_POINT('',(0.001,-0.0093778028013537,0.00149415277383404));
#13433=CARTESIAN_POINT('',(0.0009999,-0.0093778028013537,0.00149415277383404));
#13434=CARTESIAN_POINT('',(0.001,-0.00938447703589155,0.00149161340610566));
#13435=CARTESIAN_POINT('',(0.0009999,-0.00938447703589155,0.00149161340610566));
#13436=CARTESIAN_POINT('',(0.001,-0.00939111140435232,0.00148897309061404));
#13437=CARTESIAN_POINT('',(0.0009999,-0.00939111140435232,0.00148897309061404));
#13438=CARTESIAN_POINT('',(0.001,-0.00939192654976706,0.00148864721682563));
#13439=CARTESIAN_POINT('',(0.0009999,-0.00939192654976706,0.00148864721682563));
#13440=CARTESIAN_POINT('',(0.0009999,-0.00879768540896249,0.00747191601071205));
#13441=CARTESIAN_POINT('',(0.0009999,-0.00879768540896249,0.00747191601071205));
#13442=CARTESIAN_POINT('',(0.0009999,-0.00879768540896249,0.00747191601071205));
#13443=CARTESIAN_POINT('',(0.0009999,-0.00879768540896249,0.00747191601071205));
#13444=CARTESIAN_POINT('',(0.0009999,-0.00879768540896249,0.00747191601071205));
#13445=CARTESIAN_POINT('',(0.0009999,-0.00879768540896249,0.00747191601071205));
#13446=CARTESIAN_POINT('',(0.0009999,-0.00879768540896249,0.00747191601071205));
#13447=CARTESIAN_POINT('',(0.0009999,-0.00879768540896249,0.00747191601071205));
#13448=CARTESIAN_POINT('',(0.0009999,-0.00879768540896249,0.00747191601071205));
#13449=CARTESIAN_POINT('',(0.0009999,-0.00879768540896249,0.00747191601071205));
#13450=CARTESIAN_POINT('',(0.0009999,-0.00879768540896249,0.00747191601071205));
#13451=CARTESIAN_POINT('',(0.0009999,-0.00937456747130659,-0.00460912297296841));
#13452=CARTESIAN_POINT('',(0.0009999,-0.00935198633102156,-0.00460912297296841));
#13453=CARTESIAN_POINT('',(0.0009999,-0.00893144158260133,-0.004243408691171));
#13454=CARTESIAN_POINT('',(0.0009999,-0.00937456747130659,-0.00460912297296841));
#13455=CARTESIAN_POINT('',(0.0009999,-0.00893144158260133,-0.004243408691171));
#13456=CARTESIAN_POINT('',(0.001,-0.00893144158260133,-0.004243408691171));
#13457=CARTESIAN_POINT('',(0.001,-0.00935198633102156,-0.00460912297296841));
#13458=CARTESIAN_POINT('',(0.001,-0.00935198633102156,-0.00460912297296841));
#13459=CARTESIAN_POINT('',(0.001,-0.00935198633102156,-0.00460912297296841));
#13460=CARTESIAN_POINT('',(0.001,-0.00893144158260133,-0.004243408691171));
#13461=CARTESIAN_POINT('',(0.001,-0.00935198633102156,-0.00460912297296841));
#13462=CARTESIAN_POINT('',(0.0009999,-0.00879768540896249,0.00747191601071205));
#13463=CARTESIAN_POINT('',(0.0009999,-0.00879768540896249,0.00747191601071205));
#13464=CARTESIAN_POINT('',(0.0009999,-0.00879768540896249,0.00747191601071205));
#13465=CARTESIAN_POINT('',(0.0009999,0.00522108006082548,-0.00547679092656618));
#13466=CARTESIAN_POINT('',(0.0009999,0.00522108006082548,-0.00549589803406235));
#13467=CARTESIAN_POINT('',(0.0009999,0.00553053061269297,-0.00585174363028055));
#13468=CARTESIAN_POINT('',(0.0009999,0.00522108006082548,-0.00547679092656618));
#13469=CARTESIAN_POINT('',(0.0009999,0.00553053061269297,-0.00585174363028055));
#13470=CARTESIAN_POINT('',(0.001,0.00553053061269297,-0.00585174363028055));
#13471=CARTESIAN_POINT('',(0.001,0.00522108006082548,-0.00549589803406235));
#13472=CARTESIAN_POINT('',(0.001,0.00522108006082548,-0.00549589803406235));
#13473=CARTESIAN_POINT('',(0.001,0.00522108006082548,-0.00549589803406235));
#13474=CARTESIAN_POINT('',(0.001,0.00553053061269297,-0.00585174363028055));
#13475=CARTESIAN_POINT('',(0.001,0.00522108006082548,-0.00549589803406235));
#13476=CARTESIAN_POINT('',(0.0009999,-0.00879768540896249,0.00747191601071205));
#13477=CARTESIAN_POINT('',(0.0009999,-0.00879768540896249,0.00747191601071205));
#13478=CARTESIAN_POINT('',(0.0009999,-0.00879768540896249,0.00747191601071205));
#13479=CARTESIAN_POINT('',(0.0009999,0.00867723722030451,-0.00682712238670059));
#13480=CARTESIAN_POINT('',(0.0009999,0.00866132789373325,-0.00685001257714398));
#13481=CARTESIAN_POINT('',(0.0009999,0.00861948925626899,-0.00690124251377616));
#13482=CARTESIAN_POINT('',(0.0009999,0.00855049592968004,-0.00690791365397726));
#13483=CARTESIAN_POINT('',(0.0009999,0.00850969995163453,-0.00691185832084052));
#13484=CARTESIAN_POINT('',(0.0009999,0.00867723721843307,-0.006827122444908));
#13485=CARTESIAN_POINT('',(0.000999899999994312,0.00529248050257053,-0.00672246847861554));
#13486=CARTESIAN_POINT('',(0.0009999,0.00867723722030451,-0.00682712238670059));
#13487=CARTESIAN_POINT('',(0.0009999,0.00868289573251647,-0.00681898097219269));
#13488=CARTESIAN_POINT('',(0.0009999,0.00868840370755402,-0.00681059253753738));
#13489=CARTESIAN_POINT('',(0.0009999,0.00869391168259157,-0.00680220410288207));
#13490=CARTESIAN_POINT('',(0.0009999,0.00862035716675294,-0.00704270742894046));
#13491=CARTESIAN_POINT('',(0.0009999,0.00863709391843796,-0.00700908921149857));
#13492=CARTESIAN_POINT('',(0.0009999,0.00867096622618433,-0.0069410517196061));
#13493=CARTESIAN_POINT('',(0.0009999,0.00867599946300109,-0.00686561857926638));
#13494=CARTESIAN_POINT('',(0.0009999,0.00867723722030451,-0.00682712238670059));
#13495=CARTESIAN_POINT('',(0.001,0.00867793714147334,-0.00682611299328137));
#13496=CARTESIAN_POINT('',(0.0009999,0.00867793714147334,-0.00682611299328137));
#13497=CARTESIAN_POINT('',(0.001,0.00863862867601842,-0.00688293335897611));
#13498=CARTESIAN_POINT('',(0.0009999,0.00863862867601842,-0.00688293335897611));
#13499=CARTESIAN_POINT('',(0.001,0.00857827931817599,-0.00690522720748914));
#13500=CARTESIAN_POINT('',(0.0009999,0.00857827931817599,-0.00690522720748914));
#13501=CARTESIAN_POINT('',(0.001,0.00850845807175752,-0.00691197840136399));
#13502=CARTESIAN_POINT('',(0.0009999,0.00850845807175752,-0.00691197840136399));
#13503=CARTESIAN_POINT('',(0.001,0.00867723722030451,-0.00682712238670059));
#13504=CARTESIAN_POINT('',(0.0009999,0.00867728071025178,-0.00682575250981895));
#13505=CARTESIAN_POINT('',(0.001,0.00867728071025178,-0.00682575250981895));
#13506=CARTESIAN_POINT('',(0.0009999,0.00867486649555335,-0.00690277795335616));
#13507=CARTESIAN_POINT('',(0.001,0.00867486649555335,-0.00690277795335616));
#13508=CARTESIAN_POINT('',(0.0009999,0.00865402625797203,-0.00697507812721126));
#13509=CARTESIAN_POINT('',(0.001,0.00865402625797203,-0.00697507812721126));
#13510=CARTESIAN_POINT('',(0.0009999,0.00861974749127115,-0.00704393205145393));
#13511=CARTESIAN_POINT('',(0.001,0.00861974749127115,-0.00704393205145393));
#13512=CARTESIAN_POINT('',(0.001,0.00867723722030451,-0.00682712238670059));
#13513=CARTESIAN_POINT('',(0.0009999,0.00867723722030451,-0.00682712238670059));
#13514=CARTESIAN_POINT('',(0.001,0.00868289573251647,-0.00681898097219269));
#13515=CARTESIAN_POINT('',(0.0009999,0.00868289573251647,-0.00681898097219269));
#13516=CARTESIAN_POINT('',(0.001,0.00868840370755402,-0.00681059253753738));
#13517=CARTESIAN_POINT('',(0.0009999,0.00868840370755402,-0.00681059253753738));
#13518=CARTESIAN_POINT('',(0.001,0.00869391168259157,-0.00680220410288207));
#13519=CARTESIAN_POINT('',(0.0009999,0.00869391168259157,-0.00680220410288207));
#13520=CARTESIAN_POINT('',(0.001,0.00867723722030451,-0.00682712238670059));
#13521=CARTESIAN_POINT('',(0.001,0.00867791588209642,-0.00680220410288207));
#13522=CARTESIAN_POINT('',(0.0009999,0.00867791588209642,-0.00680220410288207));
#13523=CARTESIAN_POINT('',(0.001,0.00867770991596132,-0.00681051539165287));
#13524=CARTESIAN_POINT('',(0.0009999,0.00867770991596132,-0.00681051539165287));
#13525=CARTESIAN_POINT('',(0.001,0.00867750394982623,-0.00681882668042366));
#13526=CARTESIAN_POINT('',(0.0009999,0.00867750394982623,-0.00681882668042366));
#13527=CARTESIAN_POINT('',(0.001,0.00867723722030451,-0.00682712238670059));
#13528=CARTESIAN_POINT('',(0.0009999,0.00867723722030451,-0.00682712238670059));
#13529=CARTESIAN_POINT('',(0.0026999,0.00401963858097792,-0.00134771482950076));
#13530=MECHANICAL_DESIGN_GEOMETRIC_PRESENTATION_REPRESENTATION('',(#6713,
#6452,#6453,#6454,#6455,#6456,#6457,#6458,#6459,#6460,#6461,#6462,#6463,
#6464,#6465,#6466,#6467,#6468,#6469,#6470,#6471,#6472,#6473,#6474,#6475,
#6476,#6477,#6478,#6479,#6480,#6481,#6482,#6483,#6484,#6485,#6486,#6487,
#6488,#6489,#6490,#6491,#6492,#6493,#6494,#6495,#6496,#6497,#6498,#6499,
#6500,#6501,#6502,#6503,#6504,#6505,#6506,#6507,#6508,#6509,#6510,#6511,
#6512,#6513,#6514,#6515,#6516,#6517,#6518,#6519,#6520,#6521,#6522,#6523,
#6524,#6525,#6526,#6527,#6528,#6529,#6530,#6531,#6532,#6533,#6534,#6535,
#6536,#6537),#13531);
#13531=(
GEOMETRIC_REPRESENTATION_CONTEXT(3)
GLOBAL_UNCERTAINTY_ASSIGNED_CONTEXT((#13532))
GLOBAL_UNIT_ASSIGNED_CONTEXT((#13535,#13534,#13533))
REPRESENTATION_CONTEXT('Cam\X\E9ra','TOP_LEVEL_ASSEMBLY_PART')
);
#13532=UNCERTAINTY_MEASURE_WITH_UNIT(LENGTH_MEASURE(2.E-5),#13535,
'DISTANCE_ACCURACY_VALUE','Maximum Tolerance applied to model');
#13533=(
NAMED_UNIT(*)
SI_UNIT($,.STERADIAN.)
SOLID_ANGLE_UNIT()
);
#13534=(
NAMED_UNIT(*)
PLANE_ANGLE_UNIT()
SI_UNIT($,.RADIAN.)
);
#13535=(
LENGTH_UNIT()
NAMED_UNIT(*)
SI_UNIT($,.METRE.)
);
#13536=PRODUCT_DEFINITION_SHAPE('','',#13537);
#13537=PRODUCT_DEFINITION('','',#13539,#13538);
#13538=PRODUCT_DEFINITION_CONTEXT('',#13545,'design');
#13539=PRODUCT_DEFINITION_FORMATION_WITH_SPECIFIED_SOURCE('','',#13541,
 .NOT_KNOWN.);
#13540=PRODUCT_RELATED_PRODUCT_CATEGORY('','',(#13541));
#13541=PRODUCT('Cam\X\E9ra','Cam\X\E9ra','Cam\X\E9ra',(#13543));
#13542=PRODUCT_CATEGORY('','');
#13543=PRODUCT_CONTEXT('',#13545,'mechanical');
#13544=APPLICATION_PROTOCOL_DEFINITION('international standard',
'ap242_managed_model_based_3d_engineering',2020,#13545);
#13545=APPLICATION_CONTEXT('managed model based 3d engineering');
ENDSEC;
END-ISO-10303-21;
