ISO-10303-21;
HEADER;
/* Generated by software containing ST-Developer
 * from STEP Tools, Inc. (www.steptools.com) 
 */
/* OPTION: using custom renumber hook */

FILE_DESCRIPTION(
/* description */ ('STEP AP242 Edition 2',
'CAx-IF Rec.Pracs.---Representation and Presentation of Product Manufa
cturing Information (PMI)---4.0---2014-10-13',
'CAx-IF Rec.Pracs.---3D Tessellated Geometry---0.4---2014-09-14','2;1',
'CAx-IF Rec.Pracs.---User Defined Attributes---1.5---2016-08-15'),
/* implementation_level */ '2;1');

FILE_NAME(
/* name */ 'c6269875-82a1-411b-a4a8-8938b3a784d6',
/* time_stamp */ '2026-09-29T21:10:08Z',
/* author */ (''),
/* organization */ (''),
/* preprocessor_version */ 'ST-DEVELOPER v20',
/* originating_system */ 'ONSHAPE BY PTC INC, 1.221',
/* authorisation */ '  ');

FILE_SCHEMA (('AP242_MANAGED_MODEL_BASED_3D_ENGINEERING_MIM_LF { 1 0 10303 442 3 1 4 }'));
ENDSEC;

DATA;
#10=SHAPE_REPRESENTATION_RELATIONSHIP('','',#24,#11);
#11=TESSELLATED_SHAPE_REPRESENTATION('',(#22),#30);
#12=STYLED_ITEM('',(#13),#22);
#13=PRESENTATION_STYLE_ASSIGNMENT((#14));
#14=SURFACE_STYLE_USAGE(.BOTH.,#15);
#15=SURFACE_SIDE_STYLE('',(#16));
#16=SURFACE_STYLE_FILL_AREA(#17);
#17=FILL_AREA_STYLE('',(#18));
#18=FILL_AREA_STYLE_COLOUR('',#19);
#19=COLOUR_RGB('',0.498039215686275,0.498039215686275,0.498039215686275);
#20=COMPLEX_TRIANGULATED_FACE('ConvergentBody',#21,2948,((0.,0.,-1.),(-0.766043353239298,
0.642788908552328,0.),(0.,0.,-1.),(-0.737272320502704,0.675595681913789,
0.),(0.,0.,-1.),(0.,0.,-1.),(-0.766043353239298,0.642788908552328,0.),(0.,
0.,-1.),(-0.7933559047103,0.608758086978153,0.),(-0.7933559047103,0.608758086978153,
0.),(0.,0.,-1.),(0.,0.,-1.),(-0.707107202429549,0.707106359943294,0.),(-0.737272320502704,
0.675595681913789,0.),(0.,0.,-1.),(0.,0.,-1.),(-0.675597438516358,0.737270710845165,
0.),(0.,0.,-1.),(-0.642787998586975,0.766044116792597,0.),(0.,0.,-1.),(-0.843393659427148,
0.537296133652647,0.),(0.,0.,-1.),(-0.819153064641029,0.57357497913456,
0.),(0.,0.,-1.),(-0.866026603007251,0.499997922879406,0.),(0.,0.,-1.),(-0.90631164864383,
0.422609980398597,0.),(0.,0.,-1.),(-0.88700830122728,0.461753477034981,
0.),(0.,0.,-1.),(-0.923881968799391,0.382677550592352,0.),(0.,0.,-1.),(-0.953714868243719,
0.300712404285,0.),(0.,0.,-1.),(-0.939691117822532,0.342024272655379,0.),
(0.,0.,-1.),(-0.965925144021839,0.258821591345062,0.),(0.,0.,-1.),(-0.984807137803592,
0.173651666652232,0.),(0.,0.,-1.),(-0.976295679650988,0.216441091049774,
0.),(0.,0.,-1.),(-0.99144490899102,0.130525830530926,0.),(0.,0.,-1.),(-0.999048361400116,
0.0436161848829394,0.),(0.,0.,-1.),(-0.996195530166522,0.0871462315664973,
0.),(0.,0.,-1.),(-0.999999999955378,9.44690138094187E-6,0.),(0.,0.,-1.),
(-0.996193869788431,-0.0871652097797672,0.),(0.,0.,-1.),(-0.999048128985417,
-0.0436215081208579,0.),(0.,0.,-1.),(-0.991446507856161,-0.130513685335379,
0.),(0.,0.,-1.),(-0.976295340926192,-0.216442618921993,0.),(0.,0.,-1.),
(-0.984807707616702,-0.173648435117443,0.),(0.,0.,-1.),(-0.965926616801175,
-0.258816094853154,0.),(0.,0.,-1.),(-0.93969424644525,-0.342015676830309,
0.),(0.,0.,-1.),(-0.953715818113366,-0.300709391739522,0.),(0.,0.,-1.),
(-0.92387763763354,-0.382688006972611,0.),(0.,0.,-1.),(-0.887011197999953,
-0.461747912418333,0.),(0.,0.,-1.),(-0.906305937586187,-0.422622227877359,
0.),(0.,0.,-1.),(-0.866027520050728,-0.499996334501349,0.),(0.,0.,-1.),
(-0.819153660677059,-0.573574127902726,0.),(0.,0.,-1.),(-0.843390094427156,
-0.537301729591625,0.),(0.,0.,-1.),(-0.793352403767602,-0.608762649508138,
0.),(0.,0.,-1.),(-0.737285448507952,-0.675581355144166,0.),(0.,0.,-1.),
(-0.766042795651712,-0.642789573056462,0.),(0.,0.,-1.),(-0.707106781186547,
-0.707106781186547,0.),(0.,0.,-1.),(-0.642789573056474,-0.766042795651702,
0.),(0.,0.,-1.),(-0.675581355144166,-0.737285448507952,0.),(0.,0.,-1.),
(-0.608761825065048,-0.793353036386369,0.),(0.,0.,-1.),(-0.5373030988872,
-0.843389222083263,0.),(0.,0.,-1.),(-0.573573276647295,-0.819154256728295,
0.),(0.,0.,-1.),(-0.499996085140482,-0.866027664017837,0.),(0.,0.,-1.),
(-0.422623963871266,-0.906305128067661,0.),(0.,0.,-1.),(-0.461750111933481,
-0.887010053003582,0.),(0.,0.,-1.),(-0.38268317808488,-0.923879637837557,
0.),(0.,0.,-1.),(-0.300712021147248,-0.953714989049421,0.),(0.,0.,-1.),
(-0.342018769723258,-0.939693120735163,0.),(0.,0.,-1.),(-0.258812921402406,
-0.965927467108764,0.),(0.,0.,-1.),(-0.173648435117443,-0.984807707616702,
0.),(0.,0.,-1.),(-0.216442618921949,-0.976295340926202,0.),(0.,0.,-1.),
(-0.130509446408201,-0.991447065857893,0.),(0.,0.,-1.),(-0.0436260076443912,
-0.999047932512255,0.),(0.,0.,-1.),(-0.0871654372254342,-0.996193849887309,
0.),(0.,0.,-1.),(4.51270136432568E-6,-0.999999999989818,0.),(0.,0.,-1.),
(0.0871511568515755,-0.996195099295029,0.),(0.,0.,-1.),(0.0436215169101087,
-0.999048128601651,0.),(0.,0.,-1.),(0.1305205488928,-0.991445604315598,
0.),(0.,0.,-1.),(0.216446792307135,-0.976294415686145,0.),(0.,0.,-1.),(0.173651666652232,
-0.984807137803592,0.),(0.,0.,-1.),(0.258821447448445,-0.965925182579216,
0.),(0.,0.,-1.),(0.3420183974965,-0.939693256213923,0.),(0.,0.,-1.),(0.300706692805632,
-0.95371666909093,0.),(0.,0.,-1.),(0.382683537893511,-0.923879488799977,
0.),(0.,0.,-1.),(0.461742002007388,-0.887014274734184,0.),(0.,0.,-1.),(0.422609795586723,
-0.906311734820943,0.),(0.,0.,-1.),(0.500003668989683,-0.866023285481895,
0.),(0.,0.,-1.),(0.573580551620558,-0.819149162730852,0.),(0.,0.,-1.),(0.537296079300413,
-0.843393694053023,0.),(0.,0.,-1.),(0.60876879900601,-0.793347685039025,
0.),(0.,0.,-1.),(0.675585621403677,-0.737281539272894,0.),(0.,0.,-1.),(0.642783686971993,
-0.766047734650192,0.),(0.,0.,-1.),(0.707106359679609,-0.707107202693235,
0.),(0.,0.,-1.),(0.766048497959411,-0.642782777284932,0.),(0.,0.,-1.),(0.737279929137374,
-0.675587378575998,0.),(0.,0.,-1.),(0.793349495952781,-0.608766439015382,
0.),(0.,0.,-1.),(0.843394319617131,-0.537295097351126,0.),(0.,0.,-1.),(0.819146105307338,
-0.5735849180024,0.),(0.,0.,-1.),(0.866026532827326,-0.499998044435256,
0.),(0.,0.,-1.),(0.906307549873791,-0.422618770337719,0.),(0.,0.,-1.),(0.8870142747342,
-0.461742002007356,0.),(0.,0.,-1.),(0.923875699222613,-0.3826926866115,
0.),(0.,0.,-1.),(0.953718486076711,-0.300700930021088,0.),(0.,0.,-1.),(0.939695322823589,
-0.342012719446911,0.),(0.,0.,-1.),(0.965923348273497,-0.258828293005454,
0.),(0.,0.,-1.),(0.984811346203862,-0.173627798431404,0.),(0.,0.,-1.),(0.976292881691598,
-0.2164537113526,0.),(0.,0.,-1.),(0.991445419583262,-0.130521952128254,
0.),(0.,0.,-1.),(0.999049364514771,-0.0435932020231502,0.),(0.,0.,-1.),
(0.996192863389061,-0.0871767109536876,0.),(0.,0.,-1.),(0.999999999983326,
-5.77470465947257E-6,0.),(0.,0.,-1.),(0.996192954503792,0.0871756697537037,
0.),(0.,0.,-1.),(0.999048775713245,0.0436066938194829,0.),(0.,0.,-1.),(0.991448503560646,
0.130498524081141,0.),(0.,0.,-1.),(0.976290284867238,0.216465423737482,
0.),(0.,0.,-1.),(0.984809620562378,0.17363758593054,0.),(0.,0.,-1.),(0.965924521474809,
0.258823914686534,0.),(0.,0.,-1.),(0.939693120735183,0.342018769723203,
0.),(0.,0.,-1.),(0.953718590758816,0.300700598005753,0.),(0.,0.,-1.),(0.92387476513258,
0.382694941632653,0.),(0.,0.,-1.),(0.887009887079107,0.461750430669978,
0.),(0.,0.,-1.),(0.906310681075784,0.422612055398268,0.),(0.,0.,-1.),(0.866021183088108,
0.500007310389231,0.),(0.,0.,-1.),(0.819154256728295,0.573573276647295,
0.),(0.,0.,-1.),(0.843396351952213,0.537291907173092,0.),(0.,0.,-1.),(0.793353036386422,
0.60876182506498,0.),(0.,0.,-1.),(0.737276221183771,0.675591425106165,0.),
(0.,0.,-1.),(0.76604279565172,0.642789573056453,0.),(0.,0.,-1.),(0.707106781186547,
0.707106781186547,0.),(0.,0.,-1.),(0.642789573056453,0.76604279565172,0.),
(0.,0.,-1.),(0.675591425106166,0.737276221183771,0.),(0.,0.,-1.),(0.608762649508069,
0.793352403767654,0.),(0.,0.,-1.),(0.53729053772632,0.843397224366883,0.),
(0.,0.,-1.),(0.573574127902726,0.819153660677059,0.),(0.,0.,-1.),(0.500007559332224,
0.866021039357955,0.),(0.,0.,-1.),(0.422610318732244,0.906311490879947,
0.),(0.,0.,-1.),(0.461748230350657,0.887011032495108,0.),(0.,0.,-1.),(0.382699770367784,
0.92387276491974,0.),(0.,0.,-1.),(0.300697968683739,0.953719419761112,0.),
(0.,0.,-1.),(0.342015676830254,0.93969424644527,0.),(0.,0.,-1.),(0.258827088224469,
0.965923671105146,0.),(0.,0.,-1.),(0.17363758593054,0.984809620562378,0.),
(0.,0.,-1.),(0.216465423737482,0.976290284867238,0.),(0.,0.,-1.),(0.130502763014466,
0.991447945605613,0.),(0.,0.,-1.),(0.0436021943164987,0.999048972098358,
0.),(0.,0.,-1.),(0.087175442332518,0.996192974405125,0.),(0.,0.,-1.),(-1.07089290803314E-5,
0.999999999942659,0.),(0.,0.,-1.),(-0.0871717855589187,0.996193294397463,
0.),(0.,0.,-1.),(-0.0435878700137661,0.999049597161053,0.),(0.,0.,-1.),
(-0.130527233645226,0.991444724267029,0.),(0.,0.,-1.),(-0.216448010188332,
0.976294145678192,0.),(0.,0.,-1.),(-0.173627798431404,0.984811346203862,
0.),(0.,0.,-1.),(-0.25882843698504,0.965923309692794,0.),(0.,0.,-1.),(-0.342018594618712,
0.939693184467697,0.),(0.,0.,-1.),(-0.300706641511337,0.953716685264011,
0.),(0.,0.,-1.),(-0.382686699843406,0.923878179070684,0.),(0.,0.,-1.),(-0.46175347703495,
0.887008301227296,0.),(0.,0.,-1.),(-0.422618955647576,0.906307463462236,
0.),(0.,0.,-1.),(-0.499992298016677,0.866029850480919,0.),(0.,0.,-1.),(-0.573579345254724,
0.819150007445012,0.),(0.,0.,-1.),(-0.537295151133302,0.843394285354508,
0.),(0.,0.,-1.),(-0.608755726963074,0.793357715592191,0.),(-0.707107202429549,
0.707106359943294,0.),(0.,0.,-1.),(0.,0.,-1.),(-0.675597438516358,0.737270710845165,
0.),(-0.843393659427148,0.537296133652647,0.),(0.,0.,-1.),(0.,0.,-1.),(-0.866026603007251,
0.499997922879406,0.),(-0.819153064641029,0.57357497913456,0.),(0.,0.,-1.),
(0.,0.,-1.),(-0.90631164864383,0.422609980398597,0.),(-0.923881968799391,
0.382677550592352,0.),(0.,0.,-1.),(0.,0.,-1.),(-0.88700830122728,0.461753477034981,
0.),(-0.953714868243719,0.300712404285,0.),(0.,0.,-1.),(0.,0.,-1.),(-0.965925144021839,
0.258821591345062,0.),(-0.939691117822532,0.342024272655379,0.),(0.,0.,
-1.),(0.,0.,-1.),(-0.984807137803592,0.173651666652232,0.),(-0.99144490899102,
0.130525830530926,0.),(0.,0.,-1.),(0.,0.,-1.),(-0.976295679650988,0.216441091049774,
0.),(-0.999048361400116,0.0436161848829394,0.),(0.,0.,-1.),(0.,0.,-1.),
(-0.999999999955378,9.44690138094187E-6,0.),(-0.996195530166522,0.0871462315664973,
0.),(0.,0.,-1.),(0.,0.,-1.),(-0.996193869788431,-0.0871652097797672,0.),
(-0.991446507856161,-0.130513685335379,0.),(0.,0.,-1.),(0.,0.,-1.),(-0.999048128985417,
-0.0436215081208579,0.),(-0.976295340926192,-0.216442618921993,0.),(0.,
0.,-1.),(0.,0.,-1.),(-0.965926616801175,-0.258816094853154,0.),(-0.984807707616702,
-0.173648435117443,0.),(0.,0.,-1.),(0.,0.,-1.),(-0.93969424644525,-0.342015676830309,
0.),(-0.92387763763354,-0.382688006972611,0.),(0.,0.,-1.),(0.,0.,-1.),(-0.953715818113366,
-0.300709391739522,0.),(-0.887011197999953,-0.461747912418333,0.),(0.,0.,
-1.),(0.,0.,-1.),(-0.866027520050728,-0.499996334501349,0.),(-0.906305937586187,
-0.422622227877359,0.),(0.,0.,-1.),(0.,0.,-1.),(-0.819153660677059,-0.573574127902726,
0.),(-0.793352403767602,-0.608762649508138,0.),(0.,0.,-1.),(0.,0.,-1.),
(-0.843390094427156,-0.537301729591625,0.),(-0.737285448507952,-0.675581355144166,
0.),(0.,0.,-1.),(0.,0.,-1.),(-0.707106781186547,-0.707106781186547,0.),
(-0.766042795651712,-0.642789573056462,0.),(0.,0.,-1.),(0.,0.,-1.),(-0.642789573056474,
-0.766042795651702,0.),(-0.608761825065048,-0.793353036386369,0.),(0.,0.,
-1.),(0.,0.,-1.),(-0.675581355144166,-0.737285448507952,0.),(-0.5373030988872,
-0.843389222083263,0.),(0.,0.,-1.),(0.,0.,-1.),(-0.499996085140482,-0.866027664017837,
0.),(-0.573573276647295,-0.819154256728295,0.),(0.,0.,-1.),(0.,0.,-1.),
(-0.422623963871266,-0.906305128067661,0.),(-0.38268317808488,-0.923879637837557,
0.),(0.,0.,-1.),(0.,0.,-1.),(-0.461750111933481,-0.887010053003582,0.),
(-0.300712021147248,-0.953714989049421,0.),(0.,0.,-1.),(0.,0.,-1.),(-0.258812921402406,
-0.965927467108764,0.),(-0.342018769723258,-0.939693120735163,0.),(0.,0.,
-1.),(0.,0.,-1.),(-0.173648435117443,-0.984807707616702,0.),(-0.130509446408201,
-0.991447065857893,0.),(0.,0.,-1.),(0.,0.,-1.),(-0.216442618921949,-0.976295340926202,
0.),(-0.0436260076443912,-0.999047932512255,0.),(0.,0.,-1.),(0.,0.,-1.),
(4.51270136432568E-6,-0.999999999989818,0.),(-0.0871654372254342,-0.996193849887309,
0.),(0.,0.,-1.),(0.,0.,-1.),(0.0871511568515755,-0.996195099295029,0.),
(0.1305205488928,-0.991445604315598,0.),(0.,0.,-1.),(0.,0.,-1.),(0.0436215169101087,
-0.999048128601651,0.),(0.216446792307135,-0.976294415686145,0.),(0.,0.,
-1.),(0.,0.,-1.),(0.258821447448445,-0.965925182579216,0.),(0.173651666652232,
-0.984807137803592,0.),(0.,0.,-1.),(0.,0.,-1.),(0.3420183974965,-0.939693256213923,
0.),(0.382683537893511,-0.923879488799977,0.),(0.,0.,-1.),(0.,0.,-1.),(0.300706692805632,
-0.95371666909093,0.),(0.461742002007388,-0.887014274734184,0.),(0.,0.,
-1.),(0.,0.,-1.),(0.500003668989683,-0.866023285481895,0.),(0.422609795586723,
-0.906311734820943,0.),(0.,0.,-1.),(0.,0.,-1.),(0.573580551620558,-0.819149162730852,
0.),(0.60876879900601,-0.793347685039025,0.),(0.,0.,-1.),(0.,0.,-1.),(0.537296079300413,
-0.843393694053023,0.),(0.675585621403677,-0.737281539272894,0.),(0.,0.,
-1.),(0.,0.,-1.),(0.707106359679609,-0.707107202693235,0.),(0.642783686971993,
-0.766047734650192,0.),(0.,0.,-1.),(0.,0.,-1.),(0.766048497959411,-0.642782777284932,
0.),(0.793349495952781,-0.608766439015382,0.),(0.,0.,-1.),(0.,0.,-1.),(0.737279929137374,
-0.675587378575998,0.),(0.843394319617131,-0.537295097351126,0.),(0.,0.,
-1.),(0.,0.,-1.),(0.866026532827326,-0.499998044435256,0.),(0.819146105307338,
-0.5735849180024,0.),(0.,0.,-1.),(0.,0.,-1.),(0.906307549873791,-0.422618770337719,
0.),(0.923875699222613,-0.3826926866115,0.),(0.,0.,-1.),(0.,0.,-1.),(0.8870142747342,
-0.461742002007356,0.),(0.953718486076711,-0.300700930021088,0.),(0.,0.,
-1.),(0.,0.,-1.),(0.965923348273497,-0.258828293005454,0.),(0.939695322823589,
-0.342012719446911,0.),(0.,0.,-1.),(0.,0.,-1.),(0.984811346203862,-0.173627798431404,
0.),(0.991445419583262,-0.130521952128254,0.),(0.,0.,-1.),(0.,0.,-1.),(0.976292881691598,
-0.2164537113526,0.),(0.999049364514771,-0.0435932020231502,0.),(0.,0.,
-1.),(0.,0.,-1.),(0.999999999983326,-5.77470465947257E-6,0.),(0.996192863389061,
-0.0871767109536876,0.),(0.,0.,-1.),(0.,0.,-1.),(0.996192954503792,0.0871756697537037,
0.),(0.991448503560646,0.130498524081141,0.),(0.,0.,-1.),(0.,0.,-1.),(0.999048775713245,
0.0436066938194829,0.),(0.976290284867238,0.216465423737482,0.),(0.,0.,
-1.),(0.,0.,-1.),(0.965924521474809,0.258823914686534,0.),(0.984809620562378,
0.17363758593054,0.),(0.,0.,-1.),(0.,0.,-1.),(0.939693120735183,0.342018769723203,
0.),(0.92387476513258,0.382694941632653,0.),(0.,0.,-1.),(0.,0.,-1.),(0.953718590758816,
0.300700598005753,0.),(0.887009887079107,0.461750430669978,0.),(0.,0.,-1.),
(0.,0.,-1.),(0.866021183088108,0.500007310389231,0.),(0.906310681075784,
0.422612055398268,0.),(0.,0.,-1.),(0.,0.,-1.),(0.819154256728295,0.573573276647295,
0.),(0.793353036386422,0.60876182506498,0.),(0.,0.,-1.),(0.,0.,-1.),(0.843396351952213,
0.537291907173092,0.),(0.737276221183771,0.675591425106165,0.),(0.,0.,-1.),
(0.,0.,-1.),(0.707106781186547,0.707106781186547,0.),(0.76604279565172,
0.642789573056453,0.),(0.,0.,-1.),(0.,0.,-1.),(0.642789573056453,0.76604279565172,
0.),(0.608762649508069,0.793352403767654,0.),(0.,0.,-1.),(0.,0.,-1.),(0.675591425106166,
0.737276221183771,0.),(0.53729053772632,0.843397224366883,0.),(0.,0.,-1.),
(0.,0.,-1.),(0.500007559332224,0.866021039357955,0.),(0.573574127902726,
0.819153660677059,0.),(0.,0.,-1.),(0.,0.,-1.),(0.422610318732244,0.906311490879947,
0.),(0.382699770367784,0.92387276491974,0.),(0.,0.,-1.),(0.,0.,-1.),(0.461748230350657,
0.887011032495108,0.),(0.300697968683739,0.953719419761112,0.),(0.,0.,-1.),
(0.,0.,-1.),(0.258827088224469,0.965923671105146,0.),(0.342015676830254,
0.93969424644527,0.),(0.,0.,-1.),(0.,0.,-1.),(0.17363758593054,0.984809620562378,
0.),(0.130502763014466,0.991447945605613,0.),(0.,0.,-1.),(0.,0.,-1.),(0.216465423737482,
0.976290284867238,0.),(0.0436021943164987,0.999048972098358,0.),(0.,0.,
-1.),(0.,0.,-1.),(-1.07089290803314E-5,0.999999999942659,0.),(0.087175442332518,
0.996192974405125,0.),(0.,0.,-1.),(0.,0.,-1.),(-0.0871717855589187,0.996193294397463,
0.),(-0.130527233645226,0.991444724267029,0.),(0.,0.,-1.),(0.,0.,-1.),(-0.0435878700137661,
0.999049597161053,0.),(-0.216448010188332,0.976294145678192,0.),(0.,0.,
-1.),(0.,0.,-1.),(-0.25882843698504,0.965923309692794,0.),(-0.173627798431404,
0.984811346203862,0.),(0.,0.,-1.),(0.,0.,-1.),(-0.342018594618712,0.939693184467697,
0.),(-0.382686699843406,0.923878179070684,0.),(0.,0.,-1.),(0.,0.,-1.),(-0.300706641511337,
0.953716685264011,0.),(-0.46175347703495,0.887008301227296,0.),(0.,0.,-1.),
(0.,0.,-1.),(-0.499992298016677,0.866029850480919,0.),(-0.422618955647576,
0.906307463462236,0.),(0.,0.,-1.),(0.,0.,-1.),(-0.573579345254724,0.819150007445012,
0.),(-0.608755726963074,0.793357715592191,0.),(0.,0.,-1.),(0.,0.,-1.),(-0.537295151133302,
0.843394285354508,0.),(-0.642787998586975,0.766044116792597,0.),(0.,0.,
-1.),(0.707106781186547,-0.707106781186547,0.),(0.0154223945022901,-0.0154223945022901,
-0.999762121454715),(-0.707106781186547,-0.707106781186547,0.),(-0.707106781186547,
-0.707106781186547,0.),(0.707106781186547,-0.707106781186547,0.),(0.,0.,
1.),(0.707106781186547,-0.707106781186547,0.),(0.707106781186547,0.707106781186547,
0.),(0.0154223945022901,-0.0154223945022901,-0.999762121454715),(-0.707106781186547,
-0.707106781186547,0.),(0.,0.,1.),(-0.707106781186547,0.707106781186547,
0.),(0.0308425161139615,-0.0308425161139615,-0.999048286320296),(0.707106781186547,
0.707106781186547,0.),(-0.707106781186547,-0.707106781186547,0.),(0.0154254843110188,
-0.0154254843110188,0.999762026117986),(0.707106781186547,-0.707106781186547,
0.),(-0.707106781186547,-0.707106781186547,0.),(0.0308425161139615,-0.0308425161139615,
-0.999048286320296),(0.707106781186547,-0.707106781186547,0.),(0.,0.,1.),
(0.707106781186547,0.707106781186547,0.),(0.,0.,1.),(-0.707106781186547,
-0.707106781186547,0.),(-0.707106781186547,0.707106781186547,0.),(-0.707106781186547,
-0.707106781186547,0.),(-0.707106781186547,0.707106781186547,0.),(0.,0.,
-1.),(0.,0.,-1.),(0.707106781186547,0.707106781186547,0.),(-0.707106781186547,
0.707106781186547,0.),(0.707106781186547,0.707106781186547,0.),(0.707106781186547,
-0.707106781186547,0.),(0.0154254843110188,-0.0154254843110188,0.999762026117986),
(0.707106781186547,0.707106781186547,0.),(0.707106781186547,-0.707106781186547,
0.),(0.,0.,-1.),(0.707106781186547,0.707106781186547,0.),(0.,0.,1.),(-0.707106781186547,
0.707106781186547,0.),(0.,0.,1.),(-0.707106781186547,-0.707106781186547,
0.),(0.707106781186547,-0.707106781186547,0.),(0.,0.,1.),(0.707106781186547,
0.707106781186547,0.),(-0.707106781186547,0.707106781186547,0.),(0.,0.,
1.),(0.707106781186547,-0.707106781186547,0.),(0.707106781186547,0.707106781186547,
0.),(0.0308440599152704,-0.0308440599152704,0.999048190997755),(-0.707106781186547,
-0.707106781186547,0.),(-0.707106781186547,-0.707106781186547,0.),(0.0616303703096764,
-0.0616303703096764,-0.996194456374349),(-0.707106781186547,-0.707106781186547,
0.),(0.0922964305878923,-0.0922964305878923,-0.99144477294576),(-0.707106781186547,
-0.707106781186547,0.),(0.122787426785832,-0.122787426785832,-0.984807847067959),
(-0.707106781186547,-0.707106781186547,0.),(0.153046469378073,-0.153046469378073,
-0.976295834479392),(-0.707106781186547,-0.707106781186547,0.),(0.183011366545199,
-0.183011366545199,-0.965926332299993),(-0.707106781186547,-0.707106781186547,
0.),(0.212630082179828,-0.212630082179828,-0.953717409039176),(-0.707106781186547,
-0.707106781186547,0.),(0.241845221453633,-0.241845221453633,-0.939692384623865),
(-0.707106781186547,-0.707106781186547,0.),(0.270598577487896,-0.270598577487896,
-0.923879223558498),(-0.707106781186547,-0.707106781186547,0.),(0.298836863025792,
-0.298836863025792,-0.906307375338967),(-0.707106781186547,-0.707106781186547,
0.),(0.326505527178127,-0.326505527178127,-0.887010868842241),(-0.707106781186547,
-0.707106781186547,0.),(0.353552454050977,-0.353552454050977,-0.866026168466671),
(-0.707106781186547,-0.707106781186547,0.),(0.379929183284015,-0.379929183284015,
-0.843390556846757),(-0.707106781186547,-0.707106781186547,0.),(0.405579797880632,
-0.405579797880632,-0.819152034180598),(-0.707106781186547,-0.707106781186547,
0.),(0.430459488965108,-0.430459488965108,-0.793353172754604),(-0.707106781186547,
-0.707106781186547,0.),(0.454520660248357,-0.454520660248357,-0.766043039792671),
(-0.707106781186547,-0.707106781186547,0.),(0.477714086335044,-0.477714086335044,
-0.737277765454885),(-0.707106781186547,-0.707106781186547,0.),(0.500000033717471,
-0.500000033717471,-0.70710673350284),(-0.707106781186547,-0.707106781186547,
0.),(0.521334828274386,-0.521334828274386,-0.67558862753619),(-0.707106781186547,
-0.707106781186547,0.),(0.541675505041148,-0.541675505041148,-0.64278712998693),
(-0.707106781186547,-0.707106781186547,0.),(0.56098468211179,-0.56098468211179,
-0.608762985793214),(-0.707106781186547,-0.707106781186547,0.),(0.579227456167687,
-0.579227456167687,-0.573577464727321),(-0.707106781186547,-0.707106781186547,
0.),(0.596367162470102,-0.596367162470102,-0.537301046951071),(-0.707106781186547,
-0.707106781186547,0.),(0.612372381607471,-0.612372381607471,-0.500000132488771),
(-0.707106781186547,-0.707106781186547,0.),(0.627211145527779,-0.627211145527779,
-0.461749236979837),(-0.707106781186547,-0.707106781186547,0.),(0.640856399921327,
-0.640856399921327,-0.422618207558254),(-0.707106781186547,-0.707106781186547,
0.),(0.653281805365208,-0.653281805365208,-0.382682329821419),(-0.707106781186547,
-0.707106781186547,0.),(0.664462857396898,-0.664462857396898,-0.342020792174832),
(-0.707106781186547,-0.707106781186547,0.),(0.674379601060662,-0.674379601060662,
-0.300706347366536),(-0.707106781186547,-0.707106781186547,0.),(0.683013262619821,
-0.683013262619821,-0.258816085610717),(-0.707106781186547,-0.707106781186547,
0.),(0.690345370189972,-0.690345370189972,-0.216440614752735),(-0.707106781186547,
-0.707106781186547,0.),(0.696364150347046,-0.696364150347046,-0.173648899284947),
(-0.707106781186547,-0.707106781186547,0.),(0.701057878668485,-0.701057878668485,
-0.130520885354369),(-0.707106781186547,-0.707106781186547,0.),(0.704415959549858,
-0.704415959549858,-0.0871568233869664),(-0.707106781186547,-0.707106781186547,
0.),(0.706433686251091,-0.706433686251091,-0.0436221716491763),(-0.707106781186547,
-0.707106781186547,0.),(0.707106781186544,-0.707106781186544,0.),(-0.707106781186547,
-0.707106781186547,0.),(0.706433689192717,-0.706433689192717,0.0436220763734887),
(-0.707106781186547,-0.707106781186547,0.),(0.704415959549857,-0.704415959549857,
0.0871568233869683),(-0.707106781186547,-0.707106781186547,0.),(0.701057847981112,
-0.701057847981112,0.130521215011909),(-0.707106781186547,-0.707106781186547,
0.),(0.696364161882974,-0.696364161882974,0.173648806762515),(-0.707106781186547,
-0.707106781186547,0.),(0.690345435456895,-0.690345435456895,0.216440198409768),
(-0.707106781186547,-0.707106781186547,0.),(0.683013150679236,-0.683013150679236,
0.258816676430337),(-0.707106781186547,-0.707106781186547,0.),(0.674379620399739,
-0.674379620399739,0.300706260624895),(-0.707106781186547,-0.707106781186547,
0.),(0.66446302732013,-0.66446302732013,0.342020131935442),(-0.707106781186547,
-0.707106781186547,0.),(0.653281805365202,-0.653281805365202,0.382682329821438),
(-0.707106781186547,-0.707106781186547,0.),(0.640856688827994,-0.640856688827994,
0.422617331363538),(-0.707106781186547,-0.707106781186547,0.),(0.62721111790965,
-0.62721111790965,0.461749312009291),(-0.707106781186547,-0.707106781186547,
0.),(0.612371608980101,-0.612371608980101,0.500002025026143),(-0.707106781186547,
-0.707106781186547,0.),(0.596367193029032,-0.596367193029032,0.537300979114451),
(-0.707106781186547,-0.707106781186547,0.),(0.579227948699431,-0.579227948699431,
0.573576469959235),(-0.707106781186547,-0.707106781186547,0.),(0.560984682111789,
-0.560984682111789,0.608762985793215),(-0.707106781186547,-0.707106781186547,
0.),(0.541674849980369,-0.541674849980369,0.642788234022287),(-0.707106781186547,
-0.707106781186547,0.),(0.521334861866046,-0.521334861866046,0.6755885756925),
(-0.707106781186547,-0.707106781186547,0.),(0.500000789483615,-0.500000789483615,
0.707105664686349),(-0.707106781186547,-0.707106781186547,0.),(0.47771408633505,
-0.47771408633505,0.737277765454877),(-0.707106781186547,-0.707106781186547,
0.),(0.454519736856586,-0.454519736856586,0.766044135553324),(-0.707106781186547,
-0.707106781186547,0.),(0.430459521531445,-0.430459521531445,0.793353137414757),
(-0.707106781186547,-0.707106781186547,0.),(0.405579766193364,-0.405579766193364,
0.819152065558693),(-0.707106781186547,-0.707106781186547,0.),(0.37992809941207,
-0.37992809941207,0.843391533366481),(-0.707106781186547,-0.707106781186547,
0.),(0.353553627596485,-0.353553627596485,0.866025210272041),(-0.707106781186547,
-0.707106781186547,0.),(0.326506729159931,-0.326506729159931,0.887009983949768),
(-0.707106781186547,-0.707106781186547,0.),(0.298835580854083,-0.298835580854083,
0.906308220878088),(-0.707106781186547,-0.707106781186547,0.),(0.270597270456979,
-0.270597270456979,0.923879989199065),(-0.707106781186547,-0.707106781186547,
0.),(0.241845221453631,-0.241845221453631,0.939692384623866),(0.707106781186547,
0.707106781186547,0.),(0.0616303703096764,-0.0616303703096764,-0.996194456374349),
(0.707106781186547,0.707106781186547,0.),(0.0922964305878923,-0.0922964305878923,
-0.99144477294576),(0.707106781186547,0.707106781186547,0.),(0.122787426785832,
-0.122787426785832,-0.984807847067959),(0.707106781186547,0.707106781186547,
0.),(0.153046469378073,-0.153046469378073,-0.976295834479392),(0.707106781186547,
0.707106781186547,0.),(0.183011366545199,-0.183011366545199,-0.965926332299993),
(0.707106781186547,0.707106781186547,0.),(0.212630082179828,-0.212630082179828,
-0.953717409039176),(0.707106781186547,0.707106781186547,0.),(0.241845221453633,
-0.241845221453633,-0.939692384623865),(0.707106781186547,0.707106781186547,
0.),(0.270598577487896,-0.270598577487896,-0.923879223558498),(0.707106781186547,
0.707106781186547,0.),(0.298836863025792,-0.298836863025792,-0.906307375338967),
(0.707106781186547,0.707106781186547,0.),(0.326505527178127,-0.326505527178127,
-0.887010868842241),(0.707106781186547,0.707106781186547,0.),(0.353552454050977,
-0.353552454050977,-0.866026168466671),(0.707106781186547,0.707106781186547,
0.),(0.379929183284015,-0.379929183284015,-0.843390556846757),(0.707106781186547,
0.707106781186547,0.),(0.405579797880632,-0.405579797880632,-0.819152034180598),
(0.707106781186547,0.707106781186547,0.),(0.430459488965108,-0.430459488965108,
-0.793353172754604),(0.707106781186547,0.707106781186547,0.),(0.454520660248357,
-0.454520660248357,-0.766043039792671),(0.707106781186547,0.707106781186547,
0.),(0.477714086335044,-0.477714086335044,-0.737277765454885),(0.707106781186547,
0.707106781186547,0.),(0.500000033717471,-0.500000033717471,-0.70710673350284),
(0.707106781186547,0.707106781186547,0.),(0.521334828274386,-0.521334828274386,
-0.67558862753619),(0.707106781186547,0.707106781186547,0.),(0.541675505041148,
-0.541675505041148,-0.64278712998693),(0.707106781186547,0.707106781186547,
0.),(0.56098468211179,-0.56098468211179,-0.608762985793214),(0.707106781186547,
0.707106781186547,0.),(0.579227456167687,-0.579227456167687,-0.573577464727321),
(0.707106781186547,0.707106781186547,0.),(0.596367162470102,-0.596367162470102,
-0.537301046951071),(0.707106781186547,0.707106781186547,0.),(0.612372381607471,
-0.612372381607471,-0.500000132488771),(0.707106781186547,0.707106781186547,
0.),(0.627211145527779,-0.627211145527779,-0.461749236979837),(0.707106781186547,
0.707106781186547,0.),(0.640856399921327,-0.640856399921327,-0.422618207558254),
(0.707106781186547,0.707106781186547,0.),(0.653281805365208,-0.653281805365208,
-0.382682329821419),(0.707106781186547,0.707106781186547,0.),(0.664462857396898,
-0.664462857396898,-0.342020792174832),(0.707106781186547,0.707106781186547,
0.),(0.674379601060662,-0.674379601060662,-0.300706347366536),(0.707106781186547,
0.707106781186547,0.),(0.683013262619821,-0.683013262619821,-0.258816085610717),
(0.707106781186547,0.707106781186547,0.),(0.690345370189972,-0.690345370189972,
-0.216440614752735),(0.707106781186547,0.707106781186547,0.),(0.696364150347046,
-0.696364150347046,-0.173648899284947),(0.707106781186547,0.707106781186547,
0.),(0.701057878668485,-0.701057878668485,-0.130520885354369),(0.707106781186547,
0.707106781186547,0.),(0.704415959549858,-0.704415959549858,-0.0871568233869664),
(0.707106781186547,0.707106781186547,0.),(0.706433686251091,-0.706433686251091,
-0.0436221716491763),(0.707106781186547,0.707106781186547,0.),(0.707106781186544,
-0.707106781186544,0.),(0.707106781186547,0.707106781186547,0.),(0.706433689192717,
-0.706433689192717,0.0436220763734887),(0.707106781186547,0.707106781186547,
0.),(0.704415959549857,-0.704415959549857,0.0871568233869683),(0.707106781186547,
0.707106781186547,0.),(0.701057847981112,-0.701057847981112,0.130521215011909),
(0.707106781186547,0.707106781186547,0.),(0.696364161882974,-0.696364161882974,
0.173648806762515),(0.707106781186547,0.707106781186547,0.),(0.690345435456895,
-0.690345435456895,0.216440198409768),(0.707106781186547,0.707106781186547,
0.),(0.683013150679236,-0.683013150679236,0.258816676430337),(0.707106781186547,
0.707106781186547,0.),(0.674379620399739,-0.674379620399739,0.300706260624895),
(0.707106781186547,0.707106781186547,0.),(0.66446302732013,-0.66446302732013,
0.342020131935442),(0.707106781186547,0.707106781186547,0.),(0.653281805365202,
-0.653281805365202,0.382682329821438),(0.707106781186547,0.707106781186547,
0.),(0.640856688827994,-0.640856688827994,0.422617331363538),(0.707106781186547,
0.707106781186547,0.),(0.62721111790965,-0.62721111790965,0.461749312009291),
(0.707106781186547,0.707106781186547,0.),(0.612371608980101,-0.612371608980101,
0.500002025026143),(0.707106781186547,0.707106781186547,0.),(0.596367193029032,
-0.596367193029032,0.537300979114451),(0.707106781186547,0.707106781186547,
0.),(0.579227948699431,-0.579227948699431,0.573576469959235),(0.707106781186547,
0.707106781186547,0.),(0.560984682111789,-0.560984682111789,0.608762985793215),
(0.707106781186547,0.707106781186547,0.),(0.541674849980369,-0.541674849980369,
0.642788234022287),(0.707106781186547,0.707106781186547,0.),(0.521334861866046,
-0.521334861866046,0.6755885756925),(0.707106781186547,0.707106781186547,
0.),(0.500000789483615,-0.500000789483615,0.707105664686349),(0.707106781186547,
0.707106781186547,0.),(0.47771408633505,-0.47771408633505,0.737277765454877),
(0.707106781186547,0.707106781186547,0.),(0.454519736856586,-0.454519736856586,
0.766044135553324),(0.707106781186547,0.707106781186547,0.),(0.430459521531445,
-0.430459521531445,0.793353137414757),(0.707106781186547,0.707106781186547,
0.),(0.405579766193364,-0.405579766193364,0.819152065558693),(0.707106781186547,
0.707106781186547,0.),(0.37992809941207,-0.37992809941207,0.843391533366481),
(0.707106781186547,0.707106781186547,0.),(0.353553627596485,-0.353553627596485,
0.866025210272041),(0.707106781186547,0.707106781186547,0.),(0.326506729159931,
-0.326506729159931,0.887009983949768),(0.707106781186547,0.707106781186547,
0.),(0.298835580854083,-0.298835580854083,0.906308220878088),(0.707106781186547,
0.707106781186547,0.),(0.270597270456979,-0.270597270456979,0.923879989199065),
(0.707106781186547,0.707106781186547,0.),(0.241845221453631,-0.241845221453631,
0.939692384623866),(0.707106781186547,0.707106781186547,0.),(0.0308440599152704,
-0.0308440599152704,0.999048190997755),(0.,0.,-1.),(-0.906305980701513,
-0.422622135417289,0.),(0.,0.,-1.),(-0.887014184714848,-0.461742174936028,
0.),(-0.906305980701513,-0.422622135417289,0.),(0.,0.,-1.),(0.,0.,-1.),
(-0.9238775939744,-0.382688112373606,0.),(0.,0.,-1.),(-0.9238775939744,
-0.382688112373606,0.),(0.,0.,-1.),(-0.866027520050728,-0.499996334501349,
0.),(-0.887014184714848,-0.461742174936028,0.),(0.,0.,-1.),(0.,0.,-1.),
(0.707106781186547,-0.707106781186547,0.),(-0.707106781186547,-0.707106781186547,
0.),(0.,0.,-1.),(-0.608756082577949,0.793357442723234,0.),(0.707106781186547,
-0.707106781186547,0.),(0.707106781186547,0.707106781186547,0.),(0.,0.,
1.),(0.,0.,-1.),(-0.843390094427156,-0.537301729591625,0.),(0.,0.,-1.),
(-0.819149788347095,-0.573579658156484,0.),(0.,0.,-1.),(-0.79335242744963,
-0.608762618645215,0.),(0.,0.,-1.),(-0.642784371536202,-0.766047160238069,
0.),(0.,0.,-1.),(-0.608761794272709,-0.793353060014186,0.),(0.,0.,-1.),
(-0.675586390139487,-0.737280834864366,0.),(0.,0.,-1.),(-0.57357880697798,
-0.81915038435303,0.),(0.,0.,-1.),(-0.422623871607831,-0.906305171091508,
0.),(0.,0.,-1.),(-0.64278845361937,0.766043734974459,0.),(0.,0.,-1.),(-0.675596560239505,
0.73727151565251,0.),(0.,0.,-1.),(-0.707106886498761,0.707106675874318,
0.),(0.,0.,-1.),(-0.906307700172444,0.42261844802154,0.),(0.,0.,-1.),(-0.923881126662605,
0.382679583720684,0.),(0.,0.,-1.),(-0.887008921339815,0.46175228582388,
0.),(0.,0.,-1.),(-0.939691025446571,0.342024526452669,0.),(0.,0.,-1.),(-0.953715935723479,
0.300709018732544,0.),(0.,0.,-1.),(-0.5373030988872,-0.843389222083263,
0.),(0.,0.,-1.),(-0.499996085140482,-0.866027664017837,0.),(0.,0.,-1.),
(-0.461744374589922,-0.887013039664335,0.),(0.,0.,-1.),(-0.737271616271774,
0.67559645043473,0.),(0.,0.,-1.),(-0.766043256951677,0.642789023303033,
0.),(0.,0.,-1.),(-0.793356990009315,0.608756672573993,0.),(0.,0.,-1.),(-0.81915366067706,
0.573574127902726,0.),(0.,0.,-1.),(-0.843391914689531,0.537298872357207,
0.),(0.,0.,-1.),(-0.866027846505868,0.499995769058508,0.),(0.,0.,-1.),(-0.965925927562384,
0.258818667145065,0.),(0.,0.,-1.),(-0.976295734031221,0.216440845758002,
0.),(0.,0.,-1.),(-0.984807796780033,0.173647929447077,0.),(0.,0.,-1.),(-0.991444350919242,
0.130530069448851,0.),(0.,0.,-1.),(-0.996194765034384,0.0871549775864095,
0.),(0.,0.,-1.),(-0.999048576981553,0.0436112466129411,0.),(0.,0.,-1.),
(-0.999048352998678,-0.0436163773212365,0.),(0.,0.,-1.),(-0.996194317428573,
-0.087160093638199,0.),(0.,0.,-1.),(-1.,0.,0.),(0.,0.,-1.),(-0.991445069939904,
-0.130524607993509,0.),(0.,0.,-1.),(-0.984808753319109,-0.173642504549035,
0.),(0.,0.,-1.),(-0.976295237064125,-0.216443087406144,0.),(0.,0.,-1.),
(-0.965925182579266,-0.25882144744826,0.),(0.,0.,-1.),(-0.953717577577023,
-0.300703811450097,0.),(0.,0.,-1.),(-0.939694289510356,-0.342015558508128,
0.),(0.,0.,-1.),(-0.766047160238079,-0.64278437153619,0.),(0.,0.,-1.),(-0.737280834864366,
-0.675586390139487,0.),(0.,0.,-1.),(-0.707106781186547,-0.707106781186547,
0.),(0.,0.,-1.),(-0.173647929447097,0.984807796780029,0.),(0.,0.,-1.),(-0.130530069448851,
0.991444350919242,0.),(0.,0.,-1.),(-0.216437386144057,0.976296501007316,
0.),(-0.130530069448851,0.991444350919242,0.),(0.,0.,-1.),(0.,0.,-1.),(-0.173647929447097,
0.984807796780029,0.),(0.,0.,-1.),(-0.0871549775864503,0.996194765034381,
0.),(0.,0.,-1.),(-0.258818417850653,0.965925994360481,0.),(0.,0.,-1.),(-0.300709270906531,
0.953715856212354,0.),(0.,0.,-1.),(-0.342024272655374,0.939691117822533,
0.),(0.,0.,-1.),(-0.382682125339073,0.923880073898106,0.),(0.,0.,-1.),(-0.422616458108804,
0.90630862808183,0.),(0.,0.,-1.),(-0.461752033776031,0.887009052548901,
0.),(0.,0.,-1.),(-0.499996018360356,0.866027702572955,0.),(0.,0.,-1.),(-0.537298626900335,
0.843392071062453,0.),(0.,0.,-1.),(-0.573575219478968,0.819152896350647,
0.),(-0.707106781186547,-0.707106781186547,0.),(-0.0154223945022901,0.0154223945022901,
-0.999762121454715),(-0.707106781186547,0.707106781186547,0.),(-0.707106781186547,
-0.707106781186547,0.),(0.707106781186547,-0.707106781186547,0.),(0.,0.,
1.),(-0.0871549775864503,0.996194765034381,0.),(0.,0.,-1.),(0.,0.,-1.),
(-0.0436112466129905,0.99904857698155,0.),(0.,0.,-1.),(-0.0436112466129905,
0.99904857698155,0.),(-0.866027520050728,-0.499996334501349,0.),(0.,0.,
-1.),(0.,0.,-1.),(-0.843390094427156,-0.537301729591625,0.),(-0.819149788347095,
-0.573579658156484,0.),(0.,0.,-1.),(0.,0.,-1.),(-0.642784371536202,-0.766047160238069,
0.),(-0.675586390139487,-0.737280834864366,0.),(0.,0.,-1.),(0.,0.,-1.),
(-0.608761794272709,-0.793353060014186,0.),(0.,0.,-1.),(0.573573276647295,
0.819154256728295,0.),(0.,0.,-1.),(0.537291907173092,0.843396351952213,
0.),(0.573573276647295,0.819154256728295,0.),(0.,0.,-1.),(0.,0.,-1.),(0.60876182506498,
0.793353036386422,0.),(0.,0.,-1.),(0.60876182506498,0.793353036386422,0.),
(0.,0.,-1.),(-0.906305171091508,-0.422623871607831,0.),(0.,0.,-1.),(-0.887013039664335,
-0.461744374589922,0.),(-0.906305171091508,-0.422623871607831,0.),(0.,0.,
-1.),(0.,0.,-1.),(-0.923879594176765,-0.382683283491423,0.),(0.,0.,-1.),
(-0.923879594176765,-0.382683283491423,0.),(0.,0.,-1.),(-0.866027664017837,
-0.499996085140482,0.),(-0.887013039664335,-0.461744374589922,0.),(0.,0.,
-1.),(0.,0.,-1.),(0.608758086978153,-0.7933559047103,0.),(0.,0.,-1.),(-0.300706440658677,
-0.953716748592783,0.),(0.,0.,-1.),(-0.258818273905358,-0.965926032930395,
0.),(0.,0.,-1.),(-0.342018651235215,-0.939693163861079,0.),(0.,0.,-1.),
(-0.216443087406101,-0.976295237064135,0.),(0.,0.,-1.),(-0.642784371536202,
-0.766047160238069,0.),(0.,0.,-1.),(-0.608762618645215,-0.79335242744963,
0.),(0.,0.,-1.),(-0.675586390139487,-0.737280834864366,0.),(0.,0.,-1.),
(-0.573579658156484,-0.819149788347095,0.),(0.,0.,-1.),(-0.537301729591625,
-0.843390094427156,0.),(0.,0.,-1.),(-0.382683283491423,-0.923879594176765,
0.),(0.,0.,-1.),(-0.843389222083263,-0.5373030988872,0.),(0.,0.,-1.),(-0.81915038435303,
-0.57357880697798,0.),(0.,0.,-1.),(-0.793353060014186,-0.608761794272709,
0.),(0.,0.,-1.),(-0.216442618921949,-0.976295340926202,0.),(0.,0.,-1.),
(-0.258816094853154,-0.965926616801175,0.),(0.,0.,-1.),(-0.173648435117443,
-0.984807707616702,0.),(0.,0.,-1.),(-0.300709391739522,-0.953715818113366,
0.),(0.,0.,-1.),(0.73727151565251,-0.675596560239505,0.),(0.,0.,-1.),(-0.130513685335379,
-0.991446507856161,0.),(0.,0.,-1.),(-0.0871652097797672,-0.996193869788431,
0.),(0.,0.,-1.),(-0.0436215081208579,-0.999048128985417,0.),(0.,0.,-1.),
(-0.49999633450135,-0.866027520050728,0.),(0.,0.,-1.),(-0.461742174936028,
-0.887014184714848,0.),(0.,0.,-1.),(-0.422622135417289,-0.906305980701513,
0.),(0.,0.,-1.),(-0.766047160238079,-0.64278437153619,0.),(0.,0.,-1.),(-0.737280834864366,
-0.675586390139487,0.),(0.,0.,-1.),(-0.707106781186547,-0.707106781186547,
0.),(0.,0.,-1.),(0.130524787833724,-0.991445046263766,0.),(0.,0.,-1.),(0.173647929447077,
-0.984807796780033,0.),(0.,0.,-1.),(0.0871599028635603,-0.996194334120012,
0.),(0.,0.,-1.),(0.216446546973614,-0.976294470077138,0.),(0.,0.,-1.),(0.258818523109846,
-0.965925966156433,0.),(0.,0.,-1.),(-0.382688112373606,-0.9238775939744,
0.),(0.,0.,-1.),(-0.342015558508128,-0.939694289510356,0.),(0.,0.,-1.),
(-0.300703811450097,-0.953717577577023,0.),(0.,0.,-1.),(9.44690138094187E-6,
-0.999999999955378,0.),(0.,0.,-1.),(0.0436161848829394,-0.999048361400116,
0.),(0.,0.,-1.),(0.0871462315664973,-0.996195530166522,0.),(0.,0.,-1.),
(0.130525830530926,-0.99144490899102,0.),(0.,0.,-1.),(0.173651666652232,
-0.984807137803592,0.),(0.,0.,-1.),(0.216441091049774,-0.976295679650988,
0.),(0.,0.,-1.),(0.300703307151144,-0.95371773658057,0.),(0.,0.,-1.),(0.342018651235124,
-0.939693163861112,0.),(0.,0.,-1.),(0.382685570703882,-0.923878646779459,
0.),(0.,0.,-1.),(-0.991445627988335,-0.130520369072478,0.),(0.,0.,-1.),
(-0.984808753319109,-0.173642504549035,0.),(0.,0.,-1.),(-0.996194297527558,
-0.0871603210961035,0.),(0.,0.,-1.),(-0.976295237064125,-0.216443087406144,
0.),(0.,0.,-1.),(-0.965926032930395,-0.258818273905358,0.),(0.,0.,-1.),
(-0.953716748592783,-0.300706440658677,0.),(0.,0.,-1.),(-0.939693163861079,
-0.342018651235215,0.),(0.,0.,-1.),(-0.25882144744826,-0.965925182579266,
0.),(0.,0.,-1.),(-0.216443087406101,-0.976295237064135,0.),(0.,0.,-1.),
(-0.173642504549035,-0.984808753319109,0.),(0.,0.,-1.),(-0.130524607993509,
-0.991445069939904,0.),(0.,0.,-1.),(-0.087160093638199,-0.996194317428573,
0.),(0.,0.,-1.),(-0.0436163773212365,-0.999048352998678,0.),(0.,0.,-1.),
(0.173647929447077,-0.984807796780033,0.),(0.,0.,-1.),(0.216440845758002,
-0.976295734031221,0.),(0.,0.,-1.),(0.130530069448851,-0.991444350919242,
0.),(0.,0.,-1.),(0.258818667145065,-0.965925927562384,0.),(0.,0.,-1.),(0.300709018732544,
-0.953715935723479,0.),(0.,0.,-1.),(0.342024526452669,-0.939691025446571,
0.),(0.,0.,-1.),(0.382679583720684,-0.923881126662605,0.),(0.,0.,-1.),(-0.173642504549035,
-0.984808753319109,0.),(0.,0.,-1.),(-0.130520369072478,-0.991445627988335,
0.),(0.,0.,-1.),(-0.0871603210961035,-0.996194297527558,0.),(0.,0.,-1.),
(-0.0436208768579489,-0.999048156548093,0.),(0.,0.,-1.),(-4.9342080603026E-6,
-0.999999999987827,0.),(0.,0.,-1.),(0.0436165786087921,-0.999048344210861,
0.),(0.,0.,-1.),(0.422618263229444,-0.906307786342437,0.),(0.,0.,-1.),(0.461740811050945,
-0.887014894694568,0.),(0.,0.,-1.),(-0.999048156548093,-0.0436208768579489,
0.),(0.,0.,-1.),(0.,-1.,0.),(0.,0.,-1.),(0.0436112466129411,-0.999048576981553,
0.),(0.,0.,-1.),(0.0871549775864095,-0.996194765034384,0.),(0.,0.,-1.),
(0.258821591345062,-0.965925144021839,0.),(0.,0.,-1.),(0.300712404285,-0.953714868243719,
0.),(0.,0.,-1.),(0.342024272655379,-0.939691117822532,0.),(0.,0.,-1.),(0.42261844802154,
-0.906307700172444,0.),(0.,0.,-1.),(0.46175228582388,-0.887008921339815,
0.),(0.,0.,-1.),(0.499995769058508,-0.866027846505868,0.),(0.,0.,-1.),(0.573574127902726,
-0.81915366067706,0.),(0.,0.,-1.),(0.608756672573993,-0.793356990009315,
0.),(0.,0.,-1.),(0.537298872357207,-0.843391914689531,0.),(0.,0.,-1.),(0.642789023303033,
-0.766043256951677,0.),(0.,0.,-1.),(0.67559645043473,-0.737271616271774,
0.),(0.,0.,-1.),(0.707106675874318,-0.707106886498761,0.),(0.,0.,-1.),(0.382677550592352,
-0.923881968799391,0.),(0.,0.,-1.),(0.422609980398597,-0.90631164864383,
0.),(0.,0.,-1.),(0.461753477034981,-0.88700830122728,0.),(0.,0.,-1.),(0.499997922879406,
-0.866026603007251,0.),(0.,0.,-1.),(0.537296133652647,-0.843393659427148,
0.),(0.,0.,-1.),(0.57357497913456,-0.819153064641029,0.),(0.,0.,-1.),(0.500007310389231,
0.866021183088108,0.),(0.,0.,-1.),(0.461750430669978,0.887009887079107,
0.),(0.500007310389231,0.866021183088108,0.),(0.,0.,-1.),(0.,0.,-1.),(0.537291907173092,
0.843396351952213,0.),(0.,0.,-1.),(0.422612055398268,0.906310681075784,
0.),(0.461750430669978,0.887009887079107,0.),(0.,0.,-1.),(0.,0.,-1.),(0.382694941632653,
0.92387476513258,0.),(0.,0.,-1.),(0.342018769723203,0.939693120735183,0.),
(0.,0.,-1.),(0.258823914686534,0.965924521474809,0.),(0.,0.,-1.),(0.216465423737482,
0.976290284867238,0.),(0.,0.,-1.),(0.300700598005753,0.953718590758816,
0.),(0.,0.,-1.),(0.17363758593054,0.984809620562378,0.),(0.,0.,-1.),(0.130498524081141,
0.991448503560646,0.),(0.,0.,-1.),(0.0871756697537037,0.996192954503792,
0.),(0.,0.,-1.),(0.0436066938194829,0.999048775713245,0.),(0.422612055398268,
0.906310681075784,0.),(0.,0.,-1.),(0.,0.,-1.),(0.382694941632653,0.92387476513258,
0.),(0.258823914686534,0.965924521474809,0.),(0.,0.,-1.),(0.,0.,-1.),(0.300700598005753,
0.953718590758816,0.),(0.216465423737482,0.976290284867238,0.),(0.,0.,-1.),
(0.,0.,-1.),(0.17363758593054,0.984809620562378,0.),(0.130498524081141,
0.991448503560646,0.),(0.,0.,-1.),(0.,0.,-1.),(0.976290284867238,0.216465423737482,
0.),(0.,0.,-1.),(0.965923671105163,0.258827088224406,0.),(0.976290284867238,
0.216465423737482,0.),(0.,0.,-1.),(0.,0.,-1.),(0.984809620562378,0.17363758593054,
0.),(0.,0.,-1.),(0.984809620562378,0.17363758593054,0.),(0.,0.,-1.),(0.953719419761112,
0.300697968683739,0.),(0.965923671105163,0.258827088224406,0.),(0.,0.,-1.),
(0.,0.,-1.),(0.93969424644527,0.342015676830254,0.),(0.,0.,-1.),(0.92387276491974,
0.382699770367784,0.),(0.,0.,-1.),(0.906311490879947,0.422610318732244,
0.),(0.,0.,-1.),(0.819153660677059,0.573574127902726,0.),(0.,0.,-1.),(0.843397224366883,
0.53729053772632,0.),(0.,0.,-1.),(0.793352403767654,0.608762649508069,0.),
(0.,0.,-1.),(0.866021039357955,0.500007559332224,0.),(0.,0.,-1.),(0.887011032495108,
0.461748230350657,0.),(0.,0.,-1.),(0.642789573056453,0.76604279565172,0.),
(0.,0.,-1.),(0.999048972098358,0.0436021943164987,0.),(0.,0.,-1.),(0.996192974405125,
0.087175442332518,0.),(0.,0.,-1.),(0.999999999942659,-1.07089290803314E-5,
0.),(0.,0.,-1.),(0.991447945605613,0.130502763014466,0.),(0.,0.,-1.),(0.76604279565172,
0.642789573056453,0.),(0.,0.,-1.),(0.737276221183771,0.675591425106165,
0.),(0.,0.,-1.),(0.707106781186547,0.707106781186547,0.),(0.,0.,-1.),(0.675591425106166,
0.737276221183771,0.),(0.,0.,-1.),(0.939693184467697,-0.342018594618712,
0.),(0.,0.,-1.),(0.953716685264011,-0.300706641511337,0.),(0.,0.,-1.),(0.923878179070684,
-0.382686699843406,0.),(0.,0.,-1.),(0.965923309692794,-0.25882843698504,
0.),(0.,0.,-1.),(0.996193294397463,-0.0871717855589187,0.),(0.,0.,-1.),
(0.991444724267029,-0.130527233645226,0.),(0.,0.,-1.),(0.999049597161053,
-0.0435878700137661,0.),(0.,0.,-1.),(0.984811346203862,-0.173627798431404,
0.),(0.,0.,-1.),(0.976294145678192,-0.216448010188332,0.),(0.,0.,-1.),(0.819150007445012,
-0.573579345254724,0.),(0.,0.,-1.),(0.843394285354508,-0.537295151133302,
0.),(0.,0.,-1.),(0.793357715592191,-0.608755726963074,0.),(0.,0.,-1.),(0.866029850480919,
-0.499992298016677,0.),(0.,0.,-1.),(0.887008301227296,-0.46175347703495,
0.),(0.,0.,-1.),(0.906307463462236,-0.422618955647576,0.),(0.,0.,-1.),(0.642788908552328,
-0.766043353239298,0.),(0.,0.,-1.),(0.675595681913789,-0.737272320502704,
0.),(0.,0.,-1.),(0.707106359943294,-0.707107202429549,0.),(0.,0.,-1.),(0.737270710845165,
-0.675597438516358,0.),(0.,0.,-1.),(0.766044116792597,-0.642787998586975,
0.),(-0.216437386144057,0.976296501007316,0.),(0.,0.,-1.),(0.,0.,-1.),(-0.258818417850653,
0.965925994360481,0.),(-0.300709270906531,0.953715856212354,0.),(0.,0.,
-1.),(0.,0.,-1.),(-0.342024272655374,0.939691117822533,0.),(-0.382682125339073,
0.923880073898106,0.),(0.,0.,-1.),(0.,0.,-1.),(-0.422616458108804,0.90630862808183,
0.),(-0.461752033776031,0.887009052548901,0.),(0.,0.,-1.),(0.,0.,-1.),(-0.499996018360356,
0.866027702572955,0.),(-0.537298626900335,0.843392071062453,0.),(0.,0.,
-1.),(0.,0.,-1.),(-0.573575219478968,0.819152896350647,0.),(-0.608756082577949,
0.793357442723234,0.),(0.,0.,-1.),(0.,0.,-1.),(-0.64278845361937,0.766043734974459,
0.),(-0.675596560239505,0.73727151565251,0.),(0.,0.,-1.),(0.,0.,-1.),(-0.906307700172444,
0.42261844802154,0.),(-0.887008921339815,0.46175228582388,0.),(0.,0.,-1.),
(0.,0.,-1.),(-0.923881126662605,0.382679583720684,0.),(-0.939691025446571,
0.342024526452669,0.),(0.,0.,-1.),(0.,0.,-1.),(-0.57357880697798,-0.81915038435303,
0.),(-0.5373030988872,-0.843389222083263,0.),(0.,0.,-1.),(0.,0.,-1.),(-0.499996085140482,
-0.866027664017837,0.),(-0.300706440658677,-0.953716748592783,0.),(0.,0.,
-1.),(0.,0.,-1.),(-0.342018651235215,-0.939693163861079,0.),(-0.258818273905358,
-0.965926032930395,0.),(0.,0.,-1.),(0.,0.,-1.),(-0.642784371536202,-0.766047160238069,
0.),(-0.675586390139487,-0.737280834864366,0.),(0.,0.,-1.),(0.,0.,-1.),
(-0.608762618645215,-0.79335242744963,0.),(-0.573579658156484,-0.819149788347095,
0.),(0.,0.,-1.),(0.,0.,-1.),(0.342018769723203,0.939693120735183,0.),(-0.707106886498761,
0.707106675874318,0.),(0.,0.,-1.),(0.,0.,-1.),(-0.737271616271774,0.67559645043473,
0.),(-0.766043256951677,0.642789023303033,0.),(0.,0.,-1.),(0.,0.,-1.),(-0.793356990009315,
0.608756672573993,0.),(-0.81915366067706,0.573574127902726,0.),(0.,0.,-1.),
(0.,0.,-1.),(-0.843391914689531,0.537298872357207,0.),(-0.953715935723479,
0.300709018732544,0.),(0.,0.,-1.),(0.,0.,-1.),(-0.965925927562384,0.258818667145065,
0.),(-0.976295734031221,0.216440845758002,0.),(0.,0.,-1.),(0.,0.,-1.),(-0.984807796780033,
0.173647929447077,0.),(-0.991444350919242,0.130530069448851,0.),(0.,0.,
-1.),(0.,0.,-1.),(-0.996194765034384,0.0871549775864095,0.),(-0.999048352998678,
-0.0436163773212365,0.),(0.,0.,-1.),(0.,0.,-1.),(-1.,0.,0.),(-0.996194317428573,
-0.087160093638199,0.),(0.,0.,-1.),(0.,0.,-1.),(-0.991445069939904,-0.130524607993509,
0.),(-0.984808753319109,-0.173642504549035,0.),(0.,0.,-1.),(0.,0.,-1.),
(-0.976295237064125,-0.216443087406144,0.),(-0.965925182579266,-0.25882144744826,
0.),(0.,0.,-1.),(0.,0.,-1.),(-0.953717577577023,-0.300703811450097,0.),
(-0.79335242744963,-0.608762618645215,0.),(0.,0.,-1.),(0.,0.,-1.),(-0.766047160238079,
-0.64278437153619,0.),(-0.737280834864366,-0.675586390139487,0.),(0.,0.,
-1.),(0.,0.,-1.),(-0.707106781186547,-0.707106781186547,0.),(-0.382683283491423,
-0.923879594176765,0.),(0.,0.,-1.),(0.,0.,-1.),(-0.866027664017837,-0.499996085140482,
0.),(-0.843389222083263,-0.5373030988872,0.),(0.,0.,-1.),(0.,0.,-1.),(-0.81915038435303,
-0.57357880697798,0.),(0.,0.,-1.),(-0.0435932020231502,0.999049364514771,
0.),(0.,0.,-1.),(-0.0871767109536876,0.996192863389061,0.),(-0.0435932020231502,
0.999049364514771,0.),(0.,0.,-1.),(0.,0.,-1.),(-5.77470465947257E-6,0.999999999983326,
0.),(0.,0.,-1.),(-5.77470465947257E-6,0.999999999983326,0.),(0.,0.,-1.),
(-0.130521952128254,0.991445419583262,0.),(-0.0871767109536876,0.996192863389061,
0.),(0.,0.,-1.),(0.,0.,-1.),(-0.173627798431404,0.984811346203862,0.),(0.,
0.,-1.),(-0.2164537113526,0.976292881691598,0.),(0.,0.,-1.),(-0.258828293005454,
0.965923348273497,0.),(0.,0.,-1.),(-0.300700930021088,0.953718486076711,
0.),(0.,0.,-1.),(-0.342012719446911,0.939695322823589,0.),(0.,0.,-1.),(-0.3826926866115,
0.923875699222613,0.),(0.,0.,-1.),(-0.422618770337719,0.906307549873791,
0.),(0.,0.,-1.),(-0.461742002007356,0.8870142747342,0.),(0.,0.,-1.),(-0.499998044435256,
0.866026532827326,0.),(0.,0.,-1.),(-0.5735849180024,0.819146105307338,0.),
(0.,0.,-1.),(-0.608766439015382,0.793349495952781,0.),(0.,0.,-1.),(-0.537295097351126,
0.843394319617131,0.),(0.,0.,-1.),(-0.642782777284932,0.766048497959411,
0.),(0.,0.,-1.),(-0.675587378575998,0.737279929137374,0.),(-0.130521952128254,
0.991445419583262,0.),(0.,0.,-1.),(0.,0.,-1.),(-0.173627798431404,0.984811346203862,
0.),(-0.2164537113526,0.976292881691598,0.),(0.,0.,-1.),(0.,0.,-1.),(-0.258816094853154,
-0.965926616801175,0.),(-0.216442618921949,-0.976295340926202,0.),(0.,0.,
-1.),(0.,0.,-1.),(-0.300709391739522,-0.953715818113366,0.),(0.,0.,-1.),
(0.999048352998673,0.0436163773213463,0.),(0.,0.,-1.),(0.996194781732892,
0.087154786719697,0.),(0.,0.,-1.),(1.,0.,0.),(0.,0.,-1.),(0.99144576525535,
0.130519326374424,0.),(0.,0.,-1.),(0.984808753319109,0.173642504549037,
0.),(0.,0.,-1.),(-0.342015676830309,-0.93969424644525,0.),(0.,0.,-1.),(0.965925994360481,
-0.258818417850653,0.),(0.,0.,-1.),(0.976296501007316,-0.216437386144057,
0.),(0.,0.,-1.),(0.953715856212354,-0.300709270906531,0.),(0.,0.,-1.),(0.984807796780029,
-0.173647929447097,0.),(0.,0.,-1.),(0.923880073898106,-0.382682125339073,
0.),(0.,0.,-1.),(0.939691117822533,-0.342024272655374,0.),(0.,0.,-1.),(0.90630862808183,
-0.422616458108804,0.),(0.,0.,-1.),(0.991444350919242,-0.130530069448851,
0.),(0.,0.,-1.),(0.996194765034381,-0.0871549775864503,0.),(0.,0.,-1.),
(0.99904857698155,-0.0436112466129905,0.),(0.,0.,-1.),(0.766043734974459,
-0.64278845361937,0.),(0.,0.,-1.),(0.793357442723234,-0.608756082577949,
0.),(0.,0.,-1.),(0.819152896350647,-0.573575219478968,0.),(0.,0.,-1.),(0.866027702572955,
-0.499996018360356,0.),(0.,0.,-1.),(0.887009052548901,-0.461752033776031,
0.),(0.,0.,-1.),(0.843392071062453,-0.537298626900335,0.),(-0.342015676830309,
-0.93969424644525,0.),(0.,0.,-1.),(0.,0.,-1.),(-0.173648435117443,-0.984807707616702,
0.),(-0.130513685335379,-0.991446507856161,0.),(0.,0.,-1.),(0.,0.,-1.),
(-0.0871652097797672,-0.996193869788431,0.),(0.953719419761112,0.300697968683739,
0.),(0.,0.,-1.),(0.,0.,-1.),(0.93969424644527,0.342015676830254,0.),(0.92387276491974,
0.382699770367784,0.),(0.,0.,-1.),(0.,0.,-1.),(-0.866027846505868,0.499995769058508,
0.),(-0.999048576981553,0.0436112466129411,0.),(0.,0.,-1.),(0.,0.,-1.),
(-0.537301729591625,-0.843390094427156,0.),(-0.49999633450135,-0.866027520050728,
0.),(0.,0.,-1.),(0.,0.,-1.),(-0.461742174936028,-0.887014184714848,0.),
(0.843397224366883,0.53729053772632,0.),(0.,0.,-1.),(0.,0.,-1.),(0.819153660677059,
0.573574127902726,0.),(0.866021039357955,0.500007559332224,0.),(0.,0.,-1.),
(0.,0.,-1.),(0.887011032495108,0.461748230350657,0.),(-0.939694289510356,
-0.342015558508128,0.),(0.,0.,-1.),(0.,0.,-1.),(-0.461744374589922,-0.887013039664335,
0.),(-0.422623871607831,-0.906305171091508,0.),(0.,0.,-1.),(0.,0.,-1.),
(-0.793353060014186,-0.608761794272709,0.),(-0.766047160238079,-0.64278437153619,
0.),(0.,0.,-1.),(0.,0.,-1.),(-0.737280834864366,-0.675586390139487,0.),
(-0.707106781186547,-0.707106781186547,0.),(0.,0.,-1.),(0.,0.,-1.),(0.0871756697537037,
0.996192954503792,0.),(0.0436066938194829,0.999048775713245,0.),(0.,0.,
-1.),(0.,0.,-1.),(-0.258828293005454,0.965923348273497,0.),(-0.300700930021088,
0.953718486076711,0.),(0.,0.,-1.),(0.,0.,-1.),(-0.342012719446911,0.939695322823589,
0.),(0.906311490879947,0.422610318732244,0.),(0.,0.,-1.),(0.,0.,-1.),(0.130524787833724,
-0.991445046263766,0.),(0.0871599028635603,-0.996194334120012,0.),(0.,0.,
-1.),(0.,0.,-1.),(0.173647929447077,-0.984807796780033,0.),(0.216446546973614,
-0.976294470077138,0.),(0.,0.,-1.),(0.,0.,-1.),(-0.737280834864452,0.675586390139393,
0.),(0.,0.,-1.),(-0.766047638244411,0.642783801865106,0.),(0.,0.,-1.),(0.675586390139393,
-0.737280834864452,0.),(-0.737280834864452,0.675586390139393,0.),(0.,0.,
-1.),(0.,0.,-1.),(-0.707106886564684,0.707106675808396,0.),(0.,0.,-1.),
(-0.707106886564684,0.707106675808396,0.),(0.,0.,-1.),(0.642783801865106,
-0.766047638244411,0.),(0.,0.,-1.),(0.500001515033668,-0.866024529077575,
0.),(0.,0.,-1.),(0.537298817865465,-0.84339194940453,0.),(0.,0.,-1.),(0.573579700538583,
-0.81914975867058,0.),(0.,0.,-1.),(-0.793348770248781,0.608767384757715,
0.),(0.,0.,-1.),(0.608767384757715,-0.793348770248781,0.),(-0.766047638244411,
0.642783801865106,0.),(0.,0.,-1.),(0.,0.,-1.),(0.642783801865106,-0.766047638244411,
0.),(0.,0.,-1.),(0.707106675808396,-0.707106886564684,0.),(0.675586390139393,
-0.737280834864452,0.),(0.,0.,-1.),(0.,0.,-1.),(-0.422622135417289,-0.906305980701513,
0.),(-0.382688112373606,-0.9238775939744,0.),(0.,0.,-1.),(0.,0.,-1.),(-0.342015558508128,
-0.939694289510356,0.),(-0.3826926866115,0.923875699222613,0.),(0.,0.,-1.),
(0.,0.,-1.),(-0.422618770337719,0.906307549873791,0.),(-0.461742002007356,
0.8870142747342,0.),(0.,0.,-1.),(0.,0.,-1.),(-0.5735849180024,0.819146105307338,
0.),(-0.537295097351126,0.843394319617131,0.),(0.,0.,-1.),(0.,0.,-1.),(-0.608766439015382,
0.793349495952781,0.),(-0.0436215081208579,-0.999048128985417,0.),(0.,0.,
-1.),(0.,0.,-1.),(9.44690138094187E-6,-0.999999999955378,0.),(0.0436161848829394,
-0.999048361400116,0.),(0.,0.,-1.),(0.,0.,-1.),(0.0871462315664973,-0.996195530166522,
0.),(0.130525830530926,-0.99144490899102,0.),(0.,0.,-1.),(0.,0.,-1.),(0.173651666652232,
-0.984807137803592,0.),(0.642789573056453,0.76604279565172,0.),(0.,0.,-1.),
(0.,0.,-1.),(0.258818523109846,-0.965925966156433,0.),(0.300703307151144,
-0.95371773658057,0.),(0.,0.,-1.),(0.,0.,-1.),(0.342018651235124,-0.939693163861112,
0.),(0.500001515033668,-0.866024529077575,0.),(0.,0.,-1.),(0.,0.,-1.),(0.461740811050945,
-0.887014894694568,0.),(0.537298817865465,-0.84339194940453,0.),(0.,0.,
-1.),(0.,0.,-1.),(-0.991445627988335,-0.130520369072478,0.),(-0.996194297527558,
-0.0871603210961035,0.),(0.,0.,-1.),(0.,0.,-1.),(-0.984808753319109,-0.173642504549035,
0.),(-0.976295237064125,-0.216443087406144,0.),(0.,0.,-1.),(0.,0.,-1.),
(-0.965926032930395,-0.258818273905358,0.),(-0.953716748592783,-0.300706440658677,
0.),(0.,0.,-1.),(0.,0.,-1.),(-0.300703811450097,-0.953717577577023,0.),
(-0.25882144744826,-0.965925182579266,0.),(0.,0.,-1.),(0.,0.,-1.),(-0.216443087406101,
-0.976295237064135,0.),(-0.173642504549035,-0.984808753319109,0.),(0.,0.,
-1.),(0.,0.,-1.),(-0.130524607993509,-0.991445069939904,0.),(-0.087160093638199,
-0.996194317428573,0.),(0.,0.,-1.),(0.,0.,-1.),(0.173647929447077,-0.984807796780033,
0.),(0.130530069448851,-0.991444350919242,0.),(0.,0.,-1.),(0.,0.,-1.),(0.216440845758002,
-0.976295734031221,0.),(0.258818667145065,-0.965925927562384,0.),(0.,0.,
-1.),(0.,0.,-1.),(0.300709018732544,-0.953715935723479,0.),(0.342024526452669,
-0.939691025446571,0.),(0.,0.,-1.),(0.,0.,-1.),(-0.499998044435256,0.866026532827326,
0.),(0.999048972098358,0.0436021943164987,0.),(0.,0.,-1.),(0.,0.,-1.),(0.999999999942659,
-1.07089290803314E-5,0.),(0.996192974405125,0.087175442332518,0.),(0.,0.,
-1.),(0.,0.,-1.),(0.793352403767654,0.608762649508069,0.),(0.76604279565172,
0.642789573056453,0.),(0.,0.,-1.),(0.,0.,-1.),(0.737276221183771,0.675591425106165,
0.),(-0.216443087406101,-0.976295237064135,0.),(0.,0.,-1.),(0.,0.,-1.),
(-0.173642504549035,-0.984808753319109,0.),(-0.130520369072478,-0.991445627988335,
0.),(0.,0.,-1.),(0.,0.,-1.),(-0.0871603210961035,-0.996194297527558,0.),
(-0.0436208768579489,-0.999048156548093,0.),(0.,0.,-1.),(0.,0.,-1.),(-4.9342080603026E-6,
-0.999999999987827,0.),(0.0436165786087921,-0.999048344210861,0.),(0.,0.,
-1.),(0.,0.,-1.),(0.382685570703882,-0.923878646779459,0.),(0.422618263229444,
-0.906307786342437,0.),(0.,0.,-1.),(0.,0.,-1.),(-0.906307786342437,0.422618263229444,
0.),(0.,0.,-1.),(-0.923878646779459,0.382685570703882,0.),(0.,0.,-1.),(-0.887014894694568,
0.461740811050945,0.),(0.,0.,-1.),(-0.939693163861112,0.342018651235124,
0.),(0.,0.,-1.),(-0.95371773658057,0.300703307151144,0.),(0.,0.,-1.),(-0.965925966156433,
0.258818523109846,0.),(0.,0.,-1.),(-0.976294470077138,0.216446546973614,
0.),(0.,0.,-1.),(-0.984807796780033,0.173647929447077,0.),(0.,0.,-1.),(-0.991445046263766,
0.130524787833724,0.),(0.,0.,-1.),(-0.999048344210861,0.0436165786087921,
0.),(0.,0.,-1.),(-0.999999999987827,-4.9342080603026E-6,0.),(0.,0.,-1.),
(-0.996194334120012,0.0871599028635603,0.),(0.,0.,-1.),(-0.81914975867058,
0.573579700538583,0.),(0.,0.,-1.),(-0.84339194940453,0.537298817865465,
0.),(0.,0.,-1.),(-0.866024529077575,0.500001515033668,0.),(0.608767384757715,
-0.793348770248781,0.),(0.,0.,-1.),(0.,0.,-1.),(-0.906307786342437,0.422618263229444,
0.),(-0.887014894694568,0.461740811050945,0.),(0.,0.,-1.),(0.,0.,-1.),(-0.923878646779459,
0.382685570703882,0.),(-0.939693163861112,0.342018651235124,0.),(0.,0.,
-1.),(0.,0.,-1.),(-0.95371773658057,0.300703307151144,0.),(-0.965925966156433,
0.258818523109846,0.),(0.,0.,-1.),(0.,0.,-1.),(-0.976294470077138,0.216446546973614,
0.),(-0.984807796780033,0.173647929447077,0.),(0.,0.,-1.),(0.,0.,-1.),(-0.999048344210861,
0.0436165786087921,0.),(-0.996194334120012,0.0871599028635603,0.),(0.,0.,
-1.),(0.,0.,-1.),(-0.999999999987827,-4.9342080603026E-6,0.),(-0.999048156548093,
-0.0436208768579489,0.),(0.,0.,-1.),(0.,0.,-1.),(-0.0436163773212365,-0.999048352998678,
0.),(0.,-1.,0.),(0.,0.,-1.),(0.,0.,-1.),(0.0436112466129411,-0.999048576981553,
0.),(0.,0.,-1.),(-0.766047734650192,0.642783686971993,0.),(0.,0.,-1.),(-0.793347685039025,
0.60876879900601,0.),(-0.766047734650192,0.642783686971993,0.),(0.,0.,-1.),
(0.,0.,-1.),(-0.737281539272894,0.675585621403677,0.),(0.,0.,-1.),(-0.737281539272894,
0.675585621403677,0.),(0.,0.,-1.),(-0.819149162730852,0.573580551620558,
0.),(-0.793347685039025,0.60876879900601,0.),(0.,0.,-1.),(0.,0.,-1.),(-0.707107202693235,
0.707106359679609,0.),(0.,0.,-1.),(-0.843393694053023,0.537296079300413,
0.),(0.,0.,-1.),(-0.866023285481895,0.500003668989683,0.),(0.,0.,-1.),(-0.887014274734184,
0.461742002007388,0.),(0.,0.,-1.),(-0.906311734820943,0.422609795586723,
0.),(0.,0.,-1.),(-0.923879488799977,0.382683537893511,0.),(0.,0.,-1.),(-0.939693256213923,
0.3420183974965,0.),(0.,0.,-1.),(0.0436163773213463,0.999048352998673,0.),
(-0.923879488799977,0.382683537893511,0.),(0.,0.,-1.),(0.,0.,-1.),(-0.906311734820943,
0.422609795586723,0.),(0.,0.,-1.),(-0.95371666909093,0.300706692805632,
0.),(-0.939693256213923,0.3420183974965,0.),(0.,0.,-1.),(0.,0.,-1.),(0.087154786719697,
0.996194781732892,0.),(0.,0.,-1.),(-0.965925182579216,0.258821447448445,
0.),(0.,0.,-1.),(0.,1.,0.),(0.087154786719697,0.996194781732892,0.),(0.,
0.,-1.),(0.,0.,-1.),(0.0436163773213463,0.999048352998673,0.),(0.,0.,-1.),
(-0.976294415686145,0.216446792307135,0.),(0.,0.,-1.),(-0.984807137803592,
0.173651666652232,0.),(0.,0.,-1.),(0.130515087430396,0.991446323283836,
0.),(-0.976294415686145,0.216446792307135,0.),(0.,0.,-1.),(0.,0.,-1.),(-0.965925182579216,
0.258821447448445,0.),(0.,0.,-1.),(-0.991445604315598,0.1305205488928,0.),
(-0.984807137803592,0.173651666652232,0.),(0.,0.,-1.),(0.,0.,-1.),(-0.996195099295029,
0.0871511568515755,0.),(0.,0.,-1.),(-0.999048128601651,0.0436215169101087,
0.),(0.,0.,-1.),(-0.999999999989818,4.51270136432568E-6,0.),(0.,0.,-1.),
(-0.999047932512255,-0.0436260076443912,0.),(0.,0.,-1.),(-0.996193849887309,
-0.0871654372254342,0.),(0.,0.,-1.),(0.0871550141575862,0.996194761834849,
0.),(0.,0.,-1.),(-0.984807707616702,-0.173648435117443,0.),(0.,0.,-1.),
(-0.976295340926192,-0.216442618921993,0.),(0.,0.,-1.),(-0.991447065857893,
-0.130509446408201,0.),(0.,0.,-1.),(-0.965927467108764,-0.258812921402406,
0.),(0.,0.,-1.),(-0.953714989049421,-0.300712021147248,0.),(0.,0.,-1.),
(-0.939693120735163,-0.342018769723258,0.),(0.,0.,-1.),(-0.923879637837557,
-0.38268317808488,0.),(0.130515087430396,0.991446323283836,0.),(0.,0.,-1.),
(0.,0.,-1.),(-0.887010053003582,-0.461750111933481,0.),(0.,0.,-1.),(-0.866027664017837,
-0.499996085140482,0.),(0.,0.,-1.),(-0.906305128067661,-0.422623963871266,
0.),(0.,0.,-1.),(-0.843389222083263,-0.5373030988872,0.),(0.,0.,-1.),(-0.819154256728295,
-0.573573276647295,0.),(0.,0.,-1.),(-0.793353036386369,-0.608761825065048,
0.),(0.,0.,-1.),(0.173642504549037,0.984808753319109,0.),(0.,0.,-1.),(-0.766042795651712,
-0.642789573056462,0.),(0.173642504549037,0.984808753319109,0.),(0.,0.,
-1.),(0.,0.,-1.),(-0.991445604315598,0.1305205488928,0.),(-0.996195099295029,
0.0871511568515755,0.),(0.,0.,-1.),(0.,0.,-1.),(-0.999048128601651,0.0436215169101087,
0.),(-0.999999999989818,4.51270136432568E-6,0.),(0.,0.,-1.),(0.,0.,-1.),
(-0.999047932512255,-0.0436260076443912,0.),(0.999048352998673,0.0436163773213463,
0.),(0.,0.,-1.),(0.,0.,-1.),(1.,0.,0.),(0.996194781732892,0.087154786719697,
0.),(0.,0.,-1.),(0.,0.,-1.),(0.99144576525535,0.130519326374424,0.),(0.,
0.,-1.),(-0.573574127902726,-0.819153660677059,0.),(0.,0.,-1.),(-0.537301729591625,
-0.843390094427156,0.),(0.,0.,-1.),(-0.608762649508138,-0.793352403767602,
0.),(0.,0.,-1.),(-0.49999633450135,-0.866027520050728,0.),(0.,0.,-1.),(-0.461747912418333,
-0.887011197999953,0.),(0.,0.,-1.),(-0.422622227877359,-0.906305937586187,
0.),(0.,0.,-1.),(-0.382688006972611,-0.92387763763354,0.),(0.,0.,-1.),(0.976293973069693,
0.216448788741803,0.),(0.,0.,-1.),(-0.642789573056474,-0.766042795651702,
0.),(0.984808753319109,0.173642504549037,0.),(0.,0.,-1.),(0.,0.,-1.),(0.130519326374424,
0.99144576525535,0.),(0.,0.,-1.),(0.173642504549037,0.984808753319109,0.),
(0.173642504549037,0.984808753319109,0.),(0.,0.,-1.),(0.,0.,-1.),(0.130519326374424,
0.99144576525535,0.),(0.,0.,-1.),(0.216448788741803,0.976293973069693,0.),
(0.,0.,-1.),(0.258827088224469,0.965923671105146,0.),(-0.95371666909093,
0.300706692805632,0.),(0.,0.,-1.),(0.,0.,-1.),(0.793357193535586,0.608756407330008,
0.),(0.,0.,-1.),(0.766047143514983,0.642784391466171,0.),(0.,0.,-1.),(0.81915038435303,
0.57357880697798,0.),(0.,0.,-1.),(0.737276229986869,0.675591415499301,0.),
(0.,0.,-1.),(0.0436208768580586,0.999048156548089,0.),(0.,0.,-1.),(0.984808753319109,
0.173642504549037,0.),(0.,0.,-1.),(0.976293973069693,0.216448788741803,
0.),(0.,0.,-1.),(0.34201555850813,0.939694289510356,0.),(0.,0.,-1.),(0.300703811450096,
0.953717577577023,0.),(0.,0.,-1.),(0.382682230682191,0.923880030263725,
0.),(0.,0.,-1.),(0.965924521474809,0.258823914686534,0.),(0.,0.,-1.),(0.953716748592783,
0.300706440658676,0.),(0.,0.,-1.),(0.939693163861078,0.342018651235216,
0.),(0.,0.,-1.),(0.923882030461677,0.382677401723709,0.),(0.,0.,-1.),(0.906305128067685,
0.422623963871214,0.),(0.,0.,-1.),(0.887010053003549,0.461750111933544,
0.),(0.,0.,-1.),(0.866027664017837,0.499996085140481,0.),(0.,0.,-1.),(0.843389222083309,
0.537303098887128,0.),(0.,0.,-1.),(0.707106781186547,0.707106781186547,
0.),(0.,0.,-1.),(0.675591415499301,0.737276229986869,0.),(0.,0.,-1.),(0.642784391466183,
0.766047143514973,0.),(0.,0.,-1.),(0.608757231706809,0.793356560976628,
0.),(0.,0.,-1.),(0.573579658156484,0.819149788347095,0.),(0.,0.,-1.),(0.537301729591554,
0.843390094427202,0.),(0.,0.,-1.),(0.499996334501349,0.866027520050728,
0.),(0.,0.,-1.),(0.461747912418396,0.88701119799992,0.),(0.,0.,-1.),(0.422622227877307,
0.906305937586211,0.),(0.216448788741803,0.976293973069693,0.),(0.,0.,-1.),
(0.,0.,-1.),(0.258827088224469,0.965923671105146,0.),(0.216441091049774,
-0.976295679650988,0.),(0.,0.,-1.),(0.,0.,-1.),(0.258821591345062,-0.965925144021839,
0.),(0.300712404285,-0.953714868243719,0.),(0.,0.,-1.),(0.,0.,-1.),(0.991447945605613,
0.130502763014466,0.),(0.675591425106166,0.737276221183771,0.),(0.,0.,-1.),
(0.,0.,-1.),(-0.81914975867058,0.573579700538583,0.),(-0.793348770248781,
0.608767384757715,0.),(0.,0.,-1.),(0.,0.,-1.),(-0.84339194940453,0.537298817865465,
0.),(-0.991445046263766,0.130524787833724,0.),(0.,0.,-1.),(0.,0.,-1.),(-0.939693163861079,
-0.342018651235215,0.),(0.0871549775864095,-0.996194765034384,0.),(0.,0.,
-1.),(0.,0.,-1.),(0.965925994360481,-0.258818417850653,0.),(0.953715856212354,
-0.300709270906531,0.),(0.,0.,-1.),(0.,0.,-1.),(0.976296501007316,-0.216437386144057,
0.),(0.,1.,0.),(0.,0.,-1.),(0.,0.,-1.),(-0.707107202693235,0.707106359679609,
0.),(-0.819149162730852,0.573580551620558,0.),(0.,0.,-1.),(0.,0.,-1.),(-0.843393694053023,
0.537296079300413,0.),(-0.866023285481895,0.500003668989683,0.),(0.,0.,
-1.),(0.,0.,-1.),(-0.984807707616702,-0.173648435117443,0.),(-0.991447065857893,
-0.130509446408201,0.),(0.,0.,-1.),(0.,0.,-1.),(-0.976295340926192,-0.216442618921993,
0.),(0.793357193535586,0.608756407330008,0.),(0.,0.,-1.),(0.,0.,-1.),(0.81915038435303,
0.57357880697798,0.),(0.766047143514983,0.642784391466171,0.),(0.,0.,-1.),
(0.,0.,-1.),(0.939693184467697,-0.342018594618712,0.),(0.923878179070684,
-0.382686699843406,0.),(0.,0.,-1.),(0.,0.,-1.),(0.953716685264011,-0.300706641511337,
0.),(0.991444724267029,-0.130527233645226,0.),(0.,0.,-1.),(0.,0.,-1.),(0.996193294397463,
-0.0871717855589187,0.),(0.984811346203862,-0.173627798431404,0.),(0.,0.,
-1.),(0.,0.,-1.),(0.976294145678192,-0.216448010188332,0.),(0.707106781186547,
0.707106781186547,0.),(0.,0.,-1.),(0.,0.,-1.),(-0.866024529077575,0.500001515033668,
0.),(0.382679583720684,-0.923881126662605,0.),(0.,0.,-1.),(0.,0.,-1.),(0.42261844802154,
-0.906307700172444,0.),(0.46175228582388,-0.887008921339815,0.),(0.,0.,
-1.),(0.,0.,-1.),(0.573574127902726,-0.81915366067706,0.),(0.537298872357207,
-0.843391914689531,0.),(0.,0.,-1.),(0.,0.,-1.),(0.608756672573993,-0.793356990009315,
0.),(0.642789023303033,-0.766043256951677,0.),(0.,0.,-1.),(0.,0.,-1.),(0.67559645043473,
-0.737271616271774,0.),(0.923880073898106,-0.382682125339073,0.),(0.,0.,
-1.),(0.,0.,-1.),(0.90630862808183,-0.422616458108804,0.),(0.939691117822533,
-0.342024272655374,0.),(0.,0.,-1.),(0.,0.,-1.),(0.984807796780029,-0.173647929447097,
0.),(0.991444350919242,-0.130530069448851,0.),(0.,0.,-1.),(0.,0.,-1.),(0.996194765034381,
-0.0871549775864503,0.),(-0.642782777284932,0.766048497959411,0.),(0.,0.,
-1.),(0.,0.,-1.),(-0.675587378575998,0.737279929137374,0.),(-0.887014274734184,
0.461742002007388,0.),(0.,0.,-1.),(0.,0.,-1.),(0.99904857698155,-0.0436112466129905,
0.),(-0.996193849887309,-0.0871654372254342,0.),(0.,0.,-1.),(0.,0.,-1.),
(-0.965927467108764,-0.258812921402406,0.),(-0.953714989049421,-0.300712021147248,
0.),(0.,0.,-1.),(0.,0.,-1.),(-0.939693120735163,-0.342018769723258,0.),
(0.0871550141575862,0.996194761834849,0.),(0.,0.,-1.),(0.,0.,-1.),(4.93420810555676E-6,
0.999999999987827,0.),(0.0436208768580586,0.999048156548089,0.),(0.,0.,
-1.),(0.,0.,-1.),(-0.173647929447097,0.984807796780029,0.),(0.,0.,-1.),
(-0.216443087406215,0.976295237064109,0.),(0.,0.,-1.),(0.996194334120009,
-0.087159902863601,0.),(-0.173647929447097,0.984807796780029,0.),(0.,0.,
-1.),(0.,0.,-1.),(-0.130524787833724,0.991445046263766,0.),(0.,0.,-1.),
(-0.130524787833724,0.991445046263766,0.),(0.,0.,-1.),(-0.258818273905477,
0.965926032930363,0.),(-0.216443087406215,0.976295237064109,0.),(0.,0.,
-1.),(0.,0.,-1.),(0.999048344210859,-0.0436165786088415,0.),(0.,0.,-1.),
(-0.087159902863601,0.996194334120009,0.),(0.996194334120009,-0.087159902863601,
0.),(0.,0.,-1.),(0.,0.,-1.),(-0.382688112373694,0.923877593974363,0.),(0.,
0.,-1.),(-0.422616273182322,0.906308714313994,0.),(0.,0.,-1.),(0.991445046263766,
-0.130524787833724,0.),(0.,0.,-1.),(-0.300703559373427,0.953717657055877,
0.),(0.,0.,-1.),(-0.342018397496495,0.939693256213925,0.),(0.991445046263766,
-0.130524787833724,0.),(0.,0.,-1.),(0.,0.,-1.),(0.991446323283836,0.130515087430396,
0.),(0.,0.,-1.),(-0.0436165786088415,0.999048344210859,0.),(0.991446323283836,
0.130515087430396,0.),(0.,0.,-1.),(0.,0.,-1.),(0.984808753319109,0.173642504549037,
0.),(0.,0.,-1.),(0.996194761834849,0.0871550141575862,0.),(0.,0.,-1.),(0.999048156548089,
0.0436208768580586,0.),(-0.0436165786088415,0.999048344210859,0.),(0.,0.,
-1.),(0.,0.,-1.),(0.999999999987827,4.93420810555676E-6,0.),(-0.087159902863601,
0.996194334120009,0.),(0.,0.,-1.),(0.,0.,-1.),(0.996194761834849,0.0871550141575862,
0.),(0.999048156548089,0.0436208768580586,0.),(0.,0.,-1.),(0.,0.,-1.),(0.34201555850813,
0.939694289510356,0.),(0.382682230682191,0.923880030263725,0.),(0.,0.,-1.),
(0.,0.,-1.),(0.300703811450096,0.953717577577023,0.),(0.999049597161053,
-0.0435878700137661,0.),(0.,0.,-1.),(0.,0.,-1.),(0.573579700538583,-0.81914975867058,
0.),(0.499995769058508,-0.866027846505868,0.),(0.,0.,-1.),(0.,0.,-1.),(0.707106675874318,
-0.707106886498761,0.),(0.73727151565251,-0.675596560239505,0.),(0.,0.,
-1.),(0.,0.,-1.),(0.766043734974459,-0.64278845361937,0.),(0.793357442723234,
-0.608756082577949,0.),(0.,0.,-1.),(0.,0.,-1.),(0.866027702572955,-0.499996018360356,
0.),(0.843392071062453,-0.537298626900335,0.),(0.,0.,-1.),(0.,0.,-1.),(0.887009052548901,
-0.461752033776031,0.),(4.93420810555676E-6,0.999999999987827,0.),(0.,0.,
-1.),(0.,0.,-1.),(0.999048344210859,-0.0436165786088415,0.),(0.999999999987827,
4.93420810555676E-6,0.),(0.,0.,-1.),(0.,0.,-1.),(0.819150007445012,-0.573579345254724,
0.),(0.793357715592191,-0.608755726963074,0.),(0.,0.,-1.),(0.,0.,-1.),(0.843394285354508,
-0.537295151133302,0.),(0.866029850480919,-0.499992298016677,0.),(0.,0.,
-1.),(0.,0.,-1.),(0.887008301227296,-0.46175347703495,0.),(0.965923309692794,
-0.25882843698504,0.),(0.,0.,-1.),(0.,0.,-1.),(0.819152896350647,-0.573575219478968,
0.),(-0.887010053003582,-0.461750111933481,0.),(0.,0.,-1.),(0.,0.,-1.),
(-0.906305128067661,-0.422623963871266,0.),(-0.866027664017837,-0.499996085140482,
0.),(0.,0.,-1.),(0.,0.,-1.),(-0.843389222083263,-0.5373030988872,0.),(-0.819154256728295,
-0.573573276647295,0.),(0.,0.,-1.),(0.,0.,-1.),(0.216448788741803,0.976293973069693,
0.),(0.,0.,-1.),(0.216448788741803,0.976293973069693,0.),(0.,0.,-1.),(0.258823914686534,
0.965924521474809,0.),(0.258823914686534,0.965924521474809,0.),(0.,0.,-1.),
(0.,0.,-1.),(-0.793353036386369,-0.608761825065048,0.),(0.,0.,-1.),(0.675591415499301,
0.737276229986869,0.),(0.,0.,-1.),(0.707106781186547,0.707106781186547,
0.),(0.,0.,-1.),(-0.737285448507952,-0.675581355144166,0.),(0.,0.,-1.),
(0.382677401723709,0.923882030461677,0.),(0.,0.,-1.),(0.342018651235216,
0.939693163861078,0.),(0.,0.,-1.),(0.422623963871214,0.906305128067685,
0.),(0.,0.,-1.),(0.300706440658676,0.953716748592783,0.),(0.,0.,-1.),(0.642784391466183,
0.766047143514973,0.),(0.,0.,-1.),(0.608756407330008,0.793357193535586,
0.),(0.,0.,-1.),(0.57357880697798,0.81915038435303,0.),(0.,0.,-1.),(0.537303098887128,
0.843389222083309,0.),(0.,0.,-1.),(0.499996085140481,0.866027664017837,
0.),(0.,0.,-1.),(0.461750111933544,0.887010053003549,0.),(-0.766042795651712,
-0.642789573056462,0.),(0.,0.,-1.),(0.,0.,-1.),(0.737276229986869,0.675591415499301,
0.),(0.,0.,-1.),(-0.707106781186547,-0.707106781186547,0.),(0.737276229986869,
0.675591415499301,0.),(0.,0.,-1.),(0.,0.,-1.),(0.766047143514983,0.642784391466171,
0.),(0.,0.,-1.),(0.766047143514983,0.642784391466171,0.),(0.707106781186547,
0.707106781186547,0.),(0.,0.,-1.),(0.,0.,-1.),(-0.675581355144166,-0.737285448507952,
0.),(-0.737285448507952,-0.675581355144166,0.),(0.,0.,-1.),(0.,0.,-1.),
(-0.707106781186547,-0.707106781186547,0.),(0.,0.,-1.),(0.887015025968763,
-0.46174055887006,0.),(0.,0.,-1.),(0.906308714313994,-0.422616273182322,
0.),(0.887015025968763,-0.46174055887006,0.),(0.,0.,-1.),(0.,0.,-1.),(0.866024385101622,
-0.500001764406244,0.),(0.,0.,-1.),(0.866024385101622,-0.500001764406244,
0.),(0.,0.,-1.),(0.923877593974363,-0.382688112373694,0.),(0.906308714313994,
-0.422616273182322,0.),(0.,0.,-1.),(0.,0.,-1.),(0.953717657055877,-0.300703559373427,
0.),(0.,0.,-1.),(0.965926032930363,-0.258818273905477,0.),(0.,0.,-1.),(0.939693256213925,
-0.342018397496495,0.),(0.,0.,-1.),(0.976295237064109,-0.216443087406215,
0.),(0.,0.,-1.),(0.984807796780029,-0.173647929447097,0.),(-0.382688112373694,
0.923877593974363,0.),(0.,0.,-1.),(0.,0.,-1.),(-0.46174055887006,0.887015025968763,
0.),(0.,0.,-1.),(0.843392105686641,-0.537298572551104,0.),(-0.422616273182322,
0.906308714313994,0.),(0.,0.,-1.),(0.,0.,-1.),(0.976293973069693,0.216448788741803,
0.),(0.965924521474809,0.258823914686534,0.),(0.,0.,-1.),(0.,0.,-1.),(0.342024272655379,
-0.939691117822532,0.),(0.382677550592352,-0.923881968799391,0.),(0.,0.,
-1.),(0.,0.,-1.),(0.422609980398597,-0.90631164864383,0.),(0.461753477034981,
-0.88700830122728,0.),(0.,0.,-1.),(0.,0.,-1.),(0.499997922879406,-0.866026603007251,
0.),(0.537296133652647,-0.843393659427148,0.),(0.,0.,-1.),(0.,0.,-1.),(0.906307463462236,
-0.422618955647576,0.),(-0.923879637837557,-0.38268317808488,0.),(0.,0.,
-1.),(0.,0.,-1.),(-0.573574127902726,-0.819153660677059,0.),(-0.608762649508138,
-0.793352403767602,0.),(0.,0.,-1.),(0.,0.,-1.),(-0.537301729591625,-0.843390094427156,
0.),(-0.49999633450135,-0.866027520050728,0.),(0.,0.,-1.),(0.,0.,-1.),(-0.461747912418333,
-0.887011197999953,0.),(-0.422622227877359,-0.906305937586187,0.),(0.,0.,
-1.),(0.,0.,-1.),(0.953716748592783,0.300706440658676,0.),(0.939693163861078,
0.342018651235216,0.),(0.,0.,-1.),(0.,0.,-1.),(0.923882030461677,0.382677401723709,
0.),(0.906305128067685,0.422623963871214,0.),(0.,0.,-1.),(0.,0.,-1.),(0.887010053003549,
0.461750111933544,0.),(0.866027664017837,0.499996085140481,0.),(0.,0.,-1.),
(0.,0.,-1.),(0.737276229986869,0.675591415499301,0.),(0.707106781186547,
0.707106781186547,0.),(0.,0.,-1.),(0.,0.,-1.),(0.675591415499301,0.737276229986869,
0.),(0.642784391466183,0.766047143514973,0.),(0.,0.,-1.),(0.,0.,-1.),(0.608757231706809,
0.793356560976628,0.),(0.573579658156484,0.819149788347095,0.),(0.,0.,-1.),
(0.,0.,-1.),(0.537301729591554,0.843390094427202,0.),(0.499996334501349,
0.866027520050728,0.),(0.,0.,-1.),(0.,0.,-1.),(0.461747912418396,0.88701119799992,
0.),(0.,0.,-1.),(0.965923671105163,0.258827088224406,0.),(0.976293973069693,
0.216448788741803,0.),(0.,0.,-1.),(0.,0.,-1.),(-0.642789573056474,-0.766042795651702,
0.),(0.,0.,-1.),(0.953717577577023,0.300703811450096,0.),(0.,0.,-1.),(0.939694289510356,
0.34201555850813,0.),(0.,0.,-1.),(0.923880030263725,0.382682230682191,0.),
(0.,0.,-1.),(0.88701119799992,0.461747912418396,0.),(0.,0.,-1.),(0.866027520050728,
0.499996334501349,0.),(0.,0.,-1.),(0.906305937586211,0.422622227877307,
0.),(0.,0.,-1.),(0.843390094427202,0.537301729591554,0.),(0.,0.,-1.),(0.819149788347095,
0.573579658156484,0.),(0.,0.,-1.),(0.793356560976628,0.608757231706809,
0.),(-0.675581355144166,-0.737285448507952,0.),(0.,0.,-1.),(0.,0.,-1.),
(0.965923671105163,0.258827088224406,0.),(0.953717577577023,0.300703811450096,
0.),(0.,0.,-1.),(0.,0.,-1.),(0.939694289510356,0.34201555850813,0.),(0.382677401723709,
0.923882030461677,0.),(0.,0.,-1.),(0.,0.,-1.),(0.422623963871214,0.906305128067685,
0.),(0.342018651235216,0.939693163861078,0.),(0.,0.,-1.),(0.,0.,-1.),(-0.382688006972611,
-0.92387763763354,0.),(-0.258818273905477,0.965926032930363,0.),(0.,0.,
-1.),(0.,0.,-1.),(-0.300703559373427,0.953717657055877,0.),(-0.342018397496495,
0.939693256213925,0.),(0.,0.,-1.),(0.,0.,-1.),(0.843389222083309,0.537303098887128,
0.),(0.422622227877307,0.906305937586211,0.),(0.,0.,-1.),(0.,0.,-1.),(0.57357497913456,
-0.819153064641029,0.),(0.608758086978153,-0.7933559047103,0.),(0.,0.,-1.),
(0.,0.,-1.),(0.642788908552328,-0.766043353239298,0.),(0.88701119799992,
0.461747912418396,0.),(0.,0.,-1.),(0.,0.,-1.),(0.906305937586211,0.422622227877307,
0.),(0.866027520050728,0.499996334501349,0.),(0.,0.,-1.),(0.,0.,-1.),(0.843390094427202,
0.537301729591554,0.),(0.819149788347095,0.573579658156484,0.),(0.,0.,-1.),
(0.,0.,-1.),(0.793356560976628,0.608757231706809,0.),(0.675591415499301,
0.737276229986869,0.),(0.,0.,-1.),(0.,0.,-1.),(0.642784391466183,0.766047143514973,
0.),(0.608756407330008,0.793357193535586,0.),(0.,0.,-1.),(0.,0.,-1.),(0.57357880697798,
0.81915038435303,0.),(0.537303098887128,0.843389222083309,0.),(0.,0.,-1.),
(0.,0.,-1.),(0.499996085140481,0.866027664017837,0.),(0.,0.,-1.),(-0.675586500014277,
0.737280734183703,0.),(-0.675586500014277,0.737280734183703,0.),(0.,0.,
-1.),(0.,0.,-1.),(-0.642783232178185,0.76604811626331,0.),(0.,0.,-1.),(0.737280734183703,
-0.675586500014277,0.),(0.707106675808396,-0.707106886564684,0.),(0.,0.,
-1.),(0.,0.,-1.),(-0.642783232178185,0.76604811626331,0.),(0.953717657055877,
-0.300703559373427,0.),(0.,0.,-1.),(0.,0.,-1.),(0.939693256213925,-0.342018397496495,
0.),(0.965926032930363,-0.258818273905477,0.),(0.,0.,-1.),(0.,0.,-1.),(0.976295237064109,
-0.216443087406215,0.),(0.984807796780029,-0.173647929447097,0.),(0.,0.,
-1.),(0.,0.,-1.),(0.675595681913789,-0.737272320502704,0.),(0.707106359943294,
-0.707107202429549,0.),(0.,0.,-1.),(0.,0.,-1.),(0.737270710845165,-0.675597438516358,
0.),(0.923880030263725,0.382682230682191,0.),(0.,0.,-1.),(0.,0.,-1.),(0.300706440658676,
0.953716748592783,0.),(0.,0.,-1.),(-0.500001764406244,0.866024385101622,
0.),(-0.46174055887006,0.887015025968763,0.),(0.,0.,-1.),(0.,0.,-1.),(0.843392105686641,
-0.537298572551104,0.),(0.,0.,-1.),(-0.608766794767784,0.793349222970665,
0.),(0.,0.,-1.),(0.819148994287291,-0.573580792180247,0.),(0.,0.,-1.),(-0.537298572551104,
0.843392105686641,0.),(0.,0.,-1.),(-0.573580792180247,0.819148994287291,
0.),(0.819148994287291,-0.573580792180247,0.),(0.,0.,-1.),(0.,0.,-1.),(0.76604811626331,
-0.642783232178185,0.),(0.,0.,-1.),(0.793349222970665,-0.608766794767784,
0.),(0.76604811626331,-0.642783232178185,0.),(0.,0.,-1.),(0.,0.,-1.),(0.737280734183703,
-0.675586500014277,0.),(0.793349222970665,-0.608766794767784,0.),(0.,0.,
-1.),(0.,0.,-1.),(-0.608766794767784,0.793349222970665,0.),(0.923877593974363,
-0.382688112373694,0.),(0.,0.,-1.),(0.,0.,-1.),(0.766044116792597,-0.642787998586975,
0.),(0.461750111933544,0.887010053003549,0.),(0.,0.,-1.),(0.,0.,-1.),(-0.500001764406244,
0.866024385101622,0.),(-0.537298572551104,0.843392105686641,0.),(0.,0.,
-1.),(0.,0.,-1.),(-0.573580792180247,0.819148994287291,0.),(0.212631497368704,
-0.212631497368704,0.953716778007751),(0.707106781186547,0.707106781186547,
0.),(0.707106781186547,0.707106781186547,0.),(0.183012799850538,-0.183012799850538,
0.965925789168989),(0.707106781186547,0.707106781186547,0.),(0.153046469378056,
-0.153046469378056,0.976295834479398),(0.707106781186547,0.707106781186547,
0.),(0.122787426785838,-0.122787426785838,0.984807847067957),(0.707106781186547,
0.707106781186547,0.),(0.092294907314497,-0.092294907314497,0.991445056555136),
(0.707106781186547,0.707106781186547,0.),(0.061628839738858,-0.061628839738858,
0.996194645751966),(0.212631497368704,-0.212631497368704,0.953716778007751),
(-0.707106781186547,-0.707106781186547,0.),(-0.707106781186547,-0.707106781186547,
0.),(0.183012799850538,-0.183012799850538,0.965925789168989),(-0.707106781186547,
-0.707106781186547,0.),(0.153046469378056,-0.153046469378056,0.976295834479398),
(-0.707106781186547,-0.707106781186547,0.),(0.122787426785838,-0.122787426785838,
0.984807847067957),(-0.707106781186547,-0.707106781186547,0.),(0.092294907314497,
-0.092294907314497,0.991445056555136),(-0.707106781186547,-0.707106781186547,
0.),(0.061628839738858,-0.061628839738858,0.996194645751966),(0.,0.,-1.),
(-0.707106781186547,0.707106781186547,0.),(-0.0154223945022901,0.0154223945022901,
-0.999762121454715),(0.707106781186547,0.707106781186547,0.),(-0.0308425161139615,
0.0308425161139615,-0.999048286320296),(-0.707106781186547,-0.707106781186547,
0.),(-0.707106781186547,-0.707106781186547,0.),(-0.707106781186547,0.707106781186547,
0.),(-0.0154254843110188,0.0154254843110188,0.999762026117986),(0.707106781186547,
0.707106781186547,0.),(-0.0308425161139615,0.0308425161139615,-0.999048286320296),
(0.707106781186547,0.707106781186547,0.),(-0.0154254843110188,0.0154254843110188,
0.999762026117986),(-0.707106781186547,0.707106781186547,0.),(0.,0.,-1.),
(-0.0308440599152704,0.0308440599152704,0.999048190997755),(0.707106781186547,
0.707106781186547,0.),(-0.707106781186547,0.707106781186547,0.),(-0.707106781186547,
-0.707106781186547,0.),(0.,0.,1.),(-0.0308440599152704,0.0308440599152704,
0.999048190997755),(-0.707106781186547,-0.707106781186547,0.),(-0.707106781186547,
-0.707106781186547,0.),(-0.241845221453631,0.241845221453631,0.939692384623866),
(-0.707106781186547,-0.707106781186547,0.),(-0.270597270456979,0.270597270456979,
0.923879989199065),(-0.707106781186547,-0.707106781186547,0.),(-0.298835580854083,
0.298835580854083,0.906308220878088),(-0.707106781186547,-0.707106781186547,
0.),(-0.326506729159931,0.326506729159931,0.887009983949768),(-0.707106781186547,
-0.707106781186547,0.),(-0.353553627596485,0.353553627596485,0.866025210272041),
(-0.707106781186547,-0.707106781186547,0.),(-0.37992809941207,0.37992809941207,
0.843391533366481),(-0.707106781186547,-0.707106781186547,0.),(-0.405579766193364,
0.405579766193364,0.819152065558693),(-0.707106781186547,-0.707106781186547,
0.),(-0.430459521531445,0.430459521531445,0.793353137414757),(-0.707106781186547,
-0.707106781186547,0.),(-0.454519736856586,0.454519736856586,0.766044135553324),
(-0.707106781186547,-0.707106781186547,0.),(-0.47771408633505,0.47771408633505,
0.737277765454877),(-0.707106781186547,-0.707106781186547,0.),(-0.500000789483615,
0.500000789483615,0.707105664686349),(-0.707106781186547,-0.707106781186547,
0.),(-0.521334861866046,0.521334861866046,0.6755885756925),(-0.707106781186547,
-0.707106781186547,0.),(-0.541674849980369,0.541674849980369,0.642788234022287),
(-0.707106781186547,-0.707106781186547,0.),(-0.560984682111789,0.560984682111789,
0.608762985793215),(-0.707106781186547,-0.707106781186547,0.),(-0.579227948699431,
0.579227948699431,0.573576469959235),(-0.707106781186547,-0.707106781186547,
0.),(-0.596367193029032,0.596367193029032,0.537300979114451),(-0.707106781186547,
-0.707106781186547,0.),(-0.612371608980101,0.612371608980101,0.500002025026143),
(-0.707106781186547,-0.707106781186547,0.),(-0.62721111790965,0.62721111790965,
0.461749312009291),(-0.707106781186547,-0.707106781186547,0.),(-0.640856688827994,
0.640856688827994,0.422617331363538),(-0.707106781186547,-0.707106781186547,
0.),(-0.653281805365202,0.653281805365202,0.382682329821438),(-0.707106781186547,
-0.707106781186547,0.),(-0.66446302732013,0.66446302732013,0.342020131935442),
(-0.707106781186547,-0.707106781186547,0.),(-0.674379620399739,0.674379620399739,
0.300706260624895),(-0.707106781186547,-0.707106781186547,0.),(-0.683013150679236,
0.683013150679236,0.258816676430337),(-0.707106781186547,-0.707106781186547,
0.),(-0.690345435456895,0.690345435456895,0.216440198409768),(-0.707106781186547,
-0.707106781186547,0.),(-0.696364161882974,0.696364161882974,0.173648806762515),
(-0.707106781186547,-0.707106781186547,0.),(-0.701057847981112,0.701057847981112,
0.130521215011909),(-0.707106781186547,-0.707106781186547,0.),(-0.704415959549857,
0.704415959549857,0.0871568233869683),(-0.707106781186547,-0.707106781186547,
0.),(-0.706433689192717,0.706433689192717,0.0436220763734887),(-0.707106781186547,
-0.707106781186547,0.),(-0.707106781186544,0.707106781186544,0.),(-0.707106781186547,
-0.707106781186547,0.),(-0.706433686251091,0.706433686251091,-0.0436221716491763),
(-0.707106781186547,-0.707106781186547,0.),(-0.704415959549858,0.704415959549858,
-0.0871568233869664),(-0.707106781186547,-0.707106781186547,0.),(-0.701057878668485,
0.701057878668485,-0.130520885354369),(-0.707106781186547,-0.707106781186547,
0.),(-0.696364150347046,0.696364150347046,-0.173648899284947),(-0.707106781186547,
-0.707106781186547,0.),(-0.690345370189972,0.690345370189972,-0.216440614752735),
(-0.707106781186547,-0.707106781186547,0.),(-0.683013262619821,0.683013262619821,
-0.258816085610717),(-0.707106781186547,-0.707106781186547,0.),(-0.674379601060662,
0.674379601060662,-0.300706347366536),(-0.707106781186547,-0.707106781186547,
0.),(-0.664462857396898,0.664462857396898,-0.342020792174832),(-0.707106781186547,
-0.707106781186547,0.),(-0.653281805365208,0.653281805365208,-0.382682329821419),
(-0.707106781186547,-0.707106781186547,0.),(-0.640856399921327,0.640856399921327,
-0.422618207558254),(-0.707106781186547,-0.707106781186547,0.),(-0.627211145527779,
0.627211145527779,-0.461749236979837),(-0.707106781186547,-0.707106781186547,
0.),(-0.612372381607471,0.612372381607471,-0.500000132488771),(-0.707106781186547,
-0.707106781186547,0.),(-0.596367162470102,0.596367162470102,-0.537301046951071),
(-0.707106781186547,-0.707106781186547,0.),(-0.579227456167687,0.579227456167687,
-0.573577464727321),(-0.707106781186547,-0.707106781186547,0.),(-0.56098468211179,
0.56098468211179,-0.608762985793214),(-0.707106781186547,-0.707106781186547,
0.),(-0.541675505041148,0.541675505041148,-0.64278712998693),(-0.707106781186547,
-0.707106781186547,0.),(-0.521334828274386,0.521334828274386,-0.67558862753619),
(-0.707106781186547,-0.707106781186547,0.),(-0.500000033717471,0.500000033717471,
-0.70710673350284),(-0.707106781186547,-0.707106781186547,0.),(-0.477714086335044,
0.477714086335044,-0.737277765454885),(-0.707106781186547,-0.707106781186547,
0.),(-0.454520660248357,0.454520660248357,-0.766043039792671),(-0.707106781186547,
-0.707106781186547,0.),(-0.430459488965108,0.430459488965108,-0.793353172754604),
(-0.707106781186547,-0.707106781186547,0.),(-0.405579797880632,0.405579797880632,
-0.819152034180598),(-0.707106781186547,-0.707106781186547,0.),(-0.379929183284015,
0.379929183284015,-0.843390556846757),(-0.707106781186547,-0.707106781186547,
0.),(-0.353552454050977,0.353552454050977,-0.866026168466671),(-0.707106781186547,
-0.707106781186547,0.),(-0.326505527178127,0.326505527178127,-0.887010868842241),
(-0.707106781186547,-0.707106781186547,0.),(-0.298836863025792,0.298836863025792,
-0.906307375338967),(-0.707106781186547,-0.707106781186547,0.),(-0.270598577487896,
0.270598577487896,-0.923879223558498),(-0.707106781186547,-0.707106781186547,
0.),(-0.241845221453633,0.241845221453633,-0.939692384623865),(-0.707106781186547,
-0.707106781186547,0.),(-0.212630082179828,0.212630082179828,-0.953717409039176),
(-0.707106781186547,-0.707106781186547,0.),(-0.183011366545199,0.183011366545199,
-0.965926332299993),(-0.707106781186547,-0.707106781186547,0.),(-0.153046469378073,
0.153046469378073,-0.976295834479392),(-0.707106781186547,-0.707106781186547,
0.),(-0.122787426785832,0.122787426785832,-0.984807847067959),(-0.707106781186547,
-0.707106781186547,0.),(-0.0922964305878923,0.0922964305878923,-0.99144477294576),
(-0.707106781186547,-0.707106781186547,0.),(-0.0616303703096764,0.0616303703096764,
-0.996194456374349),(0.707106781186547,0.707106781186547,0.),(-0.241845221453631,
0.241845221453631,0.939692384623866),(0.707106781186547,0.707106781186547,
0.),(-0.270597270456979,0.270597270456979,0.923879989199065),(0.707106781186547,
0.707106781186547,0.),(-0.298835580854083,0.298835580854083,0.906308220878088),
(0.707106781186547,0.707106781186547,0.),(-0.326506729159931,0.326506729159931,
0.887009983949768),(0.707106781186547,0.707106781186547,0.),(-0.353553627596485,
0.353553627596485,0.866025210272041),(0.707106781186547,0.707106781186547,
0.),(-0.37992809941207,0.37992809941207,0.843391533366481),(0.707106781186547,
0.707106781186547,0.),(-0.405579766193364,0.405579766193364,0.819152065558693),
(0.707106781186547,0.707106781186547,0.),(-0.430459521531445,0.430459521531445,
0.793353137414757),(0.707106781186547,0.707106781186547,0.),(-0.454519736856586,
0.454519736856586,0.766044135553324),(0.707106781186547,0.707106781186547,
0.),(-0.47771408633505,0.47771408633505,0.737277765454877),(0.707106781186547,
0.707106781186547,0.),(-0.500000789483615,0.500000789483615,0.707105664686349),
(0.707106781186547,0.707106781186547,0.),(-0.521334861866046,0.521334861866046,
0.6755885756925),(0.707106781186547,0.707106781186547,0.),(-0.541674849980369,
0.541674849980369,0.642788234022287),(0.707106781186547,0.707106781186547,
0.),(-0.560984682111789,0.560984682111789,0.608762985793215),(0.707106781186547,
0.707106781186547,0.),(-0.579227948699431,0.579227948699431,0.573576469959235),
(0.707106781186547,0.707106781186547,0.),(-0.596367193029032,0.596367193029032,
0.537300979114451),(0.707106781186547,0.707106781186547,0.),(-0.612371608980101,
0.612371608980101,0.500002025026143),(0.707106781186547,0.707106781186547,
0.),(-0.62721111790965,0.62721111790965,0.461749312009291),(0.707106781186547,
0.707106781186547,0.),(-0.640856688827994,0.640856688827994,0.422617331363538),
(0.707106781186547,0.707106781186547,0.),(-0.653281805365202,0.653281805365202,
0.382682329821438),(0.707106781186547,0.707106781186547,0.),(-0.66446302732013,
0.66446302732013,0.342020131935442),(0.707106781186547,0.707106781186547,
0.),(-0.674379620399739,0.674379620399739,0.300706260624895),(0.707106781186547,
0.707106781186547,0.),(-0.683013150679236,0.683013150679236,0.258816676430337),
(0.707106781186547,0.707106781186547,0.),(-0.690345435456895,0.690345435456895,
0.216440198409768),(0.707106781186547,0.707106781186547,0.),(-0.696364161882974,
0.696364161882974,0.173648806762515),(0.707106781186547,0.707106781186547,
0.),(-0.701057847981112,0.701057847981112,0.130521215011909),(0.707106781186547,
0.707106781186547,0.),(-0.704415959549857,0.704415959549857,0.0871568233869683),
(0.707106781186547,0.707106781186547,0.),(-0.706433689192717,0.706433689192717,
0.0436220763734887),(0.707106781186547,0.707106781186547,0.),(-0.707106781186544,
0.707106781186544,0.),(0.707106781186547,0.707106781186547,0.),(-0.706433686251091,
0.706433686251091,-0.0436221716491763),(0.707106781186547,0.707106781186547,
0.),(-0.704415959549858,0.704415959549858,-0.0871568233869664),(0.707106781186547,
0.707106781186547,0.),(-0.701057878668485,0.701057878668485,-0.130520885354369),
(0.707106781186547,0.707106781186547,0.),(-0.696364150347046,0.696364150347046,
-0.173648899284947),(0.707106781186547,0.707106781186547,0.),(-0.690345370189972,
0.690345370189972,-0.216440614752735),(0.707106781186547,0.707106781186547,
0.),(-0.683013262619821,0.683013262619821,-0.258816085610717),(0.707106781186547,
0.707106781186547,0.),(-0.674379601060662,0.674379601060662,-0.300706347366536),
(0.707106781186547,0.707106781186547,0.),(-0.664462857396898,0.664462857396898,
-0.342020792174832),(0.707106781186547,0.707106781186547,0.),(-0.653281805365208,
0.653281805365208,-0.382682329821419),(0.707106781186547,0.707106781186547,
0.),(-0.640856399921327,0.640856399921327,-0.422618207558254),(0.707106781186547,
0.707106781186547,0.),(-0.627211145527779,0.627211145527779,-0.461749236979837),
(0.707106781186547,0.707106781186547,0.),(-0.612372381607471,0.612372381607471,
-0.500000132488771),(0.707106781186547,0.707106781186547,0.),(-0.596367162470102,
0.596367162470102,-0.537301046951071),(0.707106781186547,0.707106781186547,
0.),(-0.579227456167687,0.579227456167687,-0.573577464727321),(0.707106781186547,
0.707106781186547,0.),(-0.56098468211179,0.56098468211179,-0.608762985793214),
(0.707106781186547,0.707106781186547,0.),(-0.541675505041148,0.541675505041148,
-0.64278712998693),(0.707106781186547,0.707106781186547,0.),(-0.521334828274386,
0.521334828274386,-0.67558862753619),(0.707106781186547,0.707106781186547,
0.),(-0.500000033717471,0.500000033717471,-0.70710673350284),(0.707106781186547,
0.707106781186547,0.),(-0.477714086335044,0.477714086335044,-0.737277765454885),
(0.707106781186547,0.707106781186547,0.),(-0.454520660248357,0.454520660248357,
-0.766043039792671),(0.707106781186547,0.707106781186547,0.),(-0.430459488965108,
0.430459488965108,-0.793353172754604),(0.707106781186547,0.707106781186547,
0.),(-0.405579797880632,0.405579797880632,-0.819152034180598),(0.707106781186547,
0.707106781186547,0.),(-0.379929183284015,0.379929183284015,-0.843390556846757),
(0.707106781186547,0.707106781186547,0.),(-0.353552454050977,0.353552454050977,
-0.866026168466671),(0.707106781186547,0.707106781186547,0.),(-0.326505527178127,
0.326505527178127,-0.887010868842241),(0.707106781186547,0.707106781186547,
0.),(-0.298836863025792,0.298836863025792,-0.906307375338967),(0.707106781186547,
0.707106781186547,0.),(-0.270598577487896,0.270598577487896,-0.923879223558498),
(0.707106781186547,0.707106781186547,0.),(-0.241845221453633,0.241845221453633,
-0.939692384623865),(0.707106781186547,0.707106781186547,0.),(-0.212630082179828,
0.212630082179828,-0.953717409039176),(0.707106781186547,0.707106781186547,
0.),(-0.183011366545199,0.183011366545199,-0.965926332299993),(0.707106781186547,
0.707106781186547,0.),(-0.153046469378073,0.153046469378073,-0.976295834479392),
(0.707106781186547,0.707106781186547,0.),(-0.122787426785832,0.122787426785832,
-0.984807847067959),(0.707106781186547,0.707106781186547,0.),(-0.0922964305878923,
0.0922964305878923,-0.99144477294576),(0.707106781186547,0.707106781186547,
0.),(-0.0616303703096764,0.0616303703096764,-0.996194456374349),(-0.707106781186547,
0.707106781186547,0.),(0.,0.,1.),(0.707106781186547,0.707106781186547,0.),
(0.707106781186547,0.707106781186547,0.),(-0.061628839738858,0.061628839738858,
0.996194645751966),(-0.061628839738858,0.061628839738858,0.996194645751966),
(-0.707106781186547,-0.707106781186547,0.),(-0.092294907314497,0.092294907314497,
0.991445056555136),(0.707106781186547,0.707106781186547,0.),(-0.092294907314497,
0.092294907314497,0.991445056555136),(-0.707106781186547,-0.707106781186547,
0.),(-0.122787426785838,0.122787426785838,0.984807847067957),(0.707106781186547,
0.707106781186547,0.),(-0.122787426785838,0.122787426785838,0.984807847067957),
(-0.707106781186547,-0.707106781186547,0.),(-0.153046469378056,0.153046469378056,
0.976295834479398),(0.707106781186547,0.707106781186547,0.),(0.707106781186547,
0.707106781186547,0.),(-0.183012799850538,0.183012799850538,0.965925789168989),
(0.707106781186547,0.707106781186547,0.),(-0.212631497368704,0.212631497368704,
0.953716778007751),(-0.153046469378056,0.153046469378056,0.976295834479398),
(-0.707106781186547,-0.707106781186547,0.),(-0.707106781186547,-0.707106781186547,
0.),(-0.183012799850538,0.183012799850538,0.965925789168989),(-0.707106781186547,
-0.707106781186547,0.),(-0.212631497368704,0.212631497368704,0.953716778007751),
(0.,0.,-1.)),$,(897,897,889,889,737,896,896,903,903,902,902,881,881,888,
888,869,869,859,859,921,921,913,913,923,923,945,945,937,937,947,947,963,
963,955,955,975,975,991,991,981,981,1001,1001,1011,1011,1009,1009,1021,
1021,1005,1005,1015,1015,995,995,979,979,993,993,977,977,961,961,965,965,
949,949,933,933,941,941,925,925,909,909,919,919,905,905,883,883,891,891,
879,879,863,863,871,871,853,853,841,841,847,847,831,831,811,811,823,823,
805,805,787,787,801,801,785,785,769,769,773,773,755,755,743,743,753,753,
734,734,719,719,723,723,711,711,693,693,703,703,685,685,667,667,675,675,
657,657,647,647,655,655,635,635,623,623,631,631,613,613,599,599,607,607,
591,591,569,569,581,581,567,567,545,545,553,553,541,541,527,527,531,531,
513,513,501,501,505,505,493,493,475,475,481,481,471,471,451,451,457,457,
447,447,463,463,449,449,469,469,483,483,473,473,491,491,507,507,497,497,
515,515,529,529,525,525,543,543,557,557,551,551,561,561,579,579,575,575,
587,587,605,605,593,593,611,611,629,629,621,621,637,637,653,653,641,641,
659,659,673,673,665,665,683,683,697,697,689,689,709,709,721,721,717,717,
736,736,747,747,739,739,761,761,771,771,763,763,783,783,795,795,791,791,
803,803,819,819,817,817,829,829,845,845,835,835,857,857,880,880,868,868,
920,920,922,922,912,912,944,944,946,946,936,936,962,962,974,974,954,954,
990,990,1000,1000,980,980,1010,1010,1020,1020,1008,1008,1004,1004,994,994,
1014,1014,978,978,976,976,992,992,960,960,948,948,964,964,932,932,924,924,
940,940,908,908,904,904,918,918,882,882,878,878,890,890,862,862,852,852,
870,870,840,840,830,830,846,846,810,810,804,804,822,822,786,786,784,784,
800,800,768,768,754,754,772,772,742,742,733,733,752,752,718,718,710,710,
722,722,692,692,684,684,702,702,666,666,656,656,674,674,646,646,634,634,
654,654,622,622,612,612,630,630,598,598,590,590,606,606,568,568,566,566,
580,580,544,544,540,540,552,552,526,526,512,512,530,530,500,500,492,492,
504,504,474,474,470,470,480,480,450,450,446,446,456,456,462,462,468,468,
448,448,482,482,490,490,472,472,506,506,514,514,496,496,528,528,542,542,
524,524,556,556,560,560,550,550,578,578,586,586,574,574,604,604,610,610,
592,592,628,628,636,636,620,620,652,652,658,658,640,640,672,672,682,682,
664,664,696,696,708,708,688,688,720,720,735,735,716,716,746,746,760,760,
738,738,770,770,782,782,762,762,794,794,802,802,790,790,818,818,828,828,
816,816,844,844,856,856,834,834,858,858,4,4,4,3,3,3,1025,1025,1025,2,2,
2,1028,1028,5,5,5,7,7,1024,1024,1024,438,438,438,1,1,1,1022,1022,1022,1026,
1026,1026,1463,1463,1463,1459,1459,1459,6,6,6,1023,1023,1023,1027,1027,
1027,8,8,9,9,11,11,13,13,15,15,17,17,19,19,21,21,23,23,25,25,27,27,29,29,
31,31,33,33,35,35,37,37,39,39,41,41,43,43,45,45,47,47,49,49,51,51,53,53,
55,55,57,57,59,59,61,61,63,63,65,65,67,67,69,69,71,71,73,73,75,75,77,77,
76,76,74,74,72,72,70,70,68,68,66,66,64,64,62,62,60,60,58,58,56,56,54,54,
52,52,50,50,48,48,46,46,44,44,42,42,40,40,38,38,36,36,34,34,32,32,30,30,
28,28,26,26,24,24,22,22,1030,1030,1032,1032,1034,1034,1036,1036,1038,1038,
1040,1040,1042,1042,1044,1044,1046,1046,1048,1048,1050,1050,1052,1052,1054,
1054,1056,1056,1058,1058,1060,1060,1062,1062,1064,1064,1066,1066,1068,1068,
1070,1070,1072,1072,1074,1074,1076,1076,1078,1078,1080,1080,1082,1082,1090,
1090,1100,1100,1102,1102,1108,1108,1110,1110,1116,1116,1118,1118,1120,1120,
1119,1119,1117,1117,1111,1111,1109,1109,1103,1103,1101,1101,1091,1091,1083,
1083,1081,1081,1079,1079,1077,1077,1075,1075,1073,1073,1071,1071,1069,1069,
1067,1067,1065,1065,1063,1063,1061,1061,1059,1059,1057,1057,1055,1055,1053,
1053,1051,1051,1049,1049,1047,1047,1045,1045,1043,1043,1029,1029,1346,1346,
1344,1344,1347,1347,1352,1352,1353,1353,1340,1340,1345,1345,442,442,442,
1304,1304,1464,1464,1464,1336,1336,1332,1332,1328,1328,1308,1308,1302,1302,
1312,1312,1300,1300,1282,1282,1306,1306,1310,1310,1314,1314,1348,1348,1350,
1350,1342,1342,1354,1354,1360,1360,1296,1296,1292,1292,1288,1288,1318,1318,
1324,1324,1326,1326,1330,1330,1334,1334,1338,1338,1362,1362,1366,1366,1372,
1372,1376,1376,1380,1380,1382,1382,1384,1384,1378,1378,1386,1386,1374,1374,
1370,1370,1368,1368,1364,1364,1358,1358,1356,1356,1322,1322,1320,1320,1316,
1316,1260,1260,1256,1256,1262,1262,1257,1257,1261,1261,1250,1250,1268,1268,
1270,1270,1274,1274,1278,1278,1284,1284,1286,1286,1290,1290,1294,1294,1298,
1298,439,439,439,443,443,443,1251,1251,1246,1246,1247,1247,1341,1341,1337,
1337,1333,1333,1309,1309,1313,1313,1303,1303,164,164,168,168,165,165,160,
160,161,161,942,942,930,930,943,943,952,952,953,953,926,926,931,931,162,
162,1272,1272,1266,1266,1276,1276,1264,1264,864,864,850,850,872,872,842,
842,838,838,1280,1280,916,916,906,906,900,900,243,243,247,247,239,239,251,
251,576,576,233,233,231,231,227,227,832,832,820,820,814,814,894,894,886,
886,876,876,1231,1231,1227,1227,1235,1235,1223,1223,1217,1217,808,808,798,
798,792,792,220,220,218,218,214,214,208,208,206,206,202,202,1215,1215,1209,
1209,1207,1207,996,996,988,988,1002,1002,984,984,972,972,968,968,958,958,
780,780,776,776,766,766,756,756,750,750,740,740,700,700,694,694,706,706,
680,680,678,678,670,670,662,662,1258,1258,1254,1254,1252,1252,1248,1248,
1241,1241,1237,1237,1203,1203,1197,1197,1012,1012,730,730,726,726,714,714,
196,196,192,192,190,190,648,648,644,644,638,638,618,618,608,608,626,626,
602,602,596,596,588,588,186,186,180,180,178,178,174,174,170,170,166,166,
172,172,176,176,173,173,169,169,182,182,177,177,184,184,188,188,198,198,
200,200,194,194,204,204,210,210,212,212,216,216,183,183,185,185,199,199,
195,195,201,201,205,205,211,211,98,98,102,102,99,99,92,92,93,93,104,104,
103,103,108,108,112,112,118,118,132,132,130,130,136,136,126,126,120,120,
158,158,80,80,86,86,78,78,88,88,142,142,144,144,148,148,152,152,110,110,
106,106,114,114,100,100,84,84,90,90,82,82,94,94,96,96,134,134,128,128,138,
138,124,124,122,122,116,116,156,156,154,154,150,150,146,146,140,140,1263,
1263,1269,1269,1271,1271,1275,1275,1279,1279,1285,1285,1287,1287,1291,1291,
1295,1295,1299,1299,1305,1305,1307,1307,1311,1311,1349,1349,1343,1343,1351,
1351,1355,1355,1301,1301,1297,1297,1293,1293,1273,1273,1277,1277,1267,1267,
865,865,873,873,851,851,843,843,189,189,1315,1315,1319,1319,1325,1325,1327,
1327,1331,1331,1335,1335,1361,1361,1363,1363,1367,1367,1373,1373,1377,1377,
1381,1381,1385,1385,1387,1387,1379,1379,1375,1375,1371,1371,1369,1369,1365,
1365,1359,1359,1329,1329,1323,1323,1321,1321,1317,1317,1281,1281,927,927,
917,917,907,907,225,225,229,229,226,226,222,222,223,223,235,235,230,230,
237,237,241,241,245,245,249,249,253,253,257,257,261,261,267,267,271,271,
279,279,283,283,273,273,285,285,291,291,236,236,238,238,242,242,248,248,
244,244,252,252,452,452,460,460,444,444,464,464,476,476,255,255,488,488,
486,486,498,498,478,478,518,518,510,510,522,522,466,466,458,458,454,454,
570,570,564,564,558,558,538,538,534,534,548,548,256,256,240,240,234,234,
232,232,105,105,109,109,113,113,1339,1339,1383,1383,839,839,833,833,821,
821,131,131,133,133,127,127,121,121,1357,1357,1289,1289,1283,1283,901,901,
895,895,887,887,877,877,213,213,217,217,246,246,250,250,254,254,119,119,
1232,1232,1236,1236,1228,1228,1224,1224,884,884,892,892,1175,1175,885,885,
874,874,875,875,1179,1179,1195,1195,1189,1189,1185,1185,898,898,1181,1181,
893,893,1180,1180,1171,1171,1176,1176,815,815,809,809,799,799,258,258,262,
262,268,268,280,280,274,274,284,284,228,228,221,221,219,219,215,215,209,
209,207,207,159,159,1218,1218,1216,1216,1210,1210,1196,1196,1198,1198,1190,
1190,997,997,1003,1003,989,989,985,985,973,973,969,969,793,793,781,781,
777,777,767,767,757,757,751,751,701,701,707,707,695,695,681,681,679,679,
671,671,272,272,81,81,79,79,87,87,137,137,143,143,145,145,1265,1265,1259,
1259,1255,1255,1253,1253,1249,1249,1242,1242,1238,1238,1208,1208,1204,1204,
938,938,950,950,934,934,956,956,966,966,970,970,982,982,986,986,998,998,
1016,1016,1018,1018,1006,1006,910,910,914,914,928,928,1182,1182,939,939,
935,935,951,951,957,957,967,967,971,971,983,983,987,987,1017,1017,1007,
1007,1019,1019,1013,1013,741,741,731,731,727,727,301,301,305,305,302,302,
299,299,300,300,311,311,306,306,295,295,315,315,319,319,323,323,325,325,
329,329,333,333,1239,1239,330,330,326,326,337,337,334,334,1233,1233,341,
341,1243,1243,1234,1234,1240,1240,352,352,358,358,704,704,353,353,342,342,
368,368,359,359,372,372,376,376,380,380,378,378,370,370,712,712,360,360,
350,350,366,366,343,343,339,339,335,335,331,331,705,705,321,321,317,317,
327,327,313,313,309,309,307,307,698,698,303,303,699,699,369,369,373,373,
377,377,381,381,379,379,453,453,445,445,461,461,465,465,277,277,275,275,
281,281,269,269,265,265,263,263,259,259,484,484,287,287,477,477,1229,1229,
1225,1225,1226,1226,1230,1230,1221,1221,1219,1219,338,338,1157,1157,1161,
1161,1155,1155,1167,1167,724,724,1104,1104,1112,1112,1211,1211,1213,1213,
1205,1205,1121,1121,1125,1125,1131,1131,1133,1133,1137,1137,1143,1143,1147,
1147,1151,1151,1169,1169,1173,1173,1177,1177,1183,1183,1187,1187,1191,1191,
1193,1193,1199,1199,1201,1201,1222,1222,1220,1220,203,203,197,197,193,193,
89,89,153,153,911,911,899,899,915,915,999,999,959,959,715,715,489,489,499,
499,487,487,1244,1244,296,296,312,312,316,316,320,320,361,361,367,367,351,
351,1158,1158,1156,1156,1162,1162,111,111,115,115,107,107,91,91,85,85,95,
95,97,97,149,149,929,929,663,663,649,649,645,645,619,619,627,627,609,609,
603,603,597,597,519,519,523,523,511,511,479,479,467,467,459,459,286,286,
292,292,324,324,455,455,371,371,344,344,340,340,336,336,713,713,728,728,
725,725,764,764,774,774,1092,1092,765,765,758,758,759,759,778,778,775,775,
1086,1086,748,748,1093,1093,806,806,812,812,1098,1098,788,788,796,796,1099,
1099,1096,1096,744,744,1097,1097,1105,1105,1094,1094,1088,1088,745,745,
1084,1084,749,749,1095,1095,1089,1089,1212,1212,1206,1206,1214,1214,83,
83,1186,1186,639,639,589,589,577,577,571,571,565,565,539,539,549,549,535,
535,729,729,1087,1087,1085,1085,135,135,139,139,129,129,125,125,123,123,
101,101,559,559,322,322,328,328,318,318,314,314,310,310,690,690,691,691,
686,686,687,687,308,308,594,594,584,584,297,297,660,660,668,668,650,650,
676,676,600,600,614,614,616,616,624,624,632,632,642,642,304,304,582,582,
293,293,583,583,572,572,573,573,585,585,289,289,298,298,294,294,1141,1141,
1139,1139,1142,1142,1145,1145,1146,1146,1135,1135,1140,1140,1127,1127,1123,
1123,1129,1129,1114,1114,1106,1106,807,807,824,824,1149,1149,813,813,1113,
1113,1122,1122,191,191,187,187,181,181,179,179,175,175,171,171,117,117,
332,332,278,278,282,282,276,276,270,270,266,266,264,264,1126,1126,1132,
1132,1134,1134,1138,1138,1144,1144,1148,1148,1168,1168,1170,1170,1174,1174,
1178,1178,1184,1184,1188,1188,1192,1192,1194,1194,1200,1200,494,494,485,
485,288,288,502,502,508,508,516,516,532,532,536,536,520,520,546,546,554,
554,562,562,290,290,495,495,503,503,509,509,661,661,651,651,669,669,260,
260,779,779,789,789,797,797,1152,1152,1202,1202,167,167,163,163,157,157,
533,533,521,521,537,537,547,547,555,555,563,563,595,595,601,601,615,615,
617,617,625,625,633,633,866,866,867,867,860,860,1165,1165,1172,1172,861,
861,1128,1128,1130,1130,1124,1124,1115,1115,1107,1107,155,155,151,151,147,
147,517,517,677,677,826,826,825,825,1150,1150,854,854,1153,1153,836,836,
848,848,1154,1154,1163,1163,1159,1159,1164,1164,1166,1166,1160,1160,855,
855,1136,1136,141,141,643,643,827,827,837,837,849,849,1041,1041,1039,1039,
1037,1037,1035,1035,1033,1033,1031,1031,20,20,18,18,16,16,14,14,12,12,10,
10,732,1460,1460,1460,436,436,440,440,440,1457,1457,1461,1461,1461,224,
1458,1458,441,441,441,437,437,423,423,421,421,419,419,417,417,415,415,413,
413,411,411,409,409,407,407,405,405,403,403,401,401,399,399,397,397,395,
395,393,393,391,391,389,389,387,387,385,385,383,383,375,375,365,365,363,
363,357,357,355,355,349,349,347,347,345,345,346,346,348,348,354,354,356,
356,362,362,364,364,374,374,382,382,384,384,386,386,388,388,390,390,392,
392,394,394,396,396,398,398,400,400,402,402,404,404,406,406,408,408,410,
410,412,412,414,414,416,416,418,418,420,420,422,422,424,424,426,426,428,
428,430,430,432,432,434,434,1444,1444,1442,1442,1440,1440,1438,1438,1436,
1436,1434,1434,1432,1432,1430,1430,1428,1428,1426,1426,1424,1424,1422,1422,
1420,1420,1418,1418,1416,1416,1414,1414,1412,1412,1410,1410,1408,1408,1406,
1406,1404,1404,1402,1402,1400,1400,1398,1398,1396,1396,1394,1394,1392,1392,
1390,1390,1388,1388,1389,1389,1391,1391,1393,1393,1395,1395,1397,1397,1399,
1399,1401,1401,1403,1403,1405,1405,1407,1407,1409,1409,1411,1411,1413,1413,
1415,1415,1417,1417,1419,1419,1421,1421,1423,1423,1425,1425,1427,1427,1429,
1429,1431,1431,1433,1433,1435,1435,1437,1437,1439,1439,1441,1441,1443,1443,
1445,1445,1447,1447,1449,1449,1451,1451,1453,1453,1455,1455,1462,1462,1462,
1456,1456,435,435,1454,1454,433,433,1452,1452,431,431,1450,1450,1448,1448,
1446,1446,429,429,427,427,425,425,1245),((1,3,5),(2,7,4),(5,8,1),(9,10,
2),(10,7,2),(3,12,5),(4,14,13),(7,14,4),(5,12,16),(16,18,5),(20,22,5),(5,
24,20),(22,8,5),(26,28,5),(5,30,26),(28,24,5),(32,34,5),(5,36,32),(34,30,
5),(38,40,5),(5,42,38),(40,36,5),(44,46,5),(5,48,44),(46,42,5),(50,52,5),
(5,54,50),(52,48,5),(56,58,5),(5,60,56),(58,54,5),(62,64,5),(5,66,62),(64,
60,5),(68,70,5),(5,72,68),(70,66,5),(74,76,5),(5,78,74),(76,72,5),(80,82,
5),(5,84,80),(82,78,5),(86,88,5),(5,90,86),(88,84,5),(92,94,5),(5,96,92),
(94,90,5),(98,100,5),(5,102,98),(100,96,5),(104,106,5),(5,108,104),(106,
102,5),(110,112,5),(5,114,110),(112,108,5),(116,118,5),(5,120,116),(118,
114,5),(122,124,5),(5,126,122),(124,120,5),(128,130,5),(5,132,128),(130,
126,5),(134,136,5),(5,138,134),(136,132,5),(140,142,5),(5,144,140),(142,
138,5),(146,148,5),(5,150,146),(148,144,5),(152,154,5),(5,156,152),(154,
150,5),(158,160,5),(5,162,158),(160,156,5),(164,166,5),(5,168,164),(166,
162,5),(170,172,5),(5,174,170),(172,168,5),(176,178,5),(5,180,176),(178,
174,5),(182,184,5),(5,186,182),(184,180,5),(188,190,5),(5,192,188),(190,
186,5),(194,196,5),(5,198,194),(196,192,5),(200,202,5),(5,204,200),(202,
198,5),(206,208,5),(5,210,206),(208,204,5),(212,214,5),(5,216,212),(214,
210,5),(218,220,5),(5,222,218),(220,216,5),(224,226,5),(5,228,224),(226,
222,5),(230,232,5),(5,234,230),(232,228,5),(236,238,5),(5,240,236),(238,
234,5),(242,244,5),(5,246,242),(244,240,5),(248,250,5),(5,252,248),(250,
246,5),(254,256,5),(5,258,254),(256,252,5),(260,262,5),(5,264,260),(262,
258,5),(266,268,5),(5,270,266),(268,264,5),(272,274,5),(5,276,272),(274,
270,5),(278,280,5),(5,282,278),(280,276,5),(284,286,5),(5,288,284),(286,
282,5),(290,292,5),(5,294,290),(292,288,5),(18,294,5),(13,296,17),(14,296,
13),(17,299,19),(296,299,17),(21,300,23),(25,303,21),(303,300,21),(23,304,
9),(300,304,23),(304,10,9),(27,307,29),(31,308,27),(308,307,27),(29,311,
25),(307,311,29),(311,303,25),(33,312,35),(37,315,33),(315,312,33),(35,
316,31),(312,316,35),(316,308,31),(39,319,41),(43,320,39),(320,319,39),
(41,323,37),(319,323,41),(323,315,37),(45,324,47),(49,327,45),(327,324,
45),(47,328,43),(324,328,47),(328,320,43),(51,331,53),(55,332,51),(332,
331,51),(53,335,49),(331,335,53),(335,327,49),(57,336,59),(61,339,57),(339,
336,57),(59,340,55),(336,340,59),(340,332,55),(63,343,65),(67,344,63),(344,
343,63),(65,347,61),(343,347,65),(347,339,61),(69,348,71),(73,351,69),(351,
348,69),(71,352,67),(348,352,71),(352,344,67),(75,355,77),(79,356,75),(356,
355,75),(77,359,73),(355,359,77),(359,351,73),(81,360,83),(85,363,81),(363,
360,81),(83,364,79),(360,364,83),(364,356,79),(87,367,89),(91,368,87),(368,
367,87),(89,371,85),(367,371,89),(371,363,85),(93,372,95),(97,375,93),(375,
372,93),(95,376,91),(372,376,95),(376,368,91),(99,379,101),(103,380,99),
(380,379,99),(101,383,97),(379,383,101),(383,375,97),(105,384,107),(109,
387,105),(387,384,105),(107,388,103),(384,388,107),(388,380,103),(111,391,
113),(115,392,111),(392,391,111),(113,395,109),(391,395,113),(395,387,109),
(117,396,119),(121,399,117),(399,396,117),(119,400,115),(396,400,119),(400,
392,115),(123,403,125),(127,404,123),(404,403,123),(125,407,121),(403,407,
125),(407,399,121),(129,408,131),(133,411,129),(411,408,129),(131,412,127),
(408,412,131),(412,404,127),(135,415,137),(139,416,135),(416,415,135),(137,
419,133),(415,419,137),(419,411,133),(141,420,143),(145,423,141),(423,420,
141),(143,424,139),(420,424,143),(424,416,139),(147,427,149),(151,428,147),
(428,427,147),(149,431,145),(427,431,149),(431,423,145),(153,432,155),(157,
435,153),(435,432,153),(155,436,151),(432,436,155),(436,428,151),(159,439,
161),(163,440,159),(440,439,159),(161,443,157),(439,443,161),(443,435,157),
(165,444,167),(169,447,165),(447,444,165),(167,448,163),(444,448,167),(448,
440,163),(171,451,173),(175,452,171),(452,451,171),(173,455,169),(451,455,
173),(455,447,169),(177,456,179),(181,459,177),(459,456,177),(179,460,175),
(456,460,179),(460,452,175),(183,463,185),(187,464,183),(464,463,183),(185,
467,181),(463,467,185),(467,459,181),(189,468,191),(193,471,189),(471,468,
189),(191,472,187),(468,472,191),(472,464,187),(195,475,197),(199,476,195),
(476,475,195),(197,479,193),(475,479,197),(479,471,193),(201,480,203),(205,
483,201),(483,480,201),(203,484,199),(480,484,203),(484,476,199),(207,487,
209),(211,488,207),(488,487,207),(209,491,205),(487,491,209),(491,483,205),
(213,492,215),(217,495,213),(495,492,213),(215,496,211),(492,496,215),(496,
488,211),(219,499,221),(223,500,219),(500,499,219),(221,503,217),(499,503,
221),(503,495,217),(225,504,227),(229,507,225),(507,504,225),(227,508,223),
(504,508,227),(508,500,223),(231,511,233),(235,512,231),(512,511,231),(233,
515,229),(511,515,233),(515,507,229),(237,516,239),(241,519,237),(519,516,
237),(239,520,235),(516,520,239),(520,512,235),(243,523,245),(247,524,243),
(524,523,243),(245,527,241),(523,527,245),(527,519,241),(249,528,251),(253,
531,249),(531,528,249),(251,532,247),(528,532,251),(532,524,247),(255,535,
257),(259,536,255),(536,535,255),(257,539,253),(535,539,257),(539,531,253),
(261,540,263),(265,543,261),(543,540,261),(263,544,259),(540,544,263),(544,
536,259),(267,547,269),(271,548,267),(548,547,267),(269,551,265),(547,551,
269),(551,543,265),(273,552,275),(277,555,273),(555,552,273),(275,556,271),
(552,556,275),(556,548,271),(279,559,281),(283,560,279),(560,559,279),(281,
563,277),(559,563,281),(563,555,277),(285,564,287),(289,567,285),(567,564,
285),(287,568,283),(564,568,287),(568,560,283),(291,571,293),(295,572,291),
(572,571,291),(293,575,289),(571,575,293),(575,567,289),(19,576,295),(299,
576,19),(576,572,295),(578,582,584),(581,580,587),(579,586,590),(587,580,
592),(580,595,592),(579,590,596),(582,597,584),(583,600,598),(603,581,587),
(601,581,603),(585,599,607),(609,585,607),(591,585,609),(607,599,612),(599,
615,612),(600,616,598),(588,618,621),(592,619,587),(589,623,608),(604,589,
608),(618,624,621),(620,594,625),(622,626,607),(594,610,625),(626,609,607),
(627,611,593),(592,595,629),(629,631,592),(631,633,592),(592,633,635),(635,
637,592),(637,639,592),(592,639,641),(641,643,592),(643,645,592),(592,645,
647),(647,649,592),(649,651,592),(592,651,653),(653,655,592),(655,657,592),
(592,657,659),(659,661,592),(661,663,592),(592,663,665),(592,665,667),(669,
592,667),(669,671,592),(671,673,592),(592,673,675),(675,677,592),(677,679,
592),(679,681,592),(592,681,683),(683,685,592),(685,687,592),(592,687,689),
(689,691,592),(691,693,592),(693,695,592),(592,695,697),(697,699,592),(699,
701,592),(592,701,703),(703,705,592),(705,707,592),(592,707,709),(709,711,
592),(711,713,592),(592,713,715),(715,717,592),(717,719,592),(592,719,721),
(721,723,592),(723,725,592),(592,725,727),(727,729,592),(729,731,592),(592,
731,733),(733,735,592),(735,737,592),(592,737,739),(739,741,592),(741,743,
592),(592,743,745),(745,747,592),(747,749,592),(592,749,751),(751,753,592),
(753,628,592),(755,591,609),(755,609,757),(609,759,757),(609,761,759),(763,
761,609),(765,763,609),(767,765,609),(609,769,767),(771,769,609),(773,771,
609),(775,773,609),(609,777,775),(779,777,609),(781,779,609),(609,783,781),
(785,783,609),(787,785,609),(609,789,787),(791,789,609),(793,791,609),(609,
795,793),(797,795,609),(799,797,609),(801,799,609),(609,803,801),(805,803,
609),(807,805,609),(609,809,807),(811,809,609),(813,811,609),(815,813,609),
(609,817,815),(819,817,609),(821,819,609),(609,823,821),(609,825,823),(827,
825,609),(829,827,609),(831,829,609),(609,833,831),(835,833,609),(837,835,
609),(609,839,837),(841,839,609),(843,841,609),(609,845,843),(847,845,609),
(849,847,609),(609,851,849),(853,851,609),(855,853,609),(609,857,855),(859,
857,609),(861,859,609),(609,863,861),(865,863,609),(867,865,609),(609,869,
867),(609,871,869),(873,871,609),(875,873,609),(609,877,875),(879,877,609),
(881,879,609),(882,611,627),(883,885,614),(886,884,887),(614,889,883),(884,
890,892),(887,884,892),(885,893,614),(894,886,895),(895,886,887),(897,900,
614),(898,613,902),(893,905,614),(614,905,907),(907,909,614),(911,913,614),
(614,915,911),(913,917,614),(614,919,606),(900,921,614),(614,921,923),(923,
925,614),(927,929,614),(614,931,927),(929,933,614),(933,935,614),(917,937,
614),(614,937,939),(939,941,614),(925,943,614),(614,943,945),(945,947,614),
(947,949,614),(614,949,951),(951,953,614),(935,955,614),(614,955,957),(957,
959,614),(959,961,614),(614,961,963),(963,965,614),(967,969,614),(614,971,
967),(969,973,614),(614,973,975),(975,977,614),(977,979,614),(614,979,981),
(981,983,614),(909,985,614),(614,985,987),(987,989,614),(989,915,614),(953,
931,614),(965,971,614),(983,889,614),(941,919,614),(612,615,903),(991,897,
993),(991,995,897),(992,994,997),(996,992,1000),(1000,992,997),(897,1001,
993),(897,15,1001),(605,489,897),(899,601,603),(995,1003,897),(897,1003,
1005),(1005,1007,897),(1007,1009,897),(897,1009,1011),(1011,1013,897),(1013,
1015,897),(897,1015,1017),(1017,1019,897),(1019,900,897),(493,494,897),
(897,497,493),(494,502,897),(897,502,498),(498,501,897),(517,518,897),(897,
521,517),(518,526,897),(526,522,897),(501,509,897),(897,509,505),(505,506,
897),(510,513,897),(897,514,510),(513,521,897),(557,553,897),(897,549,557),
(553,554,897),(489,497,897),(522,525,897),(897,525,533),(533,529,897),(529,
530,897),(897,530,538),(538,534,897),(506,514,897),(534,537,897),(897,537,
545),(545,541,897),(554,562,897),(897,562,558),(558,561,897),(541,542,897),
(897,542,550),(550,546,897),(546,549,897),(561,569,897),(897,569,565),(565,
566,897),(566,574,897),(897,574,570),(570,573,897),(573,577,897),(897,577,
298),(298,297,897),(297,15,897),(1021,601,899),(1024,1021,899),(1025,898,
902),(994,1002,1027),(997,994,1027),(314,1001,313),(314,322,1001),(1001,
317,313),(1001,309,317),(1001,11,305),(1001,6,11),(305,301,1001),(301,302,
1001),(1001,302,310),(310,306,1001),(306,309,1001),(321,329,1001),(1001,
318,321),(329,325,1001),(15,6,1001),(1001,341,337),(1001,333,341),(337,
338,1001),(338,346,1001),(1001,346,342),(342,345,1001),(325,326,1001),(1001,
326,334),(334,330,1001),(330,333,1001),(322,318,1001),(349,350,1001),(1001,
353,349),(350,358,1001),(1001,358,354),(354,357,1001),(357,365,1001),(1001,
365,1029),(1002,1030,1032),(345,353,1001),(1027,1002,1032),(906,894,1033),
(1033,894,895),(908,906,1036),(1036,906,1033),(910,908,1037),(1037,908,
1036),(914,912,1040),(912,916,1041),(1040,912,1041),(918,914,1044),(1044,
914,1040),(390,393,1045),(1045,394,390),(393,401,1045),(1047,373,1045),
(1048,1046,1049),(373,374,1045),(374,382,1045),(1045,382,378),(378,381,
1045),(381,389,1045),(1045,389,385),(385,386,1045),(386,394,1045),(401,
397,1045),(1045,397,1051),(1046,1052,1054),(1049,1046,1054),(1055,1057,
606),(1058,1056,1059),(606,1061,1055),(1056,1062,1064),(1059,1056,1064),
(1057,1065,606),(1066,1058,1067),(1067,1058,1059),(606,1069,605),(1071,
1073,606),(1071,606,1075),(1073,1077,606),(1079,1081,606),(606,1083,1079),
(1081,1085,606),(1085,1087,606),(606,1089,1075),(1065,1091,606),(606,1091,
1093),(1093,1095,606),(1097,606,1099),(1097,1101,606),(606,1103,1099),(606,
1105,1103),(1101,1107,606),(606,1107,1109),(1109,1111,606),(1087,1113,606),
(606,1113,1115),(1115,1117,606),(919,1089,606),(1095,1119,606),(606,1119,
1121),(1121,1123,606),(1123,1083,606),(1125,1127,606),(606,1129,1125),(1127,
1131,606),(1131,1133,606),(1117,1135,606),(606,1135,1137),(1137,1139,606),
(1111,1141,606),(606,1141,1143),(1143,1145,606),(1145,1147,606),(606,1147,
1149),(1149,1151,606),(1133,1153,606),(606,1153,1155),(1155,1157,606),(606,
1159,1161),(606,1163,1159),(1161,1165,606),(1165,1167,606),(606,1167,1169),
(1169,1171,606),(1139,1173,606),(606,1173,1175),(1175,1177,606),(1177,1179,
606),(606,1179,1181),(1181,1183,606),(606,1185,1187),(606,1189,1185),(1187,
1191,606),(1191,1193,606),(606,1193,1195),(1195,1197,606),(1077,1199,606),
(606,1199,1201),(1201,1203,606),(1203,1205,606),(606,1205,1207),(1207,1209,
606),(1209,1129,606),(1157,1211,606),(606,1211,1213),(1213,1215,606),(1215,
1163,606),(1183,1217,606),(606,1217,1219),(1219,1221,606),(1151,1223,606),
(606,1223,1225),(1225,1227,606),(1171,1061,606),(1221,1189,606),(1197,1229,
606),(606,1229,1231),(1231,1233,606),(1235,1237,606),(606,1239,1235),(1237,
1241,606),(606,1241,1243),(1243,1245,606),(1233,1239,606),(1245,1105,606),
(1227,1247,606),(606,1247,1249),(1249,1251,606),(1251,1253,606),(606,1253,
1255),(1255,1257,606),(1257,1069,606),(1259,1261,377),(1262,1260,1263),
(1259,377,1047),(1260,1048,1266),(1263,1260,1266),(1261,1267,377),(1268,
1262,1269),(1269,1262,1263),(377,1267,1271),(1271,1273,377),(1275,1277,
377),(377,1279,1275),(1277,1281,377),(377,1281,1283),(1283,1285,377),(1273,
1279,377),(377,373,1047),(377,1287,369),(1285,1287,377),(1272,1268,1289),
(1289,1268,1269),(1274,1272,1292),(1292,1272,1289),(1278,1276,1293),(1276,
1280,1296),(1293,1276,1296),(1282,1278,1297),(1297,1278,1293),(1284,1282,
1300),(1300,1282,1297),(1286,1284,1301),(1301,1284,1300),(1303,1305,605),
(1306,1304,1307),(605,1309,1303),(1304,1310,1312),(1307,1304,1312),(1305,
1313,605),(1314,1306,1315),(1315,1306,1307),(1313,1317,605),(605,1317,1319),
(1319,1321,605),(1323,605,1325),(1323,1327,605),(605,1329,1325),(605,1331,
1329),(490,486,605),(605,482,490),(486,489,605),(1321,1331,605),(605,1333,
1051),(1051,406,605),(410,418,605),(605,409,410),(418,414,605),(465,473,
605),(605,462,465),(473,469,605),(605,1335,1337),(605,1339,1335),(1337,
1341,605),(1327,1343,605),(605,1343,1345),(1345,1347,605),(1341,1309,605),
(605,1349,1333),(485,481,605),(605,477,485),(481,482,605),(1351,1353,605),
(605,1355,1351),(1353,1357,605),(1359,605,1361),(1359,1363,605),(605,1365,
1361),(605,1367,1365),(1347,1349,605),(405,413,605),(605,402,405),(413,
409,605),(1363,1339,605),(406,402,605),(469,470,605),(605,470,478),(478,
474,605),(474,477,605),(1369,1371,605),(605,1373,1369),(1371,1375,605),
(605,1375,1377),(1377,1379,605),(1357,1367,605),(441,449,605),(605,438,
441),(449,445,605),(605,445,446),(446,454,605),(454,450,605),(605,450,453),
(453,461,605),(461,457,605),(605,457,458),(458,466,605),(466,462,605),(1379,
1355,605),(414,417,605),(605,417,425),(425,421,605),(1069,1381,605),(1381,
1383,605),(421,422,605),(605,422,430),(430,426,605),(437,433,605),(605,
429,437),(433,434,605),(434,442,605),(1383,1385,605),(605,1385,1387),(1387,
1389,605),(426,429,605),(442,438,605),(1389,1373,605),(1004,996,1391),(1391,
996,1000),(1006,1004,1394),(1394,1004,1391),(1008,1006,1395),(1395,1006,
1394),(1010,1008,1398),(1398,1008,1395),(1012,1010,1399),(1399,1010,1398),
(1014,1012,1402),(1402,1012,1399),(1016,1014,1403),(1403,1014,1402),(1018,
1016,1406),(1406,1016,1403),(1020,1018,1407),(1407,1018,1406),(901,1020,
1410),(1410,1020,1407),(922,901,1411),(1411,901,1410),(924,922,1414),(1414,
922,1411),(926,924,1415),(1415,924,1414),(930,928,1418),(928,932,1419),
(1418,928,1419),(934,930,1422),(1422,930,1418),(936,934,1423),(1423,934,
1422),(938,918,1426),(1426,918,1044),(940,938,1427),(1427,938,1426),(942,
940,1430),(1430,940,1427),(1074,1072,1431),(1072,1076,1434),(1431,1072,
1434),(1078,1074,1435),(1435,1074,1431),(1082,1080,1438),(1080,1084,1439),
(1438,1080,1439),(1086,1082,1442),(1442,1082,1438),(1088,1086,1443),(1443,
1086,1442),(1280,1274,1446),(1446,1274,1292),(1296,1280,1446),(944,926,
1447),(1447,926,1415),(946,944,1450),(1450,944,1447),(948,946,1451),(1451,
946,1450),(950,948,1454),(1454,948,1451),(952,950,1455),(1455,950,1454),
(954,952,1458),(1458,952,1455),(956,936,1459),(1459,936,1423),(958,956,
1462),(1462,956,1459),(960,958,1463),(1463,958,1462),(962,960,1466),(1466,
960,1463),(964,962,1467),(1467,962,1466),(966,964,1470),(1470,964,1467),
(970,968,1471),(968,972,1474),(1471,968,1474),(974,970,1475),(1475,970,
1471),(976,974,1478),(1478,974,1475),(978,976,1479),(1479,976,1478),(980,
978,1482),(1482,978,1479),(982,980,1483),(1483,980,1482),(984,982,1486),
(1486,982,1483),(986,910,1487),(1487,910,1037),(988,986,1490),(1490,986,
1487),(990,988,1491),(1491,988,1490),(916,990,1494),(1494,990,1491),(1041,
916,1494),(1076,1090,1495),(1434,1076,1495),(1092,1066,1498),(1498,1066,
1067),(1094,1092,1499),(1499,1092,1498),(1096,1094,1502),(1502,1094,1499),
(1266,1048,1049),(1503,1505,369),(1506,1504,1507),(369,1509,1503),(1504,
1510,1512),(1507,1504,1512),(1505,1513,369),(1514,1506,1515),(1515,1506,
1507),(1513,1517,369),(369,1517,1519),(1519,1521,369),(1287,1509,369),(1521,
1523,369),(369,1523,1525),(1525,1527,369),(1527,1529,369),(369,1529,1531),
(1531,1533,369),(369,1535,1537),(369,1539,1535),(1537,1541,369),(1533,1539,
369),(369,1543,366),(1541,1543,369),(1518,1514,1545),(1545,1514,1515),(1520,
1518,1548),(1548,1518,1545),(1522,1520,1549),(1549,1520,1548),(1098,1100,
1552),(1102,1098,1553),(1553,1098,1552),(1100,1104,1556),(1552,1100,1556),
(1557,1559,1103),(1103,1561,1557),(1559,1563,1103),(1103,1563,1565),(1565,
1567,1103),(1103,1569,1571),(1103,1573,1569),(1571,1575,1103),(1577,1579,
1103),(1103,1581,1577),(1579,1573,1103),(1575,1583,1103),(1103,1583,1585),
(1585,1587,1103),(1587,1561,1103),(1105,1589,1103),(1103,1589,1591),(1591,
1593,1103),(1595,1597,1103),(1103,1599,1595),(1597,1581,1103),(1593,1599,
1103),(1104,1568,1601),(1556,1104,1601),(1108,1102,1604),(1604,1102,1553),
(1110,1108,1605),(1605,1108,1604),(1112,1110,1608),(1608,1110,1605),(1318,
1314,1609),(1609,1314,1315),(1320,1318,1612),(1612,1318,1609),(1322,1320,
1613),(1613,1320,1612),(932,954,1616),(1616,954,1458),(1419,932,1616),(972,
966,1617),(1617,966,1470),(1474,972,1617),(1114,1088,1620),(1620,1088,1443),
(1116,1114,1621),(1621,1114,1620),(1118,1116,1624),(1624,1116,1621),(1324,
1326,1625),(1328,1324,1628),(1628,1324,1625),(1326,1330,1629),(1625,1326,
1629),(1330,1332,1632),(1629,1330,1632),(890,984,1633),(1633,984,1486),
(892,890,1633),(920,942,1636),(1636,942,1430),(1090,920,1637),(1637,920,
1636),(1495,1090,1637),(1120,1096,1640),(1640,1096,1502),(1122,1120,1641),
(1641,1120,1640),(1124,1122,1644),(1644,1122,1641),(1084,1124,1645),(1645,
1124,1644),(1439,1084,1645),(1288,1286,1648),(1648,1286,1301),(1510,1288,
1649),(1649,1288,1648),(1512,1510,1649),(1524,1522,1652),(1652,1522,1549),
(1526,1524,1653),(1653,1524,1652),(1528,1526,1656),(1656,1526,1653),(1332,
1322,1657),(1657,1322,1613),(1632,1332,1657),(1128,1126,1660),(1126,1130,
1661),(1660,1126,1661),(1132,1128,1664),(1664,1128,1660),(1134,1132,1665),
(1665,1132,1664),(1667,1669,1671),(1670,1668,1673),(1667,1671,1675),(1668,
1676,1678),(1673,1668,1678),(1671,1669,1679),(1681,1683,1669),(1681,1669,
1213),(1683,1685,1669),(1669,1687,1213),(1669,1689,1679),(1685,1689,1669),
(1688,1670,1691),(1691,1670,1673),(1672,1680,1694),(1671,1695,1675),(1696,
1672,1697),(1697,1672,1694),(1136,1118,1700),(1700,1118,1624),(1138,1136,
1701),(1701,1136,1700),(1140,1138,1704),(1704,1138,1701),(1530,1528,1705),
(1705,1528,1656),(1532,1530,1708),(1708,1530,1705),(1534,1532,1709),(1709,
1532,1708),(1538,1536,1712),(1536,1540,1713),(1712,1536,1713),(1542,1538,
1716),(1716,1538,1712),(1142,1112,1717),(1717,1112,1608),(1144,1142,1720),
(1720,1142,1717),(1146,1144,1721),(1721,1144,1720),(1148,1146,1724),(1724,
1146,1721),(1150,1148,1725),(1725,1148,1724),(1152,1150,1728),(1728,1150,
1725),(397,398,1051),(1052,1334,1729),(398,406,1051),(1054,1052,1729),(1154,
1134,1732),(1732,1134,1665),(1156,1154,1733),(1733,1154,1732),(1158,1156,
1736),(1736,1156,1733),(1684,1682,1737),(1682,1214,1740),(1737,1682,1740),
(1686,1684,1741),(1741,1684,1737),(1162,1160,1744),(1160,1164,1745),(1744,
1160,1745),(1166,1162,1748),(1748,1162,1744),(1168,1166,1749),(1749,1166,
1748),(1170,1168,1752),(1752,1168,1749),(1172,1170,1753),(1753,1170,1752),
(1174,1140,1756),(1756,1140,1704),(1176,1174,1757),(1757,1174,1756),(1178,
1176,1760),(1760,1176,1757),(1180,1178,1761),(1761,1178,1760),(1182,1180,
1764),(1764,1180,1761),(1184,1182,1765),(1765,1182,1764),(1188,1186,1768),
(1186,1190,1769),(1768,1186,1769),(1192,1188,1772),(1772,1188,1768),(1194,
1192,1773),(1773,1192,1772),(1196,1194,1776),(1776,1194,1773),(1198,1196,
1777),(1777,1196,1776),(1540,1534,1780),(1780,1534,1709),(1713,1540,1780),
(1338,1336,1781),(1336,1340,1784),(1781,1336,1784),(1342,1338,1785),(1785,
1338,1781),(1344,1328,1788),(1788,1328,1628),(1346,1344,1789),(1789,1344,
1788),(1348,1346,1792),(1792,1346,1789),(1200,1078,1793),(1793,1078,1435),
(1202,1200,1796),(1796,1200,1793),(1204,1202,1797),(1797,1202,1796),(1206,
1204,1800),(1800,1204,1797),(1208,1206,1801),(1801,1206,1800),(1210,1208,
1804),(1804,1208,1801),(1130,1210,1805),(1805,1210,1804),(1661,1130,1805),
(1212,1158,1808),(1808,1158,1736),(1214,1212,1809),(1809,1212,1808),(1811,
1813,1213),(1213,1815,1811),(1813,1817,1213),(1213,1817,1819),(1819,1821,
1213),(1821,1823,1213),(1213,1823,1825),(1825,1827,1213),(1829,1831,1213),
(1213,1833,1829),(1831,1215,1213),(1835,1837,1213),(1213,1687,1835),(1837,
1839,1213),(1827,1833,1213),(1839,1815,1213),(1740,1214,1809),(1680,1690,
1841),(1694,1680,1841),(1814,1812,1844),(1812,1816,1845),(1844,1812,1845),
(1818,1814,1848),(1848,1814,1844),(1820,1818,1849),(1849,1818,1848),(1822,
1820,1852),(1852,1820,1849),(1824,1822,1853),(1853,1822,1852),(1826,1824,
1856),(1856,1824,1853),(1828,1826,1857),(1857,1826,1856),(1832,1830,1860),
(1830,1834,1861),(1860,1830,1861),(1216,1832,1864),(1864,1832,1860),(1164,
1216,1865),(1865,1216,1864),(1745,1164,1865),(1218,1184,1868),(1868,1184,
1765),(1220,1218,1869),(1869,1218,1868),(1222,1220,1872),(1872,1220,1869),
(1873,1875,366),(1876,1874,1877),(1873,366,1879),(1874,1880,1882),(1877,
1874,1882),(1875,1883,366),(1884,1876,1885),(1885,1876,1877),(366,1887,
1879),(1883,1889,366),(366,1889,1891),(1891,1893,366),(1543,1887,366),(1893,
1895,366),(366,1895,370),(1897,1899,1901),(1900,1898,1903),(1901,370,1897),
(370,1895,1897),(1898,1896,1906),(1903,1898,1906),(1901,1899,1907),(1908,
1900,1909),(1909,1900,1903),(1911,1901,1913),(1913,1901,1907),(361,1901,
365),(1901,1915,365),(1902,1912,1917),(362,370,1901),(361,362,1901),(1916,
1902,1920),(1920,1902,1917),(1921,1923,1925),(1924,1922,1927),(1921,1925,
1913),(1922,1914,1930),(1927,1922,1930),(1923,1931,1925),(1932,1924,1933),
(1933,1924,1927),(1925,1931,1935),(1935,1937,1925),(1937,1939,1925),(1925,
1939,1941),(1941,1943,1925),(1925,1945,1913),(1925,1947,1949),(1925,1951,
1947),(1949,1953,1925),(1943,1951,1925),(1953,1955,1925),(1925,1955,1957),
(1957,1959,1925),(1946,1926,1961),(1963,1965,1925),(1925,1967,1963),(1965,
1969,1925),(1925,1969,1971),(1925,1971,1973),(1975,1925,1977),(1926,1976,
1979),(1977,1925,1973),(1959,1967,1925),(1961,1926,1979),(1936,1932,1982),
(1982,1932,1933),(1938,1936,1983),(1983,1936,1982),(1940,1938,1986),(1986,
1938,1983),(1942,1940,1987),(1987,1940,1986),(1944,1942,1990),(1990,1942,
1987),(1560,1558,1991),(1558,1562,1994),(1991,1558,1994),(1564,1560,1995),
(1995,1560,1991),(1566,1564,1998),(1998,1564,1995),(1565,1999,2001),(1565,
2003,1999),(2001,2005,1565),(2005,2007,1565),(1565,2007,2009),(2009,2011,
1565),(2013,2015,1565),(2014,1566,2017),(2015,2003,1565),(2011,1567,1565),
(2017,1566,1998),(2019,1913,2021),(2019,1911,1913),(2020,2022,2023),(1912,
2020,2026),(2026,2020,2023),(1913,2027,2021),(1913,2029,2027),(1914,1908,
2031),(2033,2035,1913),(1913,2037,2033),(2035,2039,1913),(1913,1945,2041),
(2041,2043,1913),(2043,2045,1913),(2047,2049,1913),(1913,2051,2047),(2049,
2029,1913),(1913,2045,2053),(2053,2055,1913),(2055,2057,1913),(1913,2057,
2059),(2059,2061,1913),(2061,2063,1913),(1913,2063,2065),(2065,2067,1913),
(2039,2069,1913),(1913,2069,2071),(2071,2073,1913),(2073,2075,1913),(1913,
2075,2077),(2077,2079,1913),(2079,2081,1913),(1913,2081,2083),(2083,2085,
1913),(2067,2037,1913),(2085,2051,1913),(1930,1914,2031),(2022,2028,2087),
(2023,2022,2087),(2028,2030,2090),(2087,2028,2090),(1224,1152,2091),(2091,
1152,1728),(1226,1224,2094),(2094,1224,2091),(1228,1226,2095),(2095,1226,
2094),(1310,1342,2098),(2098,1342,1785),(1312,1310,2098),(1334,1350,2099),
(1729,1334,2099),(1838,1836,2102),(1836,1688,2103),(2102,1836,2103),(1840,
1838,2106),(2106,1838,2102),(1834,1828,2107),(2107,1828,1857),(1861,1834,
2107),(1062,1172,2110),(2110,1172,1753),(1064,1062,2110),(1190,1222,2111),
(2111,1222,1872),(1769,1190,2111),(1572,1570,2114),(1570,1574,2115),(2114,
1570,2115),(1576,1572,2118),(2118,1572,2114),(365,1915,1029),(1030,1916,
2119),(1032,1030,2119),(1880,1888,2122),(1882,1880,2122),(1890,1884,2123),
(2123,1884,1885),(1892,1890,2126),(2126,1890,2123),(1894,1892,2127),(2127,
1892,2126),(1917,1912,2026),(2031,1908,1909),(1950,1948,2130),(1948,1952,
2131),(2130,1948,2131),(1954,1950,2134),(2134,1950,2130),(2036,2034,2135),
(2034,2038,2138),(2135,2034,2138),(2040,2036,2139),(2139,2036,2135),(1354,
1352,2142),(1352,1356,2143),(2142,1352,2143),(1358,1354,2146),(2146,1354,
2142),(1360,1362,2147),(1364,1360,2150),(2150,1360,2147),(1362,1366,2151),
(2147,1362,2151),(1366,1368,2154),(2151,1366,2154),(1350,1348,2155),(2155,
1348,1792),(2099,1350,2155),(1816,1840,2158),(2158,1840,2106),(1845,1816,
2158),(1230,1198,2159),(2159,1198,1777),(1232,1230,2162),(2162,1230,2159),
(1234,1232,2163),(2163,1232,2162),(1238,1236,2166),(1236,1240,2167),(2166,
1236,2167),(1242,1238,2170),(2170,1238,2166),(1244,1242,2171),(2171,1242,
2170),(1246,1244,2174),(2174,1244,2171),(1580,1578,2175),(1578,1582,2178),
(2175,1578,2178),(1574,1580,2179),(2179,1580,2175),(2115,1574,2179),(1584,
1576,2182),(2182,1576,2118),(1586,1584,2183),(2183,1584,2182),(1588,1586,
2186),(2186,1586,2183),(1544,1542,2187),(2187,1542,1716),(1888,1544,2190),
(2190,1544,2187),(2122,1888,2190),(1896,1894,2191),(2191,1894,2127),(1906,
1896,2191),(2119,1916,1920),(1562,1588,2194),(2194,1588,2186),(1994,1562,
2194),(1952,1944,2195),(2195,1944,1990),(2131,1952,2195),(1956,1954,2198),
(2198,1954,2134),(1958,1956,2199),(2199,1956,2198),(1960,1958,2202),(2202,
1958,2199),(2042,1946,2203),(2203,1946,1961),(2041,2205,2043),(2206,2042,
2207),(2207,2042,2203),(2209,2211,2213),(2212,2210,2215),(2213,2217,2209),
(2210,2218,2220),(2215,2210,2220),(2211,2221,2213),(2222,2212,2223),(2223,
2212,2215),(2225,2227,2213),(2227,2217,2213),(2226,2214,2229),(2231,2233,
2213),(2213,2233,2235),(2221,2237,2213),(2213,2237,2239),(2239,2231,2213),
(2214,2236,2241),(2229,2214,2241),(2043,2227,2243),(2043,2245,2227),(2044,
2244,2247),(2205,2245,2043),(2046,2044,2250),(2250,2044,2247),(2227,2251,
2243),(2227,2253,2251),(2228,2246,2255),(2225,2257,2227),(2257,2253,2227),
(2218,2228,2259),(2259,2228,2255),(2244,2252,2262),(2247,2244,2262),(2252,
2254,2263),(2262,2252,2263),(2050,2048,2266),(2048,2052,2267),(2266,2048,
2267),(2030,2050,2270),(2270,2050,2266),(2090,2030,2270),(1340,1364,2271),
(2271,1364,2150),(1784,1340,2271),(1690,1686,2274),(2274,1686,1741),(1841,
1690,2274),(2103,1688,1691),(1240,1234,2275),(2275,1234,2163),(2167,1240,
2275),(1106,1246,2278),(2278,1246,2174),(1590,1106,2279),(2279,1106,2278),
(1592,1590,2282),(2282,1590,2279),(1594,1592,2283),(2283,1592,2282),(1598,
1596,2286),(1596,1600,2287),(2286,1596,2287),(1582,1598,2290),(2290,1598,
2286),(2178,1582,2290),(2246,2206,2291),(2291,2206,2207),(2255,2246,2291),
(2258,2226,2294),(2294,2226,2229),(2254,2258,2295),(2295,2258,2294),(2263,
2254,2295),(1372,1370,2298),(1370,1374,2299),(2298,1370,2299),(1376,1372,
2302),(2302,1372,2298),(1378,1376,2303),(2303,1376,2302),(1380,1378,2306),
(2306,1378,2303),(1368,1358,2307),(2307,1358,2146),(2154,1368,2307),(1600,
1594,2310),(2310,1594,2283),(2287,1600,2310),(1966,1964,2311),(1964,1968,
2314),(2311,1964,2314),(1970,1966,2315),(2315,1966,2311),(1972,1970,2318),
(2318,1970,2315),(1974,1972,2319),(2319,1972,2318),(2321,1975,1977),(1976,
2322,2324),(1977,2325,2321),(2322,2326,2327),(2324,2322,2327),(1979,1976,
2324),(1978,1974,2330),(2331,1977,2333),(1977,2335,2333),(2337,2339,1977),
(1977,2341,2337),(2339,2343,1977),(2331,2345,1977),(2345,2347,1977),(2347,
2349,1977),(2349,2351,1977),(1977,2351,2353),(2353,2355,1977),(2336,1978,
2357),(2343,2325,1977),(2355,2341,1977),(2357,1978,2330),(2330,1974,2319),
(2359,2333,2361),(2334,2360,2363),(2359,2361,2365),(2360,2366,2368),(2363,
2360,2368),(2333,2335,2361),(2332,2334,2369),(2369,2334,2363),(2361,2371,
2365),(2362,2336,2373),(2372,2362,2376),(2376,2362,2373),(2220,2218,2259),
(2377,2379,2233),(2380,2378,2381),(2233,2383,2377),(2378,2384,2386),(2381,
2378,2386),(2379,2387,2233),(2388,2380,2389),(2389,2380,2381),(2391,2393,
2233),(2233,2395,2391),(2393,2397,2233),(2233,2397,2399),(2233,2399,2235),
(2234,2232,2401),(2403,2405,2233),(2404,2234,2407),(2405,2383,2233),(2387,
2395,2233),(2407,2234,2401),(2054,2046,2410),(2410,2046,2250),(2056,2054,
2411),(2411,2054,2410),(1248,1228,2414),(2414,1228,2095),(1250,1248,2415),
(2415,1248,2414),(1252,1250,2418),(2418,1250,2415),(1254,1252,2419),(2419,
1252,2418),(1256,1254,2422),(2422,1254,2419),(1258,1256,2423),(2423,1256,
2422),(1356,1380,2426),(2426,1380,2306),(2143,1356,2426),(1968,1960,2427),
(2427,1960,2202),(2314,1968,2427),(2002,2000,2430),(2000,2004,2431),(2430,
2000,2431),(2006,2002,2434),(2434,2002,2430),(2008,2006,2435),(2435,2006,
2434),(2010,2008,2438),(2438,2008,2435),(2012,2010,2439),(2439,2010,2438),
(2058,2056,2442),(2442,2056,2411),(2060,2058,2443),(2443,2058,2442),(2062,
2060,2446),(2446,2060,2443),(2064,2062,2447),(2447,2062,2446),(2066,2064,
2450),(2450,2064,2447),(2068,2066,2451),(2451,2066,2450),(2070,2040,2454),
(2454,2040,2139),(2072,2070,2455),(2455,2070,2454),(2074,2072,2458),(2458,
2072,2455),(2076,2074,2459),(2459,2074,2458),(2078,2076,2462),(2462,2076,
2459),(2080,2078,2463),(2463,2078,2462),(2082,2080,2466),(2466,2080,2463),
(2084,2082,2467),(2467,2082,2466),(2086,2084,2470),(2470,2084,2467),(2013,
2471,2015),(2472,2014,2473),(2473,2014,2017),(2004,2016,2476),(2471,2477,
2015),(2015,2477,2479),(2479,2481,2015),(2483,2485,2015),(2015,2487,2483),
(2485,2489,2015),(2489,2491,2015),(2491,2493,2015),(2015,2493,2365),(2365,
2371,2015),(2481,2487,2015),(2016,2372,2495),(2476,2016,2495),(2431,2004,
2476),(2478,2472,2498),(2498,2472,2473),(2480,2478,2499),(2499,2478,2498),
(2482,2480,2502),(2502,2480,2499),(2340,2338,2503),(2338,2342,2506),(2503,
2338,2506),(2344,2340,2507),(2507,2340,2503),(1568,2012,2510),(2510,2012,
2439),(1601,1568,2510),(2238,2222,2511),(2511,2222,2223),(2240,2238,2514),
(2514,2238,2511),(2232,2240,2515),(2515,2240,2514),(2038,2068,2518),(2518,
2068,2451),(2138,2038,2518),(2052,2086,2519),(2519,2086,2470),(2267,2052,
2519),(1070,1258,2522),(2522,1258,2423),(1382,1070,2523),(2523,1070,2522),
(1384,1382,2526),(2526,1382,2523),(2486,2484,2527),(2484,2488,2530),(2527,
2484,2530),(2490,2486,2531),(2531,2486,2527),(2492,2490,2534),(2534,2490,
2531),(2494,2492,2535),(2535,2492,2534),(2366,2494,2538),(2538,2494,2535),
(2368,2366,2538),(2346,2332,2539),(2539,2332,2369),(2348,2346,2542),(2542,
2346,2539),(2350,2348,2543),(2543,2348,2542),(2352,2350,2546),(2546,2350,
2543),(2354,2352,2547),(2547,2352,2546),(2356,2354,2550),(2550,2354,2547),
(1675,1695,2551),(1676,2552,2553),(1678,1676,2553),(2551,1695,2555),(1695,
2557,2555),(2558,1696,2559),(2559,1696,1697),(2552,2556,2562),(2553,2552,
2562),(2394,2392,2563),(2392,2396,2566),(2563,2392,2566),(2398,2394,2567),
(2567,2394,2563),(2400,2398,2570),(2570,2398,2567),(2236,2400,2571),(2571,
2400,2570),(2401,2232,2515),(2241,2236,2571),(1386,1384,2574),(2574,1384,
2526),(1388,1386,2575),(2575,1386,2574),(1390,1388,2578),(2578,1388,2575),
(2488,2482,2579),(2579,2482,2502),(2530,2488,2579),(2373,2336,2357),(2495,
2372,2376),(2326,2344,2582),(2582,2344,2507),(2327,2326,2582),(2403,2583,
2405),(2584,2404,2585),(2585,2404,2407),(2384,2406,2588),(2589,2555,2405),
(2405,2555,2591),(2583,2593,2405),(2405,2593,2595),(2595,2589,2405),(2406,
2592,2597),(2588,2406,2597),(2386,2384,2588),(2599,2601,2555),(2602,2600,
2603),(2555,2557,2599),(2600,2558,2606),(2603,2600,2606),(2555,2601,2591),
(2592,2602,2607),(2607,2602,2603),(2556,2590,2610),(2562,2556,2610),(2396,
2388,2611),(2611,2388,2389),(2566,2396,2611),(1374,1390,2614),(2614,1390,
2578),(2299,1374,2614),(2342,2356,2615),(2615,2356,2550),(2506,2342,2615),
(2594,2584,2618),(2618,2584,2585),(2596,2594,2619),(2619,2594,2618),(2590,
2596,2622),(2622,2596,2619),(2606,2558,2559),(2610,2590,2622),(2597,2592,
2607),(590,756,596),(596,756,630),(756,758,630),(630,758,632),(758,760,
632),(632,760,634),(760,762,634),(634,762,636),(762,764,636),(636,764,638),
(764,766,638),(638,766,640),(766,768,640),(640,768,642),(768,770,642),(642,
770,644),(770,772,644),(644,772,646),(772,774,646),(646,774,648),(774,776,
648),(648,776,650),(776,778,650),(650,778,652),(778,780,652),(652,780,654),
(780,782,654),(654,782,656),(782,784,656),(656,784,658),(784,786,658),(658,
786,660),(786,788,660),(660,788,662),(788,790,662),(662,790,664),(790,792,
664),(664,792,666),(792,794,666),(666,794,668),(794,796,668),(668,796,670),
(796,798,670),(670,798,672),(798,800,672),(672,800,674),(800,802,674),(674,
802,676),(802,804,676),(676,804,678),(804,806,678),(678,806,680),(806,808,
680),(680,808,682),(808,810,682),(682,810,684),(810,812,684),(684,812,686),
(812,814,686),(686,814,688),(814,816,688),(688,816,690),(816,818,690),(690,
818,692),(818,820,692),(692,820,694),(820,822,694),(694,822,696),(822,824,
696),(696,824,698),(824,826,698),(698,826,700),(826,828,700),(700,828,702),
(828,830,702),(702,830,704),(830,832,704),(704,832,706),(832,834,706),(706,
834,708),(834,836,708),(708,836,710),(836,838,710),(710,838,712),(838,840,
712),(712,840,714),(840,842,714),(714,842,716),(842,844,716),(716,844,718),
(844,846,718),(718,846,720),(846,848,720),(720,848,722),(848,850,722),(722,
850,724),(850,852,724),(724,852,726),(852,854,726),(726,854,728),(854,856,
728),(728,856,730),(856,858,730),(730,858,732),(858,860,732),(732,860,734),
(860,862,734),(734,862,736),(862,864,736),(736,864,738),(864,866,738),(738,
866,740),(866,868,740),(740,868,742),(868,870,742),(742,870,744),(870,872,
744),(744,872,746),(872,874,746),(746,874,748),(874,876,748),(748,876,750),
(876,878,750),(750,878,752),(878,880,752),(752,880,754),(880,2623,754),
(879,2625,2624),(2627,2625,879),(2629,2627,879),(879,2631,2629),(2633,2631,
879),(881,2633,879),(754,2623,2635),(753,2636,2637),(2637,2639,753),(2639,
2641,753),(753,2641,2643),(2643,2645,753),(2645,628,753),(2623,2626,2635),
(2635,2626,2638),(2626,2628,2638),(2638,2628,2640),(2628,2630,2640),(2640,
2630,2642),(2630,2632,2642),(2642,2632,2644),(2632,2634,2644),(2644,2634,
2646),(2634,882,2646),(2646,882,627),(2647,1677,2554),(1674,1677,2647),
(2554,2561,2647),(2561,2609,2647),(2647,2609,2621),(2621,2620,2647),(2620,
2617,2647),(2647,2617,2586),(2586,2408,2647),(2408,2402,2647),(2647,2402,
2516),(2516,2513,2647),(2513,2512,2647),(2647,2512,2224),(2224,2216,2647),
(2216,2219,2647),(2647,2219,2260),(2260,2256,2647),(2256,2292,2647),(2647,
2292,2208),(2208,2204,2647),(2204,1962,2647),(2647,1962,1980),(1980,2323,
2647),(2323,2328,2647),(2647,2328,2581),(2581,2508,2647),(2508,2504,2647),
(2647,2504,2505),(2505,2616,2647),(2616,2549,2647),(2647,2549,2548),(2548,
2545,2647),(2545,2544,2647),(2647,2544,2541),(2541,2540,2647),(2540,2370,
2647),(2647,2370,2364),(2364,2367,2647),(2367,2537,2647),(2647,2537,2536),
(2536,2533,2647),(2533,2532,2647),(2647,2532,2528),(2528,2529,2647),(2529,
2580,2647),(2647,2580,2501),(2501,2500,2647),(2500,2497,2647),(2647,2497,
2474),(2474,2018,2647),(2018,1997,2647),(2647,1997,1996),(1996,1992,2647),
(1992,1993,2647),(2647,1993,2193),(2193,2185,2647),(2185,2184,2647),(2647,
2184,2181),(2181,2117,2647),(2117,2113,2647),(2647,2113,2116),(2116,2180,
2647),(2180,2176,2647),(2647,2176,2177),(2177,2289,2647),(2289,2285,2647),
(2647,2285,2288),(2288,2309,2647),(2309,2284,2647),(2647,2284,2281),(2281,
2280,2647),(2280,2277,2647),(2647,2277,2173),(2173,2172,2647),(2172,2169,
2647),(2647,2169,2165),(2165,2168,2647),(2168,2276,2647),(2647,2276,2164),
(2164,2161,2647),(2161,2160,2647),(2647,2160,1778),(1778,1775,2647),(1775,
1774,2647),(2647,1774,1771),(1771,1767,2647),(1767,1770,2647),(2647,1770,
2112),(2112,1871,2647),(1871,1870,2647),(2647,1870,1867),(1867,1766,2647),
(1766,1763,2647),(2647,1763,1762),(1762,1759,2647),(1759,1758,2647),(2647,
1758,1755),(1755,1703,2647),(1703,1702,2647),(2647,1702,1699),(1699,1623,
2647),(1623,1622,2647),(2647,1622,1619),(1619,1444,2647),(1444,1441,2647),
(2647,1441,1437),(1437,1440,2647),(1440,1646,2647),(2647,1646,1643),(1643,
1642,2647),(1642,1639,2647),(2647,1639,1501),(1501,1500,2647),(1500,1497,
2647),(2647,1497,1068),(1068,1060,2647),(1060,1063,2647),(2647,1063,2109),
(2109,1754,2647),(1754,1751,2647),(2647,1751,1750),(1750,1747,2647),(1747,
1743,2647),(2647,1743,1746),(1746,1866,2647),(1866,1863,2647),(2647,1863,
1859),(1859,1862,2647),(1862,2108,2647),(2647,2108,1858),(1858,1855,2647),
(1855,1854,2647),(2647,1854,1851),(1851,1850,2647),(1850,1847,2647),(2647,
1847,1843),(1843,1846,2647),(1846,2157,2647),(2647,2157,2105),(2105,2101,
2647),(2101,2104,2647),(2647,2104,1692),(1692,1674,2647),(602,1023,617),
(1023,2648,617),(615,2650,903),(2651,2649,1022),(2653,2652,1021),(2653,
1021,1024),(2650,2656,2658),(903,2650,2658),(2657,2649,2651),(1878,1881,
2661),(2661,1886,1878),(1881,2121,2661),(2661,2121,2189),(2189,2188,2661),
(2125,2124,2661),(2661,2128,2125),(2124,1886,2661),(1905,2192,2661),(2661,
1904,1905),(2192,2128,2661),(2032,1910,2661),(2661,1929,2032),(1910,1904,
2661),(1934,1928,2661),(2661,1981,1934),(1928,1929,2661),(1985,1984,2661),
(2661,1988,1985),(1984,1981,2661),(2196,1989,2661),(2661,2132,2196),(1989,
1988,2661),(2133,2129,2661),(2661,2197,2133),(2129,2132,2661),(2201,2200,
2661),(2661,2428,2201),(2200,2197,2661),(2312,2313,2661),(2661,2316,2312),
(2313,2428,2661),(2320,2317,2661),(2661,2329,2320),(2317,2316,2661),(2374,
2358,2661),(2661,2375,2374),(2358,2329,2661),(2475,2496,2661),(2661,2432,
2475),(2496,2375,2661),(2433,2429,2661),(2661,2436,2433),(2429,2432,2661),
(2440,2437,2661),(2661,2509,2440),(2437,2436,2661),(1555,1602,2661),(2661,
1551,1555),(1602,2509,2661),(1603,1554,2661),(2661,1606,1603),(1554,1551,
2661),(1718,1607,2661),(2661,1719,1718),(1607,1606,2661),(1723,1722,2661),
(2661,1726,1723),(1722,1719,2661),(2092,1727,2661),(2661,2093,2092),(1727,
1726,2661),(2413,2096,2661),(2661,2416,2413),(2096,2093,2661),(2420,2417,
2661),(2661,2421,2420),(2417,2416,2661),(2521,2424,2661),(2661,2524,2521),
(2424,2421,2661),(2573,2525,2661),(2661,2576,2573),(2525,2524,2661),(2613,
2577,2661),(2661,2300,2613),(2577,2576,2661),(2301,2297,2661),(2661,2304,
2301),(2297,2300,2661),(2425,2305,2661),(2661,2144,2425),(2305,2304,2661),
(2145,2141,2661),(2661,2308,2145),(2141,2144,2661),(2152,2153,2661),(2661,
2148,2152),(2153,2308,2661),(2272,2149,2661),(2661,1783,2272),(2149,2148,
2661),(1786,1782,2661),(2661,2097,1786),(1782,1783,2661),(1308,1311,2661),
(2661,1316,1308),(1311,2097,2661),(1611,1610,2661),(2661,1614,1611),(1610,
1316,2661),(1631,1658,2661),(2661,1630,1631),(1658,1614,2661),(1627,1626,
2661),(2661,1787,1627),(1626,1630,2661),(1791,1790,2661),(2661,2156,1791),
(1790,1787,2661),(1730,2100,2661),(2661,1053,1730),(2100,2156,2661),(1265,
1050,2661),(2661,1264,1265),(1050,1053,2661),(1290,1270,2661),(2661,1291,
1290),(1270,1264,2661),(1295,1445,2661),(2661,1294,1295),(1445,1291,2661),
(1299,1298,2661),(2661,1302,1299),(1298,1294,2661),(1650,1647,2661),(2661,
1511,1650),(1647,1302,2661),(1516,1508,2661),(2661,1546,1516),(1508,1511,
2661),(1550,1547,2661),(2661,1651,1550),(1547,1546,2661),(1655,1654,2661),
(2661,1706,1655),(1654,1651,2661),(1710,1707,2661),(2661,1779,1710),(1707,
1706,2661),(1711,1714,2661),(2661,1715,1711),(1714,1779,2661),(2188,1715,
2661),(2655,2659,2662),(2654,2664,2660),(2655,2662,2667),(2668,2669,2653),
(2669,2671,2653),(2653,2671,2673),(2673,2675,2653),(2675,2677,2653),(2653,
2677,2679),(2679,2681,2653),(2681,2683,2653),(2683,2685,2653),(2653,2685,
2687),(2687,2689,2653),(2689,2691,2653),(2653,2691,2693),(2693,2695,2653),
(2695,2697,2653),(2653,2697,2699),(2699,2701,2653),(2701,2703,2653),(2653,
2703,2705),(2705,2707,2653),(2707,2709,2653),(2653,2709,2711),(2711,2713,
2653),(2713,2715,2653),(2653,2715,2717),(2717,2719,2653),(2719,2721,2653),
(2721,2723,2653),(2653,2723,2725),(2653,2725,2727),(2727,2729,2653),(2729,
2731,2653),(2653,2731,2733),(2735,2653,2733),(2735,2737,2653),(2737,2739,
2653),(2739,2741,2653),(2653,2741,2743),(2743,2745,2653),(2745,2747,2653),
(2653,2747,2749),(2749,2751,2653),(2751,2753,2653),(2653,2753,2755),(2755,
2757,2653),(2757,2759,2653),(2653,2759,2761),(2653,2761,2763),(2765,2653,
2763),(2765,2767,2653),(2767,2769,2653),(2653,2769,2771),(2771,2773,2653),
(2773,2775,2653),(2775,2777,2653),(2653,2777,2779),(2779,2781,2653),(2781,
2783,2653),(2653,2783,2785),(2785,2787,2653),(2787,2789,2653),(2653,2789,
2791),(2791,2793,2653),(2793,2652,2653),(2665,2653,1024),(2663,2658,2795),
(2658,2797,2795),(2799,2797,2658),(2801,2799,2658),(2658,2803,2801),(2805,
2803,2658),(2807,2805,2658),(2658,2809,2807),(2811,2809,2658),(2813,2811,
2658),(2658,2815,2813),(2817,2815,2658),(2819,2817,2658),(2658,2821,2819),
(2823,2821,2658),(2825,2823,2658),(2825,2658,2827),(2658,2829,2827),(2658,
2831,2829),(2833,2831,2658),(2835,2833,2658),(2658,2837,2835),(2839,2837,
2658),(2841,2839,2658),(2843,2841,2658),(2658,2845,2843),(2847,2845,2658),
(2849,2847,2658),(2658,2851,2849),(2658,2853,2851),(2855,2853,2658),(2857,
2855,2658),(2658,2859,2857),(2861,2859,2658),(2863,2861,2658),(2865,2863,
2658),(2658,2867,2865),(2869,2867,2658),(2871,2869,2658),(2873,2871,2658),
(2658,2875,2873),(2877,2875,2658),(2879,2877,2658),(2658,2881,2879),(2883,
2881,2658),(2885,2883,2658),(2658,2887,2885),(2889,2887,2658),(2891,2889,
2658),(2893,2891,2658),(2658,2895,2893),(2897,2895,2658),(2899,2897,2658),
(2658,2901,2899),(2903,2901,2658),(2905,2903,2658),(2658,2907,2905),(2909,
2907,2658),(2911,2909,2658),(2913,2911,2658),(2658,2915,2913),(2917,2915,
2658),(2919,2917,2658),(2658,2656,2919),(2664,2921,2660),(2658,2923,903),
(2662,2925,2667),(2663,2795,2924),(2667,2925,2926),(2669,2668,2927),(2925,
2928,2926),(2795,2929,2924),(2926,2928,2930),(2927,2931,2669),(2928,2932,
2930),(2933,2929,2795),(2930,2932,2934),(2931,2935,2669),(2932,2936,2934),
(2938,2937,2933),(2938,2933,2940),(2940,2933,2795),(2934,2936,2942),(2935,
2943,2944),(2935,2944,2946),(2669,2935,2946),(2936,2939,2942),(2942,2939,
2945),(2939,2941,2945),(2945,2941,2947),(2941,2796,2947),(2947,2796,2670),
(2796,2798,2670),(2670,2798,2672),(2798,2800,2672),(2672,2800,2674),(2800,
2802,2674),(2674,2802,2676),(2802,2804,2676),(2676,2804,2678),(2804,2806,
2678),(2678,2806,2680),(2806,2808,2680),(2680,2808,2682),(2808,2810,2682),
(2682,2810,2684),(2810,2812,2684),(2684,2812,2686),(2812,2814,2686),(2686,
2814,2688),(2814,2816,2688),(2688,2816,2690),(2816,2818,2690),(2690,2818,
2692),(2818,2820,2692),(2692,2820,2694),(2820,2822,2694),(2694,2822,2696),
(2822,2824,2696),(2696,2824,2698),(2824,2826,2698),(2698,2826,2700),(2826,
2828,2700),(2700,2828,2702),(2828,2830,2702),(2702,2830,2704),(2830,2832,
2704),(2704,2832,2706),(2832,2834,2706),(2706,2834,2708),(2834,2836,2708),
(2708,2836,2710),(2836,2838,2710),(2710,2838,2712),(2838,2840,2712),(2712,
2840,2714),(2840,2842,2714),(2714,2842,2716),(2842,2844,2716),(2716,2844,
2718),(2844,2846,2718),(2718,2846,2720),(2846,2848,2720),(2720,2848,2722),
(2848,2850,2722),(2722,2850,2724),(2850,2852,2724),(2724,2852,2726),(2852,
2854,2726),(2726,2854,2728),(2854,2856,2728),(2728,2856,2730),(2856,2858,
2730),(2730,2858,2732),(2858,2860,2732),(2732,2860,2734),(2860,2862,2734),
(2734,2862,2736),(2862,2864,2736),(2736,2864,2738),(2864,2866,2738),(2738,
2866,2740),(2866,2868,2740),(2740,2868,2742),(2868,2870,2742),(2742,2870,
2744),(2870,2872,2744),(2744,2872,2746),(2872,2874,2746),(2746,2874,2748),
(2874,2876,2748),(2748,2876,2750),(2876,2878,2750),(2750,2878,2752),(2878,
2880,2752),(2752,2880,2754),(2880,2882,2754),(2754,2882,2756),(2882,2884,
2756),(2756,2884,2758),(2884,2886,2758),(2758,2886,2760),(2886,2888,2760),
(2760,2888,2762),(2888,2890,2762),(2762,2890,2764),(2890,2892,2764),(2764,
2892,2766),(2892,2894,2766),(2766,2894,2768),(2894,2896,2768),(2768,2896,
2770),(2896,2898,2770),(2770,2898,2772),(2898,2900,2772),(2772,2900,2774),
(2900,2902,2774),(2774,2902,2776),(2902,2904,2776),(2776,2904,2778),(2904,
2906,2778),(2778,2906,2780),(2906,2908,2780),(2780,2908,2782),(2908,2910,
2782),(2782,2910,2784),(2910,2912,2784),(2784,2912,2786),(2912,2914,2786),
(2786,2914,2788),(2914,2916,2788),(2788,2916,2790),(2916,2918,2790),(2790,
2918,2792),(2918,2920,2792),(2792,2920,2794),(2920,2657,2794),(2794,2657,
2651),(2666,1026,2922),(1026,904,2922),(2948,1448,1416),(1449,1448,2948),
(1416,1413,2948),(1413,1412,2948),(2948,1412,1409),(1409,1408,2948),(1408,
1405,2948),(2948,1405,1404),(1404,1401,2948),(1401,1400,2948),(2948,1400,
1397),(1397,1396,2948),(1396,1393,2948),(2948,1393,1392),(1392,999,2948),
(999,998,2948),(2948,998,1028),(1028,1031,2948),(1031,2120,2948),(2948,
2120,1919),(1919,1918,2948),(1918,2025,2948),(2948,2025,2024),(2024,2088,
2948),(2088,2089,2948),(2948,2089,2269),(2269,2265,2948),(2265,2268,2948),
(2948,2268,2520),(2520,2469,2948),(2469,2468,2948),(2948,2468,2465),(2465,
2464,2948),(2464,2461,2948),(2948,2461,2460),(2460,2457,2948),(2457,2456,
2948),(2948,2456,2453),(2453,2140,2948),(2140,2136,2948),(2948,2136,2137),
(2137,2517,2948),(2517,2452,2948),(2948,2452,2449),(2449,2448,2948),(2448,
2445,2948),(2948,2445,2444),(2444,2441,2948),(2441,2412,2948),(2948,2412,
2409),(2409,2249,2948),(2249,2248,2948),(2948,2248,2261),(2261,2264,2948),
(2264,2296,2948),(2948,2296,2293),(2293,2230,2948),(2230,2242,2948),(2948,
2242,2572),(2572,2569,2948),(2569,2568,2948),(2948,2568,2564),(2564,2565,
2948),(2565,2612,2948),(2948,2612,2390),(2390,2382,2948),(2382,2385,2948),
(2948,2385,2587),(2587,2598,2948),(2598,2608,2948),(2948,2608,2604),(2604,
2605,2948),(2605,2560,2948),(2948,2560,1698),(1698,1693,2948),(1693,1842,
2948),(2948,1842,2273),(2273,1742,2948),(1742,1738,2948),(2948,1738,1739),
(1739,1810,2948),(1810,1807,2948),(2948,1807,1735),(1735,1734,2948),(1734,
1731,2948),(2948,1731,1666),(1666,1663,2948),(1663,1659,2948),(2948,1659,
1662),(1662,1806,2948),(1806,1803,2948),(2948,1803,1802),(1802,1799,2948),
(1799,1798,2948),(2948,1798,1795),(1795,1794,2948),(1794,1436,2948),(2948,
1436,1432),(1432,1433,2948),(1433,1496,2948),(2948,1496,1638),(1638,1635,
2948),(1635,1429,2948),(2948,1429,1428),(1428,1425,2948),(1425,1043,2948),
(2948,1043,1039),(1039,1042,2948),(1042,1493,2948),(2948,1493,1492),(1492,
1489,2948),(1489,1488,2948),(2948,1488,1038),(1038,1035,2948),(1035,1034,
2948),(2948,1034,896),(896,888,2948),(888,891,2948),(2948,891,1634),(1634,
1485,2948),(1485,1484,2948),(2948,1484,1481),(1481,1480,2948),(1480,1477,
2948),(2948,1477,1476),(1476,1472,2948),(1472,1473,2948),(2948,1473,1618),
(1618,1469,2948),(1469,1468,2948),(2948,1468,1465),(1465,1464,2948),(1464,
1461,2948),(2948,1461,1460),(1460,1424,2948),(1424,1421,2948),(2948,1421,
1417),(1417,1420,2948),(1420,1615,2948),(2948,1615,1457),(1457,1456,2948),
(1456,1453,2948),(2948,1453,1452),(1452,1449,2948)),());
#21=COORDINATES_LIST('',1464,((0.0596253063082275,0.100818736641475,0.),
(0.0596253063082275,0.100818736641475,0.01),(0.0648225414196885,0.0956215015300141,
0.00490000009536743),(0.0648225414196885,0.0956215015300141,0.00620000004768372),
(0.0648225414196885,0.0956215015300141,0.00870000004768372),(0.0648225414196885,
0.0956215015300141,0.01),(0.0648610953336575,0.0955829476160451,0.00620118951797485),
(0.0648610953336575,0.0955829476160451,0.008698810338974),(0.0648995764178723,
0.0955444665318303,0.00620475649833679),(0.0648995764178723,0.0955444665318303,
0.00869524335861206),(0.0649379111682291,0.0955061317814735,0.00621069407463074),
(0.0649379111682291,0.0955061317814735,0.00868930602073669),(0.064976026080624,
0.0954680168690786,0.00621899032592773),(0.064976026080624,0.0954680168690786,
0.0086810097694397),(0.0650138483253029,0.0954301946243997,0.00622962999343872),
(0.0650138483253029,0.0954301946243997,0.00867037010192871),(0.0650513070955603,
0.0953927358541423,0.00624259281158447),(0.0650513070955603,0.0953927358541423,
0.00865740728378296),(0.0650883302359914,0.0953557127137112,0.00625785374641418),
(0.0650883302359914,0.0953557127137112,0.00864214611053467),(0.0651248472770656,
0.095319195672637,0.00627538418769836),(0.0651248472770656,0.095319195672637,
0.00862461566925049),(0.0651607887607765,0.0952832541889261,0.00629515051841736),
(0.0651607887607765,0.0952832541889261,0.0086048493385315),(0.065196086577817,
0.0952479563718856,0.00631711530685425),(0.065196086577817,0.0952479563718856,
0.00858288478851318),(0.0652306732932294,0.0952133696564732,0.00634123659133911),
(0.0652306732932294,0.0952133696564732,0.00855876350402832),(0.0652644828207553,
0.0951795601289473,0.0063674681186676),(0.0652644828207553,0.0951795601289473,
0.00853253173828125),(0.0652974514343596,0.095146591515343,0.00639576053619385),
(0.0652974514343596,0.095146591515343,0.00850423932075501),(0.0653295157451824,
0.0951145272045202,0.00642605996131897),(0.0653295157451824,0.0951145272045202,
0.00847394013404846),(0.0653606153989364,0.0950834275507662,0.00645830821990967),
(0.0653606153989364,0.0950834275507662,0.00844169163703918),(0.0653906903785094,
0.0950533525711932,0.00649244451522827),(0.0653906903785094,0.0950533525711932,
0.00840755558013916),(0.065419684038537,0.0950243589111656,0.00652840328216552),
(0.065419684038537,0.0950243589111656,0.00837159681320191),(0.065447541082354,
0.0949965018673486,0.00656611657142639),(0.065447541082354,0.0949965018673486,
0.00833388352394104),(0.0654742082363438,0.0949698347133588,0.0066055121421814),
(0.0654742082363438,0.0949698347133588,0.00829448771476745),(0.0654996349242882,
0.0949444080254144,0.00664651560783386),(0.0654996349242882,0.0949444080254144,
0.00825348448753357),(0.0655237729301926,0.09492027001951,0.00668904829025269),
(0.0655237729301926,0.09492027001951,0.00821095180511475),(0.0655465760611109,
0.0948974668885917,0.00673302960395813),(0.0655465760611109,0.0948974668885917,
0.0081669704914093),(0.0655680008214956,0.094876042128207,0.00677837538719177),
(0.0655680008214956,0.094876042128207,0.00812162446975708),(0.0655880067503719,
0.0948560361993307,0.00682500004768371),(0.0655880067503719,0.0948560361993307,
0.00807500004768372),(0.0656065554098142,0.0948374875398884,0.00687281441688537),
(0.0656065554098142,0.0948374875398884,0.00802718591690063),(0.0656236117336443,
0.0948204312160583,0.00692172718048095),(0.0656236117336443,0.0948204312160583,
0.00797827291488648),(0.065639143015908,0.0948048999337946,0.00697164583206177),
(0.065639143015908,0.0948048999337946,0.00792835426330567),(0.0656531199223986,
0.094790923027304,0.00702247476577759),(0.0656531199223986,0.094790923027304,
0.00787752532958984),(0.0656655158163078,0.0947785271333948,0.00707411766052246),
(0.0656655158163078,0.0947785271333948,0.00782588219642639),(0.0656763070954006,
0.0947677358543021,0.0071264762878418),(0.0656763070954006,0.0947677358543021,
0.00777352380752563),(0.0656854728548399,0.0947585700948627,0.00717945051193238),
(0.0656854728548399,0.0947585700948627,0.00772054958343506),(0.0656929965730613,
0.0947510463766413,0.00723293972015381),(0.0656929965730613,0.0947510463766413,
0.00766706013679505),(0.0656988627400244,0.0947451802096782,0.00728684234619141),
(0.0656988627400244,0.0947451802096782,0.00761315774917603),(0.0657030609033109,
0.0947409820463917,0.00734105539321899),(0.0657030609033109,0.0947409820463917,
0.00755894470214844),(0.0657055833079006,0.094738459641802,0.0073954758644104),
(0.0657055833079006,0.094738459641802,0.00750452423095703),(0.0657064245589969,
0.0947376183907057,0.00744999980926513),(0.0694804398323201,0.107324122265269,
0.),(0.0694804398323201,0.107324122265269,0.0035),(0.0694819584675657,0.107254327084135,
0.),(0.0694819584675657,0.107254327084135,0.0035),(0.0694819598162648,0.107393910702908,
0.),(0.0694819598162648,0.107393910702908,0.0035),(0.0694865238141964,0.107463568316728,
0.),(0.0694865238141964,0.107463568316728,0.0035),(0.0694865258372451,0.107184671493363,
0.),(0.0694865258372451,0.107184671493363,0.0035),(0.0694941264313182,0.107115278898926,
0.),(0.0694941264313182,0.107115278898926,0.0035),(0.0694941277800173,0.107532964282913,
0.),(0.0694941277800173,0.107532964282913,0.0035),(0.0695047420423463,0.107046280798991,
0.),(0.0695047420423463,0.107046280798991,0.0035),(0.0695047427166959,0.107601954965003,
0.),(0.0695047427166959,0.107601954965003,0.0035),(0.0695183625550859,0.107670422351821,
0.),(0.0695183625550859,0.107670422351821,0.0035),(0.0695183632294355,0.106977816109571,
0.),(0.0695183632294355,0.106977816109571,0.0035),(0.0695349556007572,0.107738230899104,
0.),(0.0695349556007572,0.107738230899104,0.0035),(0.0695349562751068,0.106910010259687,
0.),(0.0695349562751068,0.106910010259687,0.0035),(0.0695544908336294,0.106842990701408,
0.),(0.0695544908336294,0.106842990701408,0.0035),(0.0695544908336294,0.107805249783033,
0.),(0.0695544908336294,0.107805249783033,0.0035),(0.0695769284670775,0.106776887584204,
0.),(0.0695769284670775,0.106776887584204,0.0035),(0.0695769284670775,0.107871351551538,
0.),(0.0695769284670775,0.107871351551538,0.0035),(0.0696022300631755,0.106711826337095,
0.),(0.0696022300631755,0.106711826337095,0.0035),(0.0696022300631755,0.107936412798647,
0.),(0.0696022300631755,0.107936412798647,0.0035),(0.0696303457200549,0.108000310792738,
0.),(0.0696303457200549,0.108000310792738,0.0035),(0.0696303463944045,0.106647931714752,
0.),(0.0696303463944045,0.106647931714752,0.0035),(0.0696612187923514,0.106585321728352,
0.),(0.0696612187923514,0.106585321728352,0.0035),(0.0696612201410505,0.10806291740739,
0.),(0.0696612201410505,0.10806291740739,0.0035),(0.0696947980294969,0.108124120700574,
0.),(0.0696947980294969,0.108124120700574,0.0035),(0.069694798029497,0.106524121132566,
0.),(0.069694798029497,0.106524121132566,0.0035),(0.0697310085786888,0.108183797266317,
0.),(0.0697310085786888,0.108183797266317,0.0035),(0.0697310106017375,0.106464441195075,
0.),(0.0697310106017375,0.106464441195075,0.0035),(0.0697697937945625,0.106406398578355,
0.),(0.0697697937945625,0.106406398578355,0.0035),(0.069769794468912,0.108241842580436,
0.),(0.069769794468912,0.108241842580436,0.0035),(0.0698110714064697,0.106350101852687,
0.),(0.0698110714064697,0.106350101852687,0.0035),(0.0698110727551688,0.108298139980454,
0.),(0.0698110727551688,0.108298139980454,0.0035),(0.0698547645385587,0.108352579547388,
0.),(0.0698547645385587,0.108352579547388,0.0035),(0.0698547665616075,0.106295660262703,
0.),(0.0698547665616075,0.106295660262703,0.0035),(0.0699007936175797,0.106243175635189,
0.),(0.0699007936175797,0.106243175635189,0.0035),(0.0699007936175797,0.108405064849252,
0.),(0.0699007936175797,0.108405064849252,0.0035),(0.0699490669319901,0.106192749796932,
0.),(0.0699490669319901,0.106192749796932,0.0035),(0.0699490689550388,0.108455492710558,
0.),(0.0699490689550388,0.108455492710558,0.0035),(0.0699994927702477,0.106144476482521,
0.),(0.0699994927702477,0.106144476482521,0.0035),(0.0699994941189468,0.108503765350619,
0.),(0.0699994941189468,0.108503765350619,0.0035),(0.0700519767234117,0.108549791732242,
0.),(0.0700519767234117,0.108549791732242,0.0035),(0.0700519773977613,0.106098449426549,
0.),(0.0700519773977613,0.106098449426549,0.0035),(0.070106418987745,0.106054754271411,
0.),(0.070106418987745,0.106054754271411,0.0035),(0.070106418987745,0.10859348621303,
0.),(0.070106418987745,0.10859348621303,0.0035),(0.0701627150390632,0.106013477333854,
0.),(0.0701627150390632,0.106013477333854,0.0035),(0.0701627163877624,0.108634764499286,
0.),(0.0701627163877624,0.108634764499286,0.0035),(0.0702207576557837,0.105974694141029,
0.),(0.0702207576557837,0.105974694141029,0.0035),(0.0702207590044829,0.108673547692111,
0.),(0.0702207590044829,0.108673547692111,0.0035),(0.0702804382676247,0.105938480894439,
0.),(0.0702804382676247,0.105938480894439,0.0035),(0.0702804382676247,0.108709760938702,
0.),(0.0702804382676247,0.108709760938702,0.0035),(0.0703416381890608,0.105904902331643,
0.),(0.0703416381890608,0.105904902331643,0.0035),(0.0703416415608087,0.108743338827148,
0.),(0.0703416415608087,0.108743338827148,0.0035),(0.0704042481754607,0.108774213248144,
0.),(0.0704042481754607,0.108774213248144,0.0035),(0.0704042495241599,0.105874028584997,
0.),(0.0704042495241599,0.105874028584997,0.0035),(0.0704681434721528,0.105845912928117,
0.),(0.0704681434721528,0.105845912928117,0.0035),(0.0704681434721528,0.108802326207625,
0.),(0.0704681434721528,0.108802326207625,0.0035),(0.0705332040449125,0.105820612006369,
0.),(0.0705332040449125,0.105820612006369,0.0035),(0.0705332047192621,0.108827627803723,
0.),(0.0705332047192621,0.108827627803723,0.0035),(0.0705993078364666,0.10885006678587,
0.),(0.0705993078364666,0.10885006678587,0.0035),(0.0705993085108162,0.105798173024222,
0.),(0.0705993085108162,0.105798173024222,0.0035),(0.0706663267203955,0.108869602018742,
0.),(0.0706663267203955,0.108869602018742,0.0035),(0.0706663273947451,0.105778639140049,
0.),(0.0706663273947451,0.105778639140049,0.0035),(0.0707341332446294,0.105762046094377,
0.),(0.0707341332446294,0.105762046094377,0.0035),(0.070734133918979,0.108886193715714,
0.),(0.070734133918979,0.108886193715714,0.0035),(0.0708025979340497,0.105748424907288,
0.),(0.0708025979340497,0.105748424907288,0.0035),(0.0708026013057975,0.108899813554104,
0.),(0.0708026013057975,0.108899813554104,0.0035),(0.0708715960339847,0.10891043253688,
0.),(0.0708715960339847,0.10891043253688,0.0035),(0.0708715960339847,0.10573780929626,
0.),(0.0708715960339847,0.10573780929626,0.0035),(0.0709409879540722,0.105730209376536,
0.),(0.0709409879540722,0.105730209376536,0.0035),(0.0709409879540722,0.108918032456604,
0.),(0.0709409879540722,0.108918032456604,0.0035),(0.0710106442191935,0.105725641332507,
0.),(0.0710106442191935,0.105725641332507,0.0035),(0.0710106455678927,0.108922596454535,
0.),(0.0710106455678927,0.108922596454535,0.0035),(0.0710804380516284,0.108924120484578,
0.),(0.0710804380516284,0.108924120484578,0.0035),(0.0710804394003275,0.105724122697262,
0.),(0.0710804394003275,0.105724122697262,0.0035),(0.0710804394003276,0.107324122265269,
0.0035),(0.0711502285123154,0.105725642006857,0.),(0.0711502285123154,0.105725642006857,
0.0035),(0.071150229186665,0.108922597803235,0.),(0.071150229186665,0.108922597803235,
0.0035),(0.0712198847774368,0.105730207353488,0.),(0.0712198847774368,0.105730207353488,
0.0035),(0.0712198861261359,0.108918031782254,0.),(0.0712198861261359,0.108918031782254,
0.0035),(0.071289278720573,0.108910431188181,0.),(0.071289278720573,0.108910431188181,
0.0035),(0.0712892814179713,0.105737810644959,0.),(0.0712892814179713,0.105737810644959,
0.0035),(0.0713582721000609,0.105748425581638,0.),(0.0713582721000609,0.105748425581638,
0.0035),(0.0713582754718088,0.108899814228454,0.),(0.0713582754718088,0.108899814228454,
0.0035),(0.0714267394868795,0.105762045420028,0.),(0.0714267394868795,0.105762045420028,
0.0035),(0.0714267401612291,0.108886193041365,0.),(0.0714267401612291,0.108886193041365,
0.0035),(0.0714945473598125,0.105778639140049,0.),(0.0714945473598125,0.105778639140049,
0.0035),(0.0714945487085117,0.108869602693092,0.),(0.0714945487085117,0.108869602693092,
0.0035),(0.0715615669180911,0.105798173698571,0.),(0.0715615669180911,0.105798173698571,
0.0035),(0.0715615669180911,0.10885006678587,0.),(0.0715615669180911,0.10885006678587,
0.0035),(0.0716276686865964,0.105820611332019,0.),(0.0716276686865964,0.105820611332019,
0.0035),(0.0716276700352955,0.108827629152422,0.),(0.0716276700352955,0.108827629152422,
0.0035),(0.0716927306080553,0.105845912253768,0.),(0.0716927306080553,0.105845912253768,
0.0035),(0.0716927312824048,0.108802327556324,0.),(0.0716927312824048,0.108802327556324,
0.0035),(0.0717566272534465,0.105874029259346,0.),(0.0717566272534465,0.105874029259346,
0.0035),(0.0717566272534465,0.108774212573794,0.),(0.0717566272534465,0.108774212573794,
0.0035),(0.0718192345424481,0.108743337478449,0.),(0.0718192345424481,0.108743337478449,
0.0035),(0.0718192352167977,0.105904902331643,0.),(0.0718192352167977,0.105904902331643,
0.0035),(0.0718804378356321,0.108709760938702,0.),(0.0718804378356321,0.108709760938702,
0.0035),(0.0718804385099817,0.105938480220089,0.),(0.0718804385099817,0.105938480220089,
0.0035),(0.0719401144013757,0.105974691443631,0.),(0.0719401144013757,0.105974691443631,
0.0035),(0.0719401164244244,0.108673547017762,0.),(0.0719401164244244,0.108673547017762,
0.0035),(0.0719981590411449,0.108634763824937,0.),(0.0719981590411449,0.108634763824937,
0.0035),(0.071998160389844,0.106013476659504,0.),(0.071998160389844,0.106013476659504,
0.0035),(0.0720544557668126,0.10859348621303,0.),(0.0720544557668126,0.10859348621303,
0.0035),(0.0720544564411622,0.10605475629446,0.),(0.0720544564411622,0.10605475629446,
0.0035),(0.0721088960080972,0.10609844807785,0.),(0.0721088960080972,0.10609844807785,
0.0035),(0.0721088973567963,0.108549791057892,0.),(0.0721088973567963,0.108549791057892,
0.0035),(0.07216138198431,0.10850376400192,0.),(0.07216138198431,0.10850376400192,
0.0035),(0.07216138198431,0.106144476482521,0.),(0.07216138198431,0.106144476482521,
0.0035),(0.0722118091712667,0.108455492036208,0.),(0.0722118091712667,0.108455492036208,
0.0035),(0.0722118105199659,0.106192751145631,0.),(0.0722118105199659,0.106192751145631,
0.0035),(0.072260081136978,0.108405064849252,0.),(0.072260081136978,0.108405064849252,
0.0035),(0.0722600824856771,0.106243176983889,0.),(0.0722600824856771,0.106243176983889,
0.0035),(0.0723061081929502,0.106295660262703,0.),(0.0723061081929502,0.106295660262703,
0.0035),(0.0723061081929502,0.108352580221738,0.),(0.0723061081929502,0.108352580221738,
0.0035),(0.0723498026737384,0.106350102527036,0.),(0.0723498026737384,0.106350102527036,
0.0035),(0.072349803348088,0.108298138631754,0.),(0.072349803348088,0.108298138631754,
0.0035),(0.0723910802856456,0.108241842580436,0.),(0.0723910802856456,0.108241842580436,
0.0035),(0.0723910823086943,0.106406398578355,0.),(0.0723910823086943,0.106406398578355,
0.0035),(0.0724298634784706,0.108183799963716,0.),(0.0724298634784706,0.108183799963716,
0.0035),(0.0724298648271697,0.106464441869425,0.),(0.0724298648271697,0.106464441869425,
0.0035),(0.0724660780737598,0.108124120700574,0.),(0.0724660780737598,0.108124120700574,
0.0035),(0.0724660787481094,0.106524120458217,0.),(0.0724660787481094,0.106524120458217,
0.0035),(0.0724996539391576,0.108062918081739,0.),(0.0724996539391576,0.108062918081739,
0.0035),(0.0724996566365559,0.106585323751401,0.),(0.0724996566365559,0.106585323751401,
0.0035),(0.0725305297088523,0.106647931714752,0.),(0.0725305297088523,0.106647931714752,
0.0035),(0.0725305303832018,0.108000309444039,0.),(0.0725305303832018,0.108000309444039,
0.0035),(0.0725586440170325,0.106711825662745,0.),(0.0725586440170325,0.106711825662745,
0.0035),(0.0725586446913821,0.107936414147347,0.),(0.0725586446913821,0.107936414147347,
0.0035),(0.072583944938781,0.106776887584204,0.),(0.072583944938781,0.106776887584204,
0.0035),(0.0725839456131306,0.107871353574587,0.),(0.0725839456131306,0.107871353574587,
0.0035),(0.0726063839209282,0.106842990701408,0.),(0.0726063839209282,0.106842990701408,
0.0035),(0.0726063845952778,0.107805249108683,0.),(0.0726063845952778,0.107805249108683,
0.0035),(0.0726259184794509,0.106910010259687,0.),(0.0726259184794509,0.106910010259687,
0.0035),(0.07262591982815,0.107738231573453,0.),(0.07262591982815,0.107738231573453,
0.0035),(0.0726360711494949,0.0878079718002077,0.00744999980926513),(0.0726369124005912,
0.0878071305491114,0.0073954758644104),(0.0726369124005912,0.0878071305491114,
0.00750452423095703),(0.0726394348051809,0.0878046081445217,0.00734105539321899),
(0.0726394348051809,0.0878046081445217,0.00755894470214844),(0.0726425101764231,
0.107670423026171,0.),(0.0726425101764231,0.107670423026171,0.0035),(0.0726425108507726,
0.106977816783921,0.),(0.0726425108507726,0.106977816783921,0.0035),(0.0726436329684674,
0.0878004099812352,0.00728684234619141),(0.0726436329684674,0.0878004099812352,
0.00761315774917603),(0.0726494991354305,0.0877945438142721,0.00723293972015381),
(0.0726494991354305,0.0877945438142721,0.00766706013679505),(0.0726561306891626,
0.107046284170739,0.),(0.0726561306891626,0.107046284170739,0.0035),(0.0726561313635122,
0.107601958336751,0.),(0.0726561313635122,0.107601958336751,0.0035),(0.0726570228536519,
0.0877870200960507,0.00717945051193238),(0.0726570228536519,0.0877870200960507,
0.00772054958343506),(0.0726661886130913,0.0877778543366114,0.0071264762878418),
(0.0726661886130913,0.0877778543366114,0.00777352380752563),(0.0726667483232395,
0.107532961585515,0.),(0.0726667483232395,0.107532961585515,0.0035),(0.0726667496719386,
0.107115278898926,0.),(0.0726667496719386,0.107115278898926,0.0035),(0.072674348242963,
0.107463569665427,0.),(0.072674348242963,0.107463569665427,0.0035),(0.0726743489173125,
0.107184671493363,0.),(0.0726743489173125,0.107184671493363,0.0035),(0.072676979892184,
0.0877670630575186,0.00707411766052246),(0.072676979892184,0.0877670630575186,
0.00782588219642639),(0.0726789142639432,0.107254327758485,0.),(0.0726789142639432,
0.107254327758485,0.0035),(0.0726789149382928,0.107393912051607,0.),(0.0726789149382928,
0.107393912051607,0.0035),(0.0726804376196358,0.10732412091657,0.),(0.0726804376196358,
0.10732412091657,0.0035),(0.0726893757860932,0.0877546671636094,0.00702247476577759),
(0.0726893757860932,0.0877546671636094,0.00787752532958984),(0.0727033526925838,
0.0877406902571188,0.00697164583206177),(0.0727033526925838,0.0877406902571188,
0.00792835426330567),(0.0727188839748475,0.0877251589748551,0.00692172718048095),
(0.0727188839748475,0.0877251589748551,0.00797827291488648),(0.0727359402986776,
0.087708102651025,0.00687281441688537),(0.0727359402986776,0.087708102651025,
0.00802718591690063),(0.0727544889581199,0.0876895539915827,0.00682500004768371),
(0.0727544889581199,0.0876895539915827,0.00807500004768372),(0.0727744948869962,
0.0876695480627064,0.00677837538719177),(0.0727744948869962,0.0876695480627064,
0.00812162446975708),(0.0727959196473809,0.0876481233023217,0.00673302960395813),
(0.0727959196473809,0.0876481233023217,0.0081669704914093),(0.0728187227782992,
0.0876253201714034,0.00668904829025269),(0.0728187227782992,0.0876253201714034,
0.00821095180511475),(0.0728428607842036,0.087601182165499,0.00664651560783386),
(0.0728428607842036,0.087601182165499,0.00825348448753357),(0.072868287472148,
0.0875757554775546,0.0066055121421814),(0.072868287472148,0.0875757554775546,
0.00829448771476745),(0.0728949546261378,0.0875490883235648,0.00656611657142639),
(0.0728949546261378,0.0875490883235648,0.00833388352394104),(0.0729228116699548,
0.0875212312797478,0.00652840328216552),(0.0729228116699548,0.0875212312797478,
0.00837159681320191),(0.0729518053299824,0.0874922376197202,0.00649244451522827),
(0.0729518053299824,0.0874922376197202,0.00840755558013916),(0.0729818803095554,
0.0874621626401472,0.00645830821990967),(0.0729818803095554,0.0874621626401472,
0.00844169163703918),(0.0730129799633094,0.0874310629863932,0.00642605996131897),
(0.0730129799633094,0.0874310629863932,0.00847394013404846),(0.0730450442741322,
0.0873989986755704,0.00639576053619385),(0.0730450442741322,0.0873989986755704,
0.00850423932075501),(0.0730780128877365,0.0873660300619661,0.0063674681186676),
(0.0730780128877365,0.0873660300619661,0.00853253173828125),(0.0731118224152624,
0.0873322205344402,0.00634123659133911),(0.0731118224152624,0.0873322205344402,
0.00855876350402832),(0.0731464091306748,0.0872976338190278,0.00631711530685425),
(0.0731464091306748,0.0872976338190278,0.00858288478851318),(0.0731817069477153,
0.0872623360019873,0.00629515051841736),(0.0731817069477153,0.0872623360019873,
0.0086048493385315),(0.0732176484314262,0.0872263945182764,0.00627538418769836),
(0.0732176484314262,0.0872263945182764,0.00862461566925049),(0.0732541654725004,
0.0871898774772022,0.00625785374641418),(0.0732541654725004,0.0871898774772022,
0.00864214611053467),(0.0732911886129315,0.0871528543367711,0.00624259281158447),
(0.0732911886129315,0.0871528543367711,0.00865740728378296),(0.0733286473831889,
0.0871153955665137,0.00622962999343872),(0.0733286473831889,0.0871153955665137,
0.00867037010192871),(0.0733664696278678,0.0870775733218348,0.00621899032592773),
(0.0733664696278678,0.0870775733218348,0.0086810097694397),(0.0734045845402627,
0.0870394584094399,0.00621069407463074),(0.0734045845402627,0.0870394584094399,
0.00868930602073669),(0.0734429192906195,0.0870011236590831,0.00620475649833679),
(0.0734429192906195,0.0870011236590831,0.00869524335861206),(0.0734814003748343,
0.0869626425748683,0.00620118951797485),(0.0734814003748343,0.0869626425748683,
0.008698810338974),(0.0735199542888033,0.0869240886608993,0.00490000009536743),
(0.0735199542888033,0.0869240886608993,0.00620000004768372),(0.0735199542888033,
0.0869240886608993,0.00870000004768372),(0.0735199542888033,0.0869240886608993,
0.01),(0.0787171894002643,0.0817268535494383,0.),(0.0787171894002643,0.0817268535494383,
0.01),(0.0836225734330024,0.121466255865952,0.),(0.0836225734330024,0.121466255865952,
0.0035),(0.0836225754560511,0.0931819866415383,0.),(0.0836225754560511,
0.0931819866415383,0.0035),(0.0836240940912966,0.0931121914604043,0.),(0.0836240940912966,
0.0931121914604043,0.0035),(0.0836240947656462,0.0932517757535262,0.),(0.0836240947656462,
0.0932517757535262,0.0035),(0.0836240961143454,0.121396464730915,0.),(0.0836240961143454,
0.121396464730915,0.0035),(0.0836240961143454,0.121536047000988,0.),(0.0836240961143454,
0.121536047000988,0.0035),(0.0836286601122769,0.0933214320186476,0.),(0.0836286601122769,
0.0933214320186476,0.0035),(0.0836286607866265,0.121605705289158,0.),(0.0836286607866265,
0.121605705289158,0.0035),(0.0836286614609761,0.121326807117094,0.),(0.0836286614609761,
0.121326807117094,0.0035),(0.0836286621353256,0.093042535195283,0.),(0.0836286621353256,
0.093042535195283,0.0035),(0.0836362613806995,0.121257413848308,0.),(0.0836362613806995,
0.121257413848308,0.0035),(0.0836362613806995,0.121675097883595,0.),(0.0836362613806995,
0.121675097883595,0.0035),(0.0836362620550491,0.0929731432751955,0.),(0.0836362620550491,
0.0929731432751955,0.0035),(0.0836362634037483,0.0933908286591821,0.),(0.0836362634037483,
0.0933908286591821,0.0035),(0.0836468776660772,0.0929041451752605,0.),(0.0836468776660772,
0.0929041451752605,0.0035),(0.0836468783404268,0.0934598193412717,0.),(0.0836468783404268,
0.0934598193412717,0.0035),(0.083646879689126,0.121188418445771,0.),(0.083646879689126,
0.121188418445771,0.0035),(0.0836468803634756,0.121744092611782,0.),(0.0836468803634756,
0.121744092611782,0.0035),(0.0836604981788168,0.0935282867280903,0.),(0.0836604981788168,
0.0935282867280903,0.0035),(0.0836604988531664,0.0928356804858402,0.),(0.0836604988531664,
0.0928356804858402,0.0035),(0.0836604988531664,0.121119951733302,0.),(0.0836604988531664,
0.121119951733302,0.0035),(0.083660499527516,0.121812559324251,0.),(0.083660499527516,
0.121812559324251,0.0035),(0.0836770912244882,0.121880366522835,0.),(0.0836770912244882,
0.121880366522835,0.0035),(0.0836770918988377,0.0927678746359559,0.),(0.0836770918988377,
0.0927678746359559,0.0035),(0.0836770918988377,0.0935960946010233,0.),(0.0836770918988377,
0.0935960946010233,0.0035),(0.0836770918988377,0.121052145883418,0.),(0.0836770918988377,
0.121052145883418,0.0035),(0.0836966257830108,0.092700855752027,0.),(0.0836966257830108,
0.092700855752027,0.0035),(0.0836966257830108,0.121947384732414,0.),(0.0836966257830108,
0.121947384732414,0.0035),(0.0836966264573604,0.0936631141593019,0.),(0.0836966264573604,
0.0936631141593019,0.0035),(0.0836966264573604,0.120985126325139,0.),(0.0836966264573604,
0.120985126325139,0.0035),(0.0837190640908084,0.0937292159278072,0.),(0.0837190640908084,
0.0937292159278072,0.0035),(0.083719064765158,0.0926347512861233,0.),(0.083719064765158,
0.0926347512861233,0.0035),(0.083719064765158,0.120919023882284,0.),(0.083719064765158,
0.120919023882284,0.0035),(0.083719064765158,0.122013487849619,0.),(0.083719064765158,
0.122013487849619,0.0035),(0.0837443650125569,0.0937942778492661,0.),(0.0837443650125569,
0.0937942778492661,0.0035),(0.0837443656869064,0.0925696907133636,0.),(0.0837443656869064,
0.0925696907133636,0.0035),(0.0837443656869065,0.120853961960826,0.),(0.0837443656869065,
0.120853961960826,0.0035),(0.083744366361256,0.122078549096728,0.),(0.083744366361256,
0.122078549096728,0.0035),(0.0837724806694363,0.120790065989784,0.),(0.0837724806694363,
0.120790065989784,0.0035),(0.0837724806694363,0.122142445742119,0.),(0.0837724806694363,
0.122142445742119,0.0035),(0.0837724813437859,0.0925057967653707,0.),(0.0837724813437859,
0.0925057967653707,0.0035),(0.0837724820181355,0.0938581744946573,0.),(0.0837724820181355,
0.0938581744946573,0.0035),(0.0838033550904319,0.0924431854302716,0.),(0.0838033550904319,
0.0924431854302716,0.0035),(0.0838033550904319,0.0939207824580085,0.),(0.0838033550904319,
0.0939207824580085,0.0035),(0.0838033557647815,0.120727458700782,0.),(0.0838033557647815,
0.120727458700782,0.0035),(0.0838033557647815,0.122205053031121,0.),(0.0838033557647815,
0.122205053031121,0.0035),(0.0838369323045288,0.120666255407598,0.),(0.0838369323045288,
0.120666255407598,0.0035),(0.0838369323045288,0.122266254975606,0.),(0.0838369323045288,
0.122266254975606,0.0035),(0.0838369329788783,0.0939819857511925,0.),(0.0838369329788783,
0.0939819857511925,0.0035),(0.0838369336532279,0.0923819855088355,0.),(0.0838369336532279,
0.0923819855088355,0.0035),(0.0838731442024197,0.0940416616425865,0.),(0.0838731442024197,
0.0940416616425865,0.0035),(0.0838731462254685,0.120606576818806,0.),(0.0838731462254685,
0.120606576818806,0.0035),(0.0838731462254685,0.122325934913097,0.),(0.0838731462254685,
0.122325934913097,0.0035),(0.083873146899818,0.0923223048969945,0.),(0.083873146899818,
0.0923223048969945,0.0035),(0.0839119294182934,0.0940997076310548,0.),(0.0839119294182934,
0.0940997076310548,0.0035),(0.0839119294182934,0.120548534202085,0.),(0.0839119294182934,
0.120548534202085,0.0035),(0.083911930092643,0.092264262280274,0.),(0.083911930092643,
0.092264262280274,0.0035),(0.083911930092643,0.122383978204167,0.),(0.083911930092643,
0.122383978204167,0.0035),(0.0839532070302006,0.0922079662289558,0.),(0.0839532070302006,
0.0922079662289558,0.0035),(0.0839532077045502,0.120492238150767,0.),(0.0839532077045502,
0.120492238150767,0.0035),(0.0839532077045502,0.122440274929835,0.),(0.0839532077045502,
0.122440274929835,0.0035),(0.0839532090532493,0.094156003682373,0.),(0.0839532090532493,
0.094156003682373,0.0035),(0.0839969008366392,0.094210443249308,0.),(0.0839969008366392,
0.094210443249308,0.0035),(0.0839969008366393,0.122494715845469,0.),(0.0839969008366393,
0.122494715845469,0.0035),(0.0839969015109888,0.120437795212084,0.),(0.0839969015109888,
0.120437795212084,0.0035),(0.0839969021853384,0.0921535246389721,0.),(0.0839969021853384,
0.0921535246389721,0.0035),(0.084042928566961,0.122547199798633,0.),(0.084042928566961,
0.122547199798633,0.0035),(0.0840429292413106,0.0921010400114585,0.),(0.0840429292413106,
0.0921010400114585,0.0035),(0.0840429292413106,0.0942629292255208,0.),(0.0840429292413106,
0.0942629292255208,0.0035),(0.0840429292413106,0.12038531125892,0.),(0.0840429292413106,
0.12038531125892,0.0035),(0.0840912018813715,0.120334884746313,0.),(0.0840912018813715,
0.120334884746313,0.0035),(0.084091202555721,0.0920506141732009,0.),(0.084091202555721,
0.0920506141732009,0.0035),(0.0840912025557211,0.12259762631124,0.),(0.0840912025557211,
0.12259762631124,0.0035),(0.0840912039044202,0.0943133577611767,0.),(0.0840912039044202,
0.0943133577611767,0.0035),(0.0841416283939786,0.0920023408587905,0.),(0.0841416283939786,
0.0920023408587905,0.0035),(0.0841416283939786,0.120286612106252,0.),(0.0841416283939786,
0.120286612106252,0.0035),(0.0841416283939786,0.122645899625651,0.),(0.0841416283939786,
0.122645899625651,0.0035),(0.0841416297426778,0.0943616297268879,0.),(0.0841416297426778,
0.0943616297268879,0.0035),(0.0841941123471427,0.120240584375931,0.),(0.0841941123471427,
0.120240584375931,0.0035),(0.0841941123471427,0.122691927355972,0.),(0.0841941123471427,
0.122691927355972,0.0035),(0.0841941130214923,0.0919563138028183,0.),(0.0841941130214923,
0.0919563138028183,0.0035),(0.0841941130214923,0.094407655434161,0.),(0.0841941130214923,
0.094407655434161,0.0035),(0.0842485539371264,0.122735621162411,0.),(0.0842485539371264,
0.122735621162411,0.0035),(0.084248554611476,0.0919126186476805,0.),(0.084248554611476,
0.0919126186476805,0.0035),(0.0842485552858255,0.0944513499149492,0.),(0.0842485552858255,
0.0944513499149492,0.0035),(0.0842485552858256,0.120196890569492,0.),(0.0842485552858256,
0.120196890569492,0.0035),(0.0843048506627942,0.120155612957585,0.),(0.0843048506627942,
0.120155612957585,0.0035),(0.0843048506627942,0.122776898774318,0.),(0.0843048506627942,
0.122776898774318,0.0035),(0.0843048513371437,0.0918713410357733,0.),(0.0843048513371437,
0.0918713410357733,0.0035),(0.0843048513371437,0.0944926295499051,0.),(0.0843048513371437,
0.0944926295499051,0.0035),(0.0843628932795146,0.12011682976476,0.),(0.0843628932795146,
0.12011682976476,0.0035),(0.0843628932795147,0.122815681967143,0.),(0.0843628932795147,
0.122815681967143,0.0035),(0.0843628939538642,0.0918325578429483,0.),(0.0843628939538642,
0.0918325578429483,0.0035),(0.0843628946282138,0.0945314120683805,0.),(0.0843628946282138,
0.0945314120683805,0.0035),(0.0844225725426565,0.120080615169471,0.),(0.0844225725426565,
0.120080615169471,0.0035),(0.0844225732170061,0.0945676259893202,0.),(0.0844225732170061,
0.0945676259893202,0.0035),(0.0844225738913556,0.0917963452707078,0.),(0.0844225738913556,
0.0917963452707078,0.0035),(0.0844225738913556,0.122851896562433,0.),(0.0844225738913556,
0.122851896562433,0.0035),(0.0844837744871413,0.0917627660335622,0.),(0.0844837744871413,
0.0917627660335622,0.0035),(0.0844837751614909,0.120047039304073,0.),(0.0844837751614909,
0.120047039304073,0.0035),(0.0844837751614909,0.12288547242783,0.),(0.0844837751614909,
0.12288547242783,0.0035),(0.0844837765101901,0.0946012038777667,0.),(0.0844837765101901,
0.0946012038777667,0.0035),(0.0845463831248421,0.122916348197525,0.),(0.0845463831248421,
0.122916348197525,0.0035),(0.0845463837991917,0.120016162860029,0.),(0.0845463837991917,
0.120016162860029,0.0035),(0.0845463844735412,0.0917318936356153,0.),(0.0845463844735412,
0.0917318936356153,0.0035),(0.0845463844735412,0.0946320769500631,0.),(0.0845463844735412,
0.0946320769500631,0.0035),(0.0846102784215342,0.0946601912582433,0.),(0.0846102784215342,
0.0946601912582433,0.0035),(0.0846102790958837,0.0917037773043863,0.),(0.0846102790958837,
0.0917037773043863,0.0035),(0.0846102790958838,0.119988048551848,0.),(0.0846102790958838,
0.119988048551848,0.0035),(0.0846102797702333,0.122944462505705,0.),(0.0846102797702333,
0.122944462505705,0.0035),(0.084675340342993,0.0916784757082883,0.),(0.084675340342993,
0.0916784757082883,0.0035),(0.084675340342993,0.0946854921799918,0.),(0.084675340342993,
0.0946854921799918,0.0035),(0.0846753403429931,0.119962748304449,0.),(0.0846753403429931,
0.119962748304449,0.0035),(0.0846753403429931,0.122969763427454,0.),(0.0846753403429931,
0.122969763427454,0.0035),(0.0847414434601975,0.0916560380748402,0.),(0.0847414434601975,
0.0916560380748402,0.0035),(0.0847414434601975,0.094707931162139,0.),(0.0847414434601975,
0.094707931162139,0.0035),(0.0847414441345471,0.119940308647953,0.),(0.0847414441345471,
0.119940308647953,0.0035),(0.0847414441345471,0.122992203083951,0.),(0.0847414441345471,
0.122992203083951,0.0035),(0.0848084616697769,0.123011736968124,0.),(0.0848084616697769,
0.123011736968124,0.0035),(0.084808463018476,0.0916365035163176,0.),(0.084808463018476,
0.0916365035163176,0.0035),(0.084808463018476,0.0947274657206617,0.),(0.084808463018476,
0.0947274657206617,0.0035),(0.0848084630184761,0.119920774763779,0.),(0.0848084630184761,
0.119920774763779,0.0035),(0.0848762688683604,0.0916199104706463,0.),(0.0848762688683604,
0.0916199104706463,0.0035),(0.0848762688683604,0.119904181718108,0.),(0.0848762688683604,
0.119904181718108,0.0035),(0.0848762695427099,0.0947440580919834,0.),(0.0848762695427099,
0.0947440580919834,0.0035),(0.08487626954271,0.123028329339445,0.),(0.08487626954271,
0.123028329339445,0.0035),(0.0849447335577806,0.0916062892835571,0.),(0.0849447335577806,
0.0916062892835571,0.0035),(0.0849447355808294,0.119890562554068,0.),(0.0849447355808294,
0.119890562554068,0.0035),(0.0849447362551789,0.123041948503486,0.),(0.0849447362551789,
0.123041948503486,0.0035),(0.0849447369295285,0.0947576779303734,0.),(0.0849447369295285,
0.0947576779303734,0.0035),(0.0850137309833661,0.119879944245641,0.),(0.0850137309833661,
0.119879944245641,0.0035),(0.0850137309833661,0.123052567486262,0.),(0.0850137309833661,
0.123052567486262,0.0035),(0.0850137316577156,0.091595673672529,0.),(0.0850137316577156,
0.091595673672529,0.0035),(0.0850137316577156,0.0947682969131494,0.),(0.0850137316577156,
0.0947682969131494,0.0035),(0.0850831235778031,0.119872345000267,0.),(0.0850831235778031,
0.119872345000267,0.0035),(0.0850831235778031,0.123060168080335,0.),(0.0850831235778031,
0.123060168080335,0.0035),(0.0850831242521527,0.0915880730784559,0.),(0.0850831242521527,
0.0915880730784559,0.0035),(0.0850831242521527,0.0947758961585233,0.),(0.0850831242521527,
0.0947758961585233,0.0035),(0.0851527798429245,0.0915835057087765,0.),(0.0851527798429245,
0.0915835057087765,0.0035),(0.085152780517274,0.094780461505154,0.),(0.085152780517274,
0.094780461505154,0.0035),(0.0851527818659732,0.119867778979287,0.),(0.0851527818659732,
0.119867778979287,0.0035),(0.0851527818659732,0.123064732752616,0.),(0.0851527818659732,
0.123064732752616,0.0035),(0.0852225730010098,0.119866256297944,0.),(0.0852225730010098,
0.119866256297944,0.0035),(0.0852225730010098,0.123066255433959,0.),(0.0852225730010098,
0.123066255433959,0.0035),(0.0852225730010098,0.121466255865952,0.0035),
(0.0852225736753593,0.0947819848608466,0.),(0.0852225736753593,0.0947819848608466,
0.0035),(0.0852225750240585,0.0915819870735309,0.),(0.0852225750240585,
0.0915819870735309,0.0035),(0.0852225750240585,0.0931819866415384,0.0035),
(0.0852923634616968,0.0915835070574756,0.),(0.0852923634616968,0.0915835070574756,
0.0035),(0.0852923641360464,0.123064732752616,0.),(0.0852923641360464,0.123064732752616,
0.0035),(0.0852923648103959,0.0947804621795036,0.),(0.0852923648103959,
0.0947804621795036,0.0035),(0.0852923648103959,0.119867778304938,0.),(0.0852923648103959,
0.119867778304938,0.0035),(0.0853620210755173,0.0915880710554072,0.),(0.0853620210755173,
0.0915880710554072,0.0035),(0.0853620217498669,0.119872344325918,0.),(0.0853620217498669,
0.119872344325918,0.0035),(0.0853620217498669,0.123060167405985,0.),(0.0853620217498669,
0.123060167405985,0.0035),(0.0853620224242164,0.0947758954841738,0.),(0.0853620224242164,
0.0947758954841738,0.0035),(0.0854314143443039,0.0947682955644503,0.),(0.0854314143443039,
0.0947682955644503,0.0035),(0.0854314143443039,0.123052566811912,0.),(0.0854314143443039,
0.123052566811912,0.0035),(0.0854314150186535,0.119879944245641,0.),(0.0854314150186535,
0.119879944245641,0.0035),(0.0854314170417022,0.0915956750212281,0.),(0.0854314170417022,
0.0915956750212281,0.0035),(0.0855004077237919,0.0916062899579067,0.),(0.0855004077237919,
0.0916062899579067,0.0035),(0.0855004097468406,0.119890563228417,0.),(0.0855004097468406,
0.119890563228417,0.0035),(0.0855004097468406,0.123041948503486,0.),(0.0855004097468406,
0.123041948503486,0.0035),(0.0855004110955398,0.094757678604723,0.),(0.0855004110955398,
0.094757678604723,0.0035),(0.0855688751106104,0.0916199097962967,0.),(0.0855688751106104,
0.0916199097962967,0.0035),(0.08556887578496,0.0947440574176339,0.),(0.08556887578496,
0.0947440574176339,0.0035),(0.0855688764593096,0.119904182392458,0.),(0.0855688764593096,
0.119904182392458,0.0035),(0.0855688764593096,0.123028329339445,0.),(0.0855688764593096,
0.123028329339445,0.0035),(0.0856366829835435,0.119920774763779,0.),(0.0856366829835435,
0.119920774763779,0.0035),(0.0856366829835435,0.123011736968124,0.),(0.0856366829835435,
0.123011736968124,0.0035),(0.0856366836578931,0.091636502841968,0.),(0.0856366836578931,
0.091636502841968,0.0035),(0.0856366843322426,0.0947274670693608,0.),(0.0856366843322426,
0.0947274670693608,0.0035),(0.0857037018674724,0.0947079318364886,0.),(0.0857037018674724,
0.0947079318364886,0.0035),(0.0857037018674724,0.119940308647953,0.),(0.0857037018674724,
0.119940308647953,0.0035),(0.085703702541822,0.0916560380748402,0.),(0.085703702541822,
0.0916560380748402,0.0035),(0.085703702541822,0.122992202409601,0.),(0.085703702541822,
0.122992202409601,0.0035),(0.0857698043103273,0.0916784757082883,0.),(0.0857698043103273,
0.0916784757082883,0.0035),(0.0857698049846769,0.1199627476301,0.),(0.0857698049846769,
0.1199627476301,0.0035),(0.0857698049846769,0.122969764101803,0.),(0.0857698049846769,
0.122969764101803,0.0035),(0.0857698063333761,0.0946854928543414,0.),(0.0857698063333761,
0.0946854928543414,0.0035),(0.0858348655574366,0.0917037773043863,0.),(0.0858348655574366,
0.0917037773043863,0.0035),(0.0858348669061358,0.0946601919325929,0.),(0.0858348669061358,
0.0946601919325929,0.0035),(0.0858348669061358,0.119988048551848,0.),(0.0858348669061358,
0.119988048551848,0.0035),(0.0858348669061358,0.122944463180055,0.),(0.0858348669061358,
0.122944463180055,0.0035),(0.0858987622028279,0.0946320776244126,0.),(0.0858987622028279,
0.0946320776244126,0.0035),(0.0858987622028279,0.120016164208728,0.),(0.0858987622028279,
0.120016164208728,0.0035),(0.0858987622028279,0.122916347523175,0.),(0.0858987622028279,
0.122916347523175,0.0035),(0.085898763551527,0.0917318929612657,0.),(0.085898763551527,
0.0917318929612657,0.0035),(0.0859613701661791,0.0917627673822613,0.),(0.0859613701661791,
0.0917627673822613,0.0035),(0.0859613701661791,0.12288547310218,0.),(0.0859613701661791,
0.12288547310218,0.0035),(0.0859613708405286,0.0946012011803684,0.),(0.0859613708405286,
0.0946012011803684,0.0035),(0.0859613708405286,0.120047037955374,0.),(0.0859613708405286,
0.120047037955374,0.0035),(0.0860225727850135,0.120080614495121,0.),(0.0860225727850135,
0.120080614495121,0.0035),(0.086022573459363,0.0917963452707077,0.),(0.086022573459363,
0.0917963452707077,0.0035),(0.0860225734593631,0.0945676253149706,0.),(0.0860225734593631,
0.0945676253149706,0.0035),(0.0860225734593631,0.122851896562433,0.),(0.0860225734593631,
0.122851896562433,0.0035),(0.0860822500251066,0.0918325558198996,0.),(0.0860822500251066,
0.0918325558198996,0.0035),(0.0860822520481553,0.12011682909041,0.),(0.0860822520481553,
0.12011682909041,0.0035),(0.0860822520481553,0.122815682641493,0.),(0.0860822520481553,
0.122815682641493,0.0035),(0.0860822527225049,0.0945314107196814,0.),(0.0860822527225049,
0.0945314107196814,0.0035),(0.0861402946648758,0.122776899448668,0.),(0.0861402946648758,
0.122776899448668,0.0035),(0.0861402953392254,0.0918713417101228,0.),(0.0861402953392254,
0.0918713417101228,0.0035),(0.0861402953392254,0.0944926275268564,0.),(0.0861402953392254,
0.0944926275268564,0.0035),(0.086140296013575,0.120155612283235,0.),(0.086140296013575,
0.120155612283235,0.0035),(0.086196590716194,0.122735621162411,0.),(0.086196590716194,
0.122735621162411,0.0035),(0.0861965913905436,0.0944513505892988,0.),(0.0861965913905436,
0.0944513505892988,0.0035),(0.0861965913905436,0.120196891243842,0.),(0.0861965913905436,
0.120196891243842,0.0035),(0.0861965927392427,0.0919126199963796,0.),(0.0861965927392427,
0.0919126199963796,0.0035),(0.0862510323061777,0.0919563117797695,0.),(0.0862510323061777,
0.0919563117797695,0.0035),(0.0862510323061777,0.120240584375931,0.),(0.0862510323061777,
0.120240584375931,0.0035),(0.0862510329805273,0.094407655434161,0.),(0.0862510329805273,
0.094407655434161,0.0035),(0.0862510329805273,0.122691926681623,0.),(0.0862510329805273,
0.122691926681623,0.0035),(0.0863035169336913,0.120286611431903,0.),(0.0863035169336913,
0.120286611431903,0.0035),(0.0863035176080409,0.0920023408587905,0.),(0.0863035176080409,
0.0920023408587905,0.0035),(0.0863035176080409,0.0943616283781888,0.),(0.0863035176080409,
0.0943616283781888,0.0035),(0.0863035176080409,0.122645899625651,0.),(0.0863035176080409,
0.122645899625651,0.0035),(0.0863539441206481,0.120334884746313,0.),(0.0863539441206481,
0.120334884746313,0.0035),(0.0863539441206481,0.12259762698559,0.),(0.0863539441206481,
0.12259762698559,0.0035),(0.0863539447949976,0.0943133564124775,0.),(0.0863539447949976,
0.0943133564124775,0.0035),(0.0863539454693472,0.0920506161962496,0.),(0.0863539454693472,
0.0920506161962496,0.0035),(0.0864022167607089,0.0942629292255208,0.),(0.0864022167607089,
0.0942629292255208,0.0035),(0.0864022167607089,0.12038531125892,0.),(0.0864022167607089,
0.12038531125892,0.0035),(0.086402216760709,0.122547200472983,0.),(0.086402216760709,
0.122547200472983,0.0035),(0.0864022181094081,0.0921010413601576,0.),(0.0864022181094081,
0.0921010413601576,0.0035),(0.0864482438166811,0.0942104445980071,0.),(0.0864482438166811,
0.0942104445980071,0.0035),(0.0864482438166812,0.120437795886434,0.),(0.0864482438166812,
0.120437795886434,0.0035),(0.0864482438166812,0.122494715845469,0.),(0.0864482438166812,
0.122494715845469,0.0035),(0.0864482444910307,0.0921535239646225,0.),(0.0864482444910307,
0.0921535239646225,0.0035),(0.0864919376231198,0.120492237476418,0.),(0.0864919376231198,
0.120492237476418,0.0035),(0.0864919382974694,0.122440273581136,0.),(0.0864919382974694,
0.122440273581136,0.0035),(0.0864919389718189,0.0922079662289558,0.),(0.0864919389718189,
0.0922079662289558,0.0035),(0.0864919389718189,0.0941560030080234,0.),(0.0864919389718189,
0.0941560030080234,0.0035),(0.0865332159093766,0.122383978204167,0.),(0.0865332159093766,
0.122383978204167,0.0035),(0.0865332165837261,0.0940997062823557,0.),(0.0865332165837261,
0.0940997062823557,0.0035),(0.0865332165837261,0.120548532853386,0.),(0.0865332165837261,
0.120548532853386,0.0035),(0.0865332172580757,0.0922642636289732,0.),(0.0865332172580757,
0.0922642636289732,0.0035),(0.0865719991022015,0.120606576144456,0.),(0.0865719991022015,
0.120606576144456,0.0035),(0.0865719991022015,0.122325935587447,0.),(0.0865719991022015,
0.122325935587447,0.0035),(0.0865719997765511,0.0940416636656352,0.),(0.0865719997765511,
0.0940416636656352,0.0035),(0.0865720004509006,0.0923223062456937,0.),(0.0865720004509006,
0.0923223062456937,0.0035),(0.0866082136974908,0.0923819855088355,0.),(0.0866082136974908,
0.0923819855088355,0.0035),(0.0866082136974908,0.0939819850768429,0.),(0.0866082136974908,
0.0939819850768429,0.0035),(0.0866082136974908,0.122266256324305,0.),(0.0866082136974908,
0.122266256324305,0.0035),(0.0866082143718404,0.120666256081948,0.),(0.0866082143718404,
0.120666256081948,0.0035),(0.0866417895628885,0.12220505370547,0.),(0.0866417895628885,
0.12220505370547,0.0035),(0.0866417902372381,0.0939207817836589,0.),(0.0866417902372381,
0.0939207817836589,0.0035),(0.0866417902372381,0.120727457352083,0.),(0.0866417902372381,
0.120727457352083,0.0035),(0.0866417915859372,0.0924431888020195,0.),(0.0866417915859372,
0.0924431888020195,0.0035),(0.0866726646582336,0.120790066664133,0.),(0.0866726646582336,
0.120790066664133,0.0035),(0.0866726653325832,0.0938581744946573,0.),(0.0866726653325832,
0.0938581744946573,0.0035),(0.0866726653325832,0.12214244439342,0.),(0.0866726653325832,
0.12214244439342,0.0035),(0.0866726660069328,0.0925057954166715,0.),(0.0866726660069328,
0.0925057954166715,0.0035),(0.0867007789664139,0.0925696907133636,0.),(0.0867007789664139,
0.0925696907133636,0.0035),(0.0867007803151131,0.0937942785236156,0.),(0.0867007803151131,
0.0937942785236156,0.0035),(0.0867007803151131,0.120853961960826,0.),(0.0867007803151131,
0.120853961960826,0.0035),(0.0867007803151131,0.122078549771078,0.),(0.0867007803151131,
0.122078549771078,0.0035),(0.086726080562512,0.0926347519604729,0.),(0.086726080562512,
0.0926347519604729,0.0035),(0.086726080562512,0.120919023207935,0.),(0.086726080562512,
0.120919023207935,0.0035),(0.086726080562512,0.122013488523968,0.),(0.086726080562512,
0.122013488523968,0.0035),(0.0867260819112111,0.0937292172765063,0.),(0.0867260819112111,
0.0937292172765063,0.0035),(0.0867485195446592,0.0927008550776774,0.),(0.0867485195446592,
0.0927008550776774,0.0035),(0.0867485195446592,0.0936631141593019,0.),(0.0867485195446592,
0.0936631141593019,0.0035),(0.0867485202190088,0.120985126999489,0.),(0.0867485202190088,
0.120985126999489,0.0035),(0.0867485202190088,0.121947384732414,0.),(0.0867485202190088,
0.121947384732414,0.0035),(0.0867680534288322,0.121052145209068,0.),(0.0867680534288322,
0.121052145209068,0.0035),(0.0867680541031818,0.121880365848485,0.),(0.0867680541031818,
0.121880365848485,0.0035),(0.0867680547775314,0.0927678739616063,0.),(0.0867680547775314,
0.0927678739616063,0.0035),(0.0867680554518809,0.0935960959497225,0.),(0.0867680554518809,
0.0935960959497225,0.0035),(0.086784645800154,0.0935282874024399,0.),(0.086784645800154,
0.0935282874024399,0.0035),(0.0867846464745036,0.0928356811601898,0.),(0.0867846464745036,
0.0928356811601898,0.0035),(0.0867846464745036,0.121119952407652,0.),(0.0867846464745036,
0.121119952407652,0.0035),(0.0867846464745036,0.121812559324251,0.),(0.0867846464745036,
0.121812559324251,0.0035),(0.086798265638544,0.121188419120121,0.),(0.086798265638544,
0.121188419120121,0.0035),(0.086798265638544,0.121744092611782,0.),(0.086798265638544,
0.121744092611782,0.0035),(0.0867982663128936,0.0929041485470083,0.),(0.0867982663128936,
0.0929041485470083,0.0035),(0.0867982669872431,0.0934598227130196,0.),(0.0867982669872431,
0.0934598227130196,0.0035),(0.0868088839469704,0.0933908259617838,0.),(0.0868088839469704,
0.0933908259617838,0.0035),(0.0868088839469704,0.121675097209246,0.),(0.0868088839469704,
0.121675097209246,0.0035),(0.08680888462132,0.121257413848308,0.),(0.08680888462132,
0.121257413848308,0.0035),(0.0868088852956696,0.0929731432751955,0.),(0.0868088852956696,
0.0929731432751955,0.0035),(0.0868164838666939,0.121605705289158,0.),(0.0868164838666939,
0.121605705289158,0.0035),(0.0868164845410435,0.0933214333673467,0.),(0.0868164845410435,
0.0933214333673467,0.0035),(0.0868164845410435,0.121326807117094,0.),(0.0868164845410435,
0.121326807117094,0.0035),(0.0868164852153931,0.093042535195283,0.),(0.0868164852153931,
0.093042535195283,0.0035),(0.0868210492133246,0.0931121928091035,0.),(0.0868210492133246,
0.0931121928091035,0.0035),(0.0868210498876742,0.121536047000988,0.),(0.0868210498876742,
0.121536047000988,0.0035),(0.0868210505620238,0.0932517764278758,0.),(0.0868210505620238,
0.0932517764278758,0.0035),(0.0868210505620238,0.121396464056565,0.),(0.0868210505620238,
0.121396464056565,0.0035),(0.0868225725690172,0.121466255865952,0.),(0.0868225725690172,
0.121466255865952,0.0035),(0.0868225732433668,0.0931819852928392,0.),(0.0868225732433668,
0.0931819852928392,0.0035),(0.0917279552530561,0.132921385586304,0.),(0.0917279552530561,
0.132921385586304,0.01),(0.0969251903645171,0.127724150474843,0.00490000009536743),
(0.0969251903645171,0.127724150474843,0.00620000004768372),(0.0969251903645171,
0.127724150474843,0.00870000004768372),(0.0969251903645171,0.127724150474843,
0.01),(0.0969637442784861,0.127685596560874,0.00620118951797485),(0.0969637442784861,
0.127685596560874,0.008698810338974),(0.0970022253627009,0.127647115476659,
0.00620475649833679),(0.0970022253627009,0.127647115476659,0.00869524335861206),
(0.0970405601130577,0.127608780726302,0.00621069407463074),(0.0970405601130577,
0.127608780726302,0.00868930602073669),(0.0970786750254526,0.127570665813907,
0.00621899032592773),(0.0970786750254526,0.127570665813907,0.0086810097694397),
(0.0971164972701315,0.127532843569228,0.00622962999343872),(0.0971164972701315,
0.127532843569228,0.00867037010192871),(0.0971539560403889,0.127495384798971,
0.00624259281158447),(0.0971539560403889,0.127495384798971,0.00865740728378296),
(0.09719097918082,0.12745836165854,0.00625785374641418),(0.09719097918082,
0.12745836165854,0.00864214611053467),(0.0972274962218942,0.127421844617466,
0.00627538418769836),(0.0972274962218942,0.127421844617466,0.00862461566925049),
(0.0972634377056051,0.127385903133755,0.00629515051841736),(0.0972634377056051,
0.127385903133755,0.0086048493385315),(0.0972987355226456,0.127350605316714,
0.00631711530685425),(0.0972987355226456,0.127350605316714,0.00858288478851318),
(0.097333322238058,0.127316018601302,0.00634123659133911),(0.097333322238058,
0.127316018601302,0.00855876350402832),(0.0973671317655839,0.127282209073776,
0.0063674681186676),(0.0973671317655839,0.127282209073776,0.00853253173828125),
(0.0974001003791882,0.127249240460172,0.00639576053619385),(0.0974001003791882,
0.127249240460172,0.00850423932075501),(0.097432164690011,0.127217176149349,
0.00642605996131897),(0.097432164690011,0.127217176149349,0.00847394013404846),
(0.097463264343765,0.127186076495595,0.00645830821990967),(0.097463264343765,
0.127186076495595,0.00844169163703918),(0.097493339323338,0.127156001516022,
0.00649244451522827),(0.097493339323338,0.127156001516022,0.00840755558013916),
(0.0975223329833656,0.127127007855994,0.00652840328216552),(0.0975223329833656,
0.127127007855994,0.00837159681320191),(0.0975501900271826,0.127099150812177,
0.00656611657142639),(0.0975501900271826,0.127099150812177,0.00833388352394104),
(0.0975768571811724,0.127072483658187,0.0066055121421814),(0.0975768571811724,
0.127072483658187,0.00829448771476745),(0.0976022838691168,0.127047056970243,
0.00664651560783386),(0.0976022838691168,0.127047056970243,0.00825348448753357),
(0.0976264218750212,0.127022918964339,0.00668904829025269),(0.0976264218750212,
0.127022918964339,0.00821095180511475),(0.0976492250059395,0.12700011583342,
0.00673302960395813),(0.0976492250059395,0.12700011583342,0.0081669704914093),
(0.0976706497663242,0.126978691073036,0.00677837538719177),(0.0976706497663242,
0.126978691073036,0.00812162446975708),(0.0976906556952005,0.126958685144159,
0.00682500004768371),(0.0976906556952005,0.126958685144159,0.00807500004768372),
(0.0977092043546428,0.126940136484717,0.00687281441688537),(0.0977092043546428,
0.126940136484717,0.00802718591690063),(0.0977262606784729,0.126923080160887,
0.00692172718048095),(0.0977262606784729,0.126923080160887,0.00797827291488648),
(0.0977417919607366,0.126907548878623,0.00697164583206177),(0.0977417919607366,
0.126907548878623,0.00792835426330567),(0.0977557688672272,0.126893571972133,
0.00702247476577759),(0.0977557688672272,0.126893571972133,0.00787752532958984),
(0.0977647090567333,0.107324120242221,0.),(0.0977647090567333,0.107324120242221,
0.0035),(0.0977662310637267,0.107393912051607,0.),(0.0977662310637267,0.107393912051607,
0.0035),(0.0977662317380763,0.107254329107184,0.),(0.0977662317380763,0.107254329107184,
0.0035),(0.0977681647611364,0.126881176078223,0.00707411766052246),(0.0977681647611364,
0.126881176078223,0.00782588219642639),(0.097770797084707,0.107463568991078,
0.),(0.097770797084707,0.107463568991078,0.0035),(0.0977707977590566,0.107184670819014,
0.),(0.0977707977590566,0.107184670819014,0.0035),(0.0977783970044305,0.107115278224577,
0.),(0.0977783970044305,0.107115278224577,0.0035),(0.0977783970044305,0.107532962259864,
0.),(0.0977783970044305,0.107532962259864,0.0035),(0.0977789560402291,0.126870384799131,
0.0071264762878418),(0.0977789560402291,0.126870384799131,0.00777352380752563),
(0.0977881217996685,0.126861219039691,0.00717945051193238),(0.0977881217996685,
0.126861219039691,0.00772054958343506),(0.0977890153128569,0.10704628282204,
0.),(0.0977890153128569,0.10704628282204,0.0035),(0.0977890159872065,0.107601956988051,
0.),(0.0977890159872065,0.107601956988051,0.0035),(0.0977956455178899,0.12685369532147,
0.00723293972015381),(0.0977956455178899,0.12685369532147,0.00766706013679505),
(0.097801511684853,0.126847829154507,0.00728684234619141),(0.097801511684853,
0.126847829154507,0.00761315774917603),(0.0978026344768973,0.106977816109571,
0.),(0.0978026344768973,0.106977816109571,0.0035),(0.0978026351512469,0.10767042370052,
0.),(0.0978026351512469,0.10767042370052,0.0035),(0.0978057098481395,0.12684363099122,
0.00734105539321899),(0.0978057098481395,0.12684363099122,0.00755894470214844),
(0.0978082322527292,0.126841108586631,0.0073954758644104),(0.0978082322527292,
0.126841108586631,0.00750452423095703),(0.0978090735038254,0.126840267335534,
0.00744999980926513),(0.0978192275225687,0.106910010259687,0.),(0.0978192275225687,
0.106910010259687,0.0035),(0.0978192275225687,0.107738230224754,0.),(0.0978192275225687,
0.107738230224754,0.0035),(0.0978387614067417,0.106842991375758,0.),(0.0978387614067417,
0.106842991375758,0.0035),(0.0978387614067417,0.107805249108683,0.),(0.0978387614067417,
0.107805249108683,0.0035),(0.0978612003888889,0.107871352225888,0.),(0.0978612003888889,
0.107871352225888,0.0035),(0.0978612010632385,0.106776887584204,0.),(0.0978612010632385,
0.106776887584204,0.0035),(0.0978865013106374,0.106711826337095,0.),(0.0978865013106374,
0.106711826337095,0.0035),(0.0978865013106374,0.107936414147347,0.),(0.0978865013106374,
0.107936414147347,0.0035),(0.0979146156188177,0.106647931040402,0.),(0.0979146156188177,
0.106647931040402,0.0035),(0.0979146169675169,0.108000309444039,0.),(0.0979146169675169,
0.108000309444039,0.0035),(0.0979454907141628,0.108062918081739,0.),(0.0979454907141628,
0.108062918081739,0.0035),(0.097945492062862,0.106585322402702,0.),(0.097945492062862,
0.106585322402702,0.0035),(0.0979790672539101,0.108124120026224,0.),(0.0979790672539101,
0.108124120026224,0.0035),(0.0979790679282597,0.106524119783867,0.),(0.0979790679282597,
0.106524119783867,0.0035),(0.0980152818491994,0.108183799289366,0.),(0.0980152818491994,
0.108183799289366,0.0035),(0.098015282523549,0.106464440520725,0.),(0.098015282523549,
0.106464440520725,0.0035),(0.0980540650420244,0.108241843254786,0.),(0.0980540650420244,
0.108241843254786,0.0035),(0.0980540657163739,0.106406397904005,0.),(0.0980540657163739,
0.106406397904005,0.0035),(0.0980953433282812,0.106350102527036,0.),(0.0980953433282812,
0.106350102527036,0.0035),(0.0980953440026307,0.108298138631754,0.),(0.0980953440026307,
0.108298138631754,0.0035),(0.0981390371347198,0.106295659588354,0.),(0.0981390371347198,
0.106295659588354,0.0035),(0.0981390371347198,0.108352579547389,0.),(0.0981390371347198,
0.108352579547389,0.0035),(0.098185064190692,0.108405064174902,0.),(0.098185064190692,
0.108405064174902,0.0035),(0.0981850648650416,0.106243175635189,0.),(0.0981850648650416,
0.106243175635189,0.0035),(0.0982333375051024,0.106192749122582,0.),(0.0982333375051024,
0.106192749122582,0.0035),(0.0982333375051024,0.108455491361859,0.),(0.0982333375051024,
0.108455491361859,0.0035),(0.0982837640177096,0.106144476482521,0.),(0.0982837640177096,
0.106144476482521,0.0035),(0.0982837640177096,0.10850376400192,0.),(0.0982837640177096,
0.10850376400192,0.0035),(0.0983362479708736,0.1060984487522,0.),(0.0983362479708736,
0.1060984487522,0.0035),(0.0983362486452232,0.108549791057892,0.),(0.0983362486452232,
0.108549791057892,0.0035),(0.0983906902352069,0.108593484864331,0.),(0.0983906902352069,
0.108593484864331,0.0035),(0.0983906909095565,0.106054754945761,0.),(0.0983906909095565,
0.106054754945761,0.0035),(0.0984469856121755,0.108634763824937,0.),(0.0984469856121755,
0.108634763824937,0.0035),(0.0984469869608747,0.106013476659504,0.),(0.0984469869608747,
0.106013476659504,0.0035),(0.0985050289032456,0.108673546343412,0.),(0.0985050289032456,
0.108673546343412,0.0035),(0.0985050295775952,0.105974693466679,0.),(0.0985050295775952,
0.105974693466679,0.0035),(0.0985647081663874,0.10593847954574,0.),(0.0985647081663874,
0.10593847954574,0.0035),(0.098564708840737,0.108709761613051,0.),(0.098564708840737,
0.108709761613051,0.0035),(0.0986259101108723,0.108743337478449,0.),(0.0986259101108723,
0.108743337478449,0.0035),(0.0986259114595714,0.105904903005992,0.),(0.0986259114595714,
0.105904903005992,0.0035),(0.098688518748573,0.105874027910647,0.),(0.098688518748573,
0.105874027910647,0.0035),(0.0986885194229226,0.108774211899444,0.),(0.0986885194229226,
0.108774211899444,0.0035),(0.0987524147196147,0.105845912928117,0.),(0.0987524147196147,
0.105845912928117,0.0035),(0.0987524147196147,0.108802327556324,0.),(0.0987524147196147,
0.108802327556324,0.0035),(0.098817475966724,0.108827627803723,0.),(0.098817475966724,
0.108827627803723,0.0035),(0.0988174766410736,0.105820612006369,0.),(0.0988174766410736,
0.105820612006369,0.0035),(0.0988835790839285,0.105798173698571,0.),(0.0988835790839285,
0.105798173698571,0.0035),(0.0988835797582781,0.10885006746022,0.),(0.0988835797582781,
0.10885006746022,0.0035),(0.0989505979678574,0.108869600670043,0.),(0.0989505979678574,
0.108869600670043,0.0035),(0.098950598642207,0.105778639140049,0.),(0.098950598642207,
0.105778639140049,0.0035),(0.0990184044920913,0.105762046094377,0.),(0.0990184044920913,
0.105762046094377,0.0035),(0.0990184051664409,0.108886193715714,0.),(0.0990184051664409,
0.108886193715714,0.0035),(0.0990868712045603,0.105748426930337,0.),(0.0990868712045603,
0.105748426930337,0.0035),(0.0990868718789099,0.108899812879755,0.),(0.0990868718789099,
0.108899812879755,0.0035),(0.099155866607097,0.10573780862191,0.),(0.099155866607097,
0.10573780862191,0.0035),(0.099155866607097,0.108910431862531,0.),(0.099155866607097,
0.108910431862531,0.0035),(0.0992252598758836,0.105730208702187,0.),(0.0992252598758836,
0.105730208702187,0.0035),(0.0992252598758836,0.108918031782254,0.),(0.0992252598758836,
0.108918031782254,0.0035),(0.0992949168153546,0.108922597803235,0.),(0.0992949168153546,
0.108922597803235,0.0035),(0.0992949174897041,0.105725643355556,0.),(0.0992949174897041,
0.105725643355556,0.0035),(0.0993647086247407,0.108924119810228,0.),(0.0993647086247407,
0.108924119810228,0.0035),(0.0993647086247407,0.105724120674213,0.),(0.0993647086247407,
0.105724120674213,0.0035),(0.0993647086247407,0.107324120242221,0.0035),
(0.0994344997597773,0.105725643355556,0.),(0.0994344997597773,0.105725643355556,
0.0035),(0.0994344997597773,0.108922597128885,0.),(0.0994344997597773,0.108922597128885,
0.0035),(0.0995041580479474,0.105730208027837,0.),(0.0995041580479474,0.105730208027837,
0.0035),(0.0995041580479474,0.108918031107905,0.),(0.0995041580479474,0.108918031107905,
0.0035),(0.0995735499680349,0.108910431188181,0.),(0.0995735499680349,0.108910431188181,
0.0035),(0.0995735506423844,0.10573780862191,0.),(0.0995735506423844,0.10573780862191,
0.0035),(0.0996425453705716,0.108899812879755,0.),(0.0996425453705716,0.108899812879755,
0.0035),(0.0996425453705716,0.105748427604686,0.),(0.0996425453705716,0.105748427604686,
0.0035),(0.0997110120830405,0.105762046768727,0.),(0.0997110120830405,0.105762046768727,
0.0035),(0.0997110120830405,0.108886193715714,0.),(0.0997110120830405,0.108886193715714,
0.0035),(0.0997788186072744,0.108869601344393,0.),(0.0997788186072744,0.108869601344393,
0.0035),(0.099778819281624,0.105778638465699,0.),(0.099778819281624,0.105778638465699,
0.0035),(0.0998458374912034,0.105798173024222,0.),(0.0998458374912034,0.105798173024222,
0.0035),(0.0998458374912034,0.10885006746022,0.),(0.0998458374912034,0.10885006746022,
0.0035),(0.0999119406084079,0.105820612006369,0.),(0.0999119406084079,0.105820612006369,
0.0035),(0.0999119412827574,0.108827627803723,0.),(0.0999119412827574,0.108827627803723,
0.0035),(0.0999770018555172,0.105845913602467,0.),(0.0999770018555172,0.105845913602467,
0.0035),(0.0999770025298667,0.108802327556324,0.),(0.0999770025298667,0.108802327556324,
0.0035),(0.100040897152209,0.108774212573794,0.),(0.100040897152209,0.108774212573794,
0.0035),(0.100040898500908,0.105874027910647,0.),(0.100040898500908,0.105874027910647,
0.0035),(0.10010350578991,0.105904903005992,0.),(0.10010350578991,0.105904903005992,
0.0035),(0.10010350646426,0.108743336804099,0.),(0.10010350646426,0.108743336804099,
0.0035),(0.100164707734395,0.10593847954574,0.),(0.100164707734395,0.10593847954574,
0.0035),(0.100164709083094,0.108709760938702,0.),(0.100164709083094,0.108709760938702,
0.0035),(0.100224387671886,0.105974693466679,0.),(0.100224387671886,0.105974693466679,
0.0035),(0.100224388346236,0.108673546343412,0.),(0.100224388346236,0.108673546343412,
0.0035),(0.100282430962956,0.106013477333854,0.),(0.100282430962956,0.106013477333854,
0.0035),(0.100282430962956,0.108634763150587,0.),(0.100282430962956,0.108634763150587,
0.0035),(0.100338726339925,0.10859348553868,0.),(0.100338726339925,0.10859348553868,
0.0035),(0.100338727688624,0.106054754945761,0.),(0.100338727688624,0.106054754945761,
0.0035),(0.100393168604258,0.10609844807785,0.),(0.100393168604258,0.10609844807785,
0.0035),(0.100393168604258,0.108549791057892,0.),(0.100393168604258,0.108549791057892,
0.0035),(0.100445652557422,0.106144475808172,0.),(0.100445652557422,0.106144475808172,
0.0035),(0.100445653231772,0.10850376400192,0.),(0.100445653231772,0.10850376400192,
0.0035),(0.100496079070029,0.106192749796932,0.),(0.100496079070029,0.106192749796932,
0.0035),(0.100496079744379,0.108455491361859,0.),(0.100496079744379,0.108455491361859,
0.0035),(0.10054435238444,0.106243175635189,0.),(0.10054435238444,0.106243175635189,
0.0035),(0.10054435238444,0.108405064849252,0.),(0.10054435238444,0.108405064849252,
0.0035),(0.100590379440412,0.108352580221738,0.),(0.100590379440412,0.108352580221738,
0.0035),(0.100590380114762,0.106295659588354,0.),(0.100590380114762,0.106295659588354,
0.0035),(0.1006340739212,0.106350101178337,0.),(0.1006340739212,0.106350101178337,
0.0035),(0.1006340739212,0.108298137957405,0.),(0.1006340739212,0.108298137957405,
0.0035),(0.100675351533107,0.106406397904005,0.),(0.100675351533107,0.106406397904005,
0.0035),(0.100675352207457,0.108241841906087,0.),(0.100675352207457,0.108241841906087,
0.0035),(0.100714134725932,0.106464440520725,0.),(0.100714134725932,0.106464440520725,
0.0035),(0.100714135400282,0.108183799289366,0.),(0.100714135400282,0.108183799289366,
0.0035),(0.100750349321222,0.106524121132566,0.),(0.100750349321222,0.106524121132566,
0.0035),(0.100750349321222,0.108124120700574,0.),(0.100750349321222,0.108124120700574,
0.0035),(0.100783925186619,0.106585322402702,0.),(0.100783925186619,0.106585322402702,
0.0035),(0.100783925860969,0.10806291740739,0.),(0.100783925860969,0.10806291740739,
0.0035),(0.100814800281965,0.108000309444039,0.),(0.100814800281965,0.108000309444039,
0.0035),(0.100814800956314,0.106647930366053,0.),(0.100814800956314,0.106647930366053,
0.0035),(0.100842915264494,0.106711827011444,0.),(0.100842915264494,0.106711827011444,
0.0035),(0.100842915938844,0.107936414147347,0.),(0.100842915938844,0.107936414147347,
0.0035),(0.100868216186243,0.106776887584204,0.),(0.100868216186243,0.106776887584204,
0.0035),(0.100868216860593,0.107871352225888,0.),(0.100868216860593,0.107871352225888,
0.0035),(0.10089065516839,0.107805249783033,0.),(0.10089065516839,0.107805249783033,
0.0035),(0.10089065584274,0.106842991375758,0.),(0.10089065584274,0.106842991375758,
0.0035),(0.100910189726913,0.106910008910988,0.),(0.100910189726913,0.106910008910988,
0.0035),(0.100910189726913,0.107738230224754,0.),(0.100910189726913,0.107738230224754,
0.0035),(0.100926782098235,0.106977816783921,0.),(0.100926782098235,0.106977816783921,
0.0035),(0.100926782098235,0.10767042370052,0.),(0.100926782098235,0.10767042370052,
0.0035),(0.100940401262275,0.107601956988051,0.),(0.100940401262275,0.107601956988051,
0.0035),(0.100940401262275,0.10704628349639,0.),(0.100940401262275,0.10704628349639,
0.0035),(0.100951019570701,0.107532961585515,0.),(0.100951019570701,0.107532961585515,
0.0035),(0.100951020245051,0.107115278224577,0.),(0.100951020245051,0.107115278224577,
0.0035),(0.100958620164774,0.107463568991078,0.),(0.100958620164774,0.107463568991078,
0.0035),(0.100958620839124,0.107184670819014,0.),(0.100958620839124,0.107184670819014,
0.0035),(0.100963185511405,0.107254329107184,0.),(0.100963185511405,0.107254329107184,
0.0035),(0.100963185511405,0.107393911377257,0.),(0.100963185511405,0.107393911377257,
0.0035),(0.100964708192748,0.107324120242221,0.),(0.100964708192748,0.107324120242221,
0.0035),(0.104738720094324,0.119910620745036,0.00744999980926513),(0.10473956134542,
0.11990977949394,0.0073954758644104),(0.10473956134542,0.11990977949394,
0.00750452423095703),(0.104742083750009,0.11990725708935,0.00734105539321899),
(0.104742083750009,0.11990725708935,0.00755894470214844),(0.104746281913296,
0.119903058926064,0.00728684234619141),(0.104746281913296,0.119903058926064,
0.00761315774917603),(0.104752148080259,0.119897192759101,0.00723293972015381),
(0.104752148080259,0.119897192759101,0.00766706013679505),(0.10475967179848,
0.119889669040879,0.00717945051193238),(0.10475967179848,0.119889669040879,
0.00772054958343506),(0.10476883755792,0.11988050328144,0.0071264762878418),
(0.10476883755792,0.11988050328144,0.00777352380752563),(0.104779628837013,
0.119869712002347,0.00707411766052246),(0.104779628837013,0.119869712002347,
0.00782588219642639),(0.104792024730922,0.119857316108438,0.00702247476577759),
(0.104792024730922,0.119857316108438,0.00787752532958984),(0.104806001637412,
0.119843339201947,0.00697164583206177),(0.104806001637412,0.119843339201947,
0.00792835426330567),(0.104821532919676,0.119827807919684,0.00692172718048095),
(0.104821532919676,0.119827807919684,0.00797827291488648),(0.104838589243506,
0.119810751595854,0.00687281441688537),(0.104838589243506,0.119810751595854,
0.00802718591690063),(0.104857137902948,0.119792202936411,0.00682500004768371),
(0.104857137902948,0.119792202936411,0.00807500004768372),(0.104877143831825,
0.119772197007535,0.00677837538719177),(0.104877143831825,0.119772197007535,
0.00812162446975708),(0.104898568592209,0.11975077224715,0.00673302960395813),
(0.104898568592209,0.11975077224715,0.0081669704914093),(0.104921371723128,
0.119727969116232,0.00668904829025269),(0.104921371723128,0.119727969116232,
0.00821095180511475),(0.104945509729032,0.119703831110328,0.00664651560783386),
(0.104945509729032,0.119703831110328,0.00825348448753357),(0.104970936416977,
0.119678404422383,0.0066055121421814),(0.104970936416977,0.119678404422383,
0.00829448771476745),(0.104997603570966,0.119651737268393,0.00656611657142639),
(0.104997603570966,0.119651737268393,0.00833388352394104),(0.105025460614783,
0.119623880224576,0.00652840328216552),(0.105025460614783,0.119623880224576,
0.00837159681320191),(0.105054454274811,0.119594886564549,0.00649244451522827),
(0.105054454274811,0.119594886564549,0.00840755558013916),(0.105084529254384,
0.119564811584976,0.00645830821990967),(0.105084529254384,0.119564811584976,
0.00844169163703918),(0.105115628908138,0.119533711931222,0.00642605996131897),
(0.105115628908138,0.119533711931222,0.00847394013404846),(0.105147693218961,
0.119501647620399,0.00639576053619385),(0.105147693218961,0.119501647620399,
0.00850423932075501),(0.105180661832565,0.119468679006795,0.0063674681186676),
(0.105180661832565,0.119468679006795,0.00853253173828125),(0.105214471360091,
0.119434869479269,0.00634123659133911),(0.105214471360091,0.119434869479269,
0.00855876350402832),(0.105249058075503,0.119400282763856,0.00631711530685425),
(0.105249058075503,0.119400282763856,0.00858288478851318),(0.105284355892544,
0.119364984946816,0.00629515051841736),(0.105284355892544,0.119364984946816,
0.0086048493385315),(0.105320297376255,0.119329043463105,0.00627538418769836),
(0.105320297376255,0.119329043463105,0.00862461566925049),(0.105356814417329,
0.119292526422031,0.00625785374641418),(0.105356814417329,0.119292526422031,
0.00864214611053467),(0.10539383755776,0.1192555032816,0.00624259281158447),
(0.10539383755776,0.1192555032816,0.00865740728378296),(0.105431296328017,
0.119218044511342,0.00622962999343872),(0.105431296328017,0.119218044511342,
0.00867037010192871),(0.105469118572696,0.119180222266663,0.00621899032592773),
(0.105469118572696,0.119180222266663,0.0086810097694397),(0.105507233485091,
0.119142107354268,0.00621069407463074),(0.105507233485091,0.119142107354268,
0.00868930602073669),(0.105545568235448,0.119103772603912,0.00620475649833679),
(0.105545568235448,0.119103772603912,0.00869524335861206),(0.105584049319663,
0.119065291519697,0.00620118951797485),(0.105584049319663,0.119065291519697,
0.008698810338974),(0.105622603233632,0.119026737605728,0.00490000009536743),
(0.105622603233632,0.119026737605728,0.00620000004768372),(0.105622603233632,
0.119026737605728,0.00870000004768372),(0.105622603233632,0.119026737605728,
0.01),(0.110819838345093,0.113829502494267,0.),(0.110819838345093,0.113829502494267,
0.01)));
#22=TESSELLATED_SHELL('Glissi\X\E8re',(#20),$);
#23=SHAPE_DEFINITION_REPRESENTATION(#35,#24);
#24=SHAPE_REPRESENTATION('Glissi\X\E8re',(#25),#30);
#25=AXIS2_PLACEMENT_3D('',#28,#26,#27);
#26=DIRECTION('',(0.,0.,1.));
#27=DIRECTION('',(1.,0.,0.));
#28=CARTESIAN_POINT('',(0.,0.,0.));
#29=MECHANICAL_DESIGN_GEOMETRIC_PRESENTATION_REPRESENTATION('',(#12),#30);
#30=(
GEOMETRIC_REPRESENTATION_CONTEXT(3)
GLOBAL_UNCERTAINTY_ASSIGNED_CONTEXT((#31))
GLOBAL_UNIT_ASSIGNED_CONTEXT((#34,#33,#32))
REPRESENTATION_CONTEXT('Glissi\X\E8re','TOP_LEVEL_ASSEMBLY_PART')
);
#31=UNCERTAINTY_MEASURE_WITH_UNIT(LENGTH_MEASURE(1.E-8),#34,
'DISTANCE_ACCURACY_VALUE','Maximum Tolerance applied to model');
#32=(
NAMED_UNIT(*)
SI_UNIT($,.STERADIAN.)
SOLID_ANGLE_UNIT()
);
#33=(
NAMED_UNIT(*)
PLANE_ANGLE_UNIT()
SI_UNIT($,.RADIAN.)
);
#34=(
LENGTH_UNIT()
NAMED_UNIT(*)
SI_UNIT($,.METRE.)
);
#35=PRODUCT_DEFINITION_SHAPE('','',#36);
#36=PRODUCT_DEFINITION('','',#38,#37);
#37=PRODUCT_DEFINITION_CONTEXT('',#44,'design');
#38=PRODUCT_DEFINITION_FORMATION_WITH_SPECIFIED_SOURCE('','',#40,
 .NOT_KNOWN.);
#39=PRODUCT_RELATED_PRODUCT_CATEGORY('','',(#40));
#40=PRODUCT('Glissi\X\E8re','Glissi\X\E8re','Glissi\X\E8re',(#42));
#41=PRODUCT_CATEGORY('','');
#42=PRODUCT_CONTEXT('',#44,'mechanical');
#43=APPLICATION_PROTOCOL_DEFINITION('international standard',
'ap242_managed_model_based_3d_engineering',2020,#44);
#44=APPLICATION_CONTEXT('managed model based 3d engineering');
ENDSEC;
END-ISO-10303-21;
